campana_id,cliente_id,nombre_campana,tipo_campana,variante_ab,fecha_envio,abierto,clic,convirtio,ingreso_generado
70001,2536,"Campaña Navidad 2023",WhatsApp,A,2024-07-14,1,0,0,0.00
70002,1959,"Bienvenida Nuevo Cliente",Correo,A,2024-07-21,0,0,0,0.00
70003,2135,"Reactivación Q1 2024",SMS,A,2022-01-27,0,0,0,0.00
70004,2717,"Cyber Wow Mayo 2024",SMS,B,2024-10-31,0,0,0,0.00
70005,1223,"Día de la Madre 2024",SMS,B,2023-05-27,0,0,0,0.00
70006,2980,"Día de la Madre 2024",Push,A,2024-05-09,1,0,0,0.00
70007,2112,"Bienvenida Nuevo Cliente",Correo,A,2022-04-08,0,0,0,0.00
70008,2430,"Black Friday 2023",Correo,B,2022-10-05,0,0,0,0.00
70009,1611,"Cyber Wow Mayo 2024",SMS,A,2022-09-12,0,0,0,0.00
70010,1357,"Día de la Madre 2024",SMS,A,2024-07-19,0,0,0,0.00
70011,1550,"Black Friday 2023",Push,B,2024-05-31,0,0,0,0.00
70012,1484,"Reactivación Q1 2024",Correo,A,2024-09-24,0,0,0,0.00
70013,2368,"Bienvenida Nuevo Cliente",Correo,A,2024-05-25,0,0,0,0.00
70014,2424,"Cyber Wow Mayo 2024",WhatsApp,B,2022-10-18,0,0,0,0.00
70015,1432,"Reactivación Q1 2024",SMS,B,2024-04-18,0,0,0,0.00
70016,1861,"Reactivación Q1 2024",WhatsApp,B,2022-05-15,1,0,0,0.00
70017,2301,"Reactivación Q1 2024",Correo,A,2022-05-13,0,0,0,0.00
70018,2575,"Reactivación Q1 2024",Push,A,2024-02-25,0,0,0,0.00
70019,1118,"Bienvenida Nuevo Cliente",SMS,A,2022-06-13,0,0,0,0.00
70020,2032,"Día de la Madre 2024",Correo,A,2022-01-01,0,0,0,0.00
70021,2045,"Recuperación Carrito Abandonado",Correo,A,2023-02-19,0,0,0,0.00
70022,2765,"VIP Exclusivo Agosto",Push,B,2023-07-11,0,0,0,0.00
70023,2175,"Black Friday 2023",WhatsApp,B,2024-11-10,0,0,0,0.00
70024,2045,"Campaña Navidad 2023",Correo,B,2023-07-12,0,0,0,0.00
70025,2714,"Reactivación Q1 2024",SMS,B,2023-06-23,0,0,0,0.00
70026,1296,"Black Friday 2023",Correo,A,2022-11-20,0,0,0,0.00
70027,1027,"Recuperación Carrito Abandonado",Push,A,2023-02-11,0,0,0,0.00
70028,1742,"Día de la Madre 2024",Push,A,2024-04-30,0,0,0,0.00
70029,1432,"Black Friday 2023",SMS,B,2022-03-29,0,0,0,0.00
70030,1841,"Campaña Navidad 2023",WhatsApp,B,2022-07-31,0,0,0,0.00
70031,2496,"Cyber Wow Mayo 2024",Push,A,2022-07-07,0,0,0,0.00
70032,2347,"VIP Exclusivo Agosto",WhatsApp,A,2024-11-06,0,0,0,0.00
70033,2153,"Black Friday 2023",WhatsApp,B,2024-11-14,0,0,0,0.00
70034,2195,"Cyber Wow Mayo 2024",WhatsApp,B,2023-08-09,0,0,0,0.00
70035,2828,"Fidelización Recurrentes",WhatsApp,A,2024-02-28,0,0,0,0.00
70036,1284,"Recuperación Carrito Abandonado",WhatsApp,A,2024-02-09,0,0,0,0.00
70037,1280,"VIP Exclusivo Agosto",SMS,A,2024-04-19,1,0,0,0.00
70038,1438,"Fidelización Recurrentes",Correo,A,2024-03-25,1,0,0,0.00
70039,2959,"Bienvenida Nuevo Cliente",Push,B,2022-12-30,0,0,0,0.00
70040,1532,"Cyber Wow Mayo 2024",WhatsApp,A,2022-09-24,1,0,0,0.00
70041,1037,"Cyber Wow Mayo 2024",Correo,A,2024-10-18,0,0,0,0.00
70042,2243,"Bienvenida Nuevo Cliente",Push,A,2024-02-09,0,0,0,0.00
70043,1854,"VIP Exclusivo Agosto",WhatsApp,B,2024-10-04,1,0,0,0.00
70044,1358,"Día de la Madre 2024",Correo,B,2022-07-04,0,0,0,0.00
70045,2132,"Recuperación Carrito Abandonado",Push,B,2023-04-23,0,0,0,0.00
70046,1303,"Recuperación Carrito Abandonado",Correo,B,2022-07-21,0,0,0,0.00
70047,2305,"Bienvenida Nuevo Cliente",WhatsApp,A,2022-07-15,1,0,0,0.00
70048,1086,"Recuperación Carrito Abandonado",SMS,A,2023-11-11,1,0,0,0.00
70049,2061,"Campaña Navidad 2023",Push,B,2023-02-23,0,0,0,0.00
70050,2120,"Cyber Wow Mayo 2024",Push,A,2024-01-03,0,0,0,0.00
70051,1955,"Reactivación Q1 2024",Correo,A,2022-09-09,0,0,0,0.00
70052,2238,"VIP Exclusivo Agosto",Push,A,2023-08-27,0,0,0,0.00
70053,1878,"Bienvenida Nuevo Cliente",Correo,A,2022-06-04,0,0,0,0.00
70054,2791,"Campaña Navidad 2023",WhatsApp,A,2022-08-23,0,0,0,0.00
70055,2368,"VIP Exclusivo Agosto",Correo,B,2024-11-06,1,1,0,0.00
70056,2186,"Cyber Wow Mayo 2024",WhatsApp,B,2024-07-31,0,0,0,0.00
70057,2760,"Reactivación Q1 2024",Correo,A,2023-04-14,0,0,0,0.00
70058,1079,"Reactivación Q1 2024",WhatsApp,B,2023-04-05,0,0,0,0.00
70059,2982,"Cyber Wow Mayo 2024",Correo,B,2023-03-19,0,0,0,0.00
70060,1184,"Recuperación Carrito Abandonado",SMS,A,2023-12-20,1,0,0,0.00
70061,1692,"Cyber Wow Mayo 2024",Correo,B,2022-10-28,0,0,0,0.00
70062,2442,"VIP Exclusivo Agosto",Correo,B,2024-09-03,0,0,0,0.00
70063,2517,"Campaña Navidad 2023",Push,A,2023-11-29,0,0,0,0.00
70064,1860,"Black Friday 2023",WhatsApp,A,2024-04-12,0,0,0,0.00
70065,1207,"Reactivación Q1 2024",Push,B,2024-01-30,0,0,0,0.00
70066,1423,"Black Friday 2023",Push,A,2022-02-23,0,0,0,0.00
70067,1012,"Reactivación Q1 2024",SMS,B,2024-09-28,1,0,0,0.00
70068,2372,"Día de la Madre 2024",Push,B,2024-10-16,0,0,0,0.00
70069,1797,"Recuperación Carrito Abandonado",Push,A,2023-02-06,1,1,0,0.00
70070,1886,"Reactivación Q1 2024",Correo,A,2023-01-18,0,0,0,0.00
70071,1138,"Black Friday 2023",Push,B,2024-01-03,1,0,0,0.00
70072,1912,"Cyber Wow Mayo 2024",Push,A,2022-01-11,0,0,0,0.00
70073,2041,"Recuperación Carrito Abandonado",WhatsApp,B,2022-03-04,0,0,0,0.00
70074,1240,"Black Friday 2023",Push,A,2024-05-14,1,0,0,0.00
70075,1211,"Cyber Wow Mayo 2024",Correo,B,2024-06-24,1,0,0,0.00
70076,2895,"Black Friday 2023",SMS,B,2022-09-10,0,0,0,0.00
70077,1936,"Campaña Navidad 2023",SMS,B,2022-07-04,1,0,0,0.00
70078,1625,"Fidelización Recurrentes",WhatsApp,B,2024-10-04,1,0,0,0.00
70079,2294,"Reactivación Q1 2024",Correo,A,2023-01-18,1,0,0,0.00
70080,1698,"VIP Exclusivo Agosto",WhatsApp,A,2024-07-11,1,0,0,0.00
70081,2199,"Recuperación Carrito Abandonado",Push,B,2024-09-15,1,0,0,0.00
70082,1375,"Recuperación Carrito Abandonado",WhatsApp,A,2024-05-22,1,0,0,0.00
70083,1548,"VIP Exclusivo Agosto",WhatsApp,B,2022-06-07,0,0,0,0.00
70084,2390,"Recuperación Carrito Abandonado",Push,B,2024-05-11,0,0,0,0.00
70085,2727,"Black Friday 2023",Push,A,2022-02-14,1,0,0,0.00
70086,2518,"VIP Exclusivo Agosto",Correo,A,2022-06-16,1,0,0,0.00
70087,1204,"Bienvenida Nuevo Cliente",Push,B,2022-05-29,0,0,0,0.00
70088,1777,"Black Friday 2023",Push,A,2024-07-15,0,0,0,0.00
70089,1088,"Campaña Navidad 2023",SMS,A,2022-10-15,1,0,0,0.00
70090,2692,"Reactivación Q1 2024",Push,B,2024-12-03,0,0,0,0.00
70091,1051,"Bienvenida Nuevo Cliente",Correo,B,2022-04-09,0,0,0,0.00
70092,1165,"VIP Exclusivo Agosto",SMS,B,2023-06-18,0,0,0,0.00
70093,1884,"Cyber Wow Mayo 2024",Correo,A,2024-03-05,0,0,0,0.00
70094,1258,"VIP Exclusivo Agosto",Correo,B,2022-02-09,0,0,0,0.00
70095,2883,"Bienvenida Nuevo Cliente",Push,A,2022-03-18,1,0,0,0.00
70096,2225,"Cyber Wow Mayo 2024",SMS,A,2022-10-08,0,0,0,0.00
70097,2940,"VIP Exclusivo Agosto",Push,B,2023-11-20,1,0,0,0.00
70098,1710,"Black Friday 2023",SMS,B,2022-10-29,0,0,0,0.00
70099,1504,"VIP Exclusivo Agosto",WhatsApp,A,2023-12-18,1,1,0,0.00
70100,1181,"Cyber Wow Mayo 2024",SMS,B,2023-12-22,0,0,0,0.00
70101,1576,"Fidelización Recurrentes",Correo,A,2024-01-11,0,0,0,0.00
70102,1585,"Día de la Madre 2024",Correo,A,2022-11-04,0,0,0,0.00
70103,1626,"Black Friday 2023",Correo,B,2024-11-28,0,0,0,0.00
70104,1977,"VIP Exclusivo Agosto",WhatsApp,B,2022-01-06,0,0,0,0.00
70105,1160,"VIP Exclusivo Agosto",WhatsApp,B,2024-10-29,1,0,0,0.00
70106,1727,"Black Friday 2023",Correo,A,2022-09-25,1,1,0,0.00
70107,2838,"Cyber Wow Mayo 2024",Push,B,2022-04-19,0,0,0,0.00
70108,1925,"VIP Exclusivo Agosto",WhatsApp,A,2023-01-04,0,0,0,0.00
70109,1149,"Bienvenida Nuevo Cliente",SMS,A,2024-09-05,0,0,0,0.00
70110,1493,"Black Friday 2023",Correo,B,2024-06-07,0,0,0,0.00
70111,2069,"Reactivación Q1 2024",WhatsApp,A,2022-12-11,0,0,0,0.00
70112,2484,"Reactivación Q1 2024",Correo,A,2024-10-11,0,0,0,0.00
70113,1515,"Recuperación Carrito Abandonado",Push,B,2022-05-13,0,0,0,0.00
70114,2735,"VIP Exclusivo Agosto",Push,B,2024-09-14,0,0,0,0.00
70115,1470,"Recuperación Carrito Abandonado",SMS,B,2022-06-19,0,0,0,0.00
70116,1865,"Recuperación Carrito Abandonado",Correo,A,2022-03-11,0,0,0,0.00
70117,1329,"Bienvenida Nuevo Cliente",Push,A,2024-10-20,1,0,0,0.00
70118,2689,"Black Friday 2023",WhatsApp,A,2024-10-13,0,0,0,0.00
70119,1468,"Cyber Wow Mayo 2024",Correo,A,2023-12-27,1,0,0,0.00
70120,2116,"Fidelización Recurrentes",WhatsApp,A,2024-06-11,0,0,0,0.00
70121,2552,"Reactivación Q1 2024",SMS,A,2024-01-25,0,0,0,0.00
70122,1651,"Fidelización Recurrentes",Correo,A,2024-11-21,0,0,0,0.00
70123,1435,"Cyber Wow Mayo 2024",SMS,B,2022-09-21,1,0,0,0.00
70124,2094,"Bienvenida Nuevo Cliente",SMS,B,2024-04-09,0,0,0,0.00
70125,1874,"Fidelización Recurrentes",Correo,B,2024-06-07,0,0,0,0.00
70126,2737,"Día de la Madre 2024",Push,A,2022-02-10,1,0,0,0.00
70127,2485,"Día de la Madre 2024",Correo,A,2024-09-19,0,0,0,0.00
70128,1843,"Campaña Navidad 2023",WhatsApp,A,2024-06-10,1,0,0,0.00
70129,1415,"Fidelización Recurrentes",SMS,A,2024-08-19,0,0,0,0.00
70130,1681,"Día de la Madre 2024",Push,B,2023-09-07,0,0,0,0.00
70131,2670,"VIP Exclusivo Agosto",WhatsApp,B,2022-02-16,0,0,0,0.00
70132,2994,"Día de la Madre 2024",Correo,A,2024-02-20,0,0,0,0.00
70133,1727,"Reactivación Q1 2024",Correo,B,2022-04-15,0,0,0,0.00
70134,1015,"Reactivación Q1 2024",Correo,B,2023-01-06,1,0,0,0.00
70135,2082,"Black Friday 2023",Correo,A,2023-02-10,1,0,0,0.00
70136,1097,"Cyber Wow Mayo 2024",Correo,A,2024-06-06,0,0,0,0.00
70137,1426,"Día de la Madre 2024",Push,A,2022-03-02,0,0,0,0.00
70138,2607,"Recuperación Carrito Abandonado",Correo,A,2023-12-17,0,0,0,0.00
70139,1319,"Black Friday 2023",Push,A,2023-05-13,0,0,0,0.00
70140,2078,"Bienvenida Nuevo Cliente",Correo,B,2023-11-01,0,0,0,0.00
70141,2374,"Recuperación Carrito Abandonado",Push,A,2024-05-28,1,0,0,0.00
70142,1172,"Fidelización Recurrentes",Correo,A,2022-06-14,0,0,0,0.00
70143,2826,"Black Friday 2023",SMS,B,2023-06-26,0,0,0,0.00
70144,2006,"VIP Exclusivo Agosto",WhatsApp,B,2022-10-19,0,0,0,0.00
70145,2303,"Cyber Wow Mayo 2024",Push,A,2022-05-30,0,0,0,0.00
70146,1061,"Día de la Madre 2024",Correo,A,2022-06-13,0,0,0,0.00
70147,2418,"Cyber Wow Mayo 2024",Push,B,2022-07-25,0,0,0,0.00
70148,1980,"Recuperación Carrito Abandonado",SMS,A,2023-11-13,1,0,0,0.00
70149,1267,"VIP Exclusivo Agosto",WhatsApp,B,2023-07-14,1,0,0,0.00
70150,2179,"Cyber Wow Mayo 2024",SMS,A,2023-06-29,1,0,0,0.00
70151,1225,"Bienvenida Nuevo Cliente",Correo,B,2022-08-02,1,0,0,0.00
70152,1016,"Black Friday 2023",Push,B,2024-10-21,1,0,0,0.00
70153,2981,"Reactivación Q1 2024",SMS,B,2022-10-26,0,0,0,0.00
70154,2512,"Reactivación Q1 2024",SMS,A,2022-10-24,0,0,0,0.00
70155,1068,"VIP Exclusivo Agosto",WhatsApp,A,2024-05-16,0,0,0,0.00
70156,2697,"Fidelización Recurrentes",Push,A,2022-02-08,0,0,0,0.00
70157,1021,"Reactivación Q1 2024",Correo,A,2022-10-02,0,0,0,0.00
70158,1864,"Reactivación Q1 2024",Push,B,2022-06-20,0,0,0,0.00
70159,1122,"Cyber Wow Mayo 2024",Correo,A,2023-03-25,1,0,0,0.00
70160,1465,"Recuperación Carrito Abandonado",SMS,A,2023-08-14,0,0,0,0.00
70161,1220,"Fidelización Recurrentes",WhatsApp,A,2024-10-02,1,0,0,0.00
70162,1967,"Black Friday 2023",Correo,A,2024-08-30,0,0,0,0.00
70163,2826,"Fidelización Recurrentes",SMS,B,2024-04-18,0,0,0,0.00
70164,1999,"Bienvenida Nuevo Cliente",Correo,A,2024-01-26,0,0,0,0.00
70165,2238,"Cyber Wow Mayo 2024",Correo,A,2022-08-28,1,0,0,0.00
70166,1383,"Black Friday 2023",Push,A,2024-01-05,0,0,0,0.00
70167,2967,"Fidelización Recurrentes",Push,B,2023-07-03,1,1,0,0.00
70168,2776,"Black Friday 2023",Push,B,2023-09-12,0,0,0,0.00
70169,2276,"Black Friday 2023",Push,B,2024-06-30,0,0,0,0.00
70170,2617,"Fidelización Recurrentes",Push,A,2022-05-02,0,0,0,0.00
70171,1712,"Reactivación Q1 2024",WhatsApp,B,2023-04-09,0,0,0,0.00
70172,2856,"Recuperación Carrito Abandonado",WhatsApp,B,2024-04-27,0,0,0,0.00
70173,1342,"Fidelización Recurrentes",Correo,B,2022-12-16,1,0,0,0.00
70174,1087,"Reactivación Q1 2024",Push,B,2022-08-11,1,1,0,0.00
70175,2473,"Black Friday 2023",WhatsApp,B,2023-02-13,1,0,0,0.00
70176,1099,"Cyber Wow Mayo 2024",Correo,B,2024-01-18,0,0,0,0.00
70177,2416,"Campaña Navidad 2023",Correo,B,2024-10-01,0,0,0,0.00
70178,1589,"Bienvenida Nuevo Cliente",WhatsApp,B,2023-07-23,1,0,0,0.00
70179,1270,"Reactivación Q1 2024",SMS,B,2022-07-06,0,0,0,0.00
70180,2951,"Recuperación Carrito Abandonado",WhatsApp,B,2022-10-28,0,0,0,0.00
70181,2774,"Bienvenida Nuevo Cliente",Correo,B,2023-04-09,0,0,0,0.00
70182,2128,"VIP Exclusivo Agosto",Correo,B,2022-03-07,1,0,0,0.00
70183,1437,"Bienvenida Nuevo Cliente",SMS,B,2024-10-06,0,0,0,0.00
70184,2530,"VIP Exclusivo Agosto",Push,B,2024-10-30,0,0,0,0.00
70185,1031,"Cyber Wow Mayo 2024",Correo,A,2022-08-02,0,0,0,0.00
70186,2901,"Campaña Navidad 2023",WhatsApp,A,2023-04-03,0,0,0,0.00
70187,2564,"Recuperación Carrito Abandonado",WhatsApp,B,2022-04-26,0,0,0,0.00
70188,1891,"Bienvenida Nuevo Cliente",WhatsApp,B,2023-05-28,0,0,0,0.00
70189,2365,"Bienvenida Nuevo Cliente",WhatsApp,A,2022-07-14,0,0,0,0.00
70190,1704,"VIP Exclusivo Agosto",SMS,A,2023-11-10,0,0,0,0.00
70191,1741,"Fidelización Recurrentes",Correo,B,2023-09-01,0,0,0,0.00
70192,2327,"Reactivación Q1 2024",WhatsApp,A,2024-06-02,0,0,0,0.00
70193,2325,"Día de la Madre 2024",Push,B,2023-01-23,0,0,0,0.00
70194,2334,"Black Friday 2023",Push,B,2024-12-01,0,0,0,0.00
70195,2635,"Black Friday 2023",Push,B,2023-10-01,0,0,0,0.00
70196,2451,"Día de la Madre 2024",Push,A,2024-02-20,0,0,0,0.00
70197,1673,"Black Friday 2023",Correo,B,2023-03-26,0,0,0,0.00
70198,2274,"Cyber Wow Mayo 2024",Push,B,2023-04-02,1,0,0,0.00
70199,2563,"Reactivación Q1 2024",SMS,B,2023-04-18,0,0,0,0.00
70200,2058,"VIP Exclusivo Agosto",Push,B,2023-05-29,0,0,0,0.00
70201,2208,"Día de la Madre 2024",Push,B,2023-10-06,0,0,0,0.00
70202,2479,"Fidelización Recurrentes",WhatsApp,B,2022-05-15,0,0,0,0.00
70203,1807,"Fidelización Recurrentes",WhatsApp,B,2023-01-15,0,0,0,0.00
70204,1950,"Black Friday 2023",WhatsApp,B,2022-11-29,0,0,0,0.00
70205,1544,"Recuperación Carrito Abandonado",WhatsApp,A,2024-04-08,1,0,0,0.00
70206,2360,"VIP Exclusivo Agosto",Correo,A,2024-03-26,0,0,0,0.00
70207,2537,"Black Friday 2023",WhatsApp,A,2024-06-27,0,0,0,0.00
70208,2796,"Cyber Wow Mayo 2024",Correo,A,2022-12-28,0,0,0,0.00
70209,2236,"Día de la Madre 2024",WhatsApp,B,2022-07-18,0,0,0,0.00
70210,2845,"Fidelización Recurrentes",WhatsApp,A,2022-07-22,1,0,0,0.00
70211,2299,"Black Friday 2023",WhatsApp,A,2023-03-03,0,0,0,0.00
70212,1565,"Bienvenida Nuevo Cliente",Correo,A,2023-07-29,0,0,0,0.00
70213,1309,"Black Friday 2023",Correo,A,2024-09-17,0,0,0,0.00
70214,1512,"Black Friday 2023",SMS,B,2022-01-05,0,0,0,0.00
70215,1323,"Campaña Navidad 2023",WhatsApp,B,2024-07-21,1,0,0,0.00
70216,2271,"Cyber Wow Mayo 2024",SMS,A,2022-09-26,0,0,0,0.00
70217,1088,"Campaña Navidad 2023",SMS,B,2024-04-01,0,0,0,0.00
70218,1002,"Cyber Wow Mayo 2024",Correo,A,2022-02-12,0,0,0,0.00
70219,2338,"Bienvenida Nuevo Cliente",Push,A,2023-07-05,0,0,0,0.00
70220,2054,"Día de la Madre 2024",Correo,A,2023-10-27,0,0,0,0.00
70221,2672,"Recuperación Carrito Abandonado",SMS,B,2023-06-25,0,0,0,0.00
70222,1318,"VIP Exclusivo Agosto",Correo,A,2024-03-19,0,0,0,0.00
70223,2246,"Recuperación Carrito Abandonado",Correo,A,2023-09-21,0,0,0,0.00
70224,2746,"Reactivación Q1 2024",Push,B,2022-10-09,1,0,0,0.00
70225,2907,"Reactivación Q1 2024",SMS,A,2024-11-25,0,0,0,0.00
70226,2989,"Día de la Madre 2024",Correo,A,2022-06-25,0,0,0,0.00
70227,2523,"VIP Exclusivo Agosto",Push,B,2022-11-21,0,0,0,0.00
70228,2863,"VIP Exclusivo Agosto",Correo,B,2024-08-11,0,0,0,0.00
70229,2972,"Reactivación Q1 2024",WhatsApp,B,2024-10-02,0,0,0,0.00
70230,2394,"Fidelización Recurrentes",WhatsApp,B,2023-03-15,0,0,0,0.00
70231,2373,"Reactivación Q1 2024",Push,A,2024-05-25,0,0,0,0.00
70232,1230,"Cyber Wow Mayo 2024",WhatsApp,B,2022-10-26,0,0,0,0.00
70233,2729,"Recuperación Carrito Abandonado",SMS,A,2023-03-17,0,0,0,0.00
70234,2908,"Reactivación Q1 2024",Correo,A,2024-05-01,0,0,0,0.00
70235,1260,"Recuperación Carrito Abandonado",Push,B,2023-07-03,0,0,0,0.00
70236,1335,"Recuperación Carrito Abandonado",Correo,A,2023-12-10,0,0,0,0.00
70237,1388,"Día de la Madre 2024",SMS,B,2023-12-11,1,0,0,0.00
70238,1635,"Fidelización Recurrentes",WhatsApp,B,2022-02-05,0,0,0,0.00
70239,2799,"VIP Exclusivo Agosto",Push,B,2023-04-12,0,0,0,0.00
70240,1384,"Fidelización Recurrentes",Push,A,2022-06-01,1,0,0,0.00
70241,1472,"Black Friday 2023",WhatsApp,B,2023-10-29,0,0,0,0.00
70242,1974,"VIP Exclusivo Agosto",Push,A,2024-01-21,0,0,0,0.00
70243,2854,"Fidelización Recurrentes",SMS,B,2024-01-02,0,0,0,0.00
70244,2928,"Cyber Wow Mayo 2024",Correo,B,2023-12-24,0,0,0,0.00
70245,2714,"Día de la Madre 2024",Push,B,2024-08-13,1,0,0,0.00
70246,2950,"Campaña Navidad 2023",Correo,A,2024-03-31,0,0,0,0.00
70247,2232,"VIP Exclusivo Agosto",SMS,B,2023-11-12,0,0,0,0.00
70248,2260,"Reactivación Q1 2024",WhatsApp,B,2024-05-29,0,0,0,0.00
70249,1915,"Reactivación Q1 2024",Correo,B,2023-07-11,1,1,0,0.00
70250,1478,"Black Friday 2023",SMS,B,2022-03-22,1,0,0,0.00
70251,1271,"Bienvenida Nuevo Cliente",Push,B,2022-11-09,1,0,0,0.00
70252,1931,"Bienvenida Nuevo Cliente",Push,A,2023-01-16,0,0,0,0.00
70253,1975,"Black Friday 2023",SMS,A,2024-04-28,0,0,0,0.00
70254,2367,"Black Friday 2023",Correo,A,2024-04-12,0,0,0,0.00
70255,2312,"Black Friday 2023",Correo,A,2024-04-03,0,0,0,0.00
70256,2448,"Bienvenida Nuevo Cliente",WhatsApp,A,2024-09-17,0,0,0,0.00
70257,2839,"Fidelización Recurrentes",SMS,B,2024-04-08,0,0,0,0.00
70258,1696,"Recuperación Carrito Abandonado",WhatsApp,B,2023-03-30,0,0,0,0.00
70259,1067,"Fidelización Recurrentes",Push,B,2023-12-09,0,0,0,0.00
70260,2173,"Recuperación Carrito Abandonado",WhatsApp,A,2023-05-20,0,0,0,0.00
70261,2691,"Día de la Madre 2024",Push,A,2024-09-19,0,0,0,0.00
70262,2549,"Reactivación Q1 2024",Correo,B,2023-08-28,0,0,0,0.00
70263,1275,"VIP Exclusivo Agosto",Push,B,2024-06-08,0,0,0,0.00
70264,2357,"Black Friday 2023",Correo,A,2024-10-02,1,0,0,0.00
70265,2408,"Bienvenida Nuevo Cliente",Push,B,2023-04-23,0,0,0,0.00
70266,1866,"Día de la Madre 2024",Correo,B,2023-05-11,0,0,0,0.00
70267,2629,"Black Friday 2023",Correo,B,2022-08-22,1,0,0,0.00
70268,2209,"Bienvenida Nuevo Cliente",WhatsApp,A,2022-06-03,1,0,0,0.00
70269,1025,"Fidelización Recurrentes",Push,A,2024-08-25,0,0,0,0.00
70270,2282,"Fidelización Recurrentes",WhatsApp,B,2023-08-20,0,0,0,0.00
70271,1300,"Reactivación Q1 2024",Correo,B,2022-04-21,0,0,0,0.00
70272,2462,"Black Friday 2023",WhatsApp,B,2023-01-11,0,0,0,0.00
70273,2847,"Bienvenida Nuevo Cliente",Push,A,2023-11-17,0,0,0,0.00
70274,2496,"Reactivación Q1 2024",Correo,A,2023-07-11,0,0,0,0.00
70275,1144,"Día de la Madre 2024",Correo,B,2023-10-25,0,0,0,0.00
70276,2512,"VIP Exclusivo Agosto",WhatsApp,A,2024-07-24,0,0,0,0.00
70277,1943,"Reactivación Q1 2024",Push,B,2022-10-02,0,0,0,0.00
70278,2185,"Recuperación Carrito Abandonado",WhatsApp,B,2023-09-14,1,0,0,0.00
70279,1775,"Reactivación Q1 2024",WhatsApp,A,2024-07-23,1,0,0,0.00
70280,2670,"Reactivación Q1 2024",WhatsApp,B,2024-09-09,1,0,0,0.00
70281,1939,"Reactivación Q1 2024",Correo,A,2022-11-21,1,0,0,0.00
70282,2706,"VIP Exclusivo Agosto",Correo,B,2023-11-25,0,0,0,0.00
70283,1416,"Bienvenida Nuevo Cliente",WhatsApp,A,2023-09-18,0,0,0,0.00
70284,1706,"Black Friday 2023",Correo,B,2023-11-12,0,0,0,0.00
70285,2348,"Fidelización Recurrentes",SMS,A,2022-08-28,0,0,0,0.00
70286,2552,"Cyber Wow Mayo 2024",Push,B,2023-01-24,0,0,0,0.00
70287,1126,"Campaña Navidad 2023",Push,B,2024-03-31,0,0,0,0.00
70288,2318,"VIP Exclusivo Agosto",Correo,B,2023-02-22,1,0,0,0.00
70289,2679,"Black Friday 2023",Correo,A,2023-11-19,1,0,0,0.00
70290,1538,"Reactivación Q1 2024",SMS,A,2024-08-23,0,0,0,0.00
70291,1502,"Black Friday 2023",Push,B,2024-10-02,0,0,0,0.00
70292,2794,"Recuperación Carrito Abandonado",SMS,A,2022-12-17,0,0,0,0.00
70293,1694,"Recuperación Carrito Abandonado",Correo,A,2022-06-28,0,0,0,0.00
70294,2370,"Recuperación Carrito Abandonado",Correo,A,2022-06-02,0,0,0,0.00
70295,2552,"Recuperación Carrito Abandonado",SMS,A,2024-12-03,0,0,0,0.00
70296,2241,"Black Friday 2023",SMS,A,2024-04-01,1,0,0,0.00
70297,1999,"Campaña Navidad 2023",Push,B,2023-09-09,0,0,0,0.00
70298,1828,"Fidelización Recurrentes",SMS,A,2022-08-01,0,0,0,0.00
70299,2612,"Campaña Navidad 2023",WhatsApp,B,2024-03-09,1,0,0,0.00
70300,1103,"Bienvenida Nuevo Cliente",Correo,B,2023-07-22,0,0,0,0.00
70301,1478,"VIP Exclusivo Agosto",WhatsApp,A,2022-03-08,0,0,0,0.00
70302,2510,"Bienvenida Nuevo Cliente",Push,B,2022-07-30,0,0,0,0.00
70303,1696,"VIP Exclusivo Agosto",Correo,B,2022-07-23,0,0,0,0.00
70304,1373,"VIP Exclusivo Agosto",WhatsApp,A,2024-07-23,0,0,0,0.00
70305,2514,"Bienvenida Nuevo Cliente",Push,A,2024-01-18,1,1,0,0.00
70306,2642,"VIP Exclusivo Agosto",Correo,B,2024-09-22,0,0,0,0.00
70307,1297,"VIP Exclusivo Agosto",Correo,B,2024-02-11,0,0,0,0.00
70308,2553,"Bienvenida Nuevo Cliente",Correo,B,2023-11-16,0,0,0,0.00
70309,1657,"Fidelización Recurrentes",Correo,A,2022-12-16,0,0,0,0.00
70310,1623,"Fidelización Recurrentes",Push,B,2023-08-13,0,0,0,0.00
70311,1796,"Recuperación Carrito Abandonado",Correo,B,2022-12-18,0,0,0,0.00
70312,1441,"VIP Exclusivo Agosto",Push,A,2023-12-20,0,0,0,0.00
70313,1284,"Día de la Madre 2024",Push,A,2024-04-14,0,0,0,0.00
70314,1440,"Fidelización Recurrentes",Push,B,2022-04-14,0,0,0,0.00
70315,2512,"Fidelización Recurrentes",Push,B,2023-08-29,1,0,0,0.00
70316,1260,"Black Friday 2023",Push,B,2022-10-05,0,0,0,0.00
70317,2947,"Recuperación Carrito Abandonado",WhatsApp,B,2024-03-10,0,0,0,0.00
70318,2313,"Recuperación Carrito Abandonado",Push,B,2022-03-20,1,0,0,0.00
70319,1304,"Fidelización Recurrentes",Correo,A,2023-05-11,0,0,0,0.00
70320,2122,"Fidelización Recurrentes",Correo,B,2022-10-25,0,0,0,0.00
70321,2500,"Recuperación Carrito Abandonado",WhatsApp,A,2022-08-05,0,0,0,0.00
70322,1379,"Día de la Madre 2024",Push,B,2024-11-24,1,0,0,0.00
70323,2800,"Cyber Wow Mayo 2024",Push,A,2022-09-26,0,0,0,0.00
70324,1113,"Recuperación Carrito Abandonado",WhatsApp,B,2024-12-09,0,0,0,0.00
70325,1337,"Campaña Navidad 2023",WhatsApp,A,2022-04-12,0,0,0,0.00
70326,1446,"Recuperación Carrito Abandonado",SMS,A,2023-08-31,0,0,0,0.00
70327,1784,"Cyber Wow Mayo 2024",Correo,A,2023-07-28,0,0,0,0.00
70328,1136,"Bienvenida Nuevo Cliente",Correo,B,2022-08-11,0,0,0,0.00
70329,1636,"Cyber Wow Mayo 2024",WhatsApp,A,2023-09-22,1,0,0,0.00
70330,1429,"VIP Exclusivo Agosto",SMS,B,2023-07-30,0,0,0,0.00
70331,1298,"Bienvenida Nuevo Cliente",WhatsApp,B,2024-11-09,0,0,0,0.00
70332,1837,"Campaña Navidad 2023",Push,A,2024-11-12,0,0,0,0.00
70333,2573,"Reactivación Q1 2024",Correo,B,2022-07-14,0,0,0,0.00
70334,1946,"Fidelización Recurrentes",WhatsApp,B,2024-02-08,1,1,0,0.00
70335,2136,"Recuperación Carrito Abandonado",Push,A,2022-11-12,0,0,0,0.00
70336,1826,"Black Friday 2023",Push,B,2024-01-26,1,0,0,0.00
70337,1051,"Fidelización Recurrentes",WhatsApp,B,2023-03-02,0,0,0,0.00
70338,2297,"Fidelización Recurrentes",WhatsApp,A,2023-09-10,0,0,0,0.00
70339,1496,"Cyber Wow Mayo 2024",SMS,B,2023-10-13,0,0,0,0.00
70340,1696,"Día de la Madre 2024",Correo,A,2022-07-28,1,0,0,0.00
70341,1326,"VIP Exclusivo Agosto",Push,B,2022-11-15,0,0,0,0.00
70342,2752,"Black Friday 2023",Correo,B,2023-05-24,0,0,0,0.00
70343,2138,"Reactivación Q1 2024",WhatsApp,A,2022-03-08,0,0,0,0.00
70344,2795,"Black Friday 2023",SMS,B,2024-03-10,0,0,0,0.00
70345,2368,"Reactivación Q1 2024",WhatsApp,B,2022-09-04,1,1,0,0.00
70346,2506,"Black Friday 2023",Push,B,2023-09-25,1,0,0,0.00
70347,2287,"Día de la Madre 2024",Correo,A,2023-02-04,1,0,0,0.00
70348,2006,"Black Friday 2023",SMS,A,2024-07-07,1,0,0,0.00
70349,1768,"Fidelización Recurrentes",SMS,B,2022-10-23,1,0,0,0.00
70350,2725,"Día de la Madre 2024",WhatsApp,A,2022-05-22,0,0,0,0.00
70351,2003,"Recuperación Carrito Abandonado",WhatsApp,B,2023-11-15,0,0,0,0.00
70352,1197,"Campaña Navidad 2023",Push,B,2024-11-20,1,0,0,0.00
70353,2228,"Campaña Navidad 2023",Push,A,2022-08-04,1,0,0,0.00
70354,2415,"Fidelización Recurrentes",SMS,B,2024-10-16,0,0,0,0.00
70355,1081,"Reactivación Q1 2024",SMS,B,2022-03-15,0,0,0,0.00
70356,1771,"Campaña Navidad 2023",Correo,A,2022-10-14,0,0,0,0.00
70357,2104,"Bienvenida Nuevo Cliente",SMS,B,2024-10-29,0,0,0,0.00
70358,1900,"Black Friday 2023",WhatsApp,B,2024-12-13,0,0,0,0.00
70359,2493,"Black Friday 2023",Correo,A,2024-12-23,0,0,0,0.00
70360,2980,"Black Friday 2023",WhatsApp,B,2022-12-22,0,0,0,0.00
70361,1538,"Reactivación Q1 2024",Correo,B,2024-01-20,0,0,0,0.00
70362,2331,"Recuperación Carrito Abandonado",Correo,B,2023-06-27,0,0,0,0.00
70363,2840,"Recuperación Carrito Abandonado",Push,A,2023-10-22,1,1,0,0.00
70364,2550,"Recuperación Carrito Abandonado",SMS,A,2022-02-15,1,0,0,0.00
70365,2687,"VIP Exclusivo Agosto",SMS,A,2022-11-29,0,0,0,0.00
70366,2892,"Reactivación Q1 2024",WhatsApp,B,2023-10-06,0,0,0,0.00
70367,1134,"Fidelización Recurrentes",SMS,A,2022-02-16,0,0,0,0.00
70368,1645,"Reactivación Q1 2024",SMS,B,2023-02-14,1,0,0,0.00
70369,2296,"Black Friday 2023",SMS,A,2022-07-20,1,0,0,0.00
70370,2425,"Cyber Wow Mayo 2024",SMS,A,2022-03-25,0,0,0,0.00
70371,2708,"Cyber Wow Mayo 2024",Correo,A,2024-03-23,0,0,0,0.00
70372,1006,"Recuperación Carrito Abandonado",Push,B,2024-04-06,1,0,0,0.00
70373,2995,"Bienvenida Nuevo Cliente",SMS,A,2024-03-23,0,0,0,0.00
70374,1055,"Cyber Wow Mayo 2024",Correo,B,2022-10-23,0,0,0,0.00
70375,2795,"Día de la Madre 2024",Correo,A,2023-10-27,0,0,0,0.00
70376,1227,"VIP Exclusivo Agosto",SMS,B,2024-03-22,1,0,0,0.00
70377,2463,"Reactivación Q1 2024",Push,B,2024-12-16,0,0,0,0.00
70378,2395,"Fidelización Recurrentes",Correo,B,2024-12-06,1,0,0,0.00
70379,2866,"Bienvenida Nuevo Cliente",Correo,A,2024-08-13,0,0,0,0.00
70380,1535,"Cyber Wow Mayo 2024",SMS,B,2024-01-18,1,1,1,1175.04
70381,2332,"Reactivación Q1 2024",Correo,B,2023-08-10,0,0,0,0.00
70382,2700,"Reactivación Q1 2024",SMS,A,2023-12-28,1,0,0,0.00
70383,1211,"Cyber Wow Mayo 2024",SMS,B,2022-10-04,1,0,0,0.00
70384,2048,"Recuperación Carrito Abandonado",Correo,A,2023-11-13,0,0,0,0.00
70385,2092,"Black Friday 2023",Push,B,2023-10-21,0,0,0,0.00
70386,2964,"Campaña Navidad 2023",SMS,A,2022-07-17,1,0,0,0.00
70387,1427,"Fidelización Recurrentes",WhatsApp,B,2024-08-10,0,0,0,0.00
70388,2318,"VIP Exclusivo Agosto",Push,A,2022-07-11,0,0,0,0.00
70389,2244,"Fidelización Recurrentes",WhatsApp,A,2022-06-28,0,0,0,0.00
70390,2809,"Día de la Madre 2024",SMS,A,2022-05-09,1,0,0,0.00
70391,2054,"Día de la Madre 2024",Correo,B,2022-01-19,1,0,0,0.00
70392,2403,"Black Friday 2023",Correo,B,2022-11-06,0,0,0,0.00
70393,1616,"Campaña Navidad 2023",Correo,B,2024-12-20,0,0,0,0.00
70394,2544,"VIP Exclusivo Agosto",SMS,B,2022-05-13,0,0,0,0.00
70395,2934,"Campaña Navidad 2023",SMS,B,2023-06-29,0,0,0,0.00
70396,1462,"Black Friday 2023",WhatsApp,B,2023-06-05,0,0,0,0.00
70397,2135,"Fidelización Recurrentes",Correo,A,2023-07-07,0,0,0,0.00
70398,2636,"Recuperación Carrito Abandonado",SMS,A,2023-08-03,1,0,0,0.00
70399,2308,"Reactivación Q1 2024",Correo,B,2022-09-29,0,0,0,0.00
70400,1784,"Día de la Madre 2024",Correo,A,2022-04-13,1,0,0,0.00
70401,1950,"Black Friday 2023",Correo,B,2024-06-04,0,0,0,0.00
70402,2505,"Cyber Wow Mayo 2024",WhatsApp,B,2022-10-12,0,0,0,0.00
70403,2528,"VIP Exclusivo Agosto",SMS,B,2022-12-15,0,0,0,0.00
70404,1885,"Reactivación Q1 2024",SMS,B,2022-05-29,1,0,0,0.00
70405,1658,"VIP Exclusivo Agosto",SMS,B,2022-04-08,1,0,0,0.00
70406,2002,"Black Friday 2023",Push,B,2022-06-23,0,0,0,0.00
70407,2269,"Recuperación Carrito Abandonado",Correo,A,2024-09-13,0,0,0,0.00
70408,2136,"Recuperación Carrito Abandonado",Correo,B,2024-08-29,1,0,0,0.00
70409,1809,"Cyber Wow Mayo 2024",Push,A,2024-09-17,1,0,0,0.00
70410,1215,"Fidelización Recurrentes",Push,B,2024-08-18,0,0,0,0.00
70411,2792,"Día de la Madre 2024",Correo,A,2022-01-06,0,0,0,0.00
70412,2765,"Reactivación Q1 2024",Push,A,2023-07-08,1,0,0,0.00
70413,2887,"Día de la Madre 2024",Push,B,2022-11-25,0,0,0,0.00
70414,1021,"Bienvenida Nuevo Cliente",WhatsApp,A,2024-08-02,1,0,0,0.00
70415,2812,"Cyber Wow Mayo 2024",WhatsApp,B,2022-03-25,1,0,0,0.00
70416,2077,"Día de la Madre 2024",Push,B,2022-11-14,1,0,0,0.00
70417,1010,"Fidelización Recurrentes",Push,B,2022-07-14,1,0,0,0.00
70418,1590,"Día de la Madre 2024",WhatsApp,B,2022-01-03,0,0,0,0.00
70419,2591,"Cyber Wow Mayo 2024",WhatsApp,B,2024-01-21,0,0,0,0.00
70420,2318,"Campaña Navidad 2023",WhatsApp,B,2023-06-01,1,0,0,0.00
70421,2780,"VIP Exclusivo Agosto",WhatsApp,B,2024-02-27,0,0,0,0.00
70422,2194,"Campaña Navidad 2023",SMS,A,2022-01-29,0,0,0,0.00
70423,2033,"Día de la Madre 2024",SMS,A,2022-04-02,0,0,0,0.00
70424,2478,"Reactivación Q1 2024",WhatsApp,B,2024-01-25,0,0,0,0.00
70425,2081,"Cyber Wow Mayo 2024",WhatsApp,B,2022-08-10,0,0,0,0.00
70426,2566,"VIP Exclusivo Agosto",WhatsApp,A,2024-06-25,0,0,0,0.00
70427,2105,"VIP Exclusivo Agosto",Correo,B,2024-03-31,0,0,0,0.00
70428,1248,"Cyber Wow Mayo 2024",WhatsApp,A,2022-01-07,0,0,0,0.00
70429,2367,"Cyber Wow Mayo 2024",SMS,A,2023-06-23,0,0,0,0.00
70430,1520,"Black Friday 2023",WhatsApp,B,2024-06-30,0,0,0,0.00
70431,1269,"Reactivación Q1 2024",SMS,B,2024-04-18,0,0,0,0.00
70432,2048,"Campaña Navidad 2023",SMS,A,2022-05-02,0,0,0,0.00
70433,2846,"Black Friday 2023",SMS,A,2023-02-08,0,0,0,0.00
70434,1539,"Cyber Wow Mayo 2024",SMS,B,2022-11-20,1,0,0,0.00
70435,2099,"Campaña Navidad 2023",SMS,B,2024-08-12,0,0,0,0.00
70436,2897,"Campaña Navidad 2023",Correo,A,2023-05-20,1,0,0,0.00
70437,2045,"Fidelización Recurrentes",Correo,A,2023-12-09,1,1,0,0.00
70438,1056,"Campaña Navidad 2023",Push,A,2024-12-08,0,0,0,0.00
70439,2373,"Reactivación Q1 2024",Correo,B,2023-06-01,1,0,0,0.00
70440,2435,"Día de la Madre 2024",Correo,B,2023-08-14,0,0,0,0.00
70441,1435,"Reactivación Q1 2024",Correo,A,2024-07-16,0,0,0,0.00
70442,2196,"Fidelización Recurrentes",SMS,B,2022-09-04,0,0,0,0.00
70443,2644,"Recuperación Carrito Abandonado",WhatsApp,B,2024-11-14,0,0,0,0.00
70444,2757,"VIP Exclusivo Agosto",Correo,B,2024-09-10,0,0,0,0.00
70445,1638,"Campaña Navidad 2023",SMS,B,2024-02-24,0,0,0,0.00
70446,1267,"Fidelización Recurrentes",SMS,A,2023-09-03,0,0,0,0.00
70447,1392,"Cyber Wow Mayo 2024",WhatsApp,A,2024-08-06,0,0,0,0.00
70448,2647,"VIP Exclusivo Agosto",WhatsApp,A,2024-10-28,0,0,0,0.00
70449,1952,"Bienvenida Nuevo Cliente",SMS,A,2023-05-19,0,0,0,0.00
70450,2150,"Día de la Madre 2024",WhatsApp,A,2023-12-07,1,0,0,0.00
70451,1391,"Fidelización Recurrentes",Push,B,2022-10-17,0,0,0,0.00
70452,2535,"VIP Exclusivo Agosto",SMS,B,2024-10-29,1,0,0,0.00
70453,1967,"Reactivación Q1 2024",Push,A,2023-12-16,0,0,0,0.00
70454,2764,"Día de la Madre 2024",Correo,B,2023-09-24,0,0,0,0.00
70455,1798,"Black Friday 2023",SMS,B,2023-05-16,0,0,0,0.00
70456,1667,"Campaña Navidad 2023",SMS,A,2024-12-10,0,0,0,0.00
70457,1996,"Bienvenida Nuevo Cliente",WhatsApp,A,2023-09-04,0,0,0,0.00
70458,1620,"Recuperación Carrito Abandonado",Correo,B,2023-05-21,0,0,0,0.00
70459,2103,"Fidelización Recurrentes",SMS,B,2023-02-19,0,0,0,0.00
70460,1590,"Cyber Wow Mayo 2024",Push,B,2022-07-08,0,0,0,0.00
70461,2664,"Recuperación Carrito Abandonado",WhatsApp,B,2023-02-28,1,0,0,0.00
70462,2220,"Reactivación Q1 2024",Correo,B,2022-04-12,0,0,0,0.00
70463,2350,"Fidelización Recurrentes",Correo,B,2023-05-16,1,0,0,0.00
70464,1602,"Cyber Wow Mayo 2024",Correo,B,2024-06-06,1,0,0,0.00
70465,1549,"Fidelización Recurrentes",SMS,A,2024-03-11,1,0,0,0.00
70466,1497,"Día de la Madre 2024",SMS,A,2022-07-09,1,0,0,0.00
70467,1200,"Reactivación Q1 2024",SMS,B,2023-01-11,1,0,0,0.00
70468,2433,"VIP Exclusivo Agosto",Correo,B,2024-09-21,0,0,0,0.00
70469,2034,"Fidelización Recurrentes",SMS,B,2022-06-06,0,0,0,0.00
70470,2812,"Día de la Madre 2024",SMS,B,2022-04-01,0,0,0,0.00
70471,1701,"Fidelización Recurrentes",SMS,A,2022-11-01,0,0,0,0.00
70472,1717,"Fidelización Recurrentes",SMS,A,2023-08-23,0,0,0,0.00
70473,2090,"Recuperación Carrito Abandonado",Push,A,2023-10-29,0,0,0,0.00
70474,1562,"Fidelización Recurrentes",SMS,A,2023-09-14,0,0,0,0.00
70475,1334,"Bienvenida Nuevo Cliente",WhatsApp,A,2024-06-01,0,0,0,0.00
70476,2518,"Campaña Navidad 2023",SMS,A,2022-12-06,1,1,0,0.00
70477,1635,"Bienvenida Nuevo Cliente",WhatsApp,A,2023-01-07,1,1,0,0.00
70478,2259,"Campaña Navidad 2023",SMS,B,2023-08-18,0,0,0,0.00
70479,2711,"Fidelización Recurrentes",WhatsApp,B,2022-07-13,0,0,0,0.00
70480,2128,"Cyber Wow Mayo 2024",WhatsApp,A,2024-11-30,0,0,0,0.00
70481,2679,"Campaña Navidad 2023",Correo,B,2024-04-16,0,0,0,0.00
70482,1590,"VIP Exclusivo Agosto",Push,A,2024-10-02,0,0,0,0.00
70483,2582,"Día de la Madre 2024",Push,A,2023-08-21,0,0,0,0.00
70484,2794,"Bienvenida Nuevo Cliente",Correo,A,2024-11-13,0,0,0,0.00
70485,1381,"Black Friday 2023",WhatsApp,A,2022-05-15,0,0,0,0.00
70486,1363,"VIP Exclusivo Agosto",Push,B,2024-06-24,0,0,0,0.00
70487,1285,"Recuperación Carrito Abandonado",SMS,B,2022-08-23,0,0,0,0.00
70488,2579,"Cyber Wow Mayo 2024",SMS,A,2023-12-11,0,0,0,0.00
70489,2156,"Día de la Madre 2024",Push,A,2023-04-01,0,0,0,0.00
70490,2630,"Black Friday 2023",Correo,A,2024-11-05,0,0,0,0.00
70491,2766,"Recuperación Carrito Abandonado",WhatsApp,B,2024-03-01,0,0,0,0.00
70492,2575,"Reactivación Q1 2024",Correo,B,2024-09-07,0,0,0,0.00
70493,1248,"Bienvenida Nuevo Cliente",Push,B,2024-11-09,0,0,0,0.00
70494,2212,"VIP Exclusivo Agosto",Push,B,2023-01-22,0,0,0,0.00
70495,2627,"Fidelización Recurrentes",SMS,B,2022-06-01,1,1,0,0.00
70496,2942,"Black Friday 2023",Correo,B,2023-10-31,1,0,0,0.00
70497,1960,"Cyber Wow Mayo 2024",SMS,A,2024-02-28,1,0,0,0.00
70498,1135,"Día de la Madre 2024",SMS,B,2022-02-21,0,0,0,0.00
70499,2792,"Bienvenida Nuevo Cliente",WhatsApp,B,2024-06-24,0,0,0,0.00
70500,1884,"VIP Exclusivo Agosto",SMS,A,2023-02-24,1,0,0,0.00
70501,2208,"Campaña Navidad 2023",SMS,A,2024-12-07,1,0,0,0.00
70502,1272,"Bienvenida Nuevo Cliente",SMS,A,2024-07-27,0,0,0,0.00
70503,1848,"Campaña Navidad 2023",Correo,B,2022-12-05,0,0,0,0.00
70504,2077,"Black Friday 2023",WhatsApp,B,2024-03-02,1,0,0,0.00
70505,2465,"VIP Exclusivo Agosto",Correo,B,2023-11-07,0,0,0,0.00
70506,1906,"Reactivación Q1 2024",WhatsApp,A,2023-06-25,0,0,0,0.00
70507,2864,"Día de la Madre 2024",WhatsApp,B,2022-08-27,0,0,0,0.00
70508,2105,"Recuperación Carrito Abandonado",WhatsApp,B,2023-07-22,1,0,0,0.00
70509,1077,"Cyber Wow Mayo 2024",WhatsApp,B,2022-12-01,1,0,0,0.00
70510,1305,"Campaña Navidad 2023",SMS,A,2022-10-16,0,0,0,0.00
70511,1691,"Campaña Navidad 2023",WhatsApp,A,2022-05-14,0,0,0,0.00
70512,1206,"Reactivación Q1 2024",WhatsApp,B,2024-05-27,0,0,0,0.00
70513,1147,"VIP Exclusivo Agosto",WhatsApp,B,2022-06-10,0,0,0,0.00
70514,2020,"Recuperación Carrito Abandonado",SMS,A,2023-09-21,1,0,0,0.00
70515,1358,"Reactivación Q1 2024",SMS,B,2024-10-12,1,1,0,0.00
70516,1422,"Bienvenida Nuevo Cliente",Correo,B,2024-06-15,0,0,0,0.00
70517,1025,"Cyber Wow Mayo 2024",Push,B,2022-04-22,1,0,0,0.00
70518,2746,"Reactivación Q1 2024",Correo,A,2024-09-21,1,0,0,0.00
70519,1693,"Reactivación Q1 2024",Correo,A,2022-11-17,1,0,0,0.00
70520,2126,"Reactivación Q1 2024",Correo,A,2022-11-14,0,0,0,0.00
70521,2646,"Bienvenida Nuevo Cliente",Correo,A,2022-03-16,0,0,0,0.00
70522,2328,"Campaña Navidad 2023",WhatsApp,A,2023-03-04,0,0,0,0.00
70523,2637,"Reactivación Q1 2024",Correo,A,2024-11-29,0,0,0,0.00
70524,2055,"VIP Exclusivo Agosto",WhatsApp,B,2024-03-06,0,0,0,0.00
70525,2432,"Bienvenida Nuevo Cliente",WhatsApp,B,2023-10-03,1,0,0,0.00
70526,2030,"Campaña Navidad 2023",Push,B,2023-05-08,0,0,0,0.00
70527,2984,"VIP Exclusivo Agosto",WhatsApp,B,2024-02-14,0,0,0,0.00
70528,2715,"Fidelización Recurrentes",Correo,B,2022-06-28,1,0,0,0.00
70529,1842,"VIP Exclusivo Agosto",WhatsApp,B,2023-10-15,1,0,0,0.00
70530,2259,"Bienvenida Nuevo Cliente",WhatsApp,B,2022-08-18,0,0,0,0.00
70531,2177,"Día de la Madre 2024",WhatsApp,B,2024-01-06,0,0,0,0.00
70532,2226,"Día de la Madre 2024",Push,A,2023-07-29,0,0,0,0.00
70533,1574,"Campaña Navidad 2023",Push,B,2024-03-02,0,0,0,0.00
70534,1358,"Recuperación Carrito Abandonado",Push,A,2024-01-11,0,0,0,0.00
70535,2262,"Bienvenida Nuevo Cliente",Push,B,2022-03-02,0,0,0,0.00
70536,2802,"Cyber Wow Mayo 2024",WhatsApp,B,2022-12-26,0,0,0,0.00
70537,1011,"Campaña Navidad 2023",Correo,B,2023-11-09,0,0,0,0.00
70538,2962,"Día de la Madre 2024",Push,A,2022-01-25,1,0,0,0.00
70539,2850,"Black Friday 2023",SMS,A,2024-08-03,0,0,0,0.00
70540,1344,"Black Friday 2023",WhatsApp,B,2022-05-05,0,0,0,0.00
70541,2025,"Bienvenida Nuevo Cliente",Push,A,2023-07-18,1,0,0,0.00
70542,2364,"VIP Exclusivo Agosto",WhatsApp,A,2022-10-18,1,1,0,0.00
70543,2713,"Bienvenida Nuevo Cliente",SMS,A,2022-11-13,0,0,0,0.00
70544,2969,"Fidelización Recurrentes",Correo,A,2023-04-25,1,0,0,0.00
70545,2168,"Recuperación Carrito Abandonado",Push,A,2023-09-15,0,0,0,0.00
70546,2601,"Campaña Navidad 2023",SMS,A,2024-03-18,0,0,0,0.00
70547,1456,"Fidelización Recurrentes",Correo,B,2023-02-17,1,1,1,1303.55
70548,1111,"Cyber Wow Mayo 2024",SMS,A,2022-05-25,1,0,0,0.00
70549,1378,"Cyber Wow Mayo 2024",Push,A,2022-06-20,0,0,0,0.00
70550,2186,"Día de la Madre 2024",Correo,B,2022-02-21,0,0,0,0.00
70551,2724,"Fidelización Recurrentes",SMS,A,2022-11-15,1,0,0,0.00
70552,2556,"Recuperación Carrito Abandonado",WhatsApp,B,2023-04-06,0,0,0,0.00
70553,1013,"VIP Exclusivo Agosto",Push,A,2023-04-09,0,0,0,0.00
70554,1382,"Bienvenida Nuevo Cliente",Push,A,2022-04-26,0,0,0,0.00
70555,2624,"Fidelización Recurrentes",WhatsApp,A,2023-11-20,0,0,0,0.00
70556,1099,"Fidelización Recurrentes",SMS,B,2024-12-15,0,0,0,0.00
70557,2047,"Recuperación Carrito Abandonado",Correo,A,2023-09-01,0,0,0,0.00
70558,1658,"Día de la Madre 2024",Correo,B,2023-06-24,0,0,0,0.00
70559,1260,"Día de la Madre 2024",Push,A,2022-11-03,1,0,0,0.00
70560,2553,"Campaña Navidad 2023",WhatsApp,B,2022-07-17,1,1,0,0.00
70561,1356,"Bienvenida Nuevo Cliente",Push,A,2023-07-03,0,0,0,0.00
70562,2738,"Reactivación Q1 2024",Correo,A,2022-01-11,0,0,0,0.00
70563,1574,"Cyber Wow Mayo 2024",WhatsApp,B,2022-03-23,1,0,0,0.00
70564,2857,"Black Friday 2023",Correo,B,2022-10-26,0,0,0,0.00
70565,2132,"Reactivación Q1 2024",WhatsApp,B,2024-09-26,0,0,0,0.00
70566,2843,"Bienvenida Nuevo Cliente",Correo,A,2023-08-14,0,0,0,0.00
70567,2592,"Recuperación Carrito Abandonado",SMS,B,2024-08-26,0,0,0,0.00
70568,1283,"Reactivación Q1 2024",SMS,A,2023-08-16,0,0,0,0.00
70569,2671,"Bienvenida Nuevo Cliente",Correo,A,2022-12-02,1,0,0,0.00
70570,2931,"Cyber Wow Mayo 2024",Push,B,2022-07-20,0,0,0,0.00
70571,1601,"Día de la Madre 2024",Correo,B,2024-09-10,0,0,0,0.00
70572,1778,"Campaña Navidad 2023",SMS,B,2023-08-05,0,0,0,0.00
70573,2647,"Reactivación Q1 2024",Correo,A,2024-10-10,0,0,0,0.00
70574,2315,"Black Friday 2023",SMS,B,2024-10-09,0,0,0,0.00
70575,2708,"Fidelización Recurrentes",Correo,A,2023-02-15,1,0,0,0.00
70576,2721,"Reactivación Q1 2024",Push,A,2024-12-04,0,0,0,0.00
70577,2421,"Cyber Wow Mayo 2024",WhatsApp,A,2023-04-04,0,0,0,0.00
70578,2504,"VIP Exclusivo Agosto",WhatsApp,B,2023-06-13,0,0,0,0.00
70579,1833,"Fidelización Recurrentes",Push,A,2024-09-01,0,0,0,0.00
70580,2226,"Día de la Madre 2024",Correo,B,2024-10-18,0,0,0,0.00
70581,1876,"Cyber Wow Mayo 2024",Correo,A,2023-09-13,0,0,0,0.00
70582,1071,"Día de la Madre 2024",SMS,B,2022-10-06,1,0,0,0.00
70583,2619,"Black Friday 2023",SMS,A,2024-09-24,1,0,0,0.00
70584,1999,"Campaña Navidad 2023",Correo,A,2024-04-26,0,0,0,0.00
70585,1806,"Black Friday 2023",Push,B,2023-08-11,0,0,0,0.00
70586,1854,"Black Friday 2023",WhatsApp,A,2023-11-20,1,0,0,0.00
70587,2159,"Recuperación Carrito Abandonado",Push,B,2022-06-06,0,0,0,0.00
70588,1522,"Recuperación Carrito Abandonado",WhatsApp,B,2022-08-05,1,0,0,0.00
70589,1629,"Black Friday 2023",Push,B,2023-12-27,0,0,0,0.00
70590,1404,"Día de la Madre 2024",SMS,A,2023-02-26,1,0,0,0.00
70591,2643,"Día de la Madre 2024",Correo,B,2023-04-17,0,0,0,0.00
70592,2961,"Día de la Madre 2024",Correo,A,2023-05-27,0,0,0,0.00
70593,2996,"Fidelización Recurrentes",Push,A,2022-04-18,1,0,0,0.00
70594,1916,"Black Friday 2023",Push,A,2022-03-08,1,0,0,0.00
70595,1593,"Campaña Navidad 2023",Correo,A,2024-08-08,0,0,0,0.00
70596,1333,"Campaña Navidad 2023",Correo,B,2023-12-15,1,0,0,0.00
70597,2022,"Cyber Wow Mayo 2024",SMS,B,2022-08-17,0,0,0,0.00
70598,2887,"Campaña Navidad 2023",SMS,B,2023-12-12,1,0,0,0.00
70599,1818,"VIP Exclusivo Agosto",Correo,B,2024-04-28,1,1,0,0.00
70600,2439,"Día de la Madre 2024",Correo,B,2024-11-13,0,0,0,0.00
70601,2564,"Campaña Navidad 2023",SMS,A,2023-03-07,0,0,0,0.00
70602,1571,"Black Friday 2023",WhatsApp,A,2022-05-29,0,0,0,0.00
70603,1152,"VIP Exclusivo Agosto",WhatsApp,A,2023-06-29,0,0,0,0.00
70604,2300,"Fidelización Recurrentes",SMS,A,2023-12-31,0,0,0,0.00
70605,1922,"VIP Exclusivo Agosto",Push,A,2023-11-13,0,0,0,0.00
70606,1319,"Cyber Wow Mayo 2024",WhatsApp,B,2024-10-20,0,0,0,0.00
70607,2946,"Bienvenida Nuevo Cliente",Push,A,2023-11-04,0,0,0,0.00
70608,1401,"VIP Exclusivo Agosto",Correo,A,2022-01-07,0,0,0,0.00
70609,1469,"Reactivación Q1 2024",Push,B,2022-08-24,1,0,0,0.00
70610,2668,"Reactivación Q1 2024",Push,B,2022-04-04,0,0,0,0.00
70611,2694,"Fidelización Recurrentes",Correo,B,2023-07-06,0,0,0,0.00
70612,2586,"VIP Exclusivo Agosto",Correo,B,2024-05-13,0,0,0,0.00
70613,2446,"Black Friday 2023",Correo,A,2024-05-12,0,0,0,0.00
70614,1608,"Cyber Wow Mayo 2024",Correo,B,2024-06-06,1,0,0,0.00
70615,1978,"Black Friday 2023",Correo,B,2024-12-29,1,1,0,0.00
70616,1563,"Recuperación Carrito Abandonado",SMS,B,2023-10-21,0,0,0,0.00
70617,2926,"Recuperación Carrito Abandonado",WhatsApp,B,2022-02-21,0,0,0,0.00
70618,1770,"Recuperación Carrito Abandonado",Correo,A,2024-04-20,0,0,0,0.00
70619,1675,"Black Friday 2023",Correo,A,2022-02-08,0,0,0,0.00
70620,1115,"Día de la Madre 2024",SMS,A,2023-02-26,1,0,0,0.00
70621,1902,"Cyber Wow Mayo 2024",WhatsApp,B,2023-02-24,0,0,0,0.00
70622,1743,"Recuperación Carrito Abandonado",WhatsApp,A,2023-02-09,0,0,0,0.00
70623,1281,"Fidelización Recurrentes",Push,A,2024-01-17,0,0,0,0.00
70624,2327,"Black Friday 2023",WhatsApp,A,2022-04-17,1,0,0,0.00
70625,1158,"Cyber Wow Mayo 2024",WhatsApp,A,2022-01-12,1,0,0,0.00
70626,1475,"Cyber Wow Mayo 2024",Correo,B,2023-10-03,0,0,0,0.00
70627,1483,"Cyber Wow Mayo 2024",Push,A,2023-11-24,0,0,0,0.00
70628,2497,"Día de la Madre 2024",Push,B,2023-04-12,0,0,0,0.00
70629,1834,"Cyber Wow Mayo 2024",SMS,B,2022-10-01,0,0,0,0.00
70630,2408,"VIP Exclusivo Agosto",Correo,A,2024-09-29,1,0,0,0.00
70631,2742,"Cyber Wow Mayo 2024",Push,A,2024-08-24,1,0,0,0.00
70632,2014,"Reactivación Q1 2024",WhatsApp,B,2024-07-11,0,0,0,0.00
70633,1820,"Reactivación Q1 2024",Correo,A,2023-07-24,1,0,0,0.00
70634,1273,"Campaña Navidad 2023",WhatsApp,A,2022-10-05,1,0,0,0.00
70635,2358,"Fidelización Recurrentes",Correo,B,2023-08-27,1,0,0,0.00
70636,1719,"Día de la Madre 2024",SMS,A,2022-12-21,0,0,0,0.00
70637,1557,"Black Friday 2023",Correo,B,2024-08-23,0,0,0,0.00
70638,1683,"Recuperación Carrito Abandonado",Correo,A,2022-10-19,1,0,0,0.00
70639,1105,"Bienvenida Nuevo Cliente",SMS,B,2022-07-28,0,0,0,0.00
70640,1244,"Campaña Navidad 2023",SMS,B,2024-12-08,0,0,0,0.00
70641,2160,"Bienvenida Nuevo Cliente",Correo,A,2023-05-07,0,0,0,0.00
70642,1791,"Cyber Wow Mayo 2024",Push,A,2022-11-10,0,0,0,0.00
70643,2176,"VIP Exclusivo Agosto",SMS,A,2022-07-27,0,0,0,0.00
70644,1366,"Cyber Wow Mayo 2024",SMS,B,2023-10-18,0,0,0,0.00
70645,1489,"Bienvenida Nuevo Cliente",SMS,B,2023-02-17,0,0,0,0.00
70646,1194,"Black Friday 2023",Push,A,2022-01-09,0,0,0,0.00
70647,2608,"VIP Exclusivo Agosto",Push,B,2022-04-26,1,1,0,0.00
70648,1351,"Reactivación Q1 2024",WhatsApp,A,2022-01-07,0,0,0,0.00
70649,2279,"Bienvenida Nuevo Cliente",Correo,B,2023-01-05,0,0,0,0.00
70650,2380,"Campaña Navidad 2023",WhatsApp,B,2024-03-23,0,0,0,0.00
70651,1461,"VIP Exclusivo Agosto",Correo,A,2022-04-02,0,0,0,0.00
70652,2272,"Reactivación Q1 2024",Push,A,2022-04-05,0,0,0,0.00
70653,2414,"Reactivación Q1 2024",Correo,B,2023-09-01,0,0,0,0.00
70654,1925,"VIP Exclusivo Agosto",Correo,B,2023-09-24,0,0,0,0.00
70655,1716,"Campaña Navidad 2023",WhatsApp,A,2023-10-14,0,0,0,0.00
70656,1418,"Campaña Navidad 2023",WhatsApp,B,2024-01-16,0,0,0,0.00
70657,1038,"VIP Exclusivo Agosto",Correo,A,2024-08-14,0,0,0,0.00
70658,1721,"Reactivación Q1 2024",SMS,A,2023-03-08,0,0,0,0.00
70659,1954,"Black Friday 2023",Push,B,2023-06-21,0,0,0,0.00
70660,2912,"Reactivación Q1 2024",SMS,A,2022-02-13,0,0,0,0.00
70661,2465,"Campaña Navidad 2023",Push,B,2024-09-07,0,0,0,0.00
70662,1086,"Recuperación Carrito Abandonado",WhatsApp,B,2023-12-11,1,0,0,0.00
70663,2054,"Reactivación Q1 2024",Push,B,2023-03-31,0,0,0,0.00
70664,2822,"Día de la Madre 2024",Push,B,2024-11-04,0,0,0,0.00
70665,1130,"Fidelización Recurrentes",Correo,B,2022-08-28,0,0,0,0.00
70666,1551,"Bienvenida Nuevo Cliente",Correo,B,2022-09-16,0,0,0,0.00
70667,1484,"Bienvenida Nuevo Cliente",Push,A,2024-05-09,0,0,0,0.00
70668,2243,"Black Friday 2023",Correo,A,2024-03-09,0,0,0,0.00
70669,2392,"VIP Exclusivo Agosto",Correo,B,2023-10-10,0,0,0,0.00
70670,1983,"Bienvenida Nuevo Cliente",SMS,B,2022-09-02,0,0,0,0.00
70671,2005,"Día de la Madre 2024",Push,A,2022-08-19,1,0,0,0.00
70672,2967,"Día de la Madre 2024",Correo,B,2022-09-16,1,0,0,0.00
70673,1475,"Campaña Navidad 2023",SMS,B,2023-08-24,1,0,0,0.00
70674,2295,"Bienvenida Nuevo Cliente",Correo,B,2023-09-17,0,0,0,0.00
70675,1319,"Cyber Wow Mayo 2024",Correo,B,2024-12-25,0,0,0,0.00
70676,1301,"Black Friday 2023",Push,A,2024-09-05,0,0,0,0.00
70677,2491,"Fidelización Recurrentes",Correo,B,2022-07-27,0,0,0,0.00
70678,2474,"Cyber Wow Mayo 2024",Correo,A,2022-10-28,0,0,0,0.00
70679,1909,"Recuperación Carrito Abandonado",WhatsApp,A,2024-10-11,0,0,0,0.00
70680,1265,"Campaña Navidad 2023",Correo,A,2023-01-25,0,0,0,0.00
70681,2273,"Reactivación Q1 2024",Push,A,2022-07-24,0,0,0,0.00
70682,1511,"Recuperación Carrito Abandonado",WhatsApp,A,2024-08-28,0,0,0,0.00
70683,1684,"Cyber Wow Mayo 2024",WhatsApp,B,2022-01-12,0,0,0,0.00
70684,2380,"Reactivación Q1 2024",SMS,A,2022-09-23,0,0,0,0.00
70685,1773,"Fidelización Recurrentes",Correo,A,2024-03-20,1,0,0,0.00
70686,2770,"Cyber Wow Mayo 2024",Correo,B,2022-02-06,1,0,0,0.00
70687,1854,"Reactivación Q1 2024",WhatsApp,B,2023-09-02,0,0,0,0.00
70688,2263,"Fidelización Recurrentes",SMS,A,2023-11-20,0,0,0,0.00
70689,1180,"Fidelización Recurrentes",Correo,A,2023-04-01,0,0,0,0.00
70690,1696,"Bienvenida Nuevo Cliente",Correo,B,2023-02-03,1,0,0,0.00
70691,1291,"Bienvenida Nuevo Cliente",WhatsApp,B,2022-08-29,0,0,0,0.00
70692,1830,"Día de la Madre 2024",SMS,B,2024-10-03,0,0,0,0.00
70693,1856,"Recuperación Carrito Abandonado",WhatsApp,B,2022-02-28,0,0,0,0.00
70694,2900,"VIP Exclusivo Agosto",SMS,B,2024-02-01,0,0,0,0.00
70695,2508,"Bienvenida Nuevo Cliente",SMS,B,2023-11-27,0,0,0,0.00
70696,1078,"Black Friday 2023",Correo,A,2022-03-26,0,0,0,0.00
70697,2945,"Black Friday 2023",Correo,A,2022-05-27,1,0,0,0.00
70698,1104,"Black Friday 2023",Push,B,2022-11-27,0,0,0,0.00
70699,2684,"Día de la Madre 2024",WhatsApp,A,2022-05-14,0,0,0,0.00
70700,1346,"Recuperación Carrito Abandonado",Correo,A,2022-12-03,1,0,0,0.00
70701,1857,"Fidelización Recurrentes",Correo,A,2024-11-08,1,0,0,0.00
70702,1909,"Bienvenida Nuevo Cliente",Correo,B,2022-05-25,0,0,0,0.00
70703,2682,"Cyber Wow Mayo 2024",SMS,A,2023-07-22,1,0,0,0.00
70704,1940,"Día de la Madre 2024",SMS,A,2024-11-13,1,0,0,0.00
70705,2745,"Fidelización Recurrentes",SMS,B,2024-09-08,0,0,0,0.00
70706,2600,"VIP Exclusivo Agosto",Correo,A,2024-04-21,0,0,0,0.00
70707,2182,"Recuperación Carrito Abandonado",Correo,A,2023-11-03,1,1,0,0.00
70708,1295,"Bienvenida Nuevo Cliente",WhatsApp,A,2022-08-17,0,0,0,0.00
70709,2908,"Campaña Navidad 2023",SMS,B,2023-04-17,0,0,0,0.00
70710,1862,"Recuperación Carrito Abandonado",Push,B,2022-11-24,0,0,0,0.00
70711,1300,"Recuperación Carrito Abandonado",SMS,B,2024-02-02,1,0,0,0.00
70712,2251,"Día de la Madre 2024",Correo,A,2023-08-08,1,0,0,0.00
70713,2756,"Campaña Navidad 2023",WhatsApp,A,2022-02-22,1,0,0,0.00
70714,2479,"Bienvenida Nuevo Cliente",WhatsApp,A,2024-05-08,0,0,0,0.00
70715,2200,"Fidelización Recurrentes",SMS,B,2024-07-10,1,0,0,0.00
70716,2758,"Fidelización Recurrentes",Correo,B,2024-11-25,0,0,0,0.00
70717,1065,"Cyber Wow Mayo 2024",Correo,A,2022-02-27,0,0,0,0.00
70718,2109,"Campaña Navidad 2023",Push,A,2023-01-15,0,0,0,0.00
70719,2534,"Black Friday 2023",Push,B,2024-05-19,1,0,0,0.00
70720,2540,"Recuperación Carrito Abandonado",SMS,B,2023-11-05,0,0,0,0.00
70721,1936,"Cyber Wow Mayo 2024",SMS,B,2023-04-11,0,0,0,0.00
70722,2482,"Bienvenida Nuevo Cliente",WhatsApp,A,2024-09-23,0,0,0,0.00
70723,2967,"Bienvenida Nuevo Cliente",Push,A,2023-06-20,0,0,0,0.00
70724,2479,"Recuperación Carrito Abandonado",WhatsApp,A,2023-11-08,0,0,0,0.00
70725,2379,"Black Friday 2023",SMS,A,2022-04-06,1,0,0,0.00
70726,1264,"Campaña Navidad 2023",Push,B,2024-07-24,1,1,0,0.00
70727,2080,"Reactivación Q1 2024",Correo,B,2024-02-06,1,0,0,0.00
70728,1520,"Recuperación Carrito Abandonado",SMS,A,2023-12-29,0,0,0,0.00
70729,2316,"Black Friday 2023",WhatsApp,B,2024-11-18,0,0,0,0.00
70730,2362,"Bienvenida Nuevo Cliente",WhatsApp,B,2024-10-25,0,0,0,0.00
70731,1862,"Recuperación Carrito Abandonado",SMS,B,2024-04-20,1,0,0,0.00
70732,2620,"Campaña Navidad 2023",Correo,B,2022-07-02,1,0,0,0.00
70733,1237,"Reactivación Q1 2024",Correo,A,2022-10-06,0,0,0,0.00
70734,2423,"Campaña Navidad 2023",Push,B,2024-06-18,1,0,0,0.00
70735,1816,"Día de la Madre 2024",SMS,A,2024-10-19,0,0,0,0.00
70736,1940,"Reactivación Q1 2024",Correo,B,2024-08-31,1,0,0,0.00
70737,1705,"Bienvenida Nuevo Cliente",Correo,A,2022-06-28,0,0,0,0.00
70738,2836,"Reactivación Q1 2024",Push,B,2022-11-27,0,0,0,0.00
70739,2914,"Bienvenida Nuevo Cliente",SMS,A,2022-06-05,0,0,0,0.00
70740,2488,"Bienvenida Nuevo Cliente",Push,A,2022-02-21,0,0,0,0.00
70741,2733,"Reactivación Q1 2024",Push,A,2022-03-21,0,0,0,0.00
70742,2338,"Cyber Wow Mayo 2024",Correo,B,2024-12-17,1,0,0,0.00
70743,2904,"Fidelización Recurrentes",Correo,A,2022-01-29,0,0,0,0.00
70744,1244,"Cyber Wow Mayo 2024",WhatsApp,A,2023-09-27,0,0,0,0.00
70745,1166,"Recuperación Carrito Abandonado",Push,A,2022-09-09,0,0,0,0.00
70746,2141,"Cyber Wow Mayo 2024",SMS,A,2023-11-22,1,0,0,0.00
70747,2986,"Día de la Madre 2024",Correo,B,2023-09-28,1,1,0,0.00
70748,1084,"Reactivación Q1 2024",Push,B,2023-12-09,0,0,0,0.00
70749,1449,"Bienvenida Nuevo Cliente",Correo,A,2024-05-15,0,0,0,0.00
70750,1486,"Recuperación Carrito Abandonado",SMS,B,2024-09-23,0,0,0,0.00
70751,1150,"Recuperación Carrito Abandonado",Correo,B,2023-10-24,0,0,0,0.00
70752,1790,"Reactivación Q1 2024",Correo,B,2024-05-06,0,0,0,0.00
70753,1403,"Black Friday 2023",Correo,B,2022-05-13,0,0,0,0.00
70754,1995,"Fidelización Recurrentes",Push,B,2023-09-15,0,0,0,0.00
70755,2314,"Campaña Navidad 2023",Correo,B,2022-11-28,0,0,0,0.00
70756,1764,"VIP Exclusivo Agosto",SMS,A,2024-11-07,0,0,0,0.00
70757,2792,"Día de la Madre 2024",SMS,A,2022-05-08,0,0,0,0.00
70758,1447,"Recuperación Carrito Abandonado",Correo,B,2023-08-16,0,0,0,0.00
70759,1250,"Bienvenida Nuevo Cliente",SMS,A,2022-05-18,0,0,0,0.00
70760,1885,"Día de la Madre 2024",Correo,A,2024-09-02,0,0,0,0.00
70761,1771,"Recuperación Carrito Abandonado",Correo,A,2024-11-25,0,0,0,0.00
70762,1807,"VIP Exclusivo Agosto",Correo,B,2023-09-30,0,0,0,0.00
70763,1111,"Cyber Wow Mayo 2024",SMS,B,2024-03-30,0,0,0,0.00
70764,1755,"Reactivación Q1 2024",WhatsApp,B,2022-12-02,0,0,0,0.00
70765,1166,"Recuperación Carrito Abandonado",Push,B,2024-09-25,1,0,0,0.00
70766,1780,"VIP Exclusivo Agosto",WhatsApp,A,2024-11-06,0,0,0,0.00
70767,1742,"Cyber Wow Mayo 2024",SMS,B,2022-07-05,0,0,0,0.00
70768,2947,"Bienvenida Nuevo Cliente",Push,A,2023-08-31,0,0,0,0.00
70769,1112,"Día de la Madre 2024",WhatsApp,B,2023-05-15,0,0,0,0.00
70770,2598,"Bienvenida Nuevo Cliente",Push,B,2023-02-02,0,0,0,0.00
70771,1493,"Recuperación Carrito Abandonado",Push,A,2024-09-26,0,0,0,0.00
70772,2990,"Bienvenida Nuevo Cliente",Push,B,2022-08-21,0,0,0,0.00
70773,1267,"Bienvenida Nuevo Cliente",WhatsApp,B,2022-12-24,0,0,0,0.00
70774,1558,"Reactivación Q1 2024",Push,A,2024-10-29,0,0,0,0.00
70775,2836,"Bienvenida Nuevo Cliente",SMS,A,2024-01-16,0,0,0,0.00
70776,1060,"Reactivación Q1 2024",Correo,A,2022-07-02,0,0,0,0.00
70777,1080,"Recuperación Carrito Abandonado",Correo,A,2023-01-11,0,0,0,0.00
70778,2262,"VIP Exclusivo Agosto",Correo,B,2022-12-11,0,0,0,0.00
70779,1806,"Día de la Madre 2024",Push,B,2024-07-16,0,0,0,0.00
70780,2781,"Bienvenida Nuevo Cliente",Correo,A,2023-10-29,0,0,0,0.00
70781,2963,"Día de la Madre 2024",SMS,B,2023-08-06,0,0,0,0.00
70782,2468,"Fidelización Recurrentes",Push,A,2024-11-04,0,0,0,0.00
70783,1835,"Campaña Navidad 2023",Correo,A,2022-12-15,0,0,0,0.00
70784,1159,"Cyber Wow Mayo 2024",Push,A,2023-01-17,0,0,0,0.00
70785,2343,"Recuperación Carrito Abandonado",Correo,A,2024-10-10,1,0,0,0.00
70786,2400,"Fidelización Recurrentes",WhatsApp,B,2024-09-03,0,0,0,0.00
70787,2948,"Recuperación Carrito Abandonado",WhatsApp,B,2024-05-21,1,0,0,0.00
70788,2539,"Recuperación Carrito Abandonado",WhatsApp,B,2023-09-18,0,0,0,0.00
70789,2309,"Black Friday 2023",SMS,B,2022-09-11,0,0,0,0.00
70790,2338,"Campaña Navidad 2023",Correo,B,2024-05-14,1,0,0,0.00
70791,1820,"Recuperación Carrito Abandonado",Push,B,2022-01-28,0,0,0,0.00
70792,1844,"Reactivación Q1 2024",SMS,A,2024-12-02,0,0,0,0.00
70793,1297,"Bienvenida Nuevo Cliente",Correo,B,2024-09-16,0,0,0,0.00
70794,2541,"Campaña Navidad 2023",SMS,A,2022-06-19,0,0,0,0.00
70795,2489,"VIP Exclusivo Agosto",SMS,A,2024-10-09,1,0,0,0.00
70796,2955,"Recuperación Carrito Abandonado",SMS,B,2023-03-01,0,0,0,0.00
70797,2269,"VIP Exclusivo Agosto",SMS,A,2024-09-10,0,0,0,0.00
70798,2015,"Campaña Navidad 2023",SMS,A,2022-09-23,0,0,0,0.00
70799,2616,"Día de la Madre 2024",Correo,B,2024-05-31,0,0,0,0.00
70800,2584,"Fidelización Recurrentes",Correo,A,2022-09-03,1,0,0,0.00
70801,1408,"Black Friday 2023",WhatsApp,A,2022-05-06,0,0,0,0.00
70802,2211,"Campaña Navidad 2023",Push,B,2022-04-13,0,0,0,0.00
70803,2737,"Día de la Madre 2024",SMS,B,2024-01-25,0,0,0,0.00
70804,2699,"Reactivación Q1 2024",Correo,A,2024-06-14,0,0,0,0.00
70805,2675,"Reactivación Q1 2024",Push,A,2024-01-17,1,0,0,0.00
70806,1657,"Bienvenida Nuevo Cliente",Correo,A,2023-09-17,1,0,0,0.00
70807,2447,"Cyber Wow Mayo 2024",Push,B,2022-09-24,1,0,0,0.00
70808,2377,"Reactivación Q1 2024",WhatsApp,A,2024-03-10,0,0,0,0.00
70809,1656,"Cyber Wow Mayo 2024",Push,A,2023-02-24,0,0,0,0.00
70810,1313,"Día de la Madre 2024",Correo,A,2022-10-11,0,0,0,0.00
70811,2704,"Día de la Madre 2024",SMS,A,2024-01-28,0,0,0,0.00
70812,2799,"Black Friday 2023",Correo,A,2023-05-18,1,0,0,0.00
70813,1158,"Recuperación Carrito Abandonado",Correo,B,2022-03-22,0,0,0,0.00
70814,1425,"Bienvenida Nuevo Cliente",SMS,B,2023-05-17,1,0,0,0.00
70815,1813,"Black Friday 2023",Push,A,2023-05-22,1,0,0,0.00
70816,1556,"Fidelización Recurrentes",SMS,B,2023-02-05,0,0,0,0.00
70817,2427,"Fidelización Recurrentes",Correo,A,2023-01-14,0,0,0,0.00
70818,2246,"Black Friday 2023",Correo,B,2023-07-03,1,0,0,0.00
70819,1766,"Cyber Wow Mayo 2024",Correo,B,2022-07-06,0,0,0,0.00
70820,1606,"Bienvenida Nuevo Cliente",WhatsApp,A,2023-01-25,0,0,0,0.00
70821,1967,"Reactivación Q1 2024",Correo,B,2022-01-03,0,0,0,0.00
70822,2022,"Black Friday 2023",Correo,A,2023-05-03,1,0,0,0.00
70823,2564,"Reactivación Q1 2024",Correo,B,2023-09-10,0,0,0,0.00
70824,2892,"VIP Exclusivo Agosto",WhatsApp,B,2022-10-11,0,0,0,0.00
70825,1850,"Fidelización Recurrentes",SMS,B,2023-10-28,0,0,0,0.00
70826,1452,"Día de la Madre 2024",Push,A,2023-04-01,1,0,0,0.00
70827,1345,"Black Friday 2023",SMS,B,2023-02-16,0,0,0,0.00
70828,1058,"Día de la Madre 2024",SMS,B,2023-03-13,1,0,0,0.00
70829,1995,"VIP Exclusivo Agosto",WhatsApp,B,2022-06-13,0,0,0,0.00
70830,2353,"Bienvenida Nuevo Cliente",Correo,B,2023-04-13,0,0,0,0.00
70831,1977,"Campaña Navidad 2023",WhatsApp,B,2022-02-26,1,0,0,0.00
70832,2224,"VIP Exclusivo Agosto",WhatsApp,A,2024-10-27,1,0,0,0.00
70833,1941,"Black Friday 2023",Correo,A,2024-10-05,0,0,0,0.00
70834,1807,"VIP Exclusivo Agosto",WhatsApp,B,2022-10-08,0,0,0,0.00
70835,1099,"Recuperación Carrito Abandonado",SMS,A,2024-08-20,0,0,0,0.00
70836,2610,"Black Friday 2023",Push,B,2024-08-09,0,0,0,0.00
70837,1312,"Black Friday 2023",Push,A,2022-06-29,0,0,0,0.00
70838,2497,"Bienvenida Nuevo Cliente",Correo,B,2024-01-29,0,0,0,0.00
70839,1825,"Fidelización Recurrentes",Push,B,2024-02-22,0,0,0,0.00
70840,2528,"Fidelización Recurrentes",Push,B,2023-11-20,1,1,0,0.00
70841,1520,"Fidelización Recurrentes",SMS,B,2022-08-18,0,0,0,0.00
70842,1348,"Reactivación Q1 2024",SMS,B,2023-02-26,0,0,0,0.00
70843,2995,"Campaña Navidad 2023",WhatsApp,A,2022-02-20,0,0,0,0.00
70844,2199,"Campaña Navidad 2023",Push,A,2023-03-25,1,0,0,0.00
70845,1036,"Reactivación Q1 2024",SMS,B,2023-08-07,1,0,0,0.00
70846,2557,"Black Friday 2023",Correo,A,2023-10-13,0,0,0,0.00
70847,2976,"Recuperación Carrito Abandonado",Push,B,2024-06-21,0,0,0,0.00
70848,1403,"Reactivación Q1 2024",Push,A,2022-04-24,0,0,0,0.00
70849,2631,"Bienvenida Nuevo Cliente",Correo,A,2022-04-01,0,0,0,0.00
70850,2805,"Fidelización Recurrentes",SMS,A,2024-10-22,0,0,0,0.00
70851,2465,"Fidelización Recurrentes",SMS,A,2024-02-27,0,0,0,0.00
70852,1869,"Día de la Madre 2024",Correo,A,2023-04-21,0,0,0,0.00
70853,2060,"Día de la Madre 2024",SMS,B,2024-11-16,0,0,0,0.00
70854,1770,"Cyber Wow Mayo 2024",Correo,A,2024-06-30,1,0,0,0.00
70855,2930,"Reactivación Q1 2024",Push,B,2023-04-11,0,0,0,0.00
70856,1701,"Recuperación Carrito Abandonado",Correo,A,2022-01-28,1,1,0,0.00
70857,1555,"VIP Exclusivo Agosto",Push,B,2022-02-19,0,0,0,0.00
70858,1871,"Recuperación Carrito Abandonado",SMS,A,2022-03-22,1,0,0,0.00
70859,2878,"Cyber Wow Mayo 2024",SMS,A,2022-06-27,0,0,0,0.00
70860,1618,"Recuperación Carrito Abandonado",WhatsApp,A,2022-12-06,1,0,0,0.00
70861,1128,"Bienvenida Nuevo Cliente",Push,B,2023-05-21,0,0,0,0.00
70862,1958,"Día de la Madre 2024",Correo,B,2022-09-16,0,0,0,0.00
70863,1276,"Reactivación Q1 2024",Correo,A,2024-01-10,0,0,0,0.00
70864,2796,"Black Friday 2023",Push,B,2022-09-26,1,1,0,0.00
70865,2560,"Día de la Madre 2024",Push,A,2024-02-04,0,0,0,0.00
70866,2175,"Black Friday 2023",WhatsApp,A,2024-12-20,0,0,0,0.00
70867,2147,"Bienvenida Nuevo Cliente",WhatsApp,A,2022-11-22,0,0,0,0.00
70868,1172,"VIP Exclusivo Agosto",Correo,B,2022-07-13,0,0,0,0.00
70869,2212,"Campaña Navidad 2023",SMS,B,2022-09-28,0,0,0,0.00
70870,1952,"Fidelización Recurrentes",Correo,B,2022-11-18,0,0,0,0.00
70871,2413,"VIP Exclusivo Agosto",Push,A,2022-07-16,1,0,0,0.00
70872,2251,"Reactivación Q1 2024",Correo,B,2024-08-25,0,0,0,0.00
70873,2547,"VIP Exclusivo Agosto",Correo,A,2024-11-08,0,0,0,0.00
70874,1197,"Recuperación Carrito Abandonado",Push,A,2022-02-23,0,0,0,0.00
70875,1869,"Bienvenida Nuevo Cliente",Push,B,2023-11-23,0,0,0,0.00
70876,2512,"VIP Exclusivo Agosto",Correo,A,2023-06-03,0,0,0,0.00
70877,2741,"Black Friday 2023",Push,B,2022-02-02,0,0,0,0.00
70878,1595,"Fidelización Recurrentes",Push,B,2024-08-14,0,0,0,0.00
70879,2080,"Fidelización Recurrentes",WhatsApp,B,2022-01-09,0,0,0,0.00
70880,2527,"Black Friday 2023",Correo,B,2023-12-27,1,0,0,0.00
70881,2608,"Día de la Madre 2024",Correo,A,2024-08-29,1,0,0,0.00
70882,2322,"Reactivación Q1 2024",Correo,B,2023-01-21,0,0,0,0.00
70883,1155,"Día de la Madre 2024",SMS,B,2023-07-05,0,0,0,0.00
70884,2784,"Black Friday 2023",Correo,B,2022-11-06,0,0,0,0.00
70885,1852,"Recuperación Carrito Abandonado",Push,B,2024-02-21,0,0,0,0.00
70886,2745,"VIP Exclusivo Agosto",Correo,A,2024-10-14,0,0,0,0.00
70887,1556,"VIP Exclusivo Agosto",Push,B,2022-11-24,0,0,0,0.00
70888,1582,"Recuperación Carrito Abandonado",Correo,B,2024-05-31,1,0,0,0.00
70889,2476,"Cyber Wow Mayo 2024",Push,A,2023-02-18,1,0,0,0.00
70890,2418,"Campaña Navidad 2023",SMS,B,2024-03-23,0,0,0,0.00
70891,1025,"Recuperación Carrito Abandonado",SMS,B,2022-09-21,1,0,0,0.00
70892,1578,"Reactivación Q1 2024",Push,B,2023-06-03,1,0,0,0.00
70893,1250,"Fidelización Recurrentes",Push,B,2022-05-09,0,0,0,0.00
70894,2996,"VIP Exclusivo Agosto",Correo,A,2023-08-15,1,1,0,0.00
70895,2836,"Fidelización Recurrentes",Correo,A,2022-07-23,0,0,0,0.00
70896,2887,"Bienvenida Nuevo Cliente",WhatsApp,B,2022-07-11,0,0,0,0.00
70897,1543,"Bienvenida Nuevo Cliente",SMS,A,2022-10-07,0,0,0,0.00
70898,1650,"VIP Exclusivo Agosto",SMS,B,2023-08-30,1,0,0,0.00
70899,1831,"Día de la Madre 2024",Correo,A,2023-11-03,0,0,0,0.00
70900,1219,"VIP Exclusivo Agosto",SMS,A,2022-05-03,0,0,0,0.00
70901,2953,"Campaña Navidad 2023",Push,A,2022-05-21,0,0,0,0.00
70902,2018,"Día de la Madre 2024",Correo,A,2023-03-14,0,0,0,0.00
70903,1639,"Día de la Madre 2024",Push,B,2024-07-03,1,0,0,0.00
70904,2957,"Campaña Navidad 2023",Correo,A,2022-12-11,0,0,0,0.00
70905,2463,"Fidelización Recurrentes",Push,B,2024-03-24,0,0,0,0.00
70906,2079,"Fidelización Recurrentes",Correo,A,2024-01-01,0,0,0,0.00
70907,1360,"Día de la Madre 2024",Correo,B,2023-03-15,0,0,0,0.00
70908,2450,"Bienvenida Nuevo Cliente",Correo,B,2022-12-18,0,0,0,0.00
70909,1240,"Fidelización Recurrentes",WhatsApp,B,2024-01-02,1,0,0,0.00
70910,1865,"Black Friday 2023",WhatsApp,B,2024-09-20,0,0,0,0.00
70911,2610,"Reactivación Q1 2024",SMS,B,2024-06-17,0,0,0,0.00
70912,2387,"VIP Exclusivo Agosto",Push,B,2022-08-15,1,0,0,0.00
70913,2186,"Día de la Madre 2024",Correo,B,2023-07-18,0,0,0,0.00
70914,1680,"Black Friday 2023",WhatsApp,B,2024-10-26,1,0,0,0.00
70915,2567,"Cyber Wow Mayo 2024",Push,A,2023-06-06,0,0,0,0.00
70916,1099,"VIP Exclusivo Agosto",SMS,B,2022-10-02,1,0,0,0.00
70917,1324,"Reactivación Q1 2024",Correo,B,2023-09-27,0,0,0,0.00
70918,1841,"Black Friday 2023",Correo,A,2023-02-22,0,0,0,0.00
70919,2261,"Día de la Madre 2024",Push,B,2023-01-05,0,0,0,0.00
70920,1302,"Cyber Wow Mayo 2024",Push,B,2023-04-03,0,0,0,0.00
70921,2382,"Cyber Wow Mayo 2024",WhatsApp,B,2023-04-17,0,0,0,0.00
70922,1689,"Bienvenida Nuevo Cliente",SMS,B,2023-03-20,0,0,0,0.00
70923,1943,"Reactivación Q1 2024",Push,B,2023-07-27,0,0,0,0.00
70924,2448,"Recuperación Carrito Abandonado",WhatsApp,B,2023-11-08,0,0,0,0.00
70925,2985,"VIP Exclusivo Agosto",SMS,A,2022-04-08,1,0,0,0.00
70926,1899,"Campaña Navidad 2023",Correo,A,2023-10-06,1,0,0,0.00
70927,2495,"Reactivación Q1 2024",Correo,B,2022-09-03,1,0,0,0.00
70928,2996,"Día de la Madre 2024",WhatsApp,A,2022-10-10,1,0,0,0.00
70929,2884,"Cyber Wow Mayo 2024",Push,B,2022-01-06,0,0,0,0.00
70930,2507,"Reactivación Q1 2024",Correo,B,2024-02-10,1,0,0,0.00
70931,2101,"Fidelización Recurrentes",Correo,A,2023-11-08,0,0,0,0.00
70932,1235,"VIP Exclusivo Agosto",Correo,A,2024-09-17,1,0,0,0.00
70933,1235,"Reactivación Q1 2024",WhatsApp,A,2022-02-07,0,0,0,0.00
70934,2703,"Reactivación Q1 2024",SMS,A,2022-02-07,0,0,0,0.00
70935,2773,"VIP Exclusivo Agosto",Push,B,2024-03-20,0,0,0,0.00
70936,1269,"Black Friday 2023",Correo,B,2022-12-24,0,0,0,0.00
70937,1405,"Campaña Navidad 2023",WhatsApp,A,2023-07-08,0,0,0,0.00
70938,2392,"VIP Exclusivo Agosto",SMS,B,2023-04-21,0,0,0,0.00
70939,2794,"Reactivación Q1 2024",WhatsApp,B,2022-10-11,0,0,0,0.00
70940,1042,"Día de la Madre 2024",SMS,A,2022-01-01,1,0,0,0.00
70941,2571,"Recuperación Carrito Abandonado",Push,A,2023-07-07,0,0,0,0.00
70942,2176,"VIP Exclusivo Agosto",Push,B,2022-04-26,0,0,0,0.00
70943,1233,"Cyber Wow Mayo 2024",WhatsApp,A,2023-10-17,0,0,0,0.00
70944,2081,"VIP Exclusivo Agosto",Push,A,2023-07-12,0,0,0,0.00
70945,1902,"Recuperación Carrito Abandonado",Correo,A,2024-10-09,1,0,0,0.00
70946,2618,"Black Friday 2023",Correo,B,2024-06-27,0,0,0,0.00
70947,1928,"Bienvenida Nuevo Cliente",Push,B,2024-09-26,0,0,0,0.00
70948,1285,"Black Friday 2023",Push,B,2023-06-29,1,0,0,0.00
70949,2428,"Día de la Madre 2024",SMS,B,2023-08-23,0,0,0,0.00
70950,2813,"VIP Exclusivo Agosto",SMS,B,2022-12-25,0,0,0,0.00
70951,1505,"Fidelización Recurrentes",Push,A,2022-12-02,1,0,0,0.00
70952,1478,"Bienvenida Nuevo Cliente",Correo,B,2023-02-01,0,0,0,0.00
70953,1330,"VIP Exclusivo Agosto",WhatsApp,B,2024-12-27,0,0,0,0.00
70954,2246,"Reactivación Q1 2024",Push,A,2022-05-10,0,0,0,0.00
70955,1313,"Black Friday 2023",WhatsApp,B,2022-12-01,0,0,0,0.00
70956,2382,"Día de la Madre 2024",WhatsApp,B,2022-04-21,0,0,0,0.00
70957,2256,"Campaña Navidad 2023",Push,B,2022-05-28,0,0,0,0.00
70958,2253,"Recuperación Carrito Abandonado",Correo,A,2023-12-27,0,0,0,0.00
70959,2227,"Reactivación Q1 2024",Push,A,2023-08-26,0,0,0,0.00
70960,2866,"Black Friday 2023",WhatsApp,B,2024-04-20,0,0,0,0.00
70961,1314,"Campaña Navidad 2023",SMS,A,2023-11-08,0,0,0,0.00
70962,1777,"Cyber Wow Mayo 2024",Push,A,2024-03-02,0,0,0,0.00
70963,2025,"Bienvenida Nuevo Cliente",WhatsApp,A,2022-10-31,0,0,0,0.00
70964,2442,"Reactivación Q1 2024",SMS,A,2022-12-12,1,0,0,0.00
70965,2602,"Recuperación Carrito Abandonado",Push,B,2024-10-20,1,0,0,0.00
70966,2590,"Cyber Wow Mayo 2024",Correo,B,2023-04-02,1,0,0,0.00
70967,2361,"Cyber Wow Mayo 2024",Correo,B,2024-06-03,0,0,0,0.00
70968,2225,"Reactivación Q1 2024",Push,A,2022-12-27,0,0,0,0.00
70969,1127,"VIP Exclusivo Agosto",SMS,B,2023-09-19,1,0,0,0.00
70970,2073,"Recuperación Carrito Abandonado",Push,B,2024-04-22,0,0,0,0.00
70971,1584,"Cyber Wow Mayo 2024",SMS,B,2022-01-20,0,0,0,0.00
70972,2192,"Cyber Wow Mayo 2024",WhatsApp,B,2022-01-25,0,0,0,0.00
70973,2562,"Fidelización Recurrentes",SMS,A,2022-08-11,0,0,0,0.00
70974,2274,"Black Friday 2023",Push,A,2024-02-20,0,0,0,0.00
70975,1443,"Cyber Wow Mayo 2024",Correo,A,2024-08-16,0,0,0,0.00
70976,1289,"Reactivación Q1 2024",SMS,B,2024-09-24,0,0,0,0.00
70977,2041,"Bienvenida Nuevo Cliente",Correo,A,2023-02-19,0,0,0,0.00
70978,2886,"Bienvenida Nuevo Cliente",Correo,B,2024-03-26,0,0,0,0.00
70979,1355,"Campaña Navidad 2023",Correo,A,2024-09-08,1,0,0,0.00
70980,1261,"Bienvenida Nuevo Cliente",Push,A,2024-12-21,1,0,0,0.00
70981,2738,"Campaña Navidad 2023",Correo,A,2023-06-11,0,0,0,0.00
70982,2313,"Fidelización Recurrentes",Correo,A,2024-08-06,1,0,0,0.00
70983,1361,"Cyber Wow Mayo 2024",SMS,B,2022-07-27,0,0,0,0.00
70984,2137,"Recuperación Carrito Abandonado",Push,B,2024-07-05,0,0,0,0.00
70985,1004,"Día de la Madre 2024",Correo,A,2022-01-12,0,0,0,0.00
70986,2687,"Black Friday 2023",Correo,B,2023-02-23,0,0,0,0.00
70987,2385,"Campaña Navidad 2023",Correo,B,2022-10-25,1,0,0,0.00
70988,2724,"Día de la Madre 2024",Correo,A,2024-04-12,0,0,0,0.00
70989,2607,"Reactivación Q1 2024",Correo,A,2023-02-04,1,0,0,0.00
70990,1358,"Black Friday 2023",SMS,A,2023-03-22,0,0,0,0.00
70991,2698,"Día de la Madre 2024",SMS,B,2023-06-17,1,0,0,0.00
70992,2012,"Fidelización Recurrentes",Push,B,2024-10-04,0,0,0,0.00
70993,1249,"Black Friday 2023",Correo,A,2023-05-30,0,0,0,0.00
70994,2569,"Cyber Wow Mayo 2024",WhatsApp,A,2023-08-25,0,0,0,0.00
70995,1578,"Fidelización Recurrentes",WhatsApp,A,2022-07-02,1,0,0,0.00
70996,1400,"Campaña Navidad 2023",WhatsApp,A,2023-11-22,0,0,0,0.00
70997,1879,"Bienvenida Nuevo Cliente",Push,A,2023-09-18,0,0,0,0.00
70998,1955,"Reactivación Q1 2024",SMS,B,2023-12-13,1,0,0,0.00
70999,1609,"Campaña Navidad 2023",Push,B,2023-05-06,1,1,0,0.00
71000,1058,"Bienvenida Nuevo Cliente",Push,B,2023-10-13,0,0,0,0.00
71001,1482,"VIP Exclusivo Agosto",WhatsApp,B,2024-04-03,0,0,0,0.00
71002,1385,"Día de la Madre 2024",SMS,B,2023-07-02,1,0,0,0.00
71003,2163,"Campaña Navidad 2023",WhatsApp,B,2024-06-20,0,0,0,0.00
71004,1187,"Black Friday 2023",Push,B,2024-06-14,1,0,0,0.00
71005,1047,"Reactivación Q1 2024",SMS,A,2023-01-15,1,1,0,0.00
71006,2927,"VIP Exclusivo Agosto",Correo,A,2023-12-17,1,0,0,0.00
71007,1180,"Black Friday 2023",Correo,A,2024-02-04,0,0,0,0.00
71008,1479,"Bienvenida Nuevo Cliente",WhatsApp,A,2022-02-07,0,0,0,0.00
71009,1171,"Campaña Navidad 2023",SMS,B,2022-08-10,0,0,0,0.00
71010,1436,"Recuperación Carrito Abandonado",Push,B,2022-08-19,0,0,0,0.00
71011,2290,"Campaña Navidad 2023",Correo,A,2022-03-29,0,0,0,0.00
71012,2625,"Reactivación Q1 2024",WhatsApp,B,2024-11-01,0,0,0,0.00
71013,1472,"Día de la Madre 2024",Push,B,2023-11-29,0,0,0,0.00
71014,2718,"Black Friday 2023",Correo,B,2022-09-26,0,0,0,0.00
71015,2807,"Cyber Wow Mayo 2024",WhatsApp,A,2023-11-08,0,0,0,0.00
71016,2472,"Bienvenida Nuevo Cliente",Correo,B,2022-04-24,1,0,0,0.00
71017,1126,"Reactivación Q1 2024",Push,B,2024-11-26,0,0,0,0.00
71018,1941,"Recuperación Carrito Abandonado",SMS,B,2022-08-18,1,0,0,0.00
71019,1945,"Campaña Navidad 2023",SMS,B,2022-05-23,0,0,0,0.00
71020,1466,"Black Friday 2023",SMS,B,2024-01-03,0,0,0,0.00
71021,1155,"Bienvenida Nuevo Cliente",Correo,A,2022-08-28,0,0,0,0.00
71022,1155,"Campaña Navidad 2023",Correo,B,2022-04-01,0,0,0,0.00
71023,2732,"Bienvenida Nuevo Cliente",Correo,A,2024-05-19,1,0,0,0.00
71024,2400,"VIP Exclusivo Agosto",WhatsApp,A,2022-02-06,0,0,0,0.00
71025,1742,"Cyber Wow Mayo 2024",SMS,A,2022-07-26,1,0,0,0.00
71026,1733,"Reactivación Q1 2024",WhatsApp,A,2022-01-13,0,0,0,0.00
71027,2218,"Campaña Navidad 2023",Push,B,2024-03-17,0,0,0,0.00
71028,2409,"VIP Exclusivo Agosto",SMS,A,2022-03-07,0,0,0,0.00
71029,2283,"Bienvenida Nuevo Cliente",Correo,A,2022-11-28,1,0,0,0.00
71030,2469,"Recuperación Carrito Abandonado",WhatsApp,A,2022-03-05,1,0,0,0.00
71031,2833,"Black Friday 2023",WhatsApp,B,2024-02-28,0,0,0,0.00
71032,1801,"VIP Exclusivo Agosto",Push,A,2024-02-28,0,0,0,0.00
71033,2444,"Día de la Madre 2024",Correo,A,2023-04-03,0,0,0,0.00
71034,2299,"Fidelización Recurrentes",WhatsApp,A,2024-08-10,0,0,0,0.00
71035,2992,"VIP Exclusivo Agosto",SMS,B,2022-10-09,1,0,0,0.00
71036,2649,"Black Friday 2023",Correo,B,2023-09-23,0,0,0,0.00
71037,1383,"Día de la Madre 2024",SMS,B,2022-05-27,0,0,0,0.00
71038,2051,"Bienvenida Nuevo Cliente",Correo,A,2023-03-06,0,0,0,0.00
71039,1698,"Black Friday 2023",Correo,B,2022-08-13,0,0,0,0.00
71040,1115,"Recuperación Carrito Abandonado",Correo,A,2024-12-23,0,0,0,0.00
71041,2356,"Bienvenida Nuevo Cliente",SMS,A,2024-08-24,0,0,0,0.00
71042,1185,"Reactivación Q1 2024",WhatsApp,A,2024-09-19,1,0,0,0.00
71043,2762,"VIP Exclusivo Agosto",SMS,A,2023-10-03,0,0,0,0.00
71044,1426,"Cyber Wow Mayo 2024",Push,B,2023-10-21,0,0,0,0.00
71045,1081,"VIP Exclusivo Agosto",Correo,B,2023-04-23,0,0,0,0.00
71046,2857,"Fidelización Recurrentes",WhatsApp,A,2022-05-22,0,0,0,0.00
71047,1318,"Reactivación Q1 2024",Correo,B,2022-06-24,0,0,0,0.00
71048,2630,"Cyber Wow Mayo 2024",Push,B,2024-04-06,0,0,0,0.00
71049,1976,"Bienvenida Nuevo Cliente",SMS,A,2023-01-07,0,0,0,0.00
71050,2818,"Reactivación Q1 2024",SMS,B,2024-09-18,0,0,0,0.00
71051,2976,"Recuperación Carrito Abandonado",Correo,A,2022-11-20,0,0,0,0.00
71052,2426,"Campaña Navidad 2023",SMS,B,2022-01-09,1,0,0,0.00
71053,2620,"Día de la Madre 2024",WhatsApp,B,2024-02-07,0,0,0,0.00
71054,1966,"Recuperación Carrito Abandonado",SMS,A,2024-11-24,1,0,0,0.00
71055,2857,"Bienvenida Nuevo Cliente",Push,B,2024-12-10,0,0,0,0.00
71056,2015,"Campaña Navidad 2023",WhatsApp,B,2023-11-27,0,0,0,0.00
71057,1833,"VIP Exclusivo Agosto",Push,A,2023-09-20,0,0,0,0.00
71058,2183,"Fidelización Recurrentes",SMS,B,2022-04-21,0,0,0,0.00
71059,2443,"Cyber Wow Mayo 2024",Push,A,2023-07-12,0,0,0,0.00
71060,1841,"Día de la Madre 2024",Correo,A,2022-05-17,0,0,0,0.00
71061,1241,"Bienvenida Nuevo Cliente",SMS,B,2022-10-17,0,0,0,0.00
71062,2401,"Fidelización Recurrentes",Push,A,2024-04-16,1,0,0,0.00
71063,1447,"Día de la Madre 2024",Correo,A,2024-06-13,0,0,0,0.00
71064,2540,"Día de la Madre 2024",WhatsApp,B,2023-07-22,0,0,0,0.00
71065,1603,"VIP Exclusivo Agosto",Correo,A,2024-01-18,0,0,0,0.00
71066,2808,"Recuperación Carrito Abandonado",Push,A,2023-09-10,1,0,0,0.00
71067,1451,"Black Friday 2023",Push,B,2024-08-30,0,0,0,0.00
71068,1214,"Reactivación Q1 2024",SMS,B,2023-06-02,1,0,0,0.00
71069,1783,"Cyber Wow Mayo 2024",WhatsApp,A,2024-09-12,0,0,0,0.00
71070,2046,"Campaña Navidad 2023",SMS,A,2024-02-11,0,0,0,0.00
71071,1480,"Recuperación Carrito Abandonado",SMS,B,2022-07-02,0,0,0,0.00
71072,2369,"Fidelización Recurrentes",WhatsApp,B,2023-03-10,1,0,0,0.00
71073,1530,"Día de la Madre 2024",WhatsApp,A,2024-04-09,0,0,0,0.00
71074,1921,"Recuperación Carrito Abandonado",SMS,A,2023-10-24,0,0,0,0.00
71075,1973,"Día de la Madre 2024",Correo,B,2024-01-09,1,1,0,0.00
71076,2980,"Día de la Madre 2024",WhatsApp,B,2023-01-16,1,0,0,0.00
71077,1840,"Cyber Wow Mayo 2024",Push,A,2022-09-04,0,0,0,0.00
71078,1882,"Reactivación Q1 2024",Correo,A,2024-04-26,0,0,0,0.00
71079,2845,"Bienvenida Nuevo Cliente",Push,B,2024-05-22,1,0,0,0.00
71080,1385,"Día de la Madre 2024",Push,A,2024-10-31,1,0,0,0.00
71081,1604,"VIP Exclusivo Agosto",WhatsApp,B,2024-03-05,0,0,0,0.00
71082,1898,"Campaña Navidad 2023",SMS,B,2023-07-03,0,0,0,0.00
71083,2921,"VIP Exclusivo Agosto",Push,A,2023-12-08,1,0,0,0.00
71084,2279,"Día de la Madre 2024",SMS,B,2023-08-26,1,0,0,0.00
71085,1197,"Día de la Madre 2024",Correo,A,2023-09-26,1,0,0,0.00
71086,2775,"VIP Exclusivo Agosto",SMS,B,2023-09-18,0,0,0,0.00
71087,1038,"Cyber Wow Mayo 2024",SMS,A,2023-06-12,0,0,0,0.00
71088,2874,"VIP Exclusivo Agosto",SMS,B,2024-02-22,0,0,0,0.00
71089,1722,"VIP Exclusivo Agosto",Correo,A,2023-08-11,0,0,0,0.00
71090,1239,"VIP Exclusivo Agosto",WhatsApp,B,2023-06-04,0,0,0,0.00
71091,2143,"Recuperación Carrito Abandonado",Correo,A,2022-11-17,1,0,0,0.00
71092,1611,"Campaña Navidad 2023",SMS,A,2022-05-30,0,0,0,0.00
71093,2272,"VIP Exclusivo Agosto",SMS,A,2022-05-18,0,0,0,0.00
71094,1397,"Recuperación Carrito Abandonado",Correo,A,2022-10-08,0,0,0,0.00
71095,1195,"VIP Exclusivo Agosto",Correo,B,2023-12-27,0,0,0,0.00
71096,1337,"Bienvenida Nuevo Cliente",SMS,A,2024-12-03,0,0,0,0.00
71097,1016,"Fidelización Recurrentes",SMS,B,2024-01-23,1,0,0,0.00
71098,1485,"Campaña Navidad 2023",Correo,A,2022-12-21,0,0,0,0.00
71099,1384,"Bienvenida Nuevo Cliente",Push,B,2022-01-30,0,0,0,0.00
71100,2927,"Recuperación Carrito Abandonado",Correo,B,2023-08-05,0,0,0,0.00
71101,1970,"Fidelización Recurrentes",Push,A,2022-12-19,0,0,0,0.00
71102,1715,"Black Friday 2023",WhatsApp,B,2024-07-29,0,0,0,0.00
71103,2716,"Recuperación Carrito Abandonado",WhatsApp,B,2024-04-21,1,0,0,0.00
71104,2480,"Día de la Madre 2024",SMS,A,2022-10-30,0,0,0,0.00
71105,1757,"Fidelización Recurrentes",SMS,B,2024-06-12,1,0,0,0.00
71106,1234,"Campaña Navidad 2023",Push,B,2022-09-27,0,0,0,0.00
71107,2913,"VIP Exclusivo Agosto",Correo,B,2022-02-27,1,1,1,794.04
71108,1388,"Reactivación Q1 2024",Push,B,2023-11-15,0,0,0,0.00
71109,2310,"Recuperación Carrito Abandonado",WhatsApp,A,2023-07-11,0,0,0,0.00
71110,1782,"Cyber Wow Mayo 2024",Correo,A,2023-03-20,1,0,0,0.00
71111,2470,"Bienvenida Nuevo Cliente",SMS,A,2022-04-18,0,0,0,0.00
71112,2901,"Fidelización Recurrentes",WhatsApp,B,2023-01-09,0,0,0,0.00
71113,2098,"Día de la Madre 2024",SMS,A,2022-07-20,0,0,0,0.00
71114,1216,"Bienvenida Nuevo Cliente",Correo,A,2023-11-17,0,0,0,0.00
71115,1874,"Día de la Madre 2024",SMS,B,2023-01-02,1,0,0,0.00
71116,1099,"VIP Exclusivo Agosto",SMS,A,2023-11-30,0,0,0,0.00
71117,1360,"Campaña Navidad 2023",Correo,B,2023-12-23,0,0,0,0.00
71118,1161,"Reactivación Q1 2024",Correo,B,2023-03-01,0,0,0,0.00
71119,1449,"VIP Exclusivo Agosto",Correo,A,2022-10-23,0,0,0,0.00
71120,2092,"Reactivación Q1 2024",Correo,A,2022-06-17,0,0,0,0.00
71121,1100,"Bienvenida Nuevo Cliente",Push,A,2023-04-04,1,1,0,0.00
71122,1461,"VIP Exclusivo Agosto",SMS,A,2023-05-09,0,0,0,0.00
71123,2229,"Cyber Wow Mayo 2024",WhatsApp,B,2022-05-26,0,0,0,0.00
71124,2206,"Recuperación Carrito Abandonado",SMS,B,2024-03-03,0,0,0,0.00
71125,2601,"Recuperación Carrito Abandonado",Push,A,2024-06-15,0,0,0,0.00
71126,1196,"Reactivación Q1 2024",SMS,B,2023-05-21,1,0,0,0.00
71127,1688,"Cyber Wow Mayo 2024",Push,B,2022-06-26,0,0,0,0.00
71128,2474,"VIP Exclusivo Agosto",Correo,A,2024-11-16,0,0,0,0.00
71129,1467,"Black Friday 2023",SMS,B,2023-08-30,0,0,0,0.00
71130,2216,"Reactivación Q1 2024",Push,A,2024-09-23,0,0,0,0.00
71131,1672,"Recuperación Carrito Abandonado",SMS,B,2022-10-24,0,0,0,0.00
71132,2750,"VIP Exclusivo Agosto",SMS,A,2024-06-06,0,0,0,0.00
71133,1263,"Cyber Wow Mayo 2024",Correo,A,2023-04-02,1,0,0,0.00
71134,2814,"Fidelización Recurrentes",Push,A,2024-06-13,0,0,0,0.00
71135,1027,"Reactivación Q1 2024",WhatsApp,A,2022-04-27,0,0,0,0.00
71136,1615,"Cyber Wow Mayo 2024",Correo,B,2022-07-29,0,0,0,0.00
71137,1119,"Campaña Navidad 2023",Push,A,2023-10-25,0,0,0,0.00
71138,2564,"Bienvenida Nuevo Cliente",Correo,A,2022-06-11,0,0,0,0.00
71139,2564,"Día de la Madre 2024",Push,B,2024-07-23,0,0,0,0.00
71140,1573,"Black Friday 2023",SMS,B,2022-08-25,0,0,0,0.00
71141,2879,"Bienvenida Nuevo Cliente",Push,A,2024-10-11,0,0,0,0.00
71142,2902,"Recuperación Carrito Abandonado",WhatsApp,B,2024-04-29,1,0,0,0.00
71143,1710,"Recuperación Carrito Abandonado",SMS,B,2023-08-30,0,0,0,0.00
71144,1380,"VIP Exclusivo Agosto",Correo,B,2023-12-22,0,0,0,0.00
71145,2556,"VIP Exclusivo Agosto",Correo,A,2023-10-29,0,0,0,0.00
71146,2529,"Black Friday 2023",WhatsApp,B,2023-12-03,1,0,0,0.00
71147,1983,"Recuperación Carrito Abandonado",WhatsApp,B,2024-04-03,0,0,0,0.00
71148,2074,"Black Friday 2023",Push,B,2022-11-15,1,0,0,0.00
71149,1269,"Black Friday 2023",SMS,A,2022-03-24,1,0,0,0.00
71150,1391,"Bienvenida Nuevo Cliente",Push,A,2022-03-04,0,0,0,0.00
71151,1374,"Reactivación Q1 2024",Push,A,2024-11-17,0,0,0,0.00
71152,1351,"Bienvenida Nuevo Cliente",WhatsApp,B,2022-06-26,1,0,0,0.00
71153,2959,"Día de la Madre 2024",SMS,A,2023-06-21,1,0,0,0.00
71154,1879,"Recuperación Carrito Abandonado",SMS,A,2024-05-31,1,0,0,0.00
71155,1363,"Black Friday 2023",Push,A,2024-12-27,0,0,0,0.00
71156,2092,"Cyber Wow Mayo 2024",Correo,A,2023-09-06,0,0,0,0.00
71157,1552,"Cyber Wow Mayo 2024",Correo,A,2023-10-04,1,0,0,0.00
71158,2718,"Cyber Wow Mayo 2024",WhatsApp,A,2022-10-12,1,0,0,0.00
71159,2477,"Campaña Navidad 2023",WhatsApp,A,2023-02-20,0,0,0,0.00
71160,1187,"Campaña Navidad 2023",SMS,A,2022-03-22,0,0,0,0.00
71161,1672,"Bienvenida Nuevo Cliente",Correo,B,2024-07-12,0,0,0,0.00
71162,1355,"Día de la Madre 2024",WhatsApp,B,2024-08-08,0,0,0,0.00
71163,1311,"Día de la Madre 2024",SMS,A,2022-07-09,0,0,0,0.00
71164,2383,"Reactivación Q1 2024",Correo,B,2024-12-08,0,0,0,0.00
71165,1576,"VIP Exclusivo Agosto",Correo,A,2022-07-21,1,0,0,0.00
71166,1436,"VIP Exclusivo Agosto",Correo,A,2024-03-14,0,0,0,0.00
71167,2397,"VIP Exclusivo Agosto",WhatsApp,B,2022-05-07,0,0,0,0.00
71168,1318,"Bienvenida Nuevo Cliente",WhatsApp,A,2023-02-19,0,0,0,0.00
71169,2008,"Cyber Wow Mayo 2024",SMS,B,2022-01-30,0,0,0,0.00
71170,2395,"Campaña Navidad 2023",Push,A,2024-08-25,0,0,0,0.00
71171,2579,"Bienvenida Nuevo Cliente",SMS,A,2024-03-21,1,0,0,0.00
71172,1977,"Bienvenida Nuevo Cliente",SMS,B,2023-04-27,1,0,0,0.00
71173,2905,"Black Friday 2023",Correo,A,2023-09-07,0,0,0,0.00
71174,2809,"Fidelización Recurrentes",SMS,A,2023-06-15,0,0,0,0.00
71175,2580,"Black Friday 2023",SMS,A,2022-07-23,1,0,0,0.00
71176,2081,"Cyber Wow Mayo 2024",WhatsApp,A,2024-04-19,0,0,0,0.00
71177,1202,"VIP Exclusivo Agosto",WhatsApp,A,2022-12-17,0,0,0,0.00
71178,1509,"Cyber Wow Mayo 2024",Push,B,2022-03-03,0,0,0,0.00
71179,2052,"Bienvenida Nuevo Cliente",Push,B,2022-07-09,0,0,0,0.00
71180,2262,"Día de la Madre 2024",Correo,B,2024-12-12,0,0,0,0.00
71181,2598,"Día de la Madre 2024",WhatsApp,B,2023-01-03,1,0,0,0.00
71182,1429,"Black Friday 2023",SMS,A,2024-03-08,1,0,0,0.00
71183,2112,"Cyber Wow Mayo 2024",Correo,A,2022-01-07,0,0,0,0.00
71184,1452,"Black Friday 2023",Push,A,2024-05-30,0,0,0,0.00
71185,1044,"Cyber Wow Mayo 2024",Correo,A,2023-12-23,0,0,0,0.00
71186,2015,"Black Friday 2023",Correo,B,2024-04-14,1,0,0,0.00
71187,1702,"Bienvenida Nuevo Cliente",Correo,A,2022-10-29,0,0,0,0.00
71188,1484,"Reactivación Q1 2024",Correo,B,2022-11-12,1,0,0,0.00
71189,2229,"Black Friday 2023",Push,B,2023-11-21,1,0,0,0.00
71190,1177,"Fidelización Recurrentes",Push,B,2022-08-21,0,0,0,0.00
71191,1418,"Día de la Madre 2024",SMS,B,2022-08-16,0,0,0,0.00
71192,1886,"Día de la Madre 2024",WhatsApp,B,2024-07-23,0,0,0,0.00
71193,1357,"VIP Exclusivo Agosto",Push,B,2024-09-05,0,0,0,0.00
71194,1470,"Día de la Madre 2024",Push,A,2023-03-19,1,0,0,0.00
71195,2235,"Reactivación Q1 2024",SMS,A,2022-05-11,0,0,0,0.00
71196,2795,"Recuperación Carrito Abandonado",SMS,B,2022-12-07,0,0,0,0.00
71197,1286,"Cyber Wow Mayo 2024",SMS,B,2022-12-24,0,0,0,0.00
71198,1151,"Cyber Wow Mayo 2024",Correo,A,2023-02-08,1,0,0,0.00
71199,1391,"Bienvenida Nuevo Cliente",SMS,B,2022-09-09,0,0,0,0.00
71200,1039,"Día de la Madre 2024",Correo,A,2023-11-06,0,0,0,0.00
71201,2129,"Black Friday 2023",Push,B,2023-05-05,0,0,0,0.00
71202,2849,"Black Friday 2023",SMS,B,2023-04-23,0,0,0,0.00
71203,2600,"Cyber Wow Mayo 2024",Push,A,2024-11-01,0,0,0,0.00
71204,1089,"Día de la Madre 2024",SMS,A,2023-12-12,0,0,0,0.00
71205,2966,"Fidelización Recurrentes",WhatsApp,A,2024-05-06,1,0,0,0.00
71206,1913,"Recuperación Carrito Abandonado",WhatsApp,B,2022-06-11,0,0,0,0.00
71207,1760,"Campaña Navidad 2023",WhatsApp,A,2023-06-25,0,0,0,0.00
71208,1402,"VIP Exclusivo Agosto",Push,A,2023-02-25,0,0,0,0.00
71209,2940,"Día de la Madre 2024",SMS,B,2023-01-01,0,0,0,0.00
71210,2404,"VIP Exclusivo Agosto",SMS,B,2022-10-06,1,0,0,0.00
71211,1598,"Día de la Madre 2024",WhatsApp,A,2022-02-05,0,0,0,0.00
71212,1107,"Reactivación Q1 2024",Correo,A,2022-12-13,0,0,0,0.00
71213,2942,"Cyber Wow Mayo 2024",Correo,B,2024-03-30,1,0,0,0.00
71214,2770,"Recuperación Carrito Abandonado",WhatsApp,A,2022-08-29,0,0,0,0.00
71215,1587,"Reactivación Q1 2024",Correo,A,2023-07-27,0,0,0,0.00
71216,2854,"Bienvenida Nuevo Cliente",WhatsApp,B,2023-10-04,0,0,0,0.00
71217,1628,"VIP Exclusivo Agosto",Push,A,2022-08-28,0,0,0,0.00
71218,2721,"Campaña Navidad 2023",SMS,A,2024-09-22,1,0,0,0.00
71219,2399,"VIP Exclusivo Agosto",SMS,A,2023-06-29,0,0,0,0.00
71220,1737,"Fidelización Recurrentes",SMS,B,2022-02-09,1,0,0,0.00
71221,1745,"Día de la Madre 2024",WhatsApp,B,2023-08-23,0,0,0,0.00
71222,2171,"Bienvenida Nuevo Cliente",Push,A,2024-02-04,0,0,0,0.00
71223,1956,"Black Friday 2023",Push,A,2023-06-16,1,0,0,0.00
71224,2528,"Black Friday 2023",WhatsApp,A,2023-07-02,0,0,0,0.00
71225,1470,"Recuperación Carrito Abandonado",Correo,B,2022-12-04,0,0,0,0.00
71226,2459,"Fidelización Recurrentes",SMS,B,2024-07-04,1,0,0,0.00
71227,1228,"Black Friday 2023",Push,B,2023-11-26,1,0,0,0.00
71228,2415,"Fidelización Recurrentes",Push,B,2023-12-20,0,0,0,0.00
71229,1037,"Reactivación Q1 2024",Correo,A,2023-10-30,0,0,0,0.00
71230,2128,"Bienvenida Nuevo Cliente",Push,A,2023-09-12,0,0,0,0.00
71231,2315,"Fidelización Recurrentes",Correo,A,2023-12-08,0,0,0,0.00
71232,1392,"Bienvenida Nuevo Cliente",Push,B,2023-06-01,1,0,0,0.00
71233,2035,"Bienvenida Nuevo Cliente",Correo,B,2022-04-02,0,0,0,0.00
71234,1397,"Fidelización Recurrentes",SMS,B,2024-07-31,0,0,0,0.00
71235,2703,"Recuperación Carrito Abandonado",SMS,A,2023-08-03,0,0,0,0.00
71236,2830,"VIP Exclusivo Agosto",WhatsApp,B,2022-02-01,0,0,0,0.00
71237,1690,"Fidelización Recurrentes",Correo,A,2024-04-10,1,0,0,0.00
71238,2839,"Fidelización Recurrentes",WhatsApp,B,2024-03-04,0,0,0,0.00
71239,2982,"Black Friday 2023",Correo,A,2024-10-05,0,0,0,0.00
71240,1763,"Cyber Wow Mayo 2024",Correo,A,2022-09-03,0,0,0,0.00
71241,1452,"Campaña Navidad 2023",Correo,A,2024-04-20,0,0,0,0.00
71242,1195,"Día de la Madre 2024",Correo,B,2024-02-03,0,0,0,0.00
71243,2430,"Cyber Wow Mayo 2024",WhatsApp,A,2024-09-23,0,0,0,0.00
71244,2732,"Cyber Wow Mayo 2024",Correo,A,2024-04-29,1,0,0,0.00
71245,2454,"Recuperación Carrito Abandonado",Correo,A,2024-10-03,0,0,0,0.00
71246,2302,"Bienvenida Nuevo Cliente",WhatsApp,B,2022-05-13,0,0,0,0.00
71247,2135,"VIP Exclusivo Agosto",Push,B,2022-08-12,0,0,0,0.00
71248,1074,"Fidelización Recurrentes",SMS,B,2024-08-01,1,1,0,0.00
71249,2346,"VIP Exclusivo Agosto",SMS,B,2023-09-10,0,0,0,0.00
71250,1886,"Día de la Madre 2024",SMS,A,2024-10-12,0,0,0,0.00
71251,1423,"Bienvenida Nuevo Cliente",SMS,A,2024-10-26,1,0,0,0.00
71252,1026,"Cyber Wow Mayo 2024",Correo,B,2024-10-11,1,0,0,0.00
71253,2702,"Reactivación Q1 2024",Push,A,2022-11-18,1,0,0,0.00
71254,1561,"Cyber Wow Mayo 2024",Push,B,2023-05-28,0,0,0,0.00
71255,1269,"VIP Exclusivo Agosto",Correo,B,2023-09-09,1,0,0,0.00
71256,2430,"Bienvenida Nuevo Cliente",Correo,B,2023-09-21,1,0,0,0.00
71257,2074,"Reactivación Q1 2024",SMS,A,2023-12-19,1,0,0,0.00
71258,2784,"VIP Exclusivo Agosto",Correo,A,2022-12-07,1,0,0,0.00
71259,1080,"Recuperación Carrito Abandonado",SMS,B,2024-01-13,0,0,0,0.00
71260,1515,"Cyber Wow Mayo 2024",WhatsApp,B,2022-07-21,0,0,0,0.00
71261,1751,"Cyber Wow Mayo 2024",Push,B,2024-04-02,1,0,0,0.00
71262,1296,"Campaña Navidad 2023",Correo,B,2024-03-26,0,0,0,0.00
71263,1031,"Recuperación Carrito Abandonado",Correo,B,2022-01-19,0,0,0,0.00
71264,2556,"Bienvenida Nuevo Cliente",SMS,B,2024-03-13,0,0,0,0.00
71265,2478,"Cyber Wow Mayo 2024",WhatsApp,B,2023-08-24,0,0,0,0.00
71266,2326,"Fidelización Recurrentes",Push,A,2023-10-10,1,0,0,0.00
71267,2338,"Campaña Navidad 2023",SMS,B,2024-01-20,0,0,0,0.00
71268,1822,"Bienvenida Nuevo Cliente",Correo,B,2023-03-01,0,0,0,0.00
71269,1366,"VIP Exclusivo Agosto",Push,B,2024-01-04,0,0,0,0.00
71270,2792,"Reactivación Q1 2024",Correo,A,2022-12-21,0,0,0,0.00
71271,1788,"Recuperación Carrito Abandonado",Correo,A,2022-06-09,0,0,0,0.00
71272,1720,"Black Friday 2023",SMS,A,2023-07-15,1,0,0,0.00
71273,1940,"Cyber Wow Mayo 2024",SMS,B,2023-09-24,0,0,0,0.00
71274,2647,"Fidelización Recurrentes",WhatsApp,B,2022-03-10,1,0,0,0.00
71275,2232,"Bienvenida Nuevo Cliente",WhatsApp,A,2023-01-26,0,0,0,0.00
71276,1428,"Campaña Navidad 2023",SMS,A,2024-05-13,1,0,0,0.00
71277,1372,"Cyber Wow Mayo 2024",SMS,B,2023-08-27,0,0,0,0.00
71278,1130,"Reactivación Q1 2024",WhatsApp,B,2023-09-27,1,0,0,0.00
71279,2000,"Cyber Wow Mayo 2024",Push,B,2024-04-21,0,0,0,0.00
71280,1330,"Black Friday 2023",WhatsApp,A,2022-01-21,0,0,0,0.00
71281,1278,"Recuperación Carrito Abandonado",Push,A,2024-07-15,0,0,0,0.00
71282,1343,"Bienvenida Nuevo Cliente",Correo,A,2022-02-08,1,0,0,0.00
71283,2722,"Campaña Navidad 2023",Correo,A,2022-09-06,0,0,0,0.00
71284,1809,"Fidelización Recurrentes",Push,A,2024-09-04,1,0,0,0.00
71285,2881,"VIP Exclusivo Agosto",WhatsApp,A,2022-04-27,0,0,0,0.00
71286,1675,"Campaña Navidad 2023",Correo,A,2022-04-25,0,0,0,0.00
71287,2136,"Black Friday 2023",Push,B,2022-07-30,0,0,0,0.00
71288,1425,"Campaña Navidad 2023",WhatsApp,B,2024-09-01,1,0,0,0.00
71289,2149,"Fidelización Recurrentes",Correo,A,2022-03-13,0,0,0,0.00
71290,1595,"Recuperación Carrito Abandonado",Push,A,2024-02-19,0,0,0,0.00
71291,1993,"Recuperación Carrito Abandonado",SMS,A,2022-08-08,0,0,0,0.00
71292,1893,"Reactivación Q1 2024",Push,A,2024-01-27,0,0,0,0.00
71293,1800,"Reactivación Q1 2024",Correo,B,2023-03-17,0,0,0,0.00
71294,2996,"Fidelización Recurrentes",Correo,A,2023-09-16,1,0,0,0.00
71295,2443,"VIP Exclusivo Agosto",WhatsApp,A,2024-05-30,0,0,0,0.00
71296,1849,"Bienvenida Nuevo Cliente",WhatsApp,A,2024-12-31,0,0,0,0.00
71297,2341,"Bienvenida Nuevo Cliente",WhatsApp,A,2023-09-10,0,0,0,0.00
71298,1547,"Cyber Wow Mayo 2024",SMS,B,2024-05-25,0,0,0,0.00
71299,2759,"Cyber Wow Mayo 2024",Correo,A,2023-10-21,1,0,0,0.00
71300,2662,"Día de la Madre 2024",WhatsApp,A,2022-10-20,0,0,0,0.00
71301,1646,"Black Friday 2023",Correo,A,2023-06-06,0,0,0,0.00
71302,1619,"Bienvenida Nuevo Cliente",WhatsApp,B,2022-09-24,0,0,0,0.00
71303,1392,"Campaña Navidad 2023",Push,A,2022-09-13,1,1,0,0.00
71304,2735,"Campaña Navidad 2023",Correo,A,2024-08-09,0,0,0,0.00
71305,1743,"Fidelización Recurrentes",Correo,B,2023-11-23,0,0,0,0.00
71306,1663,"Recuperación Carrito Abandonado",Correo,A,2022-08-31,0,0,0,0.00
71307,2794,"Fidelización Recurrentes",Push,A,2024-08-15,0,0,0,0.00
71308,2796,"Fidelización Recurrentes",SMS,A,2022-01-30,1,0,0,0.00
71309,2930,"Recuperación Carrito Abandonado",WhatsApp,B,2024-09-17,0,0,0,0.00
71310,1555,"Campaña Navidad 2023",Push,A,2022-02-15,0,0,0,0.00
71311,1282,"Recuperación Carrito Abandonado",SMS,B,2022-07-06,0,0,0,0.00
71312,2552,"Recuperación Carrito Abandonado",WhatsApp,B,2022-05-11,0,0,0,0.00
71313,2364,"VIP Exclusivo Agosto",WhatsApp,A,2024-04-12,0,0,0,0.00
71314,1360,"Recuperación Carrito Abandonado",Push,A,2024-03-30,0,0,0,0.00
71315,2652,"VIP Exclusivo Agosto",SMS,B,2024-08-08,0,0,0,0.00
71316,2644,"Recuperación Carrito Abandonado",Push,A,2024-02-14,0,0,0,0.00
71317,1542,"Reactivación Q1 2024",Correo,B,2023-08-17,0,0,0,0.00
71318,2312,"Reactivación Q1 2024",Correo,B,2024-09-25,0,0,0,0.00
71319,1037,"Reactivación Q1 2024",Correo,B,2024-06-01,1,0,0,0.00
71320,2214,"Recuperación Carrito Abandonado",Push,B,2022-03-08,0,0,0,0.00
71321,1285,"Fidelización Recurrentes",Push,A,2024-07-28,0,0,0,0.00
71322,1186,"Cyber Wow Mayo 2024",SMS,A,2023-01-17,0,0,0,0.00
71323,2182,"Black Friday 2023",Correo,B,2024-11-12,0,0,0,0.00
71324,2580,"VIP Exclusivo Agosto",Correo,B,2024-03-11,0,0,0,0.00
71325,2734,"Fidelización Recurrentes",SMS,A,2024-01-18,0,0,0,0.00
71326,2326,"Bienvenida Nuevo Cliente",WhatsApp,A,2023-05-27,0,0,0,0.00
71327,2924,"Bienvenida Nuevo Cliente",Correo,B,2024-02-15,0,0,0,0.00
71328,1730,"VIP Exclusivo Agosto",Correo,A,2024-04-18,0,0,0,0.00
71329,1200,"Recuperación Carrito Abandonado",Correo,A,2022-10-22,0,0,0,0.00
71330,1993,"Recuperación Carrito Abandonado",Correo,B,2022-09-18,0,0,0,0.00
71331,1796,"Cyber Wow Mayo 2024",Push,B,2023-01-14,1,1,0,0.00
71332,2223,"Fidelización Recurrentes",SMS,B,2024-07-02,0,0,0,0.00
71333,1993,"VIP Exclusivo Agosto",Push,A,2022-06-08,1,1,0,0.00
71334,1746,"Recuperación Carrito Abandonado",SMS,B,2024-05-18,0,0,0,0.00
71335,1426,"Día de la Madre 2024",SMS,B,2022-06-22,0,0,0,0.00
71336,2980,"Fidelización Recurrentes",WhatsApp,B,2022-03-31,0,0,0,0.00
71337,1600,"Día de la Madre 2024",SMS,B,2024-05-17,1,0,0,0.00
71338,1171,"Campaña Navidad 2023",WhatsApp,B,2024-12-13,1,0,0,0.00
71339,2564,"Día de la Madre 2024",Push,A,2024-03-06,0,0,0,0.00
71340,1371,"Bienvenida Nuevo Cliente",Correo,B,2023-09-02,0,0,0,0.00
71341,1438,"Reactivación Q1 2024",Push,B,2024-12-11,0,0,0,0.00
71342,2166,"Bienvenida Nuevo Cliente",Correo,A,2022-11-09,1,0,0,0.00
71343,2722,"Bienvenida Nuevo Cliente",WhatsApp,A,2024-02-14,0,0,0,0.00
71344,1397,"Bienvenida Nuevo Cliente",WhatsApp,B,2022-01-12,1,0,0,0.00
71345,2275,"Fidelización Recurrentes",Push,A,2022-10-22,0,0,0,0.00
71346,2461,"Reactivación Q1 2024",SMS,B,2023-05-26,0,0,0,0.00
71347,1971,"Campaña Navidad 2023",WhatsApp,A,2023-04-02,0,0,0,0.00
71348,1270,"Black Friday 2023",Correo,A,2022-10-02,0,0,0,0.00
71349,1117,"VIP Exclusivo Agosto",WhatsApp,B,2023-11-30,0,0,0,0.00
71350,1165,"Bienvenida Nuevo Cliente",Correo,B,2023-08-02,1,0,0,0.00
71351,1104,"Cyber Wow Mayo 2024",SMS,B,2024-04-10,1,0,0,0.00
71352,2850,"Cyber Wow Mayo 2024",WhatsApp,A,2023-07-05,0,0,0,0.00
71353,1517,"Campaña Navidad 2023",Push,A,2024-11-13,0,0,0,0.00
71354,1786,"Fidelización Recurrentes",WhatsApp,A,2023-12-13,0,0,0,0.00
71355,2552,"Campaña Navidad 2023",Push,A,2023-03-10,1,0,0,0.00
71356,2164,"Día de la Madre 2024",Push,A,2022-02-04,1,0,0,0.00
71357,2602,"Recuperación Carrito Abandonado",Correo,A,2024-02-19,0,0,0,0.00
71358,1162,"Cyber Wow Mayo 2024",Push,B,2024-05-14,0,0,0,0.00
71359,1443,"VIP Exclusivo Agosto",WhatsApp,B,2023-01-11,0,0,0,0.00
71360,1500,"Bienvenida Nuevo Cliente",Push,A,2023-04-11,0,0,0,0.00
71361,2030,"Cyber Wow Mayo 2024",Correo,B,2024-04-03,0,0,0,0.00
71362,1277,"VIP Exclusivo Agosto",Correo,B,2024-11-19,0,0,0,0.00
71363,2963,"Fidelización Recurrentes",Correo,A,2023-08-11,0,0,0,0.00
71364,1389,"VIP Exclusivo Agosto",WhatsApp,B,2022-01-20,0,0,0,0.00
71365,2921,"Bienvenida Nuevo Cliente",SMS,A,2024-11-26,0,0,0,0.00
71366,1585,"Black Friday 2023",Correo,A,2023-01-02,0,0,0,0.00
71367,2802,"Campaña Navidad 2023",Correo,A,2022-10-09,0,0,0,0.00
71368,1739,"Bienvenida Nuevo Cliente",Correo,B,2024-08-21,1,0,0,0.00
71369,2036,"Black Friday 2023",SMS,A,2022-04-23,0,0,0,0.00
71370,1897,"Día de la Madre 2024",SMS,B,2024-07-31,1,0,0,0.00
71371,2607,"Campaña Navidad 2023",Correo,B,2022-06-21,0,0,0,0.00
71372,1491,"Cyber Wow Mayo 2024",WhatsApp,A,2022-10-28,0,0,0,0.00
71373,1082,"Bienvenida Nuevo Cliente",WhatsApp,A,2024-05-11,1,0,0,0.00
71374,2108,"Fidelización Recurrentes",WhatsApp,A,2022-12-23,0,0,0,0.00
71375,1835,"Recuperación Carrito Abandonado",Push,A,2022-05-23,0,0,0,0.00
71376,2557,"Fidelización Recurrentes",Correo,B,2023-05-18,0,0,0,0.00
71377,1381,"Reactivación Q1 2024",Push,A,2023-12-22,0,0,0,0.00
71378,1136,"VIP Exclusivo Agosto",WhatsApp,A,2024-06-21,0,0,0,0.00
71379,1281,"Campaña Navidad 2023",SMS,B,2022-02-09,1,0,0,0.00
71380,1556,"Fidelización Recurrentes",SMS,B,2022-08-06,0,0,0,0.00
71381,2785,"Reactivación Q1 2024",Correo,B,2023-09-01,0,0,0,0.00
71382,1002,"Black Friday 2023",SMS,B,2023-03-18,0,0,0,0.00
71383,1704,"Reactivación Q1 2024",Push,B,2024-07-05,0,0,0,0.00
71384,1582,"Fidelización Recurrentes",Correo,B,2022-11-22,0,0,0,0.00
71385,1557,"Fidelización Recurrentes",SMS,A,2023-07-31,0,0,0,0.00
71386,2285,"Fidelización Recurrentes",Push,B,2022-10-12,1,0,0,0.00
71387,2808,"VIP Exclusivo Agosto",Push,A,2023-11-22,0,0,0,0.00
71388,1840,"Black Friday 2023",Correo,B,2023-05-08,1,0,0,0.00
71389,1960,"Fidelización Recurrentes",Correo,B,2022-08-24,0,0,0,0.00
71390,1878,"VIP Exclusivo Agosto",Correo,B,2023-09-11,0,0,0,0.00
71391,1954,"Bienvenida Nuevo Cliente",Push,B,2023-07-03,0,0,0,0.00
71392,2602,"Cyber Wow Mayo 2024",WhatsApp,A,2023-01-18,1,0,0,0.00
71393,2103,"Campaña Navidad 2023",SMS,B,2023-02-01,0,0,0,0.00
71394,2447,"Cyber Wow Mayo 2024",Push,A,2022-06-23,1,0,0,0.00
71395,1063,"Reactivación Q1 2024",Push,B,2022-08-24,0,0,0,0.00
71396,1644,"Cyber Wow Mayo 2024",SMS,B,2022-01-08,0,0,0,0.00
71397,1497,"VIP Exclusivo Agosto",Push,A,2023-10-23,0,0,0,0.00
71398,2747,"Bienvenida Nuevo Cliente",Correo,A,2024-12-25,0,0,0,0.00
71399,2430,"Reactivación Q1 2024",Correo,B,2024-08-15,0,0,0,0.00
71400,1618,"Campaña Navidad 2023",SMS,A,2023-02-05,0,0,0,0.00
71401,2337,"Reactivación Q1 2024",Push,A,2023-01-26,0,0,0,0.00
71402,1990,"Bienvenida Nuevo Cliente",WhatsApp,B,2024-03-30,0,0,0,0.00
71403,2987,"VIP Exclusivo Agosto",Correo,A,2022-04-17,0,0,0,0.00
71404,1571,"Recuperación Carrito Abandonado",SMS,B,2022-10-06,0,0,0,0.00
71405,1622,"Cyber Wow Mayo 2024",SMS,A,2023-06-13,1,0,0,0.00
71406,2206,"Bienvenida Nuevo Cliente",Correo,A,2022-11-04,0,0,0,0.00
71407,2615,"Recuperación Carrito Abandonado",Push,B,2022-02-03,1,0,0,0.00
71408,2000,"Recuperación Carrito Abandonado",Correo,A,2022-10-26,1,0,0,0.00
71409,1293,"Cyber Wow Mayo 2024",SMS,B,2024-04-20,1,0,0,0.00
71410,1148,"Black Friday 2023",Correo,A,2022-10-31,0,0,0,0.00
71411,1086,"VIP Exclusivo Agosto",Correo,A,2024-09-25,1,0,0,0.00
71412,2506,"Reactivación Q1 2024",SMS,B,2022-04-17,0,0,0,0.00
71413,1316,"Fidelización Recurrentes",Correo,A,2023-06-27,0,0,0,0.00
71414,1478,"Cyber Wow Mayo 2024",Correo,A,2024-10-27,0,0,0,0.00
71415,1949,"Bienvenida Nuevo Cliente",WhatsApp,A,2022-10-09,0,0,0,0.00
71416,1080,"Fidelización Recurrentes",SMS,A,2022-02-12,0,0,0,0.00
71417,2320,"Black Friday 2023",Correo,B,2024-02-05,0,0,0,0.00
71418,2276,"Cyber Wow Mayo 2024",Correo,A,2024-01-08,1,0,0,0.00
71419,2449,"Bienvenida Nuevo Cliente",Push,B,2022-10-07,1,0,0,0.00
71420,2552,"Recuperación Carrito Abandonado",SMS,A,2022-10-31,1,0,0,0.00
71421,2011,"VIP Exclusivo Agosto",WhatsApp,B,2022-08-19,0,0,0,0.00
71422,2411,"Reactivación Q1 2024",SMS,B,2023-02-20,1,0,0,0.00
71423,1311,"Campaña Navidad 2023",WhatsApp,A,2023-07-10,0,0,0,0.00
71424,2805,"Reactivación Q1 2024",WhatsApp,B,2023-06-28,0,0,0,0.00
71425,1545,"Día de la Madre 2024",SMS,A,2023-06-23,1,0,0,0.00
71426,2903,"Recuperación Carrito Abandonado",Correo,B,2024-07-25,0,0,0,0.00
71427,1123,"Bienvenida Nuevo Cliente",Push,B,2022-06-23,0,0,0,0.00
71428,2680,"VIP Exclusivo Agosto",Push,A,2022-04-11,0,0,0,0.00
71429,1014,"Cyber Wow Mayo 2024",WhatsApp,B,2023-09-09,0,0,0,0.00
71430,2374,"Fidelización Recurrentes",WhatsApp,A,2024-01-24,0,0,0,0.00
71431,1022,"Fidelización Recurrentes",SMS,B,2023-09-19,0,0,0,0.00
71432,1567,"Recuperación Carrito Abandonado",SMS,A,2024-08-23,0,0,0,0.00
71433,1012,"Black Friday 2023",Correo,A,2022-08-06,0,0,0,0.00
71434,1580,"VIP Exclusivo Agosto",Push,B,2022-04-08,1,0,0,0.00
71435,1176,"Recuperación Carrito Abandonado",Correo,A,2023-12-14,0,0,0,0.00
71436,1019,"Black Friday 2023",Push,B,2023-01-27,1,0,0,0.00
71437,2795,"Black Friday 2023",Correo,A,2024-01-30,1,0,0,0.00
71438,1027,"Black Friday 2023",Push,B,2023-08-17,0,0,0,0.00
71439,2522,"Día de la Madre 2024",Push,A,2022-11-11,0,0,0,0.00
71440,2569,"Día de la Madre 2024",Correo,B,2023-09-05,0,0,0,0.00
71441,1673,"Reactivación Q1 2024",Correo,B,2023-11-20,0,0,0,0.00
71442,2007,"Reactivación Q1 2024",Correo,B,2024-08-30,0,0,0,0.00
71443,1975,"Recuperación Carrito Abandonado",Correo,A,2022-08-24,0,0,0,0.00
71444,1076,"Bienvenida Nuevo Cliente",SMS,B,2022-03-03,1,0,0,0.00
71445,2554,"Black Friday 2023",Push,A,2023-10-04,0,0,0,0.00
71446,2751,"Reactivación Q1 2024",SMS,A,2024-12-04,0,0,0,0.00
71447,2357,"Recuperación Carrito Abandonado",Correo,A,2023-02-14,0,0,0,0.00
71448,2963,"Black Friday 2023",WhatsApp,B,2024-03-16,1,0,0,0.00
71449,1399,"Recuperación Carrito Abandonado",Correo,A,2022-02-28,0,0,0,0.00
71450,1794,"Campaña Navidad 2023",SMS,B,2024-07-01,0,0,0,0.00
71451,1978,"Campaña Navidad 2023",Correo,B,2024-05-16,0,0,0,0.00
71452,1778,"Black Friday 2023",SMS,A,2023-12-15,0,0,0,0.00
71453,2103,"Reactivación Q1 2024",WhatsApp,A,2023-01-27,0,0,0,0.00
71454,1143,"Bienvenida Nuevo Cliente",Push,B,2023-09-09,0,0,0,0.00
71455,2700,"Reactivación Q1 2024",SMS,B,2022-01-28,0,0,0,0.00
71456,2829,"Campaña Navidad 2023",WhatsApp,A,2023-08-25,0,0,0,0.00
71457,1424,"Black Friday 2023",Push,B,2024-06-28,0,0,0,0.00
71458,1338,"Fidelización Recurrentes",WhatsApp,B,2024-10-27,0,0,0,0.00
71459,2946,"Black Friday 2023",SMS,A,2022-02-02,1,0,0,0.00
71460,1954,"Cyber Wow Mayo 2024",SMS,A,2023-06-27,0,0,0,0.00
71461,1639,"Reactivación Q1 2024",SMS,B,2023-10-16,0,0,0,0.00
71462,2577,"Recuperación Carrito Abandonado",WhatsApp,A,2022-09-10,0,0,0,0.00
71463,2232,"Campaña Navidad 2023",WhatsApp,B,2024-06-04,0,0,0,0.00
71464,2215,"Cyber Wow Mayo 2024",WhatsApp,B,2023-08-24,1,0,0,0.00
71465,1810,"Bienvenida Nuevo Cliente",WhatsApp,A,2023-11-12,0,0,0,0.00
71466,1913,"Bienvenida Nuevo Cliente",SMS,A,2023-08-24,0,0,0,0.00
71467,2287,"Fidelización Recurrentes",Correo,B,2022-10-28,0,0,0,0.00
71468,2334,"Cyber Wow Mayo 2024",Push,A,2024-09-04,0,0,0,0.00
71469,2431,"Fidelización Recurrentes",SMS,A,2022-08-26,1,0,0,0.00
71470,1389,"Cyber Wow Mayo 2024",WhatsApp,A,2023-03-09,0,0,0,0.00
71471,2947,"Campaña Navidad 2023",SMS,A,2022-01-20,0,0,0,0.00
71472,1249,"Fidelización Recurrentes",SMS,A,2022-03-28,0,0,0,0.00
71473,1006,"Bienvenida Nuevo Cliente",Push,B,2024-01-01,0,0,0,0.00
71474,2615,"Bienvenida Nuevo Cliente",WhatsApp,A,2024-02-20,0,0,0,0.00
71475,1629,"Reactivación Q1 2024",Push,B,2024-05-28,0,0,0,0.00
71476,2741,"VIP Exclusivo Agosto",SMS,A,2023-07-27,0,0,0,0.00
71477,2610,"Black Friday 2023",Correo,A,2022-11-16,0,0,0,0.00
71478,1112,"Campaña Navidad 2023",WhatsApp,B,2023-08-08,0,0,0,0.00
71479,2026,"Bienvenida Nuevo Cliente",Push,A,2023-10-22,0,0,0,0.00
71480,2553,"Black Friday 2023",WhatsApp,B,2024-05-25,0,0,0,0.00
71481,1548,"VIP Exclusivo Agosto",SMS,A,2023-07-25,0,0,0,0.00
71482,2403,"Día de la Madre 2024",Correo,B,2022-06-18,0,0,0,0.00
71483,1505,"Campaña Navidad 2023",Correo,A,2024-12-22,0,0,0,0.00
71484,2459,"Campaña Navidad 2023",SMS,B,2024-12-25,1,0,0,0.00
71485,2849,"Fidelización Recurrentes",Correo,A,2022-12-28,1,0,0,0.00
71486,1206,"Bienvenida Nuevo Cliente",WhatsApp,B,2022-10-25,1,0,0,0.00
71487,1599,"Fidelización Recurrentes",Correo,A,2023-02-24,0,0,0,0.00
71488,2151,"Fidelización Recurrentes",Correo,B,2022-10-04,0,0,0,0.00
71489,1020,"Bienvenida Nuevo Cliente",WhatsApp,A,2023-06-05,0,0,0,0.00
71490,1221,"Recuperación Carrito Abandonado",Push,A,2023-04-03,1,1,0,0.00
71491,1186,"Reactivación Q1 2024",SMS,B,2022-08-07,0,0,0,0.00
71492,1768,"Fidelización Recurrentes",WhatsApp,B,2023-10-06,0,0,0,0.00
71493,1286,"Bienvenida Nuevo Cliente",Push,A,2023-04-03,0,0,0,0.00
71494,2852,"Fidelización Recurrentes",Correo,B,2024-06-20,0,0,0,0.00
71495,1733,"Fidelización Recurrentes",Correo,A,2023-01-19,0,0,0,0.00
71496,2385,"VIP Exclusivo Agosto",SMS,B,2024-08-18,0,0,0,0.00
71497,2582,"Reactivación Q1 2024",Push,B,2024-09-20,0,0,0,0.00
71498,2245,"Recuperación Carrito Abandonado",WhatsApp,B,2024-10-29,0,0,0,0.00
71499,2286,"Bienvenida Nuevo Cliente",Correo,A,2024-06-07,1,0,0,0.00
71500,2259,"Recuperación Carrito Abandonado",Correo,A,2024-12-06,0,0,0,0.00
71501,1236,"Fidelización Recurrentes",SMS,B,2024-06-07,0,0,0,0.00
71502,2027,"Fidelización Recurrentes",SMS,B,2022-11-06,0,0,0,0.00
71503,1245,"Bienvenida Nuevo Cliente",SMS,B,2022-04-28,1,0,0,0.00
71504,2080,"Bienvenida Nuevo Cliente",SMS,A,2024-08-02,0,0,0,0.00
71505,1153,"Reactivación Q1 2024",WhatsApp,B,2022-10-08,1,0,0,0.00
71506,1538,"Campaña Navidad 2023",Correo,A,2024-05-26,0,0,0,0.00
71507,2662,"Bienvenida Nuevo Cliente",Push,B,2022-08-29,0,0,0,0.00
71508,2078,"Fidelización Recurrentes",Correo,A,2024-07-08,1,0,0,0.00
71509,1401,"Campaña Navidad 2023",SMS,B,2023-10-22,0,0,0,0.00
71510,2728,"Campaña Navidad 2023",SMS,B,2022-02-02,1,0,0,0.00
71511,1084,"Black Friday 2023",Correo,B,2022-06-09,0,0,0,0.00
71512,2161,"Black Friday 2023",SMS,A,2022-07-25,1,0,0,0.00
71513,1300,"Fidelización Recurrentes",Correo,A,2023-01-12,0,0,0,0.00
71514,2307,"Fidelización Recurrentes",Correo,A,2024-11-03,0,0,0,0.00
71515,1493,"Bienvenida Nuevo Cliente",SMS,A,2022-03-03,0,0,0,0.00
71516,1774,"Black Friday 2023",WhatsApp,B,2024-12-12,0,0,0,0.00
71517,1586,"Black Friday 2023",SMS,A,2022-12-24,0,0,0,0.00
71518,2885,"Recuperación Carrito Abandonado",WhatsApp,A,2022-11-25,0,0,0,0.00
71519,2776,"Día de la Madre 2024",SMS,A,2023-05-01,0,0,0,0.00
71520,1925,"Black Friday 2023",SMS,A,2022-02-08,0,0,0,0.00
71521,1679,"VIP Exclusivo Agosto",Push,A,2023-08-10,0,0,0,0.00
71522,1854,"Día de la Madre 2024",Push,B,2022-03-21,0,0,0,0.00
71523,1248,"VIP Exclusivo Agosto",SMS,A,2022-08-28,1,0,0,0.00
71524,1045,"Campaña Navidad 2023",WhatsApp,A,2024-10-23,0,0,0,0.00
71525,1939,"Recuperación Carrito Abandonado",Correo,A,2023-12-03,1,0,0,0.00
71526,1423,"Recuperación Carrito Abandonado",SMS,B,2022-10-14,0,0,0,0.00
71527,2515,"Reactivación Q1 2024",Correo,A,2022-08-06,0,0,0,0.00
71528,2922,"Día de la Madre 2024",Correo,A,2022-07-10,0,0,0,0.00
71529,2851,"Bienvenida Nuevo Cliente",Push,A,2022-06-01,0,0,0,0.00
71530,1587,"Black Friday 2023",Push,B,2022-11-26,0,0,0,0.00
71531,1808,"Día de la Madre 2024",Push,B,2024-05-29,1,0,0,0.00
71532,1965,"Cyber Wow Mayo 2024",Correo,A,2022-03-13,0,0,0,0.00
71533,2341,"VIP Exclusivo Agosto",Correo,B,2023-05-30,0,0,0,0.00
71534,2931,"Día de la Madre 2024",SMS,B,2022-05-17,0,0,0,0.00
71535,2124,"Cyber Wow Mayo 2024",SMS,B,2024-12-17,0,0,0,0.00
71536,2083,"Recuperación Carrito Abandonado",SMS,A,2024-03-28,0,0,0,0.00
71537,2115,"Black Friday 2023",WhatsApp,B,2023-11-27,1,0,0,0.00
71538,1997,"Día de la Madre 2024",Correo,A,2022-12-04,0,0,0,0.00
71539,1650,"Reactivación Q1 2024",SMS,B,2024-08-21,1,0,0,0.00
71540,1260,"Día de la Madre 2024",Correo,A,2024-07-14,0,0,0,0.00
71541,2766,"Reactivación Q1 2024",Correo,B,2023-04-07,1,0,0,0.00
71542,2421,"Recuperación Carrito Abandonado",Correo,B,2022-09-15,0,0,0,0.00
71543,1222,"Día de la Madre 2024",Push,A,2023-05-21,0,0,0,0.00
71544,2950,"Recuperación Carrito Abandonado",SMS,A,2024-10-22,0,0,0,0.00
71545,1855,"Día de la Madre 2024",Correo,B,2024-11-05,0,0,0,0.00
71546,1382,"Black Friday 2023",Push,B,2023-09-13,1,0,0,0.00
71547,2499,"Cyber Wow Mayo 2024",SMS,A,2022-12-03,1,0,0,0.00
71548,1603,"VIP Exclusivo Agosto",Correo,B,2023-11-01,0,0,0,0.00
71549,1680,"Cyber Wow Mayo 2024",Correo,B,2023-08-31,1,0,0,0.00
71550,2570,"Reactivación Q1 2024",SMS,A,2022-02-02,0,0,0,0.00
71551,2177,"Fidelización Recurrentes",WhatsApp,A,2022-06-05,0,0,0,0.00
71552,2075,"Reactivación Q1 2024",Push,B,2022-05-20,1,0,0,0.00
71553,2969,"Black Friday 2023",Push,B,2022-09-20,1,0,0,0.00
71554,1444,"Día de la Madre 2024",Correo,B,2023-12-25,0,0,0,0.00
71555,2038,"VIP Exclusivo Agosto",SMS,B,2022-05-27,0,0,0,0.00
71556,2632,"Reactivación Q1 2024",SMS,A,2022-04-12,1,0,0,0.00
71557,2778,"Recuperación Carrito Abandonado",WhatsApp,B,2024-03-08,1,0,0,0.00
71558,2539,"Recuperación Carrito Abandonado",Correo,B,2022-08-01,0,0,0,0.00
71559,1491,"Reactivación Q1 2024",Push,B,2023-01-29,0,0,0,0.00
71560,1156,"Black Friday 2023",Correo,B,2024-06-12,1,0,0,0.00
71561,1027,"Reactivación Q1 2024",Push,A,2023-08-08,0,0,0,0.00
71562,1125,"Fidelización Recurrentes",SMS,A,2024-01-22,1,0,0,0.00
71563,2598,"VIP Exclusivo Agosto",Correo,A,2022-01-22,0,0,0,0.00
71564,2478,"Recuperación Carrito Abandonado",Correo,B,2024-07-18,1,0,0,0.00
71565,2474,"Campaña Navidad 2023",WhatsApp,B,2022-04-18,0,0,0,0.00
71566,1585,"Día de la Madre 2024",Push,B,2024-09-17,0,0,0,0.00
71567,1989,"Día de la Madre 2024",Correo,B,2023-04-27,0,0,0,0.00
71568,1208,"Cyber Wow Mayo 2024",Push,B,2023-06-14,1,0,0,0.00
71569,1960,"Cyber Wow Mayo 2024",Correo,B,2024-07-10,1,0,0,0.00
71570,1277,"Bienvenida Nuevo Cliente",WhatsApp,A,2023-07-11,0,0,0,0.00
71571,2906,"Campaña Navidad 2023",WhatsApp,A,2022-01-21,1,0,0,0.00
71572,1336,"Cyber Wow Mayo 2024",Push,B,2024-12-03,0,0,0,0.00
71573,2757,"Recuperación Carrito Abandonado",Push,B,2022-02-28,0,0,0,0.00
71574,1361,"Día de la Madre 2024",Push,B,2023-11-11,0,0,0,0.00
71575,1949,"Día de la Madre 2024",SMS,A,2023-11-06,0,0,0,0.00
71576,1380,"Recuperación Carrito Abandonado",Correo,A,2022-09-29,1,0,0,0.00
71577,2688,"Bienvenida Nuevo Cliente",Correo,A,2022-07-21,0,0,0,0.00
71578,1548,"Bienvenida Nuevo Cliente",SMS,B,2022-09-19,0,0,0,0.00
71579,1786,"Campaña Navidad 2023",Push,B,2022-03-26,0,0,0,0.00
71580,2943,"Black Friday 2023",Correo,A,2022-06-25,0,0,0,0.00
71581,1486,"Fidelización Recurrentes",WhatsApp,A,2023-06-02,0,0,0,0.00
71582,1542,"VIP Exclusivo Agosto",WhatsApp,A,2023-12-10,0,0,0,0.00
71583,1343,"Reactivación Q1 2024",Correo,A,2024-05-04,0,0,0,0.00
71584,1208,"Reactivación Q1 2024",WhatsApp,A,2024-09-22,0,0,0,0.00
71585,1093,"Fidelización Recurrentes",Correo,A,2023-11-27,0,0,0,0.00
71586,2967,"Campaña Navidad 2023",SMS,A,2022-02-04,0,0,0,0.00
71587,2287,"VIP Exclusivo Agosto",Correo,B,2024-08-19,1,0,0,0.00
71588,2714,"Bienvenida Nuevo Cliente",SMS,B,2024-02-17,0,0,0,0.00
71589,1716,"VIP Exclusivo Agosto",SMS,A,2024-05-07,0,0,0,0.00
71590,1288,"Día de la Madre 2024",Push,A,2023-10-31,0,0,0,0.00
71591,2613,"Día de la Madre 2024",WhatsApp,B,2024-07-26,0,0,0,0.00
71592,2820,"VIP Exclusivo Agosto",Correo,B,2024-02-16,0,0,0,0.00
71593,1769,"VIP Exclusivo Agosto",WhatsApp,A,2023-05-15,0,0,0,0.00
71594,2306,"Recuperación Carrito Abandonado",Correo,B,2024-06-20,1,0,0,0.00
71595,2194,"Black Friday 2023",Push,A,2022-09-21,0,0,0,0.00
71596,2594,"Fidelización Recurrentes",Correo,A,2024-07-21,0,0,0,0.00
71597,1955,"Fidelización Recurrentes",Push,A,2022-04-29,0,0,0,0.00
71598,1198,"Fidelización Recurrentes",Push,A,2022-11-29,0,0,0,0.00
71599,2138,"Bienvenida Nuevo Cliente",WhatsApp,A,2024-09-25,0,0,0,0.00
71600,2875,"Recuperación Carrito Abandonado",SMS,B,2023-03-12,1,0,0,0.00
71601,1427,"Recuperación Carrito Abandonado",Correo,A,2024-07-22,1,0,0,0.00
71602,1429,"Bienvenida Nuevo Cliente",Correo,A,2023-08-31,0,0,0,0.00
71603,2783,"Black Friday 2023",Push,A,2024-08-30,0,0,0,0.00
71604,1423,"Bienvenida Nuevo Cliente",Correo,B,2022-12-15,0,0,0,0.00
71605,2013,"Fidelización Recurrentes",SMS,A,2024-12-18,1,0,0,0.00
71606,1363,"Cyber Wow Mayo 2024",SMS,B,2022-04-18,0,0,0,0.00
71607,1587,"Día de la Madre 2024",SMS,B,2023-05-18,0,0,0,0.00
71608,2059,"Bienvenida Nuevo Cliente",Push,A,2024-11-12,0,0,0,0.00
71609,1401,"VIP Exclusivo Agosto",Correo,B,2023-01-21,0,0,0,0.00
71610,1131,"Fidelización Recurrentes",WhatsApp,B,2023-07-22,0,0,0,0.00
71611,1877,"Recuperación Carrito Abandonado",WhatsApp,A,2024-06-22,1,0,0,0.00
71612,1033,"Fidelización Recurrentes",Push,A,2023-04-25,0,0,0,0.00
71613,2701,"Campaña Navidad 2023",Push,B,2024-01-15,0,0,0,0.00
71614,1932,"Fidelización Recurrentes",Correo,B,2023-07-30,0,0,0,0.00
71615,1316,"VIP Exclusivo Agosto",WhatsApp,B,2022-09-28,0,0,0,0.00
71616,2425,"Recuperación Carrito Abandonado",Push,B,2023-11-08,0,0,0,0.00
71617,1875,"Cyber Wow Mayo 2024",Push,B,2022-03-28,1,0,0,0.00
71618,2020,"Día de la Madre 2024",Correo,B,2024-10-09,0,0,0,0.00
71619,1289,"Bienvenida Nuevo Cliente",Push,A,2022-06-05,0,0,0,0.00
71620,2516,"Cyber Wow Mayo 2024",SMS,A,2023-10-31,0,0,0,0.00
71621,1712,"VIP Exclusivo Agosto",SMS,A,2023-03-30,0,0,0,0.00
71622,1291,"Cyber Wow Mayo 2024",WhatsApp,A,2023-01-25,1,0,0,0.00
71623,2266,"VIP Exclusivo Agosto",WhatsApp,B,2024-10-13,0,0,0,0.00
71624,1682,"Cyber Wow Mayo 2024",SMS,A,2022-10-22,0,0,0,0.00
71625,1004,"Día de la Madre 2024",Correo,A,2022-07-27,1,0,0,0.00
71626,2568,"Bienvenida Nuevo Cliente",SMS,A,2022-09-24,0,0,0,0.00
71627,2312,"Cyber Wow Mayo 2024",Correo,A,2024-01-08,1,0,0,0.00
71628,2397,"Cyber Wow Mayo 2024",Correo,B,2022-05-16,1,0,0,0.00
71629,2074,"Reactivación Q1 2024",Push,A,2022-03-02,1,1,0,0.00
71630,1058,"Cyber Wow Mayo 2024",Push,B,2023-03-22,0,0,0,0.00
71631,1462,"Día de la Madre 2024",WhatsApp,B,2024-05-17,0,0,0,0.00
71632,2688,"VIP Exclusivo Agosto",WhatsApp,A,2023-01-26,0,0,0,0.00
71633,2464,"Día de la Madre 2024",Push,A,2024-07-04,0,0,0,0.00
71634,2383,"Bienvenida Nuevo Cliente",Push,B,2022-11-17,0,0,0,0.00
71635,2453,"Black Friday 2023",Correo,B,2022-05-19,0,0,0,0.00
71636,2941,"Bienvenida Nuevo Cliente",WhatsApp,A,2023-05-21,0,0,0,0.00
71637,2839,"Campaña Navidad 2023",Correo,B,2024-05-02,0,0,0,0.00
71638,1706,"Recuperación Carrito Abandonado",WhatsApp,A,2023-03-07,0,0,0,0.00
71639,1741,"Bienvenida Nuevo Cliente",WhatsApp,A,2024-07-30,0,0,0,0.00
71640,2458,"Día de la Madre 2024",Push,A,2023-01-19,0,0,0,0.00
71641,2703,"Recuperación Carrito Abandonado",SMS,B,2023-05-28,0,0,0,0.00
71642,1825,"Black Friday 2023",WhatsApp,B,2023-05-11,0,0,0,0.00
71643,1165,"Black Friday 2023",Push,B,2023-01-24,0,0,0,0.00
71644,1376,"Fidelización Recurrentes",WhatsApp,A,2022-02-06,1,0,0,0.00
71645,1533,"VIP Exclusivo Agosto",WhatsApp,B,2023-11-26,1,0,0,0.00
71646,1675,"Bienvenida Nuevo Cliente",Push,B,2024-12-21,1,0,0,0.00
71647,1080,"Black Friday 2023",WhatsApp,A,2023-03-13,1,0,0,0.00
71648,1372,"Cyber Wow Mayo 2024",Correo,A,2023-06-19,0,0,0,0.00
71649,1167,"VIP Exclusivo Agosto",WhatsApp,B,2023-11-28,0,0,0,0.00
71650,2155,"Campaña Navidad 2023",Correo,A,2024-02-08,1,0,0,0.00
71651,2663,"Bienvenida Nuevo Cliente",Correo,B,2024-08-09,0,0,0,0.00
71652,1960,"Cyber Wow Mayo 2024",Correo,A,2022-09-03,0,0,0,0.00
71653,1622,"Bienvenida Nuevo Cliente",SMS,B,2024-07-18,0,0,0,0.00
71654,1408,"Recuperación Carrito Abandonado",Correo,B,2024-11-27,0,0,0,0.00
71655,2380,"Bienvenida Nuevo Cliente",Push,A,2023-08-29,0,0,0,0.00
71656,2609,"VIP Exclusivo Agosto",Push,B,2023-09-05,0,0,0,0.00
71657,1935,"Campaña Navidad 2023",Push,A,2022-03-01,1,0,0,0.00
71658,2459,"Reactivación Q1 2024",Correo,A,2023-07-26,0,0,0,0.00
71659,1820,"Black Friday 2023",SMS,B,2024-08-27,0,0,0,0.00
71660,1891,"Recuperación Carrito Abandonado",Push,A,2022-07-04,1,1,0,0.00
71661,1848,"Reactivación Q1 2024",Push,B,2022-06-11,0,0,0,0.00
71662,1859,"Black Friday 2023",Correo,B,2022-04-05,0,0,0,0.00
71663,2799,"Recuperación Carrito Abandonado",SMS,A,2022-04-05,0,0,0,0.00
71664,2986,"Recuperación Carrito Abandonado",SMS,A,2022-07-27,0,0,0,0.00
71665,2111,"Bienvenida Nuevo Cliente",SMS,A,2023-09-22,0,0,0,0.00
71666,1852,"Black Friday 2023",SMS,A,2022-10-23,0,0,0,0.00
71667,2775,"Black Friday 2023",Correo,A,2022-10-02,1,0,0,0.00
71668,2588,"Campaña Navidad 2023",Push,B,2024-04-06,0,0,0,0.00
71669,1613,"Fidelización Recurrentes",Push,B,2024-12-03,0,0,0,0.00
71670,1420,"Recuperación Carrito Abandonado",Correo,B,2024-10-18,0,0,0,0.00
71671,1368,"Cyber Wow Mayo 2024",Correo,A,2024-01-01,0,0,0,0.00
71672,2755,"Black Friday 2023",Correo,A,2023-08-14,0,0,0,0.00
71673,2073,"Bienvenida Nuevo Cliente",WhatsApp,A,2024-06-20,0,0,0,0.00
71674,2896,"Fidelización Recurrentes",SMS,B,2024-04-16,0,0,0,0.00
71675,1527,"Black Friday 2023",SMS,B,2023-03-21,0,0,0,0.00
71676,2057,"Campaña Navidad 2023",SMS,B,2022-01-21,0,0,0,0.00
71677,1571,"Fidelización Recurrentes",Correo,B,2023-02-11,1,0,0,0.00
71678,1363,"Black Friday 2023",WhatsApp,B,2022-01-10,0,0,0,0.00
71679,2865,"VIP Exclusivo Agosto",Correo,B,2024-08-13,1,0,0,0.00
71680,2601,"VIP Exclusivo Agosto",Push,A,2023-05-18,0,0,0,0.00
71681,2156,"Reactivación Q1 2024",SMS,A,2023-08-13,0,0,0,0.00
71682,2260,"Fidelización Recurrentes",Correo,A,2023-03-16,0,0,0,0.00
71683,2976,"Black Friday 2023",Correo,B,2022-04-30,1,0,0,0.00
71684,1346,"Reactivación Q1 2024",WhatsApp,B,2022-06-21,0,0,0,0.00
71685,1802,"Día de la Madre 2024",SMS,B,2024-02-19,0,0,0,0.00
71686,2769,"Cyber Wow Mayo 2024",Push,A,2024-01-11,1,0,0,0.00
71687,2920,"Bienvenida Nuevo Cliente",SMS,B,2024-06-11,0,0,0,0.00
71688,2548,"Bienvenida Nuevo Cliente",Correo,A,2024-02-13,0,0,0,0.00
71689,1975,"Campaña Navidad 2023",Push,B,2024-02-24,0,0,0,0.00
71690,2759,"Fidelización Recurrentes",Correo,B,2023-06-27,1,0,0,0.00
71691,2919,"Recuperación Carrito Abandonado",SMS,A,2024-11-26,0,0,0,0.00
71692,2461,"Black Friday 2023",SMS,A,2024-08-14,1,0,0,0.00
71693,1159,"Reactivación Q1 2024",Push,A,2024-06-01,1,0,0,0.00
71694,1651,"Cyber Wow Mayo 2024",Correo,A,2023-10-19,1,0,0,0.00
71695,2465,"Cyber Wow Mayo 2024",Push,A,2023-06-17,0,0,0,0.00
71696,1823,"Bienvenida Nuevo Cliente",WhatsApp,B,2024-01-29,0,0,0,0.00
71697,2305,"VIP Exclusivo Agosto",WhatsApp,A,2023-05-10,0,0,0,0.00
71698,2698,"Cyber Wow Mayo 2024",Push,A,2023-12-14,0,0,0,0.00
71699,1904,"Black Friday 2023",SMS,A,2022-05-07,0,0,0,0.00
71700,2835,"Día de la Madre 2024",WhatsApp,A,2023-01-19,1,0,0,0.00
71701,2119,"Recuperación Carrito Abandonado",SMS,A,2022-02-14,0,0,0,0.00
71702,2268,"Fidelización Recurrentes",Correo,A,2022-03-15,0,0,0,0.00
71703,1170,"Bienvenida Nuevo Cliente",Correo,B,2023-05-11,0,0,0,0.00
71704,2376,"Reactivación Q1 2024",Correo,A,2023-10-27,0,0,0,0.00
71705,2801,"Reactivación Q1 2024",WhatsApp,B,2022-12-02,1,0,0,0.00
71706,2516,"Cyber Wow Mayo 2024",WhatsApp,A,2023-11-09,1,0,0,0.00
71707,1543,"VIP Exclusivo Agosto",Push,A,2022-11-24,1,0,0,0.00
71708,1068,"Cyber Wow Mayo 2024",Correo,A,2023-01-16,0,0,0,0.00
71709,1371,"Fidelización Recurrentes",WhatsApp,B,2024-01-31,0,0,0,0.00
71710,1075,"Campaña Navidad 2023",Correo,B,2024-02-08,1,0,0,0.00
71711,1145,"Cyber Wow Mayo 2024",Correo,B,2023-01-13,1,1,0,0.00
71712,2850,"Reactivación Q1 2024",Push,B,2023-03-22,0,0,0,0.00
71713,1448,"VIP Exclusivo Agosto",Push,A,2022-02-12,0,0,0,0.00
71714,1216,"Campaña Navidad 2023",WhatsApp,A,2022-07-25,1,0,0,0.00
71715,2772,"Bienvenida Nuevo Cliente",SMS,B,2022-12-13,1,0,0,0.00
71716,2171,"Reactivación Q1 2024",Push,A,2022-04-20,1,0,0,0.00
71717,1136,"Fidelización Recurrentes",Correo,A,2024-11-20,0,0,0,0.00
71718,2549,"Día de la Madre 2024",WhatsApp,B,2022-01-13,1,0,0,0.00
71719,1945,"VIP Exclusivo Agosto",Push,A,2023-06-29,0,0,0,0.00
71720,2856,"Black Friday 2023",WhatsApp,B,2023-12-16,0,0,0,0.00
71721,1612,"Black Friday 2023",Correo,B,2024-10-05,0,0,0,0.00
71722,1735,"VIP Exclusivo Agosto",Correo,A,2024-03-02,0,0,0,0.00
71723,2821,"Fidelización Recurrentes",Push,A,2023-01-26,0,0,0,0.00
71724,1372,"Fidelización Recurrentes",Correo,B,2024-06-23,1,1,0,0.00
71725,1610,"Día de la Madre 2024",Correo,B,2024-05-02,0,0,0,0.00
71726,2998,"Black Friday 2023",SMS,B,2024-03-20,0,0,0,0.00
71727,2584,"VIP Exclusivo Agosto",WhatsApp,A,2022-08-16,0,0,0,0.00
71728,1382,"Campaña Navidad 2023",Correo,B,2024-01-07,0,0,0,0.00
71729,2218,"Cyber Wow Mayo 2024",SMS,A,2024-01-09,0,0,0,0.00
71730,1507,"Día de la Madre 2024",Push,B,2022-07-08,0,0,0,0.00
71731,1677,"Campaña Navidad 2023",Push,B,2023-09-19,1,0,0,0.00
71732,2898,"Black Friday 2023",SMS,B,2024-03-10,0,0,0,0.00
71733,2980,"Cyber Wow Mayo 2024",SMS,A,2023-09-17,1,0,0,0.00
71734,2723,"Bienvenida Nuevo Cliente",WhatsApp,A,2023-09-12,1,0,0,0.00
71735,1389,"Bienvenida Nuevo Cliente",Correo,B,2022-12-31,1,0,0,0.00
71736,2770,"Fidelización Recurrentes",WhatsApp,A,2022-08-18,0,0,0,0.00
71737,1546,"VIP Exclusivo Agosto",Correo,B,2022-06-11,0,0,0,0.00
71738,1528,"Fidelización Recurrentes",Correo,A,2022-10-15,0,0,0,0.00
71739,1870,"Reactivación Q1 2024",SMS,B,2024-11-10,0,0,0,0.00
71740,2833,"Black Friday 2023",SMS,A,2022-12-24,1,0,0,0.00
71741,2458,"Fidelización Recurrentes",Correo,A,2024-09-29,0,0,0,0.00
71742,1266,"VIP Exclusivo Agosto",Correo,B,2024-11-10,0,0,0,0.00
71743,2523,"Bienvenida Nuevo Cliente",Push,A,2022-08-19,1,0,0,0.00
71744,2289,"Recuperación Carrito Abandonado",Push,B,2023-12-20,1,0,0,0.00
71745,1906,"Fidelización Recurrentes",WhatsApp,A,2022-08-27,0,0,0,0.00
71746,2931,"Bienvenida Nuevo Cliente",SMS,B,2023-09-05,0,0,0,0.00
71747,2481,"Reactivación Q1 2024",WhatsApp,A,2023-12-03,0,0,0,0.00
71748,2040,"VIP Exclusivo Agosto",SMS,A,2023-08-05,0,0,0,0.00
71749,2050,"Recuperación Carrito Abandonado",Correo,B,2023-02-07,0,0,0,0.00
71750,2220,"VIP Exclusivo Agosto",Push,A,2024-02-28,0,0,0,0.00
71751,2284,"Bienvenida Nuevo Cliente",SMS,A,2024-04-24,0,0,0,0.00
71752,2082,"Cyber Wow Mayo 2024",WhatsApp,B,2024-05-24,0,0,0,0.00
71753,1664,"Fidelización Recurrentes",Correo,A,2022-10-17,0,0,0,0.00
71754,2413,"VIP Exclusivo Agosto",Correo,A,2023-09-30,0,0,0,0.00
71755,2915,"VIP Exclusivo Agosto",Push,A,2023-10-06,0,0,0,0.00
71756,1672,"Fidelización Recurrentes",Correo,A,2022-02-24,0,0,0,0.00
71757,1482,"Black Friday 2023",Correo,B,2024-08-13,1,0,0,0.00
71758,1955,"Día de la Madre 2024",Push,B,2022-11-23,0,0,0,0.00
71759,2242,"Fidelización Recurrentes",Correo,B,2023-12-28,1,0,0,0.00
71760,2572,"Recuperación Carrito Abandonado",Correo,B,2022-10-14,0,0,0,0.00
71761,1321,"VIP Exclusivo Agosto",WhatsApp,B,2022-04-25,1,0,0,0.00
71762,2629,"VIP Exclusivo Agosto",Correo,B,2022-08-22,0,0,0,0.00
71763,1695,"Bienvenida Nuevo Cliente",Push,A,2023-07-14,1,0,0,0.00
71764,1993,"Black Friday 2023",Correo,B,2023-08-09,0,0,0,0.00
71765,1436,"VIP Exclusivo Agosto",WhatsApp,A,2022-12-28,1,0,0,0.00
71766,2813,"Día de la Madre 2024",Correo,B,2023-07-28,1,0,0,0.00
71767,2448,"Black Friday 2023",Push,A,2024-05-20,0,0,0,0.00
71768,2361,"Reactivación Q1 2024",Correo,A,2022-05-27,0,0,0,0.00
71769,1959,"Reactivación Q1 2024",SMS,B,2024-11-05,0,0,0,0.00
71770,1022,"Reactivación Q1 2024",Push,B,2022-02-23,0,0,0,0.00
71771,1240,"Black Friday 2023",WhatsApp,A,2023-10-18,0,0,0,0.00
71772,2143,"Día de la Madre 2024",WhatsApp,B,2022-05-04,0,0,0,0.00
71773,2714,"Reactivación Q1 2024",WhatsApp,A,2022-09-02,0,0,0,0.00
71774,1795,"VIP Exclusivo Agosto",Push,B,2022-05-07,1,0,0,0.00
71775,2425,"Día de la Madre 2024",SMS,A,2022-10-05,0,0,0,0.00
71776,1824,"Fidelización Recurrentes",Correo,A,2022-11-07,1,0,0,0.00
71777,1022,"Cyber Wow Mayo 2024",SMS,A,2022-03-31,0,0,0,0.00
71778,1258,"Reactivación Q1 2024",Push,A,2022-06-27,0,0,0,0.00
71779,2917,"Cyber Wow Mayo 2024",WhatsApp,A,2022-11-22,0,0,0,0.00
71780,2796,"Recuperación Carrito Abandonado",Push,A,2022-10-13,0,0,0,0.00
71781,1164,"Campaña Navidad 2023",Push,B,2024-10-30,0,0,0,0.00
71782,1738,"Cyber Wow Mayo 2024",Push,B,2023-07-03,0,0,0,0.00
71783,2313,"Bienvenida Nuevo Cliente",WhatsApp,B,2023-04-14,0,0,0,0.00
71784,2067,"VIP Exclusivo Agosto",Push,A,2024-12-26,1,0,0,0.00
71785,1170,"Reactivación Q1 2024",Correo,B,2022-03-11,0,0,0,0.00
71786,1654,"Black Friday 2023",Correo,A,2024-01-23,0,0,0,0.00
71787,2768,"Recuperación Carrito Abandonado",Correo,B,2024-04-11,1,0,0,0.00
71788,1028,"Cyber Wow Mayo 2024",WhatsApp,B,2022-10-26,0,0,0,0.00
71789,2734,"Cyber Wow Mayo 2024",Correo,A,2023-07-17,1,0,0,0.00
71790,2209,"Recuperación Carrito Abandonado",SMS,A,2022-10-02,0,0,0,0.00
71791,2586,"Recuperación Carrito Abandonado",Correo,A,2024-10-12,1,0,0,0.00
71792,2048,"Bienvenida Nuevo Cliente",Push,B,2023-02-19,0,0,0,0.00
71793,1504,"Recuperación Carrito Abandonado",Correo,A,2024-09-28,0,0,0,0.00
71794,2552,"Recuperación Carrito Abandonado",WhatsApp,A,2024-10-09,1,0,0,0.00
71795,2050,"VIP Exclusivo Agosto",Correo,B,2024-03-04,0,0,0,0.00
71796,2471,"Día de la Madre 2024",Push,A,2024-12-20,1,0,0,0.00
71797,2622,"Recuperación Carrito Abandonado",SMS,A,2024-08-26,0,0,0,0.00
71798,1670,"VIP Exclusivo Agosto",SMS,B,2022-08-09,1,0,0,0.00
71799,1324,"Black Friday 2023",Correo,B,2022-09-03,0,0,0,0.00
71800,2383,"Fidelización Recurrentes",Correo,A,2023-08-05,1,0,0,0.00
71801,1285,"Black Friday 2023",Push,A,2024-05-23,0,0,0,0.00
71802,1113,"Bienvenida Nuevo Cliente",SMS,B,2022-03-10,1,0,0,0.00
71803,2347,"VIP Exclusivo Agosto",Correo,A,2022-03-31,0,0,0,0.00
71804,2696,"Día de la Madre 2024",Push,B,2023-05-02,1,0,0,0.00
71805,2744,"Reactivación Q1 2024",SMS,B,2022-09-05,1,0,0,0.00
71806,2911,"Cyber Wow Mayo 2024",Push,B,2024-05-29,1,1,0,0.00
71807,1804,"Campaña Navidad 2023",Push,B,2022-09-11,0,0,0,0.00
71808,2176,"VIP Exclusivo Agosto",SMS,B,2024-12-22,0,0,0,0.00
71809,1122,"Fidelización Recurrentes",Correo,B,2022-06-15,0,0,0,0.00
71810,1057,"Campaña Navidad 2023",Push,A,2022-11-11,0,0,0,0.00
71811,2427,"Cyber Wow Mayo 2024",SMS,A,2023-09-15,0,0,0,0.00
71812,1286,"Black Friday 2023",WhatsApp,A,2022-03-04,1,0,0,0.00
71813,2091,"Fidelización Recurrentes",Push,B,2022-10-02,1,0,0,0.00
71814,1219,"Fidelización Recurrentes",SMS,A,2022-11-25,0,0,0,0.00
71815,1314,"Black Friday 2023",SMS,A,2023-10-23,0,0,0,0.00
71816,2230,"Cyber Wow Mayo 2024",Push,A,2024-11-11,0,0,0,0.00
71817,2392,"Black Friday 2023",Correo,A,2022-03-06,1,0,0,0.00
71818,2505,"Campaña Navidad 2023",Push,A,2022-02-08,0,0,0,0.00
71819,2551,"Campaña Navidad 2023",SMS,A,2024-12-19,0,0,0,0.00
71820,2811,"Fidelización Recurrentes",WhatsApp,A,2023-11-14,0,0,0,0.00
71821,2439,"Reactivación Q1 2024",SMS,A,2022-01-19,0,0,0,0.00
71822,1308,"Reactivación Q1 2024",Push,B,2023-09-15,0,0,0,0.00
71823,2535,"Campaña Navidad 2023",Correo,B,2023-05-27,1,0,0,0.00
71824,2163,"Reactivación Q1 2024",Correo,B,2022-07-14,1,0,0,0.00
71825,1219,"VIP Exclusivo Agosto",Push,A,2022-04-26,1,0,0,0.00
71826,2203,"Black Friday 2023",SMS,A,2024-12-05,0,0,0,0.00
71827,2540,"Recuperación Carrito Abandonado",Push,B,2024-04-17,1,1,0,0.00
71828,2380,"Día de la Madre 2024",Push,B,2022-08-18,0,0,0,0.00
71829,1695,"Día de la Madre 2024",WhatsApp,B,2024-04-22,0,0,0,0.00
71830,1763,"Bienvenida Nuevo Cliente",WhatsApp,B,2024-04-16,1,0,0,0.00
71831,2606,"Campaña Navidad 2023",SMS,A,2024-04-12,0,0,0,0.00
71832,1927,"Campaña Navidad 2023",Push,B,2024-11-01,1,0,0,0.00
71833,2294,"Día de la Madre 2024",Push,B,2024-07-23,0,0,0,0.00
71834,2689,"Bienvenida Nuevo Cliente",WhatsApp,A,2024-01-01,0,0,0,0.00
71835,2753,"Recuperación Carrito Abandonado",Correo,B,2023-11-22,0,0,0,0.00
71836,2944,"Recuperación Carrito Abandonado",Push,B,2024-05-09,0,0,0,0.00
71837,1005,"Fidelización Recurrentes",Push,B,2024-11-08,0,0,0,0.00
71838,2896,"Día de la Madre 2024",Correo,A,2024-11-15,0,0,0,0.00
71839,1112,"Black Friday 2023",Correo,B,2023-02-10,1,0,0,0.00
71840,1178,"Día de la Madre 2024",Correo,A,2023-10-24,0,0,0,0.00
71841,2793,"VIP Exclusivo Agosto",Correo,A,2024-11-14,1,0,0,0.00
71842,1155,"Cyber Wow Mayo 2024",Push,A,2023-05-13,0,0,0,0.00
71843,1870,"Recuperación Carrito Abandonado",Push,B,2022-04-06,1,0,0,0.00
71844,2146,"Black Friday 2023",Correo,B,2024-02-16,0,0,0,0.00
71845,1743,"Reactivación Q1 2024",WhatsApp,A,2022-01-22,0,0,0,0.00
71846,1488,"Recuperación Carrito Abandonado",Correo,B,2024-01-12,0,0,0,0.00
71847,2573,"VIP Exclusivo Agosto",Push,A,2024-11-02,1,0,0,0.00
71848,1027,"Bienvenida Nuevo Cliente",Push,A,2024-02-24,1,0,0,0.00
71849,1210,"VIP Exclusivo Agosto",WhatsApp,A,2022-01-08,0,0,0,0.00
71850,2685,"Reactivación Q1 2024",Push,B,2022-05-04,0,0,0,0.00
71851,2232,"Cyber Wow Mayo 2024",Correo,A,2024-01-30,0,0,0,0.00
71852,1093,"Reactivación Q1 2024",WhatsApp,A,2024-12-30,0,0,0,0.00
71853,2368,"Bienvenida Nuevo Cliente",SMS,B,2023-09-19,0,0,0,0.00
71854,2522,"Reactivación Q1 2024",WhatsApp,B,2023-01-12,0,0,0,0.00
71855,1751,"Recuperación Carrito Abandonado",Correo,B,2024-08-11,0,0,0,0.00
71856,1028,"Bienvenida Nuevo Cliente",Correo,B,2023-07-23,0,0,0,0.00
71857,2308,"VIP Exclusivo Agosto",Correo,B,2024-12-10,1,0,0,0.00
71858,2918,"Reactivación Q1 2024",Correo,B,2024-10-24,1,0,0,0.00
71859,1457,"Recuperación Carrito Abandonado",Push,A,2024-07-02,0,0,0,0.00
71860,2296,"Campaña Navidad 2023",SMS,B,2023-07-27,0,0,0,0.00
71861,1943,"Cyber Wow Mayo 2024",Push,B,2024-12-20,0,0,0,0.00
71862,1383,"Recuperación Carrito Abandonado",Push,B,2023-04-16,1,1,0,0.00
71863,1335,"Bienvenida Nuevo Cliente",Correo,B,2023-11-10,1,0,0,0.00
71864,1450,"VIP Exclusivo Agosto",Push,B,2024-08-06,0,0,0,0.00
71865,1045,"Cyber Wow Mayo 2024",Correo,B,2024-10-12,0,0,0,0.00
71866,2847,"VIP Exclusivo Agosto",Correo,A,2022-12-01,0,0,0,0.00
71867,2325,"Cyber Wow Mayo 2024",SMS,A,2022-06-28,0,0,0,0.00
71868,2467,"Día de la Madre 2024",Correo,B,2022-01-14,0,0,0,0.00
71869,2878,"Recuperación Carrito Abandonado",WhatsApp,B,2024-01-13,0,0,0,0.00
71870,2297,"Día de la Madre 2024",Push,A,2023-03-06,0,0,0,0.00
71871,1425,"Black Friday 2023",SMS,A,2022-09-02,0,0,0,0.00
71872,1018,"VIP Exclusivo Agosto",WhatsApp,A,2023-03-11,0,0,0,0.00
71873,1867,"VIP Exclusivo Agosto",Push,B,2024-01-31,0,0,0,0.00
71874,2305,"Campaña Navidad 2023",WhatsApp,B,2022-02-21,1,0,0,0.00
71875,2303,"Cyber Wow Mayo 2024",WhatsApp,A,2022-07-17,0,0,0,0.00
71876,1626,"VIP Exclusivo Agosto",SMS,B,2023-06-05,0,0,0,0.00
71877,1916,"Black Friday 2023",Push,A,2022-01-17,1,0,0,0.00
71878,2010,"Día de la Madre 2024",Correo,A,2024-07-15,1,0,0,0.00
71879,2079,"Bienvenida Nuevo Cliente",SMS,B,2023-08-24,0,0,0,0.00
71880,1730,"Campaña Navidad 2023",SMS,A,2023-02-19,0,0,0,0.00
71881,1797,"Campaña Navidad 2023",SMS,B,2022-06-26,0,0,0,0.00
71882,2918,"Cyber Wow Mayo 2024",SMS,A,2022-09-15,1,0,0,0.00
71883,2420,"Recuperación Carrito Abandonado",WhatsApp,B,2023-09-20,0,0,0,0.00
71884,2110,"Cyber Wow Mayo 2024",Push,A,2024-01-13,0,0,0,0.00
71885,1429,"Día de la Madre 2024",SMS,B,2022-07-04,1,0,0,0.00
71886,2732,"Recuperación Carrito Abandonado",Push,A,2023-03-04,0,0,0,0.00
71887,2421,"Cyber Wow Mayo 2024",SMS,B,2022-08-04,0,0,0,0.00
71888,1580,"Día de la Madre 2024",SMS,B,2024-07-27,0,0,0,0.00
71889,2892,"Bienvenida Nuevo Cliente",Correo,A,2023-10-30,1,0,0,0.00
71890,2261,"Campaña Navidad 2023",Push,B,2023-01-07,0,0,0,0.00
71891,1013,"Campaña Navidad 2023",SMS,B,2022-03-31,0,0,0,0.00
71892,2402,"Black Friday 2023",WhatsApp,B,2023-01-04,0,0,0,0.00
71893,2816,"Día de la Madre 2024",SMS,B,2022-04-19,1,0,0,0.00
71894,2556,"Recuperación Carrito Abandonado",Correo,A,2024-09-14,0,0,0,0.00
71895,2811,"Reactivación Q1 2024",Push,B,2024-04-29,1,0,0,0.00
71896,1566,"Fidelización Recurrentes",Push,A,2023-07-16,0,0,0,0.00
71897,1752,"Bienvenida Nuevo Cliente",Correo,B,2022-02-22,0,0,0,0.00
71898,1069,"Bienvenida Nuevo Cliente",WhatsApp,B,2022-11-04,0,0,0,0.00
71899,1465,"Reactivación Q1 2024",Correo,B,2023-11-02,0,0,0,0.00
71900,2103,"Recuperación Carrito Abandonado",SMS,A,2022-05-04,0,0,0,0.00
71901,1352,"Recuperación Carrito Abandonado",Push,B,2024-03-19,0,0,0,0.00
71902,1546,"Fidelización Recurrentes",Correo,B,2022-03-07,0,0,0,0.00
71903,2605,"Día de la Madre 2024",Correo,A,2024-03-05,0,0,0,0.00
71904,1131,"Cyber Wow Mayo 2024",Correo,B,2022-01-03,1,0,0,0.00
71905,2668,"Black Friday 2023",Correo,B,2024-11-21,0,0,0,0.00
71906,2536,"Cyber Wow Mayo 2024",Correo,A,2023-05-11,1,0,0,0.00
71907,1695,"Black Friday 2023",SMS,A,2023-11-27,0,0,0,0.00
71908,1665,"Recuperación Carrito Abandonado",SMS,B,2023-12-10,1,0,0,0.00
71909,1331,"Black Friday 2023",Correo,B,2022-08-08,1,0,0,0.00
71910,1044,"Día de la Madre 2024",Push,A,2024-10-31,0,0,0,0.00
71911,2993,"VIP Exclusivo Agosto",Correo,B,2023-11-18,0,0,0,0.00
71912,2279,"Fidelización Recurrentes",WhatsApp,A,2022-11-27,0,0,0,0.00
71913,2062,"Black Friday 2023",WhatsApp,A,2022-01-17,0,0,0,0.00
71914,2805,"Fidelización Recurrentes",Correo,A,2022-01-24,0,0,0,0.00
71915,1190,"Día de la Madre 2024",SMS,B,2024-06-12,1,0,0,0.00
71916,1541,"Cyber Wow Mayo 2024",Correo,B,2024-02-09,0,0,0,0.00
71917,1050,"Bienvenida Nuevo Cliente",SMS,B,2022-03-21,0,0,0,0.00
71918,1290,"VIP Exclusivo Agosto",WhatsApp,B,2024-08-27,1,0,0,0.00
71919,2310,"VIP Exclusivo Agosto",WhatsApp,B,2023-01-04,0,0,0,0.00
71920,2190,"Bienvenida Nuevo Cliente",SMS,B,2024-11-05,0,0,0,0.00
71921,2162,"Campaña Navidad 2023",WhatsApp,A,2024-05-06,0,0,0,0.00
71922,2310,"Campaña Navidad 2023",WhatsApp,A,2022-03-04,0,0,0,0.00
71923,2376,"Bienvenida Nuevo Cliente",WhatsApp,A,2023-06-16,0,0,0,0.00
71924,1224,"Recuperación Carrito Abandonado",WhatsApp,A,2024-03-24,0,0,0,0.00
71925,1898,"VIP Exclusivo Agosto",SMS,A,2022-08-04,0,0,0,0.00
71926,1845,"Recuperación Carrito Abandonado",SMS,A,2023-03-05,0,0,0,0.00
71927,2986,"Fidelización Recurrentes",Correo,B,2024-07-18,0,0,0,0.00
71928,2872,"Campaña Navidad 2023",Push,A,2022-07-21,0,0,0,0.00
71929,1283,"Black Friday 2023",Push,B,2022-08-12,0,0,0,0.00
71930,2936,"Cyber Wow Mayo 2024",WhatsApp,B,2024-02-19,1,0,0,0.00
71931,1123,"VIP Exclusivo Agosto",Correo,A,2023-10-15,0,0,0,0.00
71932,1710,"VIP Exclusivo Agosto",Correo,B,2024-05-20,1,1,0,0.00
71933,2731,"Día de la Madre 2024",WhatsApp,B,2023-01-09,1,0,0,0.00
71934,1582,"Bienvenida Nuevo Cliente",SMS,B,2024-08-31,0,0,0,0.00
71935,2978,"Campaña Navidad 2023",WhatsApp,B,2022-04-14,1,0,0,0.00
71936,1664,"VIP Exclusivo Agosto",WhatsApp,B,2022-01-23,1,0,0,0.00
71937,1331,"Fidelización Recurrentes",Correo,B,2022-01-11,0,0,0,0.00
71938,2030,"Black Friday 2023",WhatsApp,A,2023-02-19,0,0,0,0.00
71939,2332,"VIP Exclusivo Agosto",Correo,B,2023-02-09,0,0,0,0.00
71940,2992,"Reactivación Q1 2024",WhatsApp,A,2023-07-24,0,0,0,0.00
71941,1258,"Reactivación Q1 2024",Correo,B,2022-10-03,0,0,0,0.00
71942,1552,"VIP Exclusivo Agosto",Correo,A,2023-02-19,0,0,0,0.00
71943,1637,"Bienvenida Nuevo Cliente",Push,A,2024-11-25,0,0,0,0.00
71944,2943,"Recuperación Carrito Abandonado",Push,B,2022-01-09,0,0,0,0.00
71945,1346,"VIP Exclusivo Agosto",Push,B,2023-08-31,0,0,0,0.00
71946,2517,"VIP Exclusivo Agosto",SMS,A,2023-07-07,0,0,0,0.00
71947,2987,"Fidelización Recurrentes",Push,B,2022-04-30,0,0,0,0.00
71948,1591,"Campaña Navidad 2023",Push,B,2022-09-26,0,0,0,0.00
71949,1815,"Recuperación Carrito Abandonado",Push,B,2023-04-23,0,0,0,0.00
71950,1399,"Día de la Madre 2024",SMS,A,2022-05-15,0,0,0,0.00
71951,1379,"Fidelización Recurrentes",SMS,A,2022-12-27,0,0,0,0.00
71952,1376,"Bienvenida Nuevo Cliente",SMS,A,2024-06-01,0,0,0,0.00
71953,1965,"Cyber Wow Mayo 2024",Correo,B,2023-11-18,0,0,0,0.00
71954,1920,"Cyber Wow Mayo 2024",SMS,B,2022-08-25,0,0,0,0.00
71955,2877,"Día de la Madre 2024",Correo,B,2023-06-18,0,0,0,0.00
71956,1137,"Campaña Navidad 2023",WhatsApp,A,2024-05-11,0,0,0,0.00
71957,1382,"VIP Exclusivo Agosto",Push,A,2022-02-02,1,1,0,0.00
71958,1333,"Día de la Madre 2024",Push,A,2022-10-23,0,0,0,0.00
71959,1029,"Reactivación Q1 2024",WhatsApp,A,2022-10-09,0,0,0,0.00
71960,2471,"Recuperación Carrito Abandonado",Correo,A,2024-03-06,0,0,0,0.00
71961,2131,"Campaña Navidad 2023",Push,A,2024-02-29,1,0,0,0.00
71962,1104,"Cyber Wow Mayo 2024",Push,A,2024-12-17,0,0,0,0.00
71963,2675,"Día de la Madre 2024",Push,A,2022-11-17,0,0,0,0.00
71964,2165,"Día de la Madre 2024",Correo,A,2022-03-02,0,0,0,0.00
71965,2716,"Campaña Navidad 2023",Correo,B,2022-05-31,0,0,0,0.00
71966,2333,"Bienvenida Nuevo Cliente",Correo,A,2023-12-02,0,0,0,0.00
71967,2407,"Black Friday 2023",Push,B,2024-10-07,0,0,0,0.00
71968,2105,"Bienvenida Nuevo Cliente",Correo,A,2024-01-09,0,0,0,0.00
71969,1752,"Black Friday 2023",Push,A,2024-05-15,0,0,0,0.00
71970,2138,"Cyber Wow Mayo 2024",Push,A,2023-01-20,0,0,0,0.00
71971,2865,"Bienvenida Nuevo Cliente",WhatsApp,B,2023-10-09,0,0,0,0.00
71972,1624,"Black Friday 2023",Correo,B,2024-06-20,0,0,0,0.00
71973,2307,"Fidelización Recurrentes",Correo,B,2022-04-01,0,0,0,0.00
71974,2965,"Bienvenida Nuevo Cliente",WhatsApp,B,2022-06-06,1,0,0,0.00
71975,2844,"Black Friday 2023",SMS,B,2022-08-26,1,0,0,0.00
71976,2406,"Bienvenida Nuevo Cliente",Push,A,2022-03-14,0,0,0,0.00
71977,2520,"Cyber Wow Mayo 2024",SMS,A,2022-03-12,0,0,0,0.00
71978,2374,"Campaña Navidad 2023",WhatsApp,B,2024-07-13,0,0,0,0.00
71979,1997,"Día de la Madre 2024",Correo,B,2023-10-05,1,1,0,0.00
71980,2897,"Recuperación Carrito Abandonado",SMS,A,2024-12-21,0,0,0,0.00
71981,1002,"Cyber Wow Mayo 2024",Push,A,2023-09-12,1,0,0,0.00
71982,2521,"Campaña Navidad 2023",SMS,B,2023-07-12,0,0,0,0.00
71983,1013,"Fidelización Recurrentes",SMS,B,2022-01-20,0,0,0,0.00
71984,1416,"Reactivación Q1 2024",Push,A,2023-09-23,0,0,0,0.00
71985,1152,"Reactivación Q1 2024",WhatsApp,B,2022-06-28,1,0,0,0.00
71986,2530,"Bienvenida Nuevo Cliente",Push,A,2023-07-01,0,0,0,0.00
71987,1026,"Black Friday 2023",Correo,A,2023-10-12,1,1,0,0.00
71988,2300,"Cyber Wow Mayo 2024",Correo,A,2024-02-22,0,0,0,0.00
71989,1774,"Recuperación Carrito Abandonado",SMS,B,2022-07-13,0,0,0,0.00
71990,2958,"Campaña Navidad 2023",SMS,B,2023-09-17,1,0,0,0.00
71991,2507,"VIP Exclusivo Agosto",WhatsApp,B,2023-12-01,0,0,0,0.00
71992,2481,"Reactivación Q1 2024",Correo,B,2024-07-07,0,0,0,0.00
71993,1899,"Fidelización Recurrentes",Correo,B,2024-11-10,1,1,0,0.00
71994,1806,"Día de la Madre 2024",SMS,B,2023-03-23,0,0,0,0.00
71995,1680,"Cyber Wow Mayo 2024",Push,A,2023-12-04,0,0,0,0.00
71996,2259,"VIP Exclusivo Agosto",WhatsApp,B,2023-05-02,0,0,0,0.00
71997,1616,"Black Friday 2023",SMS,B,2022-01-18,1,0,0,0.00
71998,2086,"Bienvenida Nuevo Cliente",SMS,B,2023-07-15,1,0,0,0.00
71999,2572,"VIP Exclusivo Agosto",Push,A,2024-10-26,0,0,0,0.00
72000,1408,"Cyber Wow Mayo 2024",SMS,B,2022-02-23,0,0,0,0.00
72001,2591,"Cyber Wow Mayo 2024",SMS,A,2024-01-31,0,0,0,0.00
72002,2608,"Bienvenida Nuevo Cliente",Correo,B,2023-07-12,0,0,0,0.00
72003,1634,"Bienvenida Nuevo Cliente",Correo,A,2023-07-17,1,0,0,0.00
72004,2315,"Cyber Wow Mayo 2024",Push,B,2023-06-21,0,0,0,0.00
72005,1806,"Cyber Wow Mayo 2024",Correo,B,2024-08-01,0,0,0,0.00
72006,1859,"Cyber Wow Mayo 2024",Correo,B,2022-03-12,1,0,0,0.00
72007,2433,"Reactivación Q1 2024",Push,B,2023-07-13,0,0,0,0.00
72008,2184,"Bienvenida Nuevo Cliente",Correo,B,2022-03-19,0,0,0,0.00
72009,2726,"Reactivación Q1 2024",WhatsApp,A,2023-02-07,0,0,0,0.00
72010,1138,"Black Friday 2023",Correo,A,2023-08-19,0,0,0,0.00
72011,2816,"Black Friday 2023",SMS,A,2024-08-19,1,0,0,0.00
72012,2191,"Cyber Wow Mayo 2024",SMS,B,2023-01-06,1,0,0,0.00
72013,2116,"VIP Exclusivo Agosto",Correo,A,2022-12-19,1,0,0,0.00
72014,1668,"Bienvenida Nuevo Cliente",Correo,A,2024-08-13,1,0,0,0.00
72015,1854,"Fidelización Recurrentes",Push,B,2023-06-27,0,0,0,0.00
72016,1318,"VIP Exclusivo Agosto",SMS,B,2022-07-11,1,1,0,0.00
72017,1355,"Fidelización Recurrentes",WhatsApp,A,2024-10-01,0,0,0,0.00
72018,2895,"Campaña Navidad 2023",Push,A,2022-04-11,0,0,0,0.00
72019,1217,"Bienvenida Nuevo Cliente",WhatsApp,A,2023-07-19,0,0,0,0.00
72020,1609,"Black Friday 2023",SMS,A,2023-06-23,0,0,0,0.00
72021,1374,"Black Friday 2023",Correo,B,2024-02-11,0,0,0,0.00
72022,2439,"VIP Exclusivo Agosto",Correo,A,2024-01-16,0,0,0,0.00
72023,1749,"Día de la Madre 2024",WhatsApp,A,2022-12-23,0,0,0,0.00
72024,2830,"Campaña Navidad 2023",Push,A,2024-01-11,0,0,0,0.00
72025,2863,"Fidelización Recurrentes",Push,A,2024-08-29,0,0,0,0.00
72026,1918,"Recuperación Carrito Abandonado",Correo,A,2024-02-24,0,0,0,0.00
72027,1419,"Cyber Wow Mayo 2024",Push,A,2022-12-13,1,0,0,0.00
72028,2487,"Bienvenida Nuevo Cliente",Correo,A,2023-04-14,1,1,0,0.00
72029,2806,"Día de la Madre 2024",SMS,A,2023-10-01,0,0,0,0.00
72030,2238,"Campaña Navidad 2023",Correo,B,2022-11-27,1,0,0,0.00
72031,2458,"Bienvenida Nuevo Cliente",WhatsApp,A,2024-09-21,1,0,0,0.00
72032,2973,"Reactivación Q1 2024",Push,A,2023-01-27,0,0,0,0.00
72033,2044,"Black Friday 2023",SMS,B,2022-04-29,0,0,0,0.00
72034,1729,"Fidelización Recurrentes",Push,B,2023-11-10,0,0,0,0.00
72035,2608,"Fidelización Recurrentes",Correo,B,2024-03-22,0,0,0,0.00
72036,2456,"Bienvenida Nuevo Cliente",Correo,B,2022-09-02,0,0,0,0.00
72037,1128,"Recuperación Carrito Abandonado",WhatsApp,A,2024-01-23,0,0,0,0.00
72038,2009,"Black Friday 2023",SMS,B,2024-05-29,0,0,0,0.00
72039,1034,"Día de la Madre 2024",Correo,B,2024-06-24,1,0,0,0.00
72040,1070,"Campaña Navidad 2023",Correo,A,2022-09-14,1,0,0,0.00
72041,2309,"Reactivación Q1 2024",Push,B,2023-11-15,0,0,0,0.00
72042,2632,"Fidelización Recurrentes",Correo,B,2022-01-28,1,0,0,0.00
72043,2601,"Día de la Madre 2024",SMS,B,2024-05-08,0,0,0,0.00
72044,1388,"Cyber Wow Mayo 2024",Push,B,2024-06-13,1,0,0,0.00
72045,2116,"Fidelización Recurrentes",SMS,B,2022-04-26,1,0,0,0.00
72046,2494,"Recuperación Carrito Abandonado",SMS,B,2022-02-05,0,0,0,0.00
72047,1124,"Cyber Wow Mayo 2024",WhatsApp,A,2023-02-27,0,0,0,0.00
72048,2525,"VIP Exclusivo Agosto",WhatsApp,B,2024-10-14,0,0,0,0.00
72049,2527,"Black Friday 2023",Push,B,2022-05-29,1,0,0,0.00
72050,2409,"Día de la Madre 2024",Correo,B,2024-08-24,0,0,0,0.00
72051,1018,"Campaña Navidad 2023",Correo,A,2024-04-30,0,0,0,0.00
72052,1213,"Reactivación Q1 2024",WhatsApp,B,2023-01-13,0,0,0,0.00
72053,2950,"Campaña Navidad 2023",Correo,A,2023-09-22,0,0,0,0.00
72054,1482,"Recuperación Carrito Abandonado",Correo,B,2022-08-15,0,0,0,0.00
72055,1276,"Reactivación Q1 2024",WhatsApp,A,2023-11-03,0,0,0,0.00
72056,2148,"Bienvenida Nuevo Cliente",SMS,B,2024-08-03,0,0,0,0.00
72057,2830,"Campaña Navidad 2023",Push,A,2023-01-30,0,0,0,0.00
72058,1035,"Día de la Madre 2024",Push,A,2024-10-05,0,0,0,0.00
72059,2675,"Campaña Navidad 2023",WhatsApp,A,2024-12-01,0,0,0,0.00
72060,1373,"Reactivación Q1 2024",Correo,B,2024-08-17,1,1,0,0.00
72061,2564,"Campaña Navidad 2023",SMS,A,2024-05-09,0,0,0,0.00
72062,2851,"Fidelización Recurrentes",WhatsApp,B,2023-06-14,0,0,0,0.00
72063,2189,"Campaña Navidad 2023",SMS,A,2024-11-15,0,0,0,0.00
72064,2477,"Fidelización Recurrentes",Correo,A,2023-07-22,0,0,0,0.00
72065,1849,"Campaña Navidad 2023",Correo,A,2023-10-15,1,0,0,0.00
72066,2367,"Bienvenida Nuevo Cliente",Push,B,2024-03-26,0,0,0,0.00
72067,1210,"Recuperación Carrito Abandonado",SMS,A,2023-06-17,0,0,0,0.00
72068,2289,"Bienvenida Nuevo Cliente",Correo,A,2023-05-08,0,0,0,0.00
72069,1562,"Día de la Madre 2024",Correo,A,2024-11-24,0,0,0,0.00
72070,2639,"Recuperación Carrito Abandonado",WhatsApp,A,2022-03-13,1,0,0,0.00
72071,2678,"Reactivación Q1 2024",WhatsApp,A,2023-03-29,0,0,0,0.00
72072,1542,"Bienvenida Nuevo Cliente",Correo,A,2022-10-10,0,0,0,0.00
72073,2544,"Bienvenida Nuevo Cliente",SMS,A,2022-10-04,1,0,0,0.00
72074,1062,"VIP Exclusivo Agosto",WhatsApp,A,2022-08-01,0,0,0,0.00
72075,1713,"Cyber Wow Mayo 2024",SMS,A,2023-07-30,0,0,0,0.00
72076,1529,"Fidelización Recurrentes",Correo,B,2022-08-10,0,0,0,0.00
72077,2767,"Reactivación Q1 2024",Correo,A,2024-07-27,0,0,0,0.00
72078,1573,"Día de la Madre 2024",SMS,A,2023-03-27,0,0,0,0.00
72079,2590,"Reactivación Q1 2024",Correo,B,2022-02-19,1,0,0,0.00
72080,1832,"Recuperación Carrito Abandonado",Correo,B,2023-01-11,1,0,0,0.00
72081,1335,"Campaña Navidad 2023",Correo,B,2022-02-22,1,0,0,0.00
72082,1896,"Fidelización Recurrentes",SMS,B,2022-11-29,1,0,0,0.00
72083,1593,"Bienvenida Nuevo Cliente",Correo,A,2023-04-25,0,0,0,0.00
72084,2288,"Día de la Madre 2024",SMS,A,2022-02-09,1,0,0,0.00
72085,2354,"VIP Exclusivo Agosto",Correo,A,2024-04-21,0,0,0,0.00
72086,2516,"Día de la Madre 2024",Correo,A,2023-06-09,0,0,0,0.00
72087,1678,"Bienvenida Nuevo Cliente",SMS,B,2023-12-15,0,0,0,0.00
72088,1201,"Fidelización Recurrentes",WhatsApp,B,2022-07-25,0,0,0,0.00
72089,1255,"VIP Exclusivo Agosto",Push,B,2023-03-20,0,0,0,0.00
72090,2167,"Fidelización Recurrentes",Push,A,2024-12-29,0,0,0,0.00
72091,1962,"Campaña Navidad 2023",SMS,A,2023-05-31,0,0,0,0.00
72092,2805,"Fidelización Recurrentes",Push,A,2022-06-14,0,0,0,0.00
72093,2436,"Recuperación Carrito Abandonado",WhatsApp,B,2024-01-11,1,0,0,0.00
72094,1054,"Reactivación Q1 2024",SMS,A,2024-06-11,1,0,0,0.00
72095,1509,"Bienvenida Nuevo Cliente",Push,B,2024-01-29,0,0,0,0.00
72096,1454,"VIP Exclusivo Agosto",Correo,A,2022-08-20,1,0,0,0.00
72097,1614,"Campaña Navidad 2023",WhatsApp,A,2024-02-09,0,0,0,0.00
72098,2875,"Campaña Navidad 2023",Correo,B,2024-09-21,1,0,0,0.00
72099,1481,"Bienvenida Nuevo Cliente",Correo,A,2022-04-25,0,0,0,0.00
72100,2766,"Bienvenida Nuevo Cliente",Push,A,2022-08-10,1,0,0,0.00
72101,2123,"Fidelización Recurrentes",Correo,B,2022-11-03,0,0,0,0.00
72102,2076,"Bienvenida Nuevo Cliente",SMS,B,2022-07-04,0,0,0,0.00
72103,1119,"Bienvenida Nuevo Cliente",SMS,B,2024-05-20,0,0,0,0.00
72104,1579,"Cyber Wow Mayo 2024",Push,B,2022-09-03,0,0,0,0.00
72105,1184,"Bienvenida Nuevo Cliente",SMS,A,2023-06-04,0,0,0,0.00
72106,1737,"Día de la Madre 2024",Correo,A,2022-07-25,0,0,0,0.00
72107,1514,"Día de la Madre 2024",WhatsApp,B,2023-09-16,0,0,0,0.00
72108,2169,"Campaña Navidad 2023",WhatsApp,B,2022-12-29,1,0,0,0.00
72109,1542,"VIP Exclusivo Agosto",WhatsApp,A,2023-01-07,0,0,0,0.00
72110,1707,"Cyber Wow Mayo 2024",Correo,B,2024-04-04,0,0,0,0.00
72111,2733,"Bienvenida Nuevo Cliente",WhatsApp,B,2022-06-10,0,0,0,0.00
72112,1176,"Fidelización Recurrentes",Push,A,2024-02-03,0,0,0,0.00
72113,2827,"Fidelización Recurrentes",Push,B,2023-11-20,0,0,0,0.00
72114,2190,"Día de la Madre 2024",Correo,B,2024-06-02,0,0,0,0.00
72115,2615,"Fidelización Recurrentes",Push,A,2022-11-07,1,0,0,0.00
72116,1266,"VIP Exclusivo Agosto",SMS,A,2022-04-08,0,0,0,0.00
72117,1307,"Black Friday 2023",Correo,B,2024-11-04,0,0,0,0.00
72118,2146,"VIP Exclusivo Agosto",Correo,A,2023-08-05,0,0,0,0.00
72119,1060,"VIP Exclusivo Agosto",Push,A,2024-02-07,0,0,0,0.00
72120,1173,"Campaña Navidad 2023",SMS,A,2022-02-07,0,0,0,0.00
72121,1766,"Cyber Wow Mayo 2024",Correo,B,2023-09-08,0,0,0,0.00
72122,2762,"Recuperación Carrito Abandonado",SMS,A,2024-08-13,0,0,0,0.00
72123,1856,"VIP Exclusivo Agosto",Correo,A,2022-09-03,1,0,0,0.00
72124,1996,"Cyber Wow Mayo 2024",Correo,B,2023-08-08,0,0,0,0.00
72125,1035,"Campaña Navidad 2023",Push,B,2022-09-18,0,0,0,0.00
72126,1733,"Reactivación Q1 2024",WhatsApp,A,2022-10-21,0,0,0,0.00
72127,1044,"Campaña Navidad 2023",SMS,A,2022-03-29,1,0,0,0.00
72128,2487,"Fidelización Recurrentes",WhatsApp,B,2024-01-28,0,0,0,0.00
72129,1722,"Black Friday 2023",WhatsApp,A,2024-10-19,0,0,0,0.00
72130,1167,"VIP Exclusivo Agosto",Correo,A,2022-10-22,0,0,0,0.00
72131,1994,"Bienvenida Nuevo Cliente",SMS,B,2022-09-06,0,0,0,0.00
72132,1459,"Día de la Madre 2024",Correo,A,2022-05-14,0,0,0,0.00
72133,2246,"Recuperación Carrito Abandonado",Correo,A,2023-12-28,1,0,0,0.00
72134,2850,"Fidelización Recurrentes",Push,A,2022-10-07,1,0,0,0.00
72135,1373,"Campaña Navidad 2023",WhatsApp,B,2024-10-01,1,0,0,0.00
72136,2256,"Día de la Madre 2024",Push,A,2024-10-15,0,0,0,0.00
72137,2902,"Bienvenida Nuevo Cliente",SMS,A,2024-01-29,1,0,0,0.00
72138,1192,"Fidelización Recurrentes",SMS,B,2022-10-23,0,0,0,0.00
72139,1283,"Black Friday 2023",Push,B,2022-11-18,1,0,0,0.00
72140,2448,"VIP Exclusivo Agosto",Push,B,2023-08-04,0,0,0,0.00
72141,1626,"VIP Exclusivo Agosto",SMS,A,2024-04-10,0,0,0,0.00
72142,2103,"Reactivación Q1 2024",Correo,B,2023-09-12,1,0,0,0.00
72143,1606,"Bienvenida Nuevo Cliente",SMS,A,2022-12-21,0,0,0,0.00
72144,2883,"Black Friday 2023",WhatsApp,B,2022-03-20,0,0,0,0.00
72145,1825,"Black Friday 2023",Correo,A,2023-03-10,0,0,0,0.00
72146,1984,"Recuperación Carrito Abandonado",Push,B,2023-04-13,1,0,0,0.00
72147,2292,"Black Friday 2023",Push,A,2024-02-17,0,0,0,0.00
72148,1814,"Día de la Madre 2024",SMS,B,2024-12-24,0,0,0,0.00
72149,1924,"Cyber Wow Mayo 2024",Correo,A,2024-02-06,0,0,0,0.00
72150,2048,"Bienvenida Nuevo Cliente",Push,B,2022-05-06,1,0,0,0.00
72151,2334,"Cyber Wow Mayo 2024",SMS,B,2022-04-14,0,0,0,0.00
72152,2284,"Bienvenida Nuevo Cliente",Correo,A,2022-09-24,1,0,0,0.00
72153,2473,"Black Friday 2023",Correo,A,2022-05-19,1,0,0,0.00
72154,1605,"Recuperación Carrito Abandonado",Push,B,2022-07-18,0,0,0,0.00
72155,1219,"Recuperación Carrito Abandonado",SMS,A,2022-03-11,1,0,0,0.00
72156,2945,"Reactivación Q1 2024",Correo,B,2024-09-26,0,0,0,0.00
72157,2331,"Reactivación Q1 2024",Push,B,2022-09-08,0,0,0,0.00
72158,2568,"Campaña Navidad 2023",Correo,B,2023-04-08,0,0,0,0.00
72159,2413,"Cyber Wow Mayo 2024",Push,B,2023-03-30,1,0,0,0.00
72160,2855,"Campaña Navidad 2023",WhatsApp,B,2022-09-15,0,0,0,0.00
72161,2258,"VIP Exclusivo Agosto",WhatsApp,A,2023-08-14,0,0,0,0.00
72162,1389,"Cyber Wow Mayo 2024",Correo,B,2022-05-14,0,0,0,0.00
72163,1070,"Día de la Madre 2024",SMS,B,2024-08-24,1,1,0,0.00
72164,1358,"Cyber Wow Mayo 2024",Push,B,2022-07-03,0,0,0,0.00
72165,2286,"Día de la Madre 2024",SMS,A,2022-06-12,0,0,0,0.00
72166,2604,"Día de la Madre 2024",Push,A,2022-08-30,0,0,0,0.00
72167,2926,"Black Friday 2023",WhatsApp,A,2022-01-21,1,0,0,0.00
72168,2990,"Bienvenida Nuevo Cliente",Correo,A,2023-08-10,0,0,0,0.00
72169,1707,"VIP Exclusivo Agosto",WhatsApp,B,2024-12-10,0,0,0,0.00
72170,2092,"Cyber Wow Mayo 2024",Correo,B,2022-11-25,0,0,0,0.00
72171,2433,"Cyber Wow Mayo 2024",Correo,B,2024-05-20,0,0,0,0.00
72172,1369,"Recuperación Carrito Abandonado",SMS,A,2023-10-20,0,0,0,0.00
72173,2749,"Recuperación Carrito Abandonado",Correo,A,2024-12-20,0,0,0,0.00
72174,1726,"Black Friday 2023",SMS,B,2024-01-05,0,0,0,0.00
72175,1936,"Campaña Navidad 2023",WhatsApp,A,2022-05-29,0,0,0,0.00
72176,2011,"Día de la Madre 2024",WhatsApp,B,2022-08-13,0,0,0,0.00
72177,2873,"Recuperación Carrito Abandonado",Correo,B,2024-12-04,1,0,0,0.00
72178,1195,"Black Friday 2023",SMS,B,2024-01-16,0,0,0,0.00
72179,1085,"Fidelización Recurrentes",Correo,A,2023-07-17,0,0,0,0.00
72180,1344,"Bienvenida Nuevo Cliente",Push,A,2024-04-18,1,0,0,0.00
72181,1577,"Fidelización Recurrentes",Correo,B,2022-01-13,0,0,0,0.00
72182,1404,"Día de la Madre 2024",WhatsApp,A,2024-04-27,1,0,0,0.00
72183,2145,"Campaña Navidad 2023",WhatsApp,B,2023-06-11,0,0,0,0.00
72184,2506,"Black Friday 2023",Correo,A,2023-01-22,0,0,0,0.00
72185,2148,"Fidelización Recurrentes",WhatsApp,A,2022-07-06,0,0,0,0.00
72186,1065,"Recuperación Carrito Abandonado",WhatsApp,B,2023-12-11,0,0,0,0.00
72187,1503,"Bienvenida Nuevo Cliente",SMS,A,2024-10-25,0,0,0,0.00
72188,1518,"Fidelización Recurrentes",Correo,A,2022-07-26,0,0,0,0.00
72189,2595,"Fidelización Recurrentes",WhatsApp,B,2023-04-02,0,0,0,0.00
72190,2017,"VIP Exclusivo Agosto",SMS,A,2024-06-20,0,0,0,0.00
72191,1642,"Campaña Navidad 2023",WhatsApp,A,2024-08-25,0,0,0,0.00
72192,2568,"Reactivación Q1 2024",SMS,A,2024-01-27,0,0,0,0.00
72193,2653,"Recuperación Carrito Abandonado",Correo,B,2023-10-26,0,0,0,0.00
72194,2361,"Bienvenida Nuevo Cliente",Push,A,2024-07-20,0,0,0,0.00
72195,2891,"Día de la Madre 2024",Push,A,2023-06-10,0,0,0,0.00
72196,1195,"Black Friday 2023",SMS,A,2023-08-05,1,0,0,0.00
72197,1822,"Bienvenida Nuevo Cliente",SMS,B,2024-08-04,1,0,0,0.00
72198,1016,"Black Friday 2023",Correo,A,2023-08-06,0,0,0,0.00
72199,2982,"VIP Exclusivo Agosto",WhatsApp,A,2024-08-04,0,0,0,0.00
72200,2897,"Recuperación Carrito Abandonado",Correo,B,2023-06-21,0,0,0,0.00
72201,1513,"VIP Exclusivo Agosto",WhatsApp,B,2023-07-07,0,0,0,0.00
72202,2332,"Reactivación Q1 2024",Push,B,2022-10-05,0,0,0,0.00
72203,1632,"VIP Exclusivo Agosto",Correo,B,2022-12-24,1,0,0,0.00
72204,1270,"Reactivación Q1 2024",WhatsApp,B,2022-10-24,0,0,0,0.00
72205,2346,"Día de la Madre 2024",Push,B,2022-08-10,1,0,0,0.00
72206,1920,"Cyber Wow Mayo 2024",Push,A,2023-07-19,0,0,0,0.00
72207,1037,"Reactivación Q1 2024",Push,A,2023-01-22,1,0,0,0.00
72208,2052,"Fidelización Recurrentes",SMS,B,2022-07-19,1,1,0,0.00
72209,2503,"Día de la Madre 2024",Correo,A,2024-08-27,0,0,0,0.00
72210,2439,"Black Friday 2023",Push,B,2022-07-04,0,0,0,0.00
72211,2330,"Cyber Wow Mayo 2024",Push,B,2024-11-09,0,0,0,0.00
72212,1689,"Cyber Wow Mayo 2024",Push,A,2023-10-31,0,0,0,0.00
72213,1084,"Bienvenida Nuevo Cliente",SMS,A,2022-04-23,0,0,0,0.00
72214,1565,"Fidelización Recurrentes",Push,A,2022-12-06,0,0,0,0.00
72215,1110,"Día de la Madre 2024",Push,B,2023-10-03,0,0,0,0.00
72216,1204,"Fidelización Recurrentes",WhatsApp,B,2024-11-19,0,0,0,0.00
72217,2478,"Bienvenida Nuevo Cliente",WhatsApp,B,2024-05-30,0,0,0,0.00
72218,2559,"Recuperación Carrito Abandonado",SMS,A,2024-12-20,0,0,0,0.00
72219,2896,"VIP Exclusivo Agosto",Correo,B,2022-06-16,0,0,0,0.00
72220,1660,"Fidelización Recurrentes",Push,A,2024-12-29,0,0,0,0.00
72221,1599,"Campaña Navidad 2023",Correo,B,2022-08-23,0,0,0,0.00
72222,1480,"Día de la Madre 2024",Push,B,2023-04-20,1,0,0,0.00
72223,1067,"Reactivación Q1 2024",Correo,B,2022-04-17,0,0,0,0.00
72224,1027,"Campaña Navidad 2023",Push,B,2024-01-21,0,0,0,0.00
72225,1286,"Cyber Wow Mayo 2024",Push,A,2024-10-03,0,0,0,0.00
72226,1845,"Reactivación Q1 2024",Correo,B,2023-06-17,1,0,0,0.00
72227,2322,"Cyber Wow Mayo 2024",Push,B,2023-04-19,0,0,0,0.00
72228,1643,"Black Friday 2023",Push,B,2024-01-21,0,0,0,0.00
72229,1408,"Bienvenida Nuevo Cliente",SMS,A,2022-02-09,0,0,0,0.00
72230,1296,"Black Friday 2023",SMS,A,2023-08-25,1,1,0,0.00
72231,2532,"Campaña Navidad 2023",Push,A,2023-05-01,0,0,0,0.00
72232,2775,"Bienvenida Nuevo Cliente",Push,A,2023-07-13,1,0,0,0.00
72233,2533,"Reactivación Q1 2024",WhatsApp,A,2022-12-22,0,0,0,0.00
72234,2139,"Reactivación Q1 2024",Push,B,2024-02-14,0,0,0,0.00
72235,2649,"Día de la Madre 2024",Correo,A,2022-08-01,1,0,0,0.00
72236,1052,"Recuperación Carrito Abandonado",WhatsApp,B,2022-09-14,0,0,0,0.00
72237,2922,"Día de la Madre 2024",Correo,A,2023-11-26,0,0,0,0.00
72238,1058,"Fidelización Recurrentes",Correo,A,2022-07-20,0,0,0,0.00
72239,1312,"Cyber Wow Mayo 2024",Correo,A,2023-01-14,0,0,0,0.00
72240,2360,"Campaña Navidad 2023",Correo,B,2022-08-22,0,0,0,0.00
72241,1174,"Reactivación Q1 2024",WhatsApp,A,2024-12-20,0,0,0,0.00
72242,1244,"Cyber Wow Mayo 2024",SMS,A,2023-04-21,0,0,0,0.00
72243,2467,"Reactivación Q1 2024",WhatsApp,A,2024-01-24,0,0,0,0.00
72244,2697,"Fidelización Recurrentes",Push,B,2022-09-02,0,0,0,0.00
72245,1311,"Día de la Madre 2024",Push,B,2023-06-19,0,0,0,0.00
72246,2415,"Fidelización Recurrentes",Correo,B,2022-06-21,0,0,0,0.00
72247,1597,"Campaña Navidad 2023",Correo,A,2023-10-22,0,0,0,0.00
72248,2457,"Black Friday 2023",Push,B,2022-01-12,0,0,0,0.00
72249,2380,"Cyber Wow Mayo 2024",Correo,A,2022-07-10,0,0,0,0.00
72250,2792,"Reactivación Q1 2024",SMS,B,2023-08-13,1,0,0,0.00
72251,2158,"VIP Exclusivo Agosto",WhatsApp,A,2022-01-26,0,0,0,0.00
72252,1442,"Bienvenida Nuevo Cliente",WhatsApp,B,2024-09-11,0,0,0,0.00
72253,2377,"VIP Exclusivo Agosto",Correo,A,2022-03-08,1,0,0,0.00
72254,2646,"Reactivación Q1 2024",SMS,A,2022-07-07,0,0,0,0.00
72255,1264,"Black Friday 2023",SMS,A,2023-10-31,0,0,0,0.00
72256,1627,"Fidelización Recurrentes",SMS,B,2023-02-25,0,0,0,0.00
72257,1830,"Black Friday 2023",WhatsApp,B,2022-02-06,0,0,0,0.00
72258,1480,"Reactivación Q1 2024",SMS,A,2022-05-01,0,0,0,0.00
72259,1063,"Campaña Navidad 2023",Correo,A,2023-05-23,0,0,0,0.00
72260,2347,"Recuperación Carrito Abandonado",SMS,B,2022-09-08,0,0,0,0.00
72261,2566,"Cyber Wow Mayo 2024",Correo,B,2024-10-18,0,0,0,0.00
72262,1743,"Reactivación Q1 2024",SMS,A,2023-02-07,0,0,0,0.00
72263,1344,"Campaña Navidad 2023",WhatsApp,A,2023-06-17,0,0,0,0.00
72264,1196,"Bienvenida Nuevo Cliente",Correo,A,2024-03-26,0,0,0,0.00
72265,2816,"Reactivación Q1 2024",Push,B,2022-02-14,0,0,0,0.00
72266,1885,"Recuperación Carrito Abandonado",Correo,A,2023-05-13,1,1,0,0.00
72267,2958,"Día de la Madre 2024",WhatsApp,B,2022-12-31,0,0,0,0.00
72268,1682,"Fidelización Recurrentes",Correo,B,2022-06-23,0,0,0,0.00
72269,2130,"Día de la Madre 2024",Push,B,2023-01-04,1,0,0,0.00
72270,2920,"Recuperación Carrito Abandonado",Push,B,2022-01-13,0,0,0,0.00
72271,2689,"Reactivación Q1 2024",Correo,A,2023-04-01,0,0,0,0.00
72272,1270,"Cyber Wow Mayo 2024",WhatsApp,A,2022-01-20,0,0,0,0.00
72273,1975,"Campaña Navidad 2023",Correo,B,2023-04-11,0,0,0,0.00
72274,1471,"Campaña Navidad 2023",Correo,B,2023-12-01,0,0,0,0.00
72275,1972,"Día de la Madre 2024",SMS,A,2024-02-06,1,0,0,0.00
72276,2422,"Reactivación Q1 2024",Correo,A,2022-05-03,1,0,0,0.00
72277,1172,"VIP Exclusivo Agosto",Correo,B,2024-07-24,0,0,0,0.00
72278,2773,"Black Friday 2023",WhatsApp,B,2023-01-15,1,0,0,0.00
72279,2101,"Bienvenida Nuevo Cliente",Correo,B,2024-09-29,1,0,0,0.00
72280,1060,"Campaña Navidad 2023",Correo,B,2023-03-16,0,0,0,0.00
72281,2584,"Día de la Madre 2024",SMS,A,2022-05-08,0,0,0,0.00
72282,1219,"Día de la Madre 2024",Correo,B,2024-03-27,0,0,0,0.00
72283,2746,"Campaña Navidad 2023",SMS,B,2023-04-25,0,0,0,0.00
72284,2570,"Bienvenida Nuevo Cliente",Correo,A,2022-04-09,0,0,0,0.00
72285,2131,"Reactivación Q1 2024",Correo,A,2024-06-27,0,0,0,0.00
72286,2528,"Fidelización Recurrentes",WhatsApp,B,2023-12-03,0,0,0,0.00
72287,2032,"Bienvenida Nuevo Cliente",Correo,A,2023-05-25,0,0,0,0.00
72288,2523,"Cyber Wow Mayo 2024",Push,A,2023-11-29,1,0,0,0.00
72289,2557,"VIP Exclusivo Agosto",Correo,B,2022-01-01,1,0,0,0.00
72290,2302,"Black Friday 2023",WhatsApp,B,2022-03-05,0,0,0,0.00
72291,2331,"Campaña Navidad 2023",SMS,A,2024-01-08,0,0,0,0.00
72292,1416,"Black Friday 2023",SMS,A,2023-12-13,0,0,0,0.00
72293,2726,"Campaña Navidad 2023",SMS,B,2023-02-25,0,0,0,0.00
72294,2460,"Bienvenida Nuevo Cliente",WhatsApp,B,2022-07-10,0,0,0,0.00
72295,1839,"Fidelización Recurrentes",SMS,A,2024-05-31,1,0,0,0.00
72296,2317,"Reactivación Q1 2024",SMS,A,2024-10-27,0,0,0,0.00
72297,2330,"Reactivación Q1 2024",Push,A,2022-02-23,0,0,0,0.00
72298,1073,"Black Friday 2023",Correo,B,2022-06-28,0,0,0,0.00
72299,1489,"Bienvenida Nuevo Cliente",Push,A,2022-11-24,0,0,0,0.00
72300,1044,"Día de la Madre 2024",SMS,A,2023-09-13,1,1,0,0.00
72301,1468,"VIP Exclusivo Agosto",Correo,B,2023-08-20,0,0,0,0.00
72302,1606,"Fidelización Recurrentes",SMS,B,2022-06-22,0,0,0,0.00
72303,1673,"Recuperación Carrito Abandonado",Push,B,2022-02-16,1,0,0,0.00
72304,2345,"Recuperación Carrito Abandonado",Correo,A,2023-07-14,1,0,0,0.00
72305,2107,"Recuperación Carrito Abandonado",Correo,B,2022-01-08,0,0,0,0.00
72306,1714,"Reactivación Q1 2024",WhatsApp,A,2022-04-20,0,0,0,0.00
72307,2467,"Bienvenida Nuevo Cliente",Push,A,2022-02-09,0,0,0,0.00
72308,1596,"VIP Exclusivo Agosto",Correo,B,2022-01-06,0,0,0,0.00
72309,2376,"Fidelización Recurrentes",Correo,B,2022-12-22,1,0,0,0.00
72310,1145,"Fidelización Recurrentes",WhatsApp,A,2023-02-14,1,1,0,0.00
72311,2494,"Campaña Navidad 2023",WhatsApp,B,2024-03-24,0,0,0,0.00
72312,2535,"Black Friday 2023",Push,A,2023-05-05,0,0,0,0.00
72313,1942,"Black Friday 2023",WhatsApp,A,2023-06-24,0,0,0,0.00
72314,1633,"VIP Exclusivo Agosto",SMS,B,2024-04-04,0,0,0,0.00
72315,2286,"Fidelización Recurrentes",SMS,B,2024-05-09,1,0,0,0.00
72316,2128,"Fidelización Recurrentes",Correo,B,2023-05-06,0,0,0,0.00
72317,2328,"Cyber Wow Mayo 2024",SMS,A,2022-07-24,1,0,0,0.00
72318,2461,"Black Friday 2023",Correo,A,2022-08-09,0,0,0,0.00
72319,1066,"Recuperación Carrito Abandonado",Correo,A,2022-02-07,1,0,0,0.00
72320,2654,"Campaña Navidad 2023",Push,A,2024-07-10,0,0,0,0.00
72321,1537,"Recuperación Carrito Abandonado",Push,B,2022-04-11,0,0,0,0.00
72322,2998,"Recuperación Carrito Abandonado",Correo,B,2022-09-03,0,0,0,0.00
72323,2152,"Cyber Wow Mayo 2024",Correo,B,2022-04-07,1,0,0,0.00
72324,2154,"Reactivación Q1 2024",SMS,B,2022-05-31,0,0,0,0.00
72325,1361,"Día de la Madre 2024",Correo,B,2023-03-06,1,0,0,0.00
72326,2945,"Bienvenida Nuevo Cliente",SMS,A,2022-08-28,0,0,0,0.00
72327,2461,"Recuperación Carrito Abandonado",Correo,A,2023-11-12,1,0,0,0.00
72328,1522,"Día de la Madre 2024",Push,A,2024-03-24,0,0,0,0.00
72329,1859,"Cyber Wow Mayo 2024",Push,A,2024-04-30,0,0,0,0.00
72330,1926,"VIP Exclusivo Agosto",SMS,A,2024-07-12,0,0,0,0.00
72331,2905,"Campaña Navidad 2023",Correo,B,2022-04-12,0,0,0,0.00
72332,2348,"Día de la Madre 2024",SMS,A,2022-09-07,0,0,0,0.00
72333,2298,"Campaña Navidad 2023",Push,A,2024-09-10,0,0,0,0.00
72334,2088,"Recuperación Carrito Abandonado",Correo,B,2023-08-29,1,0,0,0.00
72335,1717,"VIP Exclusivo Agosto",WhatsApp,B,2022-04-07,0,0,0,0.00
72336,2776,"Reactivación Q1 2024",Correo,B,2022-06-30,0,0,0,0.00
72337,1945,"Día de la Madre 2024",Correo,B,2023-10-09,0,0,0,0.00
72338,2841,"VIP Exclusivo Agosto",Correo,A,2022-06-20,1,0,0,0.00
72339,2477,"Cyber Wow Mayo 2024",Correo,A,2023-01-14,0,0,0,0.00
72340,1180,"Black Friday 2023",Correo,A,2024-01-17,0,0,0,0.00
72341,1339,"Fidelización Recurrentes",WhatsApp,A,2023-07-02,0,0,0,0.00
72342,1126,"Recuperación Carrito Abandonado",WhatsApp,B,2024-08-02,0,0,0,0.00
72343,1452,"Fidelización Recurrentes",Correo,B,2022-11-30,0,0,0,0.00
72344,1825,"Reactivación Q1 2024",Correo,A,2022-08-24,0,0,0,0.00
72345,1486,"Reactivación Q1 2024",Push,A,2024-06-10,0,0,0,0.00
72346,1127,"Reactivación Q1 2024",SMS,B,2024-10-22,1,0,0,0.00
72347,2666,"Campaña Navidad 2023",WhatsApp,A,2023-10-01,1,0,0,0.00
72348,1605,"Día de la Madre 2024",Correo,A,2024-11-02,1,0,0,0.00
72349,1949,"Campaña Navidad 2023",Correo,A,2023-09-21,0,0,0,0.00
72350,2682,"Bienvenida Nuevo Cliente",Push,A,2024-12-31,0,0,0,0.00
72351,2418,"Reactivación Q1 2024",WhatsApp,B,2023-01-04,0,0,0,0.00
72352,1829,"Black Friday 2023",SMS,A,2023-11-17,0,0,0,0.00
72353,2944,"Recuperación Carrito Abandonado",WhatsApp,A,2023-06-04,1,0,0,0.00
72354,1090,"Día de la Madre 2024",Push,A,2022-03-28,0,0,0,0.00
72355,2709,"Cyber Wow Mayo 2024",Correo,B,2022-12-02,1,0,0,0.00
72356,1051,"Cyber Wow Mayo 2024",WhatsApp,B,2023-06-08,0,0,0,0.00
72357,2517,"Cyber Wow Mayo 2024",WhatsApp,B,2022-10-02,1,0,0,0.00
72358,1489,"Recuperación Carrito Abandonado",Push,B,2023-12-31,0,0,0,0.00
72359,2985,"Black Friday 2023",Correo,A,2024-05-27,0,0,0,0.00
72360,1590,"Día de la Madre 2024",Push,B,2023-09-26,0,0,0,0.00
72361,1836,"VIP Exclusivo Agosto",Correo,B,2024-10-11,1,0,0,0.00
72362,2049,"Campaña Navidad 2023",Push,B,2023-07-19,1,0,0,0.00
72363,1148,"VIP Exclusivo Agosto",Correo,B,2023-12-15,1,0,0,0.00
72364,2705,"Recuperación Carrito Abandonado",Push,A,2023-08-05,0,0,0,0.00
72365,1527,"VIP Exclusivo Agosto",Push,B,2023-03-09,0,0,0,0.00
72366,1541,"Reactivación Q1 2024",Correo,A,2023-12-23,0,0,0,0.00
72367,1950,"Campaña Navidad 2023",Correo,A,2023-12-20,0,0,0,0.00
72368,2636,"Recuperación Carrito Abandonado",Push,A,2022-05-25,0,0,0,0.00
72369,1440,"Black Friday 2023",Correo,B,2023-12-09,0,0,0,0.00
72370,2673,"Campaña Navidad 2023",WhatsApp,B,2022-07-10,0,0,0,0.00
72371,2773,"Día de la Madre 2024",WhatsApp,B,2024-08-03,0,0,0,0.00
72372,1644,"Black Friday 2023",Correo,A,2024-05-31,0,0,0,0.00
72373,2773,"Fidelización Recurrentes",WhatsApp,A,2024-01-14,0,0,0,0.00
72374,1681,"Fidelización Recurrentes",SMS,A,2024-05-21,1,0,0,0.00
72375,2243,"Campaña Navidad 2023",Push,B,2024-03-24,1,0,0,0.00
72376,2101,"Recuperación Carrito Abandonado",SMS,A,2024-01-04,0,0,0,0.00
72377,2576,"Reactivación Q1 2024",Push,B,2024-02-08,1,0,0,0.00
72378,2004,"Bienvenida Nuevo Cliente",Correo,A,2023-03-03,0,0,0,0.00
72379,1022,"Fidelización Recurrentes",Correo,A,2022-06-22,1,0,0,0.00
72380,2411,"Día de la Madre 2024",SMS,A,2023-11-11,0,0,0,0.00
72381,2448,"Campaña Navidad 2023",Push,A,2022-09-28,1,0,0,0.00
72382,1584,"Black Friday 2023",SMS,A,2022-10-13,1,0,0,0.00
72383,2547,"Día de la Madre 2024",Push,A,2024-05-15,0,0,0,0.00
72384,2111,"Reactivación Q1 2024",Push,B,2023-10-06,0,0,0,0.00
72385,2361,"Fidelización Recurrentes",Correo,A,2023-11-22,0,0,0,0.00
72386,1960,"Reactivación Q1 2024",WhatsApp,B,2023-03-31,1,1,0,0.00
72387,1916,"Campaña Navidad 2023",SMS,A,2022-01-03,0,0,0,0.00
72388,2002,"Fidelización Recurrentes",WhatsApp,A,2024-06-02,0,0,0,0.00
72389,1676,"Bienvenida Nuevo Cliente",Push,B,2024-08-09,0,0,0,0.00
72390,1727,"Black Friday 2023",Push,B,2024-04-16,0,0,0,0.00
72391,1834,"Cyber Wow Mayo 2024",WhatsApp,A,2023-11-13,0,0,0,0.00
72392,1333,"Bienvenida Nuevo Cliente",SMS,A,2024-11-10,0,0,0,0.00
72393,2137,"Campaña Navidad 2023",SMS,A,2022-03-23,1,0,0,0.00
72394,2216,"Fidelización Recurrentes",SMS,A,2023-07-19,0,0,0,0.00
72395,1531,"Reactivación Q1 2024",Correo,A,2024-02-22,0,0,0,0.00
72396,2513,"Cyber Wow Mayo 2024",WhatsApp,A,2023-01-30,1,0,0,0.00
72397,2280,"Black Friday 2023",WhatsApp,B,2022-03-24,1,0,0,0.00
72398,1971,"Reactivación Q1 2024",SMS,B,2023-12-20,0,0,0,0.00
72399,2042,"Cyber Wow Mayo 2024",Correo,B,2023-03-09,0,0,0,0.00
72400,1498,"Cyber Wow Mayo 2024",Push,B,2022-03-08,0,0,0,0.00
72401,1583,"Campaña Navidad 2023",Correo,B,2024-11-19,0,0,0,0.00
72402,2805,"Recuperación Carrito Abandonado",Push,A,2024-12-22,0,0,0,0.00
72403,2963,"Campaña Navidad 2023",Correo,A,2024-04-10,0,0,0,0.00
72404,1438,"Cyber Wow Mayo 2024",Correo,A,2024-02-18,1,0,0,0.00
72405,1186,"VIP Exclusivo Agosto",Push,B,2023-08-06,0,0,0,0.00
72406,2142,"Cyber Wow Mayo 2024",SMS,A,2024-10-10,0,0,0,0.00
72407,1389,"Recuperación Carrito Abandonado",Push,B,2024-05-12,0,0,0,0.00
72408,1729,"Fidelización Recurrentes",SMS,A,2024-05-25,0,0,0,0.00
72409,1599,"Fidelización Recurrentes",Push,A,2023-08-24,0,0,0,0.00
72410,1295,"Black Friday 2023",WhatsApp,A,2023-03-14,1,0,0,0.00
72411,1425,"Fidelización Recurrentes",SMS,B,2023-10-28,1,0,0,0.00
72412,1595,"Recuperación Carrito Abandonado",Correo,A,2024-08-15,0,0,0,0.00
72413,2164,"Recuperación Carrito Abandonado",Push,B,2023-02-19,0,0,0,0.00
72414,2392,"Bienvenida Nuevo Cliente",WhatsApp,B,2024-09-09,0,0,0,0.00
72415,1865,"Recuperación Carrito Abandonado",Push,A,2023-07-14,0,0,0,0.00
72416,2943,"VIP Exclusivo Agosto",WhatsApp,A,2023-09-01,0,0,0,0.00
72417,1906,"Fidelización Recurrentes",SMS,B,2023-01-24,1,0,0,0.00
72418,2222,"VIP Exclusivo Agosto",SMS,B,2023-09-06,0,0,0,0.00
72419,1007,"Bienvenida Nuevo Cliente",SMS,B,2022-04-09,1,0,0,0.00
72420,2037,"VIP Exclusivo Agosto",Correo,B,2024-02-20,0,0,0,0.00
72421,1741,"Día de la Madre 2024",Push,B,2024-06-30,0,0,0,0.00
72422,1924,"Black Friday 2023",WhatsApp,B,2024-07-19,0,0,0,0.00
72423,1670,"Día de la Madre 2024",Correo,A,2022-11-05,0,0,0,0.00
72424,1469,"VIP Exclusivo Agosto",Correo,A,2024-05-30,1,0,0,0.00
72425,1886,"Bienvenida Nuevo Cliente",SMS,A,2024-08-17,0,0,0,0.00
72426,2323,"Cyber Wow Mayo 2024",WhatsApp,A,2023-01-21,0,0,0,0.00
72427,2680,"Cyber Wow Mayo 2024",Push,B,2024-07-29,0,0,0,0.00
72428,2507,"Campaña Navidad 2023",SMS,B,2022-01-11,0,0,0,0.00
72429,2384,"VIP Exclusivo Agosto",Correo,B,2022-04-02,0,0,0,0.00
72430,1684,"Reactivación Q1 2024",Push,B,2023-10-10,1,1,0,0.00
72431,1992,"Black Friday 2023",WhatsApp,A,2024-06-01,1,0,0,0.00
72432,1947,"Reactivación Q1 2024",SMS,A,2024-07-12,0,0,0,0.00
72433,2620,"Recuperación Carrito Abandonado",Correo,B,2024-09-29,1,0,0,0.00
72434,2660,"Día de la Madre 2024",WhatsApp,B,2022-10-15,0,0,0,0.00
72435,1814,"Bienvenida Nuevo Cliente",SMS,B,2024-02-26,1,0,0,0.00
72436,2699,"Recuperación Carrito Abandonado",WhatsApp,B,2022-12-16,0,0,0,0.00
72437,2690,"Campaña Navidad 2023",Correo,B,2023-01-04,0,0,0,0.00
72438,2479,"Cyber Wow Mayo 2024",Push,A,2024-10-17,0,0,0,0.00
72439,2109,"Día de la Madre 2024",Push,B,2023-03-09,1,0,0,0.00
72440,2451,"Reactivación Q1 2024",SMS,B,2024-11-23,0,0,0,0.00
72441,1688,"Fidelización Recurrentes",Correo,B,2022-04-11,0,0,0,0.00
72442,1295,"Fidelización Recurrentes",Push,A,2022-01-04,0,0,0,0.00
72443,2694,"Día de la Madre 2024",WhatsApp,A,2024-12-18,0,0,0,0.00
72444,1848,"VIP Exclusivo Agosto",WhatsApp,B,2022-03-21,1,0,0,0.00
72445,2695,"Cyber Wow Mayo 2024",Correo,A,2023-09-20,1,0,0,0.00
72446,1623,"Recuperación Carrito Abandonado",WhatsApp,B,2023-04-11,0,0,0,0.00
72447,1489,"Día de la Madre 2024",SMS,A,2024-02-17,0,0,0,0.00
72448,2046,"Cyber Wow Mayo 2024",SMS,A,2023-09-07,1,0,0,0.00
72449,1409,"Fidelización Recurrentes",WhatsApp,B,2022-12-16,0,0,0,0.00
72450,2143,"Cyber Wow Mayo 2024",SMS,B,2023-10-21,0,0,0,0.00
72451,2243,"Cyber Wow Mayo 2024",WhatsApp,B,2024-03-25,0,0,0,0.00
72452,2272,"Día de la Madre 2024",SMS,A,2024-06-09,0,0,0,0.00
72453,1876,"Reactivación Q1 2024",SMS,A,2023-05-20,0,0,0,0.00
72454,1970,"Reactivación Q1 2024",SMS,A,2024-10-05,1,0,0,0.00
72455,1306,"Reactivación Q1 2024",Push,A,2023-04-16,1,0,0,0.00
72456,2291,"Reactivación Q1 2024",WhatsApp,A,2023-05-06,1,0,0,0.00
72457,1687,"Día de la Madre 2024",Push,B,2022-03-19,0,0,0,0.00
72458,2417,"Recuperación Carrito Abandonado",Correo,A,2024-09-30,0,0,0,0.00
72459,2265,"Black Friday 2023",Push,A,2024-07-25,1,0,0,0.00
72460,1761,"Día de la Madre 2024",WhatsApp,B,2024-06-05,0,0,0,0.00
72461,2047,"Cyber Wow Mayo 2024",WhatsApp,A,2023-08-11,0,0,0,0.00
72462,1605,"Recuperación Carrito Abandonado",Correo,B,2024-05-25,0,0,0,0.00
72463,2678,"Día de la Madre 2024",SMS,A,2024-07-25,1,0,0,0.00
72464,1308,"Bienvenida Nuevo Cliente",Correo,B,2022-05-13,0,0,0,0.00
72465,2382,"VIP Exclusivo Agosto",WhatsApp,B,2023-08-29,0,0,0,0.00
72466,1005,"VIP Exclusivo Agosto",Correo,B,2023-11-30,1,0,0,0.00
72467,2520,"Día de la Madre 2024",SMS,A,2022-10-03,1,0,0,0.00
72468,1066,"Día de la Madre 2024",WhatsApp,A,2022-02-19,0,0,0,0.00
72469,1504,"Bienvenida Nuevo Cliente",WhatsApp,A,2023-12-20,1,0,0,0.00
72470,2067,"VIP Exclusivo Agosto",SMS,B,2024-08-30,0,0,0,0.00
72471,2048,"Black Friday 2023",WhatsApp,B,2022-10-18,0,0,0,0.00
72472,1126,"Día de la Madre 2024",Correo,A,2023-07-16,0,0,0,0.00
72473,1494,"Campaña Navidad 2023",WhatsApp,A,2024-11-28,0,0,0,0.00
72474,1732,"Campaña Navidad 2023",Correo,A,2022-05-29,1,0,0,0.00
72475,1049,"Recuperación Carrito Abandonado",Push,A,2022-10-06,0,0,0,0.00
72476,2056,"Bienvenida Nuevo Cliente",WhatsApp,B,2023-07-25,0,0,0,0.00
72477,2508,"Recuperación Carrito Abandonado",Push,A,2024-12-07,1,0,0,0.00
72478,2852,"Bienvenida Nuevo Cliente",WhatsApp,A,2024-12-05,0,0,0,0.00
72479,2071,"Bienvenida Nuevo Cliente",Correo,B,2023-07-05,0,0,0,0.00
72480,2079,"Bienvenida Nuevo Cliente",WhatsApp,A,2023-11-12,1,1,0,0.00
72481,2118,"VIP Exclusivo Agosto",Correo,B,2024-02-17,0,0,0,0.00
72482,2667,"Reactivación Q1 2024",Push,B,2022-11-16,0,0,0,0.00
72483,2081,"Día de la Madre 2024",SMS,B,2023-07-24,0,0,0,0.00
72484,1288,"Fidelización Recurrentes",SMS,A,2023-01-07,1,0,0,0.00
72485,1743,"Día de la Madre 2024",Push,B,2024-05-03,0,0,0,0.00
72486,2519,"Fidelización Recurrentes",Push,B,2023-11-23,0,0,0,0.00
72487,1232,"Campaña Navidad 2023",Push,A,2023-03-11,0,0,0,0.00
72488,2029,"Bienvenida Nuevo Cliente",WhatsApp,A,2024-12-21,1,0,0,0.00
72489,2801,"Bienvenida Nuevo Cliente",Correo,A,2024-01-16,0,0,0,0.00
72490,2029,"Día de la Madre 2024",Push,A,2023-04-04,0,0,0,0.00
72491,1627,"Fidelización Recurrentes",Push,B,2022-03-09,0,0,0,0.00
72492,1175,"Cyber Wow Mayo 2024",SMS,B,2022-04-09,0,0,0,0.00
72493,1863,"Reactivación Q1 2024",SMS,A,2022-06-20,0,0,0,0.00
72494,1476,"Recuperación Carrito Abandonado",Push,A,2024-12-29,0,0,0,0.00
72495,1835,"Día de la Madre 2024",Push,B,2023-04-13,0,0,0,0.00
72496,2158,"Recuperación Carrito Abandonado",WhatsApp,A,2022-10-20,0,0,0,0.00
72497,1387,"Campaña Navidad 2023",SMS,A,2023-02-02,0,0,0,0.00
72498,2527,"Cyber Wow Mayo 2024",SMS,B,2022-05-14,1,0,0,0.00
72499,1907,"Fidelización Recurrentes",Correo,A,2024-03-24,0,0,0,0.00
72500,1489,"Campaña Navidad 2023",WhatsApp,A,2022-06-02,0,0,0,0.00
72501,2727,"Campaña Navidad 2023",SMS,B,2023-12-06,1,1,0,0.00
72502,1360,"Recuperación Carrito Abandonado",WhatsApp,B,2022-08-18,0,0,0,0.00
72503,1697,"Campaña Navidad 2023",WhatsApp,A,2024-12-29,0,0,0,0.00
72504,1164,"Fidelización Recurrentes",WhatsApp,A,2024-01-19,1,0,0,0.00
72505,1912,"VIP Exclusivo Agosto",SMS,B,2024-04-03,0,0,0,0.00
72506,2138,"Black Friday 2023",SMS,A,2023-12-20,1,0,0,0.00
72507,2707,"Campaña Navidad 2023",SMS,B,2022-12-27,0,0,0,0.00
72508,2718,"Black Friday 2023",Push,A,2024-02-16,0,0,0,0.00
72509,2556,"Cyber Wow Mayo 2024",WhatsApp,A,2023-01-18,1,1,0,0.00
72510,1887,"Campaña Navidad 2023",Correo,A,2023-05-21,0,0,0,0.00
72511,2758,"VIP Exclusivo Agosto",WhatsApp,A,2024-07-26,0,0,0,0.00
72512,2812,"Fidelización Recurrentes",Push,B,2022-03-23,0,0,0,0.00
72513,2835,"Bienvenida Nuevo Cliente",Correo,A,2024-12-29,0,0,0,0.00
72514,1248,"Fidelización Recurrentes",Correo,A,2023-02-22,0,0,0,0.00
72515,2342,"Recuperación Carrito Abandonado",SMS,A,2022-07-28,1,0,0,0.00
72516,2982,"Black Friday 2023",Push,A,2023-11-03,1,0,0,0.00
72517,1785,"Fidelización Recurrentes",Correo,A,2023-07-07,1,0,0,0.00
72518,1564,"Día de la Madre 2024",SMS,B,2024-02-17,1,1,0,0.00
72519,2430,"Black Friday 2023",Correo,A,2024-05-08,0,0,0,0.00
72520,2310,"Reactivación Q1 2024",Push,A,2024-02-14,0,0,0,0.00
72521,2928,"Bienvenida Nuevo Cliente",Push,B,2023-04-11,1,0,0,0.00
72522,2733,"Recuperación Carrito Abandonado",SMS,A,2022-03-19,0,0,0,0.00
72523,2649,"Fidelización Recurrentes",Correo,B,2024-04-16,1,0,0,0.00
72524,2309,"Día de la Madre 2024",Push,A,2022-11-03,0,0,0,0.00
72525,1482,"Reactivación Q1 2024",Correo,A,2022-05-20,0,0,0,0.00
72526,1770,"Bienvenida Nuevo Cliente",Push,B,2022-02-21,0,0,0,0.00
72527,1789,"Fidelización Recurrentes",WhatsApp,B,2023-08-13,0,0,0,0.00
72528,2756,"Black Friday 2023",SMS,A,2022-03-17,0,0,0,0.00
72529,1260,"Cyber Wow Mayo 2024",Push,B,2023-04-18,0,0,0,0.00
72530,2143,"Black Friday 2023",Correo,B,2023-04-18,0,0,0,0.00
72531,2150,"Recuperación Carrito Abandonado",Push,B,2024-08-03,1,0,0,0.00
72532,2417,"Bienvenida Nuevo Cliente",Correo,A,2023-04-21,0,0,0,0.00
72533,1460,"Campaña Navidad 2023",WhatsApp,A,2023-04-08,1,0,0,0.00
72534,2015,"Campaña Navidad 2023",Correo,B,2024-05-04,0,0,0,0.00
72535,2807,"Día de la Madre 2024",Correo,A,2024-04-02,0,0,0,0.00
72536,1561,"Fidelización Recurrentes",WhatsApp,B,2022-03-25,1,0,0,0.00
72537,2616,"Día de la Madre 2024",Push,A,2023-10-14,1,1,0,0.00
72538,1612,"Fidelización Recurrentes",SMS,A,2022-07-11,0,0,0,0.00
72539,2459,"Día de la Madre 2024",WhatsApp,B,2022-08-22,1,0,0,0.00
72540,2665,"Bienvenida Nuevo Cliente",Correo,B,2024-09-03,1,0,0,0.00
72541,1515,"Bienvenida Nuevo Cliente",Correo,B,2024-06-25,0,0,0,0.00
72542,1232,"VIP Exclusivo Agosto",Correo,A,2024-08-09,1,0,0,0.00
72543,1483,"Bienvenida Nuevo Cliente",Push,B,2024-10-16,0,0,0,0.00
72544,1498,"Black Friday 2023",WhatsApp,B,2023-03-25,1,0,0,0.00
72545,2350,"Campaña Navidad 2023",Correo,B,2023-06-27,0,0,0,0.00
72546,2249,"Reactivación Q1 2024",WhatsApp,A,2022-10-07,0,0,0,0.00
72547,1538,"Campaña Navidad 2023",Push,A,2024-02-10,0,0,0,0.00
72548,2937,"Bienvenida Nuevo Cliente",Correo,B,2023-01-28,1,0,0,0.00
72549,2759,"Campaña Navidad 2023",Push,A,2022-05-24,0,0,0,0.00
72550,1050,"Black Friday 2023",WhatsApp,A,2024-04-01,0,0,0,0.00
72551,2770,"Recuperación Carrito Abandonado",SMS,A,2024-10-29,1,0,0,0.00
72552,1062,"Campaña Navidad 2023",Push,A,2024-06-21,0,0,0,0.00
72553,2300,"Reactivación Q1 2024",Correo,B,2022-11-16,1,0,0,0.00
72554,2263,"Reactivación Q1 2024",SMS,B,2022-11-30,0,0,0,0.00
72555,1571,"VIP Exclusivo Agosto",Push,B,2024-09-15,0,0,0,0.00
72556,2977,"Fidelización Recurrentes",Correo,B,2022-06-04,0,0,0,0.00
72557,1459,"Fidelización Recurrentes",WhatsApp,A,2022-05-12,1,0,0,0.00
72558,2302,"Fidelización Recurrentes",WhatsApp,B,2023-01-07,0,0,0,0.00
72559,1672,"Reactivación Q1 2024",Correo,B,2022-02-05,0,0,0,0.00
72560,1640,"VIP Exclusivo Agosto",Correo,A,2024-04-25,0,0,0,0.00
72561,2698,"Reactivación Q1 2024",WhatsApp,A,2024-07-03,0,0,0,0.00
72562,2495,"VIP Exclusivo Agosto",WhatsApp,A,2022-07-28,0,0,0,0.00
72563,2368,"Recuperación Carrito Abandonado",WhatsApp,B,2022-01-05,0,0,0,0.00
72564,2299,"Día de la Madre 2024",WhatsApp,A,2022-09-24,0,0,0,0.00
72565,2607,"Recuperación Carrito Abandonado",SMS,B,2024-06-21,0,0,0,0.00
72566,2371,"Recuperación Carrito Abandonado",Push,A,2022-02-07,0,0,0,0.00
72567,1255,"Black Friday 2023",Push,B,2023-10-27,0,0,0,0.00
72568,1104,"VIP Exclusivo Agosto",Correo,A,2024-05-09,0,0,0,0.00
72569,2902,"Día de la Madre 2024",WhatsApp,B,2023-11-16,0,0,0,0.00
72570,1328,"Recuperación Carrito Abandonado",Correo,B,2023-07-05,0,0,0,0.00
72571,2074,"Cyber Wow Mayo 2024",Push,A,2022-04-29,0,0,0,0.00
72572,1738,"Recuperación Carrito Abandonado",Correo,A,2024-05-08,1,0,0,0.00
72573,2726,"VIP Exclusivo Agosto",Correo,B,2024-06-24,0,0,0,0.00
72574,2952,"Día de la Madre 2024",Push,B,2023-01-03,0,0,0,0.00
72575,1255,"Fidelización Recurrentes",Push,B,2024-03-26,0,0,0,0.00
72576,2058,"Bienvenida Nuevo Cliente",SMS,B,2022-07-02,1,1,1,153.31
72577,2414,"Día de la Madre 2024",SMS,A,2022-10-02,0,0,0,0.00
72578,2668,"VIP Exclusivo Agosto",Correo,B,2023-04-19,0,0,0,0.00
72579,1586,"Fidelización Recurrentes",WhatsApp,A,2024-01-24,1,0,0,0.00
72580,2285,"Black Friday 2023",SMS,B,2023-07-23,1,0,0,0.00
72581,2844,"Reactivación Q1 2024",SMS,A,2022-01-11,0,0,0,0.00
72582,2145,"Campaña Navidad 2023",Correo,B,2022-04-03,0,0,0,0.00
72583,2589,"Black Friday 2023",SMS,B,2024-09-05,0,0,0,0.00
72584,1547,"Reactivación Q1 2024",WhatsApp,A,2023-04-01,1,0,0,0.00
72585,1609,"Recuperación Carrito Abandonado",Push,A,2024-11-12,0,0,0,0.00
72586,1360,"Día de la Madre 2024",Push,A,2024-09-14,0,0,0,0.00
72587,1833,"Reactivación Q1 2024",Correo,B,2024-04-18,1,0,0,0.00
72588,1011,"Fidelización Recurrentes",Correo,A,2024-09-10,0,0,0,0.00
72589,2614,"Campaña Navidad 2023",Push,B,2023-04-29,0,0,0,0.00
72590,2223,"Bienvenida Nuevo Cliente",Push,B,2023-01-30,1,0,0,0.00
72591,1302,"Black Friday 2023",WhatsApp,A,2022-07-29,0,0,0,0.00
72592,2488,"Black Friday 2023",WhatsApp,A,2023-09-02,0,0,0,0.00
72593,1943,"Recuperación Carrito Abandonado",Push,B,2024-12-11,0,0,0,0.00
72594,2389,"Día de la Madre 2024",Correo,B,2022-01-07,0,0,0,0.00
72595,1121,"VIP Exclusivo Agosto",Push,B,2024-11-12,0,0,0,0.00
72596,1039,"VIP Exclusivo Agosto",Correo,B,2022-06-03,0,0,0,0.00
72597,2061,"Fidelización Recurrentes",SMS,A,2022-05-04,0,0,0,0.00
72598,1494,"Campaña Navidad 2023",Push,A,2023-07-06,0,0,0,0.00
72599,2948,"Recuperación Carrito Abandonado",SMS,B,2024-11-21,0,0,0,0.00
72600,2940,"VIP Exclusivo Agosto",Correo,A,2023-02-20,0,0,0,0.00
72601,1817,"Recuperación Carrito Abandonado",Correo,A,2023-11-20,1,0,0,0.00
72602,2293,"Black Friday 2023",WhatsApp,A,2024-09-13,1,0,0,0.00
72603,2310,"Fidelización Recurrentes",WhatsApp,A,2022-10-01,0,0,0,0.00
72604,2039,"Cyber Wow Mayo 2024",Correo,A,2022-10-10,0,0,0,0.00
72605,2486,"Día de la Madre 2024",SMS,B,2022-11-21,1,0,0,0.00
72606,2381,"Reactivación Q1 2024",SMS,B,2022-08-07,1,0,0,0.00
72607,2407,"Recuperación Carrito Abandonado",Push,A,2023-06-14,0,0,0,0.00
72608,2414,"Reactivación Q1 2024",Correo,B,2023-10-09,1,0,0,0.00
72609,2580,"Recuperación Carrito Abandonado",WhatsApp,A,2023-01-09,0,0,0,0.00
72610,2380,"Día de la Madre 2024",Correo,B,2023-08-31,0,0,0,0.00
72611,2241,"Black Friday 2023",SMS,A,2022-05-17,0,0,0,0.00
72612,2084,"Recuperación Carrito Abandonado",WhatsApp,A,2023-10-26,1,0,0,0.00
72613,1574,"Bienvenida Nuevo Cliente",WhatsApp,A,2022-01-14,0,0,0,0.00
72614,2018,"Cyber Wow Mayo 2024",WhatsApp,A,2023-02-12,0,0,0,0.00
72615,1568,"Black Friday 2023",WhatsApp,A,2023-09-21,0,0,0,0.00
72616,1806,"Día de la Madre 2024",SMS,B,2024-09-07,1,0,0,0.00
72617,2276,"Día de la Madre 2024",SMS,B,2022-08-19,1,0,0,0.00
72618,2222,"Día de la Madre 2024",Correo,B,2024-07-05,0,0,0,0.00
72619,1916,"Reactivación Q1 2024",WhatsApp,A,2023-09-01,0,0,0,0.00
72620,2688,"Recuperación Carrito Abandonado",Correo,A,2022-11-19,0,0,0,0.00
72621,2433,"Día de la Madre 2024",SMS,A,2022-07-04,1,0,0,0.00
72622,2699,"Reactivación Q1 2024",Push,B,2023-01-24,0,0,0,0.00
72623,2435,"Fidelización Recurrentes",SMS,B,2023-03-28,0,0,0,0.00
72624,1265,"Día de la Madre 2024",Push,A,2023-03-04,0,0,0,0.00
72625,1720,"Día de la Madre 2024",Correo,B,2022-07-08,0,0,0,0.00
72626,1587,"Cyber Wow Mayo 2024",WhatsApp,A,2023-04-18,1,0,0,0.00
72627,2565,"Día de la Madre 2024",Push,A,2023-06-26,1,0,0,0.00
72628,1845,"Día de la Madre 2024",Correo,B,2022-08-23,0,0,0,0.00
72629,1517,"Campaña Navidad 2023",WhatsApp,A,2024-04-16,0,0,0,0.00
72630,1886,"Recuperación Carrito Abandonado",WhatsApp,B,2024-11-23,0,0,0,0.00
72631,2496,"Campaña Navidad 2023",SMS,B,2023-10-02,1,0,0,0.00
72632,1225,"VIP Exclusivo Agosto",WhatsApp,B,2022-04-24,0,0,0,0.00
72633,2342,"Black Friday 2023",WhatsApp,B,2024-07-31,0,0,0,0.00
72634,2249,"Recuperación Carrito Abandonado",WhatsApp,A,2024-06-05,0,0,0,0.00
72635,2777,"Campaña Navidad 2023",Correo,B,2024-11-06,0,0,0,0.00
72636,2067,"Campaña Navidad 2023",Push,A,2023-06-14,0,0,0,0.00
72637,1093,"Black Friday 2023",Correo,A,2022-07-08,0,0,0,0.00
72638,2916,"VIP Exclusivo Agosto",WhatsApp,B,2022-10-04,0,0,0,0.00
72639,2082,"Campaña Navidad 2023",Push,B,2024-04-15,0,0,0,0.00
72640,2653,"Fidelización Recurrentes",Push,A,2022-04-05,0,0,0,0.00
72641,2215,"Día de la Madre 2024",WhatsApp,B,2024-03-29,1,0,0,0.00
72642,1112,"Cyber Wow Mayo 2024",WhatsApp,A,2022-10-08,0,0,0,0.00
72643,2547,"Reactivación Q1 2024",SMS,B,2024-01-12,1,0,0,0.00
72644,1918,"Black Friday 2023",WhatsApp,A,2024-04-17,1,1,0,0.00
72645,2779,"Black Friday 2023",WhatsApp,B,2023-07-29,0,0,0,0.00
72646,1707,"Black Friday 2023",WhatsApp,B,2024-04-23,0,0,0,0.00
72647,1667,"Fidelización Recurrentes",Push,B,2022-01-24,0,0,0,0.00
72648,2987,"Fidelización Recurrentes",SMS,B,2023-01-18,1,0,0,0.00
72649,1559,"Black Friday 2023",SMS,B,2024-05-20,0,0,0,0.00
72650,2670,"Black Friday 2023",Correo,B,2022-05-29,0,0,0,0.00
72651,1645,"Fidelización Recurrentes",WhatsApp,A,2024-05-08,0,0,0,0.00
72652,1884,"Día de la Madre 2024",WhatsApp,A,2023-08-21,0,0,0,0.00
72653,1835,"Bienvenida Nuevo Cliente",SMS,B,2023-06-25,0,0,0,0.00
72654,1782,"Recuperación Carrito Abandonado",WhatsApp,B,2024-04-03,0,0,0,0.00
72655,1038,"Bienvenida Nuevo Cliente",Correo,A,2023-06-16,1,0,0,0.00
72656,1779,"Recuperación Carrito Abandonado",Correo,A,2022-10-14,0,0,0,0.00
72657,2289,"Black Friday 2023",Correo,B,2022-07-17,0,0,0,0.00
72658,1953,"VIP Exclusivo Agosto",Correo,A,2023-02-12,0,0,0,0.00
72659,2018,"Reactivación Q1 2024",Push,B,2023-01-25,0,0,0,0.00
72660,2461,"Reactivación Q1 2024",SMS,A,2023-07-17,0,0,0,0.00
72661,2233,"Reactivación Q1 2024",SMS,A,2024-04-26,1,0,0,0.00
72662,2684,"Bienvenida Nuevo Cliente",Correo,B,2023-04-05,1,1,0,0.00
72663,2792,"Día de la Madre 2024",Correo,B,2023-08-21,0,0,0,0.00
72664,1488,"Cyber Wow Mayo 2024",WhatsApp,A,2022-01-10,0,0,0,0.00
72665,2135,"Cyber Wow Mayo 2024",WhatsApp,A,2023-05-09,1,0,0,0.00
72666,1291,"Recuperación Carrito Abandonado",SMS,A,2024-04-21,0,0,0,0.00
72667,2455,"Recuperación Carrito Abandonado",Correo,A,2023-10-17,0,0,0,0.00
72668,2527,"Recuperación Carrito Abandonado",Correo,B,2022-09-07,0,0,0,0.00
72669,2163,"Fidelización Recurrentes",WhatsApp,B,2022-08-11,1,0,0,0.00
72670,2413,"Campaña Navidad 2023",Push,B,2024-07-31,0,0,0,0.00
72671,1560,"Reactivación Q1 2024",Push,A,2024-09-11,0,0,0,0.00
72672,2793,"Reactivación Q1 2024",Correo,B,2022-06-20,1,0,0,0.00
72673,1462,"Reactivación Q1 2024",Correo,A,2022-06-26,1,0,0,0.00
72674,1027,"Campaña Navidad 2023",WhatsApp,A,2024-05-13,0,0,0,0.00
72675,1513,"VIP Exclusivo Agosto",SMS,B,2022-08-21,0,0,0,0.00
72676,1224,"Bienvenida Nuevo Cliente",SMS,A,2024-06-29,0,0,0,0.00
72677,1953,"Fidelización Recurrentes",Correo,A,2024-03-24,1,0,0,0.00
72678,1758,"VIP Exclusivo Agosto",Push,B,2024-04-24,0,0,0,0.00
72679,2655,"Día de la Madre 2024",SMS,B,2022-01-22,0,0,0,0.00
72680,1139,"Día de la Madre 2024",Push,B,2023-01-06,0,0,0,0.00
72681,2625,"Campaña Navidad 2023",Correo,B,2023-12-04,0,0,0,0.00
72682,1361,"Bienvenida Nuevo Cliente",Correo,B,2024-11-16,1,0,0,0.00
72683,2705,"Black Friday 2023",WhatsApp,B,2022-06-28,0,0,0,0.00
72684,2458,"VIP Exclusivo Agosto",SMS,B,2023-12-11,0,0,0,0.00
72685,1957,"Reactivación Q1 2024",Push,B,2022-07-27,1,0,0,0.00
72686,2975,"Black Friday 2023",SMS,A,2022-06-29,0,0,0,0.00
72687,1254,"Bienvenida Nuevo Cliente",Correo,A,2023-05-08,0,0,0,0.00
72688,1716,"Día de la Madre 2024",Push,A,2023-08-25,0,0,0,0.00
72689,1332,"Cyber Wow Mayo 2024",Push,B,2023-03-30,0,0,0,0.00
72690,2232,"Recuperación Carrito Abandonado",Correo,B,2023-04-24,1,0,0,0.00
72691,2557,"Black Friday 2023",Correo,A,2022-06-14,0,0,0,0.00
72692,2234,"VIP Exclusivo Agosto",SMS,B,2024-07-18,1,0,0,0.00
72693,2745,"Campaña Navidad 2023",SMS,A,2023-09-20,1,0,0,0.00
72694,1492,"Campaña Navidad 2023",SMS,A,2024-06-27,0,0,0,0.00
72695,2377,"Black Friday 2023",Push,B,2024-11-16,0,0,0,0.00
72696,1778,"Reactivación Q1 2024",SMS,A,2023-06-15,0,0,0,0.00
72697,1774,"VIP Exclusivo Agosto",Push,A,2022-02-04,1,1,0,0.00
72698,2928,"VIP Exclusivo Agosto",Correo,A,2024-09-11,1,0,0,0.00
72699,2642,"Bienvenida Nuevo Cliente",Correo,A,2024-05-31,1,0,0,0.00
72700,2716,"Black Friday 2023",Push,A,2023-07-02,1,0,0,0.00
72701,1815,"Cyber Wow Mayo 2024",Push,A,2024-07-31,0,0,0,0.00
72702,2723,"Cyber Wow Mayo 2024",Correo,A,2023-06-11,1,0,0,0.00
72703,1288,"Día de la Madre 2024",SMS,B,2024-05-14,0,0,0,0.00
72704,1676,"VIP Exclusivo Agosto",Push,A,2023-04-25,0,0,0,0.00
72705,1959,"Campaña Navidad 2023",WhatsApp,A,2022-10-20,0,0,0,0.00
72706,2498,"Bienvenida Nuevo Cliente",Correo,A,2023-10-11,0,0,0,0.00
72707,1539,"Recuperación Carrito Abandonado",SMS,A,2022-01-05,0,0,0,0.00
72708,2520,"Fidelización Recurrentes",Push,A,2024-03-08,0,0,0,0.00
72709,1223,"Black Friday 2023",Push,A,2024-09-19,1,0,0,0.00
72710,2225,"Día de la Madre 2024",WhatsApp,A,2023-05-04,1,0,0,0.00
72711,2394,"Cyber Wow Mayo 2024",Correo,A,2023-05-08,1,0,0,0.00
72712,1140,"Fidelización Recurrentes",Correo,A,2023-02-14,0,0,0,0.00
72713,1539,"Recuperación Carrito Abandonado",Push,A,2023-03-26,1,1,0,0.00
72714,1410,"Día de la Madre 2024",Correo,A,2024-08-06,1,0,0,0.00
72715,2125,"Campaña Navidad 2023",SMS,B,2023-05-03,0,0,0,0.00
72716,1528,"Fidelización Recurrentes",WhatsApp,B,2024-07-28,1,0,0,0.00
72717,2320,"Black Friday 2023",Push,A,2024-01-26,1,1,0,0.00
72718,1185,"Fidelización Recurrentes",Correo,B,2022-09-24,1,0,0,0.00
72719,1766,"Cyber Wow Mayo 2024",Push,A,2023-08-16,1,0,0,0.00
72720,1875,"Cyber Wow Mayo 2024",SMS,A,2022-02-12,0,0,0,0.00
72721,1472,"Campaña Navidad 2023",Correo,A,2023-02-18,1,0,0,0.00
72722,1188,"Día de la Madre 2024",Correo,A,2024-06-12,0,0,0,0.00
72723,2597,"Black Friday 2023",Push,B,2023-04-03,1,0,0,0.00
72724,1235,"Fidelización Recurrentes",SMS,B,2023-03-24,1,0,0,0.00
72725,2257,"Recuperación Carrito Abandonado",Push,A,2022-08-24,1,0,0,0.00
72726,1096,"VIP Exclusivo Agosto",Correo,A,2023-11-19,0,0,0,0.00
72727,1024,"Recuperación Carrito Abandonado",Push,B,2024-08-25,0,0,0,0.00
72728,2117,"Fidelización Recurrentes",WhatsApp,B,2024-07-21,0,0,0,0.00
72729,2669,"Recuperación Carrito Abandonado",SMS,B,2022-07-02,0,0,0,0.00
72730,1425,"Fidelización Recurrentes",Push,A,2023-04-28,0,0,0,0.00
72731,1088,"Fidelización Recurrentes",WhatsApp,A,2024-10-30,0,0,0,0.00
72732,2116,"Cyber Wow Mayo 2024",Correo,A,2022-11-26,0,0,0,0.00
72733,2746,"Cyber Wow Mayo 2024",WhatsApp,A,2022-11-20,0,0,0,0.00
72734,2649,"Reactivación Q1 2024",Push,B,2023-07-16,0,0,0,0.00
72735,2023,"Campaña Navidad 2023",WhatsApp,B,2023-06-16,1,0,0,0.00
72736,1961,"Campaña Navidad 2023",Push,A,2024-02-20,0,0,0,0.00
72737,2769,"Recuperación Carrito Abandonado",SMS,A,2024-11-18,0,0,0,0.00
72738,2722,"Black Friday 2023",WhatsApp,A,2023-08-16,0,0,0,0.00
72739,1676,"Campaña Navidad 2023",WhatsApp,B,2023-07-09,0,0,0,0.00
72740,2787,"Fidelización Recurrentes",Correo,A,2022-05-06,0,0,0,0.00
72741,2366,"Fidelización Recurrentes",SMS,B,2023-06-28,0,0,0,0.00
72742,2373,"Campaña Navidad 2023",Push,A,2024-03-16,1,0,0,0.00
72743,1139,"Recuperación Carrito Abandonado",Correo,A,2022-06-12,0,0,0,0.00
72744,2801,"Campaña Navidad 2023",SMS,A,2023-07-31,1,0,0,0.00
72745,2793,"Fidelización Recurrentes",SMS,A,2022-02-08,0,0,0,0.00
72746,1951,"Fidelización Recurrentes",Correo,B,2024-07-18,0,0,0,0.00
72747,2475,"Recuperación Carrito Abandonado",Correo,A,2022-12-14,1,0,0,0.00
72748,2419,"Fidelización Recurrentes",WhatsApp,A,2022-06-17,0,0,0,0.00
72749,2099,"Campaña Navidad 2023",WhatsApp,B,2024-04-24,1,0,0,0.00
72750,2002,"Recuperación Carrito Abandonado",Correo,A,2022-03-14,0,0,0,0.00
72751,2587,"Bienvenida Nuevo Cliente",Correo,A,2023-06-20,0,0,0,0.00
72752,1516,"Recuperación Carrito Abandonado",WhatsApp,A,2024-01-27,0,0,0,0.00
72753,2256,"Bienvenida Nuevo Cliente",WhatsApp,A,2024-09-17,1,0,0,0.00
72754,1063,"Fidelización Recurrentes",WhatsApp,B,2023-07-06,0,0,0,0.00
72755,1541,"VIP Exclusivo Agosto",SMS,A,2022-08-27,0,0,0,0.00
72756,1955,"Reactivación Q1 2024",WhatsApp,A,2024-07-14,1,1,0,0.00
72757,1850,"VIP Exclusivo Agosto",Push,A,2023-08-19,0,0,0,0.00
72758,1631,"Recuperación Carrito Abandonado",SMS,B,2022-04-29,0,0,0,0.00
72759,1935,"Recuperación Carrito Abandonado",SMS,A,2023-04-26,0,0,0,0.00
72760,2087,"Cyber Wow Mayo 2024",Correo,B,2022-09-11,0,0,0,0.00
72761,2512,"VIP Exclusivo Agosto",Push,B,2022-09-08,0,0,0,0.00
72762,1251,"Black Friday 2023",Correo,B,2023-11-07,0,0,0,0.00
72763,2348,"Día de la Madre 2024",Correo,B,2022-04-17,1,0,0,0.00
72764,1707,"VIP Exclusivo Agosto",Push,B,2022-01-21,1,0,0,0.00
72765,1498,"Reactivación Q1 2024",WhatsApp,B,2023-12-31,0,0,0,0.00
72766,2717,"Black Friday 2023",SMS,A,2024-11-01,1,0,0,0.00
72767,2605,"Recuperación Carrito Abandonado",WhatsApp,A,2023-08-24,0,0,0,0.00
72768,2440,"Cyber Wow Mayo 2024",Correo,A,2023-10-19,0,0,0,0.00
72769,2020,"Día de la Madre 2024",Push,A,2023-10-13,1,0,0,0.00
72770,1658,"Día de la Madre 2024",SMS,A,2024-12-04,0,0,0,0.00
72771,2924,"VIP Exclusivo Agosto",Correo,A,2022-03-30,0,0,0,0.00
72772,1069,"Cyber Wow Mayo 2024",Push,B,2024-12-03,0,0,0,0.00
72773,1367,"Cyber Wow Mayo 2024",Correo,B,2023-06-18,0,0,0,0.00
72774,1942,"Recuperación Carrito Abandonado",Correo,A,2024-08-27,0,0,0,0.00
72775,2526,"Campaña Navidad 2023",SMS,A,2023-12-08,0,0,0,0.00
72776,2607,"Cyber Wow Mayo 2024",WhatsApp,A,2024-08-09,0,0,0,0.00
72777,1516,"Cyber Wow Mayo 2024",WhatsApp,B,2023-06-28,0,0,0,0.00
72778,1968,"Recuperación Carrito Abandonado",SMS,B,2024-02-24,1,0,0,0.00
72779,1045,"VIP Exclusivo Agosto",Correo,A,2023-07-14,1,0,0,0.00
72780,2763,"VIP Exclusivo Agosto",Push,B,2023-10-26,1,0,0,0.00
72781,2883,"Campaña Navidad 2023",Correo,A,2022-02-08,0,0,0,0.00
72782,1845,"Día de la Madre 2024",Push,B,2023-10-07,0,0,0,0.00
72783,1160,"Cyber Wow Mayo 2024",Correo,B,2024-04-17,0,0,0,0.00
72784,1539,"Reactivación Q1 2024",Push,A,2022-06-01,0,0,0,0.00
72785,2881,"Reactivación Q1 2024",WhatsApp,A,2022-05-22,0,0,0,0.00
72786,2009,"Cyber Wow Mayo 2024",Correo,B,2022-12-20,1,0,0,0.00
72787,2186,"VIP Exclusivo Agosto",Correo,A,2022-12-29,0,0,0,0.00
72788,1208,"Bienvenida Nuevo Cliente",WhatsApp,A,2022-07-24,0,0,0,0.00
72789,2745,"Campaña Navidad 2023",Correo,B,2022-09-27,0,0,0,0.00
72790,2502,"VIP Exclusivo Agosto",WhatsApp,A,2024-02-29,0,0,0,0.00
72791,2959,"Cyber Wow Mayo 2024",Correo,B,2024-12-05,0,0,0,0.00
72792,1526,"Fidelización Recurrentes",Correo,A,2022-10-03,0,0,0,0.00
72793,2634,"Reactivación Q1 2024",Push,B,2024-08-30,0,0,0,0.00
72794,2062,"Recuperación Carrito Abandonado",Push,A,2022-11-27,0,0,0,0.00
72795,2055,"VIP Exclusivo Agosto",Correo,A,2024-06-22,0,0,0,0.00
72796,1122,"Reactivación Q1 2024",Push,A,2024-10-14,0,0,0,0.00
72797,1709,"Campaña Navidad 2023",Push,B,2022-04-18,1,0,0,0.00
72798,2526,"VIP Exclusivo Agosto",Push,A,2023-05-25,0,0,0,0.00
72799,2990,"Recuperación Carrito Abandonado",Push,A,2024-08-09,0,0,0,0.00
72800,2697,"Fidelización Recurrentes",WhatsApp,B,2024-12-12,0,0,0,0.00
72801,2160,"Recuperación Carrito Abandonado",SMS,B,2022-03-20,1,0,0,0.00
72802,2317,"Día de la Madre 2024",Correo,A,2024-10-02,0,0,0,0.00
72803,1061,"Recuperación Carrito Abandonado",Push,A,2022-04-26,0,0,0,0.00
72804,1652,"Reactivación Q1 2024",Push,A,2022-09-17,0,0,0,0.00
72805,1089,"Recuperación Carrito Abandonado",Push,A,2022-12-20,0,0,0,0.00
72806,2625,"Black Friday 2023",WhatsApp,A,2024-09-20,0,0,0,0.00
72807,2172,"Día de la Madre 2024",SMS,B,2023-11-03,0,0,0,0.00
72808,2544,"Fidelización Recurrentes",Push,A,2024-08-11,0,0,0,0.00
72809,2589,"Reactivación Q1 2024",WhatsApp,A,2023-07-06,0,0,0,0.00
72810,1736,"Recuperación Carrito Abandonado",WhatsApp,B,2022-05-29,0,0,0,0.00
72811,2421,"Reactivación Q1 2024",WhatsApp,B,2022-04-16,0,0,0,0.00
72812,2470,"Cyber Wow Mayo 2024",Correo,B,2024-05-24,0,0,0,0.00
72813,1776,"Black Friday 2023",Push,B,2023-11-27,1,1,0,0.00
72814,1247,"Cyber Wow Mayo 2024",WhatsApp,B,2022-02-24,1,0,0,0.00
72815,2163,"Campaña Navidad 2023",Correo,A,2022-06-18,0,0,0,0.00
72816,2836,"Black Friday 2023",Correo,B,2024-09-11,1,0,0,0.00
72817,2059,"Reactivación Q1 2024",SMS,A,2023-03-10,0,0,0,0.00
72818,1823,"Día de la Madre 2024",SMS,A,2024-02-25,1,0,0,0.00
72819,2618,"Bienvenida Nuevo Cliente",SMS,B,2022-01-04,0,0,0,0.00
72820,2161,"Recuperación Carrito Abandonado",WhatsApp,A,2023-06-11,0,0,0,0.00
72821,2750,"Bienvenida Nuevo Cliente",WhatsApp,B,2024-07-08,0,0,0,0.00
72822,1156,"VIP Exclusivo Agosto",Push,A,2023-12-12,0,0,0,0.00
72823,2459,"Fidelización Recurrentes",Correo,A,2022-02-09,1,1,0,0.00
72824,2858,"Bienvenida Nuevo Cliente",SMS,A,2022-10-18,1,0,0,0.00
72825,1600,"Día de la Madre 2024",Correo,B,2023-07-17,0,0,0,0.00
72826,2147,"VIP Exclusivo Agosto",Push,B,2023-07-30,0,0,0,0.00
72827,1813,"Reactivación Q1 2024",Push,B,2022-05-30,0,0,0,0.00
72828,1928,"Recuperación Carrito Abandonado",Push,A,2024-01-25,1,0,0,0.00
72829,2381,"Cyber Wow Mayo 2024",WhatsApp,B,2023-03-04,0,0,0,0.00
72830,1428,"VIP Exclusivo Agosto",WhatsApp,B,2023-07-15,0,0,0,0.00
72831,2650,"VIP Exclusivo Agosto",Correo,A,2022-03-13,1,0,0,0.00
72832,1840,"Fidelización Recurrentes",WhatsApp,A,2024-04-15,0,0,0,0.00
72833,2452,"Campaña Navidad 2023",Push,A,2022-10-29,0,0,0,0.00
72834,1736,"Reactivación Q1 2024",Push,A,2022-01-06,0,0,0,0.00
72835,2451,"Día de la Madre 2024",Push,A,2022-02-23,1,0,0,0.00
72836,1350,"Bienvenida Nuevo Cliente",Push,B,2022-05-04,0,0,0,0.00
72837,2517,"Reactivación Q1 2024",SMS,B,2023-11-29,0,0,0,0.00
72838,2055,"Día de la Madre 2024",WhatsApp,B,2024-11-17,0,0,0,0.00
72839,1268,"VIP Exclusivo Agosto",Push,A,2024-03-04,0,0,0,0.00
72840,2390,"Bienvenida Nuevo Cliente",WhatsApp,A,2024-04-15,0,0,0,0.00
72841,1177,"Recuperación Carrito Abandonado",WhatsApp,A,2022-10-27,0,0,0,0.00
72842,2274,"VIP Exclusivo Agosto",Push,B,2023-08-08,0,0,0,0.00
72843,1488,"Bienvenida Nuevo Cliente",SMS,B,2022-10-07,0,0,0,0.00
72844,2773,"Black Friday 2023",SMS,B,2023-06-10,1,0,0,0.00
72845,1560,"VIP Exclusivo Agosto",Correo,A,2023-01-14,1,0,0,0.00
72846,2214,"Black Friday 2023",Correo,A,2024-11-05,0,0,0,0.00
72847,2005,"Campaña Navidad 2023",SMS,A,2024-03-29,0,0,0,0.00
72848,2007,"Fidelización Recurrentes",Correo,B,2023-02-24,0,0,0,0.00
72849,1764,"Black Friday 2023",SMS,A,2024-05-19,0,0,0,0.00
72850,1225,"Bienvenida Nuevo Cliente",Push,A,2024-06-10,0,0,0,0.00
72851,2276,"Día de la Madre 2024",Push,B,2024-04-08,0,0,0,0.00
72852,1005,"Reactivación Q1 2024",WhatsApp,A,2022-05-20,0,0,0,0.00
72853,1889,"Recuperación Carrito Abandonado",WhatsApp,A,2022-09-25,0,0,0,0.00
72854,2126,"Fidelización Recurrentes",WhatsApp,A,2023-01-30,0,0,0,0.00
72855,1331,"Bienvenida Nuevo Cliente",WhatsApp,B,2022-03-09,0,0,0,0.00
72856,1507,"Campaña Navidad 2023",Correo,B,2023-03-25,0,0,0,0.00
72857,2030,"Black Friday 2023",Correo,B,2023-11-08,0,0,0,0.00
72858,1624,"Campaña Navidad 2023",Correo,B,2023-08-10,1,0,0,0.00
72859,2551,"Recuperación Carrito Abandonado",WhatsApp,B,2024-09-02,0,0,0,0.00
72860,1954,"Recuperación Carrito Abandonado",SMS,B,2024-09-17,0,0,0,0.00
72861,2615,"Bienvenida Nuevo Cliente",SMS,B,2023-08-24,0,0,0,0.00
72862,1468,"Bienvenida Nuevo Cliente",Push,A,2024-12-16,1,0,0,0.00
72863,2664,"Black Friday 2023",Push,B,2022-11-30,1,0,0,0.00
72864,2013,"Cyber Wow Mayo 2024",Push,A,2022-04-11,0,0,0,0.00
72865,2640,"Black Friday 2023",Correo,B,2024-05-31,1,0,0,0.00
72866,1140,"Fidelización Recurrentes",SMS,A,2022-01-15,1,0,0,0.00
72867,1737,"Campaña Navidad 2023",Push,B,2024-08-05,0,0,0,0.00
72868,2000,"Fidelización Recurrentes",Correo,A,2023-03-24,0,0,0,0.00
72869,1451,"Bienvenida Nuevo Cliente",SMS,A,2022-02-17,0,0,0,0.00
72870,2829,"Recuperación Carrito Abandonado",SMS,A,2022-01-20,0,0,0,0.00
72871,1941,"Cyber Wow Mayo 2024",Correo,A,2023-05-02,1,0,0,0.00
72872,2897,"Black Friday 2023",WhatsApp,A,2022-04-28,0,0,0,0.00
72873,1613,"Campaña Navidad 2023",Correo,B,2022-04-20,0,0,0,0.00
72874,1284,"Recuperación Carrito Abandonado",Correo,B,2022-07-10,0,0,0,0.00
72875,2652,"Recuperación Carrito Abandonado",SMS,A,2023-08-10,1,0,0,0.00
72876,2996,"VIP Exclusivo Agosto",Correo,B,2022-05-04,0,0,0,0.00
72877,1948,"Fidelización Recurrentes",Push,B,2023-03-21,0,0,0,0.00
72878,1796,"Cyber Wow Mayo 2024",Correo,A,2023-05-03,0,0,0,0.00
72879,2354,"Bienvenida Nuevo Cliente",Correo,A,2024-11-17,0,0,0,0.00
72880,1445,"VIP Exclusivo Agosto",SMS,B,2023-04-24,0,0,0,0.00
72881,2384,"VIP Exclusivo Agosto",WhatsApp,A,2024-06-16,1,0,0,0.00
72882,1134,"Black Friday 2023",SMS,B,2023-03-10,1,0,0,0.00
72883,2249,"Black Friday 2023",Correo,B,2022-01-30,0,0,0,0.00
72884,1438,"Black Friday 2023",Push,B,2024-09-02,1,0,0,0.00
72885,1531,"Black Friday 2023",SMS,A,2023-11-08,0,0,0,0.00
72886,2838,"Recuperación Carrito Abandonado",Correo,B,2023-07-08,1,0,0,0.00
72887,2196,"Black Friday 2023",Push,A,2022-07-21,0,0,0,0.00
72888,1632,"Recuperación Carrito Abandonado",WhatsApp,A,2022-06-26,1,0,0,0.00
72889,1165,"Fidelización Recurrentes",SMS,A,2023-12-14,1,0,0,0.00
72890,1683,"Reactivación Q1 2024",Push,A,2022-07-03,1,0,0,0.00
72891,2179,"VIP Exclusivo Agosto",WhatsApp,A,2023-09-22,0,0,0,0.00
72892,2406,"Bienvenida Nuevo Cliente",SMS,B,2023-01-26,1,0,0,0.00
72893,2732,"Día de la Madre 2024",WhatsApp,B,2024-01-19,0,0,0,0.00
72894,1552,"Fidelización Recurrentes",Correo,B,2022-11-06,0,0,0,0.00
72895,2928,"Bienvenida Nuevo Cliente",Push,B,2023-08-07,0,0,0,0.00
72896,1739,"Recuperación Carrito Abandonado",Push,A,2022-10-04,0,0,0,0.00
72897,2918,"Reactivación Q1 2024",WhatsApp,A,2024-05-19,0,0,0,0.00
72898,2889,"Fidelización Recurrentes",SMS,A,2024-10-22,0,0,0,0.00
72899,1125,"Recuperación Carrito Abandonado",WhatsApp,A,2023-10-05,1,0,0,0.00
72900,2187,"Black Friday 2023",Correo,B,2023-10-17,0,0,0,0.00
72901,1001,"Fidelización Recurrentes",WhatsApp,A,2023-05-18,0,0,0,0.00
72902,1014,"Black Friday 2023",WhatsApp,A,2023-07-29,0,0,0,0.00
72903,2763,"Fidelización Recurrentes",WhatsApp,B,2023-04-24,0,0,0,0.00
72904,2863,"Campaña Navidad 2023",Correo,A,2022-05-05,0,0,0,0.00
72905,1106,"Recuperación Carrito Abandonado",SMS,B,2024-12-31,0,0,0,0.00
72906,1927,"Campaña Navidad 2023",SMS,A,2022-07-23,0,0,0,0.00
72907,1886,"Fidelización Recurrentes",Correo,B,2024-11-10,1,1,0,0.00
72908,2730,"Fidelización Recurrentes",WhatsApp,A,2022-04-23,1,0,0,0.00
72909,1584,"Black Friday 2023",SMS,A,2022-10-26,0,0,0,0.00
72910,2754,"Reactivación Q1 2024",Correo,A,2023-05-23,1,0,0,0.00
72911,1529,"Fidelización Recurrentes",SMS,B,2024-10-07,0,0,0,0.00
72912,1800,"Día de la Madre 2024",WhatsApp,A,2024-07-19,1,0,0,0.00
72913,1790,"Reactivación Q1 2024",Push,B,2024-07-20,0,0,0,0.00
72914,1098,"Recuperación Carrito Abandonado",Push,A,2024-06-22,0,0,0,0.00
72915,2698,"Black Friday 2023",WhatsApp,B,2024-12-17,1,0,0,0.00
72916,2360,"Reactivación Q1 2024",WhatsApp,A,2024-07-27,0,0,0,0.00
72917,1265,"VIP Exclusivo Agosto",SMS,A,2022-04-15,0,0,0,0.00
72918,2882,"Día de la Madre 2024",Correo,A,2022-12-06,0,0,0,0.00
72919,1993,"Black Friday 2023",Correo,B,2024-02-05,0,0,0,0.00
72920,2936,"Campaña Navidad 2023",WhatsApp,A,2024-04-09,0,0,0,0.00
72921,2194,"Bienvenida Nuevo Cliente",Push,B,2023-02-11,1,0,0,0.00
72922,2613,"Fidelización Recurrentes",Push,A,2022-07-28,0,0,0,0.00
72923,2380,"Recuperación Carrito Abandonado",Correo,A,2022-06-14,1,0,0,0.00
72924,1180,"Reactivación Q1 2024",WhatsApp,B,2023-11-12,0,0,0,0.00
72925,1804,"Bienvenida Nuevo Cliente",Correo,A,2022-05-29,1,1,0,0.00
72926,2178,"Reactivación Q1 2024",Correo,B,2022-06-21,0,0,0,0.00
72927,2712,"Cyber Wow Mayo 2024",WhatsApp,B,2022-12-02,0,0,0,0.00
72928,2545,"Cyber Wow Mayo 2024",SMS,A,2023-09-29,0,0,0,0.00
72929,1048,"Reactivación Q1 2024",Correo,A,2022-05-14,0,0,0,0.00
72930,2710,"Black Friday 2023",SMS,B,2024-11-02,1,0,0,0.00
72931,2895,"Reactivación Q1 2024",WhatsApp,B,2022-02-08,0,0,0,0.00
72932,2555,"Recuperación Carrito Abandonado",WhatsApp,A,2023-02-10,1,0,0,0.00
72933,2720,"Día de la Madre 2024",Correo,A,2022-08-31,1,0,0,0.00
72934,2466,"Reactivación Q1 2024",Push,A,2022-05-05,0,0,0,0.00
72935,1510,"Reactivación Q1 2024",SMS,A,2023-02-05,0,0,0,0.00
72936,2989,"Cyber Wow Mayo 2024",Correo,A,2022-05-21,0,0,0,0.00
72937,2311,"Campaña Navidad 2023",WhatsApp,A,2022-08-24,1,0,0,0.00
72938,1364,"Bienvenida Nuevo Cliente",Push,A,2023-09-03,0,0,0,0.00
72939,1539,"Cyber Wow Mayo 2024",Correo,A,2022-08-29,0,0,0,0.00
72940,1651,"Reactivación Q1 2024",Correo,A,2022-04-29,0,0,0,0.00
72941,1643,"Reactivación Q1 2024",SMS,B,2022-11-09,0,0,0,0.00
72942,2010,"Fidelización Recurrentes",Push,B,2023-09-08,0,0,0,0.00
72943,1082,"Recuperación Carrito Abandonado",Correo,A,2024-01-11,1,0,0,0.00
72944,2769,"Black Friday 2023",Correo,B,2024-08-14,1,0,0,0.00
72945,1572,"Fidelización Recurrentes",Correo,B,2022-02-17,0,0,0,0.00
72946,1893,"Recuperación Carrito Abandonado",SMS,A,2022-02-15,0,0,0,0.00
72947,1735,"Recuperación Carrito Abandonado",Push,A,2022-03-18,0,0,0,0.00
72948,2966,"Fidelización Recurrentes",SMS,A,2023-07-07,0,0,0,0.00
72949,2771,"Black Friday 2023",SMS,B,2022-11-13,0,0,0,0.00
72950,1522,"Recuperación Carrito Abandonado",WhatsApp,A,2022-11-11,0,0,0,0.00
72951,1851,"Campaña Navidad 2023",Correo,B,2023-01-31,1,1,0,0.00
72952,1919,"Cyber Wow Mayo 2024",Correo,B,2024-08-17,0,0,0,0.00
72953,2544,"Black Friday 2023",Correo,A,2024-10-09,0,0,0,0.00
72954,2888,"Día de la Madre 2024",SMS,A,2023-06-22,0,0,0,0.00
72955,2224,"Día de la Madre 2024",Push,A,2024-12-16,1,1,0,0.00
72956,2178,"Campaña Navidad 2023",Push,B,2024-10-13,0,0,0,0.00
72957,2722,"Fidelización Recurrentes",Push,A,2022-04-15,0,0,0,0.00
72958,1388,"Recuperación Carrito Abandonado",Correo,B,2022-06-30,0,0,0,0.00
72959,2948,"Campaña Navidad 2023",Push,A,2024-04-24,0,0,0,0.00
72960,2835,"Reactivación Q1 2024",SMS,A,2024-01-17,0,0,0,0.00
72961,2293,"Fidelización Recurrentes",Push,B,2024-01-04,0,0,0,0.00
72962,1184,"Campaña Navidad 2023",WhatsApp,B,2024-05-05,0,0,0,0.00
72963,1637,"Fidelización Recurrentes",SMS,B,2022-01-08,0,0,0,0.00
72964,1299,"Reactivación Q1 2024",Correo,A,2022-12-10,0,0,0,0.00
72965,1229,"Día de la Madre 2024",Correo,B,2024-04-18,0,0,0,0.00
72966,1421,"Fidelización Recurrentes",Correo,A,2024-08-03,0,0,0,0.00
72967,2841,"Cyber Wow Mayo 2024",WhatsApp,B,2024-02-12,0,0,0,0.00
72968,1267,"Bienvenida Nuevo Cliente",SMS,A,2024-04-06,0,0,0,0.00
72969,1703,"VIP Exclusivo Agosto",Push,B,2023-05-13,0,0,0,0.00
72970,1393,"Recuperación Carrito Abandonado",Push,B,2023-12-31,1,0,0,0.00
72971,1660,"Bienvenida Nuevo Cliente",WhatsApp,A,2024-07-30,0,0,0,0.00
72972,2083,"VIP Exclusivo Agosto",Push,B,2022-11-05,0,0,0,0.00
72973,1209,"Fidelización Recurrentes",Correo,A,2022-07-02,0,0,0,0.00
72974,1637,"Reactivación Q1 2024",SMS,A,2024-09-05,0,0,0,0.00
72975,2366,"Día de la Madre 2024",Push,A,2023-09-03,0,0,0,0.00
72976,2433,"Fidelización Recurrentes",SMS,B,2023-04-01,0,0,0,0.00
72977,1073,"Cyber Wow Mayo 2024",WhatsApp,B,2023-06-21,0,0,0,0.00
72978,1032,"Bienvenida Nuevo Cliente",WhatsApp,A,2024-12-19,0,0,0,0.00
72979,1957,"Recuperación Carrito Abandonado",Correo,B,2022-03-31,0,0,0,0.00
72980,2196,"Black Friday 2023",SMS,B,2023-06-18,1,0,0,0.00
72981,2779,"Campaña Navidad 2023",WhatsApp,A,2024-10-02,1,0,0,0.00
72982,1990,"Bienvenida Nuevo Cliente",Correo,B,2024-11-06,0,0,0,0.00
72983,2903,"Día de la Madre 2024",WhatsApp,A,2024-08-17,0,0,0,0.00
72984,2392,"Día de la Madre 2024",WhatsApp,B,2024-09-17,1,0,0,0.00
72985,1482,"Recuperación Carrito Abandonado",Push,A,2024-07-27,1,0,0,0.00
72986,2243,"Reactivación Q1 2024",WhatsApp,B,2023-11-07,0,0,0,0.00
72987,2088,"Recuperación Carrito Abandonado",Correo,A,2023-07-21,0,0,0,0.00
72988,1497,"Día de la Madre 2024",Push,A,2022-10-06,0,0,0,0.00
72989,1671,"Black Friday 2023",WhatsApp,B,2024-09-16,0,0,0,0.00
72990,2425,"Cyber Wow Mayo 2024",SMS,B,2022-11-26,0,0,0,0.00
72991,2243,"Día de la Madre 2024",SMS,A,2023-11-06,0,0,0,0.00
72992,1593,"Recuperación Carrito Abandonado",Correo,B,2023-06-06,0,0,0,0.00
72993,2796,"Fidelización Recurrentes",Push,B,2022-09-08,0,0,0,0.00
72994,2255,"Reactivación Q1 2024",Push,B,2023-08-29,0,0,0,0.00
72995,2030,"Fidelización Recurrentes",WhatsApp,B,2024-09-25,0,0,0,0.00
72996,2202,"VIP Exclusivo Agosto",WhatsApp,A,2022-12-25,0,0,0,0.00
72997,1698,"Recuperación Carrito Abandonado",Correo,A,2022-08-21,0,0,0,0.00
72998,2270,"Cyber Wow Mayo 2024",SMS,A,2022-08-11,0,0,0,0.00
72999,1475,"Campaña Navidad 2023",WhatsApp,A,2024-07-30,1,0,0,0.00
73000,1474,"VIP Exclusivo Agosto",SMS,A,2022-06-25,0,0,0,0.00
73001,1074,"Recuperación Carrito Abandonado",Push,B,2023-09-15,0,0,0,0.00
73002,2266,"Recuperación Carrito Abandonado",Push,A,2023-06-02,1,0,0,0.00
73003,1563,"Cyber Wow Mayo 2024",WhatsApp,B,2024-12-12,1,1,1,103.24
73004,1249,"Black Friday 2023",Correo,B,2024-12-21,0,0,0,0.00
73005,1815,"Fidelización Recurrentes",SMS,A,2022-02-01,0,0,0,0.00
73006,2874,"Campaña Navidad 2023",Correo,A,2022-11-07,1,0,0,0.00
73007,1050,"VIP Exclusivo Agosto",SMS,A,2024-06-24,0,0,0,0.00
73008,1091,"Black Friday 2023",SMS,A,2023-05-01,1,0,0,0.00
73009,2550,"Bienvenida Nuevo Cliente",Correo,A,2023-02-19,1,0,0,0.00
73010,1671,"Bienvenida Nuevo Cliente",SMS,A,2024-04-17,0,0,0,0.00
73011,1898,"Día de la Madre 2024",Push,B,2024-12-15,0,0,0,0.00
73012,1896,"Campaña Navidad 2023",Push,A,2022-01-05,0,0,0,0.00
73013,1033,"Reactivación Q1 2024",Correo,A,2023-04-03,0,0,0,0.00
73014,2418,"VIP Exclusivo Agosto",Push,B,2024-09-03,1,0,0,0.00
73015,2926,"Black Friday 2023",Push,B,2023-12-14,0,0,0,0.00
73016,1222,"Recuperación Carrito Abandonado",Push,A,2024-01-09,0,0,0,0.00
73017,2439,"Día de la Madre 2024",WhatsApp,B,2022-05-10,0,0,0,0.00
73018,1521,"Cyber Wow Mayo 2024",SMS,A,2022-02-25,0,0,0,0.00
73019,2310,"Reactivación Q1 2024",WhatsApp,B,2022-08-23,0,0,0,0.00
73020,2769,"Recuperación Carrito Abandonado",WhatsApp,B,2023-07-03,0,0,0,0.00
73021,2831,"Campaña Navidad 2023",WhatsApp,B,2022-09-12,0,0,0,0.00
73022,1176,"Fidelización Recurrentes",WhatsApp,B,2022-06-07,0,0,0,0.00
73023,2891,"Black Friday 2023",Push,A,2024-01-28,0,0,0,0.00
73024,2291,"Día de la Madre 2024",Push,B,2023-06-15,0,0,0,0.00
73025,2551,"Recuperación Carrito Abandonado",Correo,A,2022-06-05,0,0,0,0.00
73026,2635,"Recuperación Carrito Abandonado",SMS,A,2022-12-26,0,0,0,0.00
73027,2612,"Reactivación Q1 2024",Correo,A,2024-01-11,0,0,0,0.00
73028,2726,"Fidelización Recurrentes",Correo,A,2024-01-26,0,0,0,0.00
73029,1847,"Campaña Navidad 2023",SMS,B,2024-07-07,0,0,0,0.00
73030,2525,"Reactivación Q1 2024",Push,B,2024-04-02,0,0,0,0.00
73031,1513,"Recuperación Carrito Abandonado",SMS,A,2023-01-27,1,1,0,0.00
73032,2190,"Cyber Wow Mayo 2024",Correo,A,2023-05-21,0,0,0,0.00
73033,1487,"Cyber Wow Mayo 2024",Correo,B,2024-12-24,0,0,0,0.00
73034,1947,"Black Friday 2023",Correo,B,2022-04-11,1,1,0,0.00
73035,1395,"VIP Exclusivo Agosto",SMS,A,2023-04-06,0,0,0,0.00
73036,1291,"Cyber Wow Mayo 2024",Correo,B,2023-12-14,1,0,0,0.00
73037,2576,"Reactivación Q1 2024",Push,A,2024-12-20,0,0,0,0.00
73038,1858,"Recuperación Carrito Abandonado",Correo,B,2022-11-07,0,0,0,0.00
73039,2324,"Cyber Wow Mayo 2024",Push,A,2023-11-27,0,0,0,0.00
73040,2069,"Cyber Wow Mayo 2024",WhatsApp,A,2023-07-06,0,0,0,0.00
73041,1441,"VIP Exclusivo Agosto",Push,B,2022-01-29,1,0,0,0.00
73042,1549,"VIP Exclusivo Agosto",SMS,A,2024-05-13,0,0,0,0.00
73043,1628,"Cyber Wow Mayo 2024",WhatsApp,B,2022-08-15,0,0,0,0.00
73044,1135,"VIP Exclusivo Agosto",SMS,A,2022-03-19,0,0,0,0.00
73045,1369,"Fidelización Recurrentes",WhatsApp,A,2022-01-30,0,0,0,0.00
73046,2450,"Día de la Madre 2024",WhatsApp,B,2022-04-23,0,0,0,0.00
73047,2798,"Black Friday 2023",Correo,A,2024-04-05,0,0,0,0.00
73048,1127,"Reactivación Q1 2024",Push,B,2024-12-01,1,0,0,0.00
73049,2944,"Reactivación Q1 2024",Correo,A,2023-02-09,1,0,0,0.00
73050,1073,"Cyber Wow Mayo 2024",Push,A,2024-10-22,0,0,0,0.00
73051,1526,"Fidelización Recurrentes",WhatsApp,B,2022-03-05,0,0,0,0.00
73052,1065,"Día de la Madre 2024",Push,A,2023-04-19,0,0,0,0.00
73053,1935,"VIP Exclusivo Agosto",WhatsApp,A,2024-08-22,1,1,0,0.00
73054,1200,"Fidelización Recurrentes",Push,A,2023-06-17,0,0,0,0.00
73055,2181,"Recuperación Carrito Abandonado",WhatsApp,A,2022-02-13,1,1,0,0.00
73056,2354,"VIP Exclusivo Agosto",Correo,B,2023-10-03,1,0,0,0.00
73057,1702,"Día de la Madre 2024",SMS,B,2023-01-11,0,0,0,0.00
73058,1340,"Cyber Wow Mayo 2024",Push,B,2023-05-14,0,0,0,0.00
73059,2139,"Recuperación Carrito Abandonado",WhatsApp,B,2022-11-09,1,0,0,0.00
73060,2879,"Fidelización Recurrentes",Correo,A,2022-06-09,0,0,0,0.00
73061,2029,"Reactivación Q1 2024",Correo,B,2023-02-28,0,0,0,0.00
73062,1594,"Reactivación Q1 2024",Push,B,2022-05-24,0,0,0,0.00
73063,2247,"Cyber Wow Mayo 2024",Push,B,2024-12-10,0,0,0,0.00
73064,2304,"Bienvenida Nuevo Cliente",Correo,B,2022-01-01,0,0,0,0.00
73065,1962,"Reactivación Q1 2024",Correo,A,2022-03-25,0,0,0,0.00
73066,2472,"Reactivación Q1 2024",Correo,B,2024-07-13,1,0,0,0.00
73067,2621,"Recuperación Carrito Abandonado",Push,A,2023-11-05,0,0,0,0.00
73068,1926,"Fidelización Recurrentes",SMS,B,2022-10-20,0,0,0,0.00
73069,2583,"Fidelización Recurrentes",SMS,B,2022-10-18,1,0,0,0.00
73070,1638,"VIP Exclusivo Agosto",Correo,B,2024-07-05,0,0,0,0.00
73071,2690,"Reactivación Q1 2024",Push,A,2024-04-08,0,0,0,0.00
73072,1639,"Campaña Navidad 2023",Correo,B,2022-07-23,0,0,0,0.00
73073,2383,"VIP Exclusivo Agosto",WhatsApp,B,2023-04-20,0,0,0,0.00
73074,1109,"Bienvenida Nuevo Cliente",Correo,B,2022-04-25,0,0,0,0.00
73075,1116,"Fidelización Recurrentes",SMS,B,2023-09-18,0,0,0,0.00
73076,2865,"Fidelización Recurrentes",WhatsApp,A,2024-10-02,0,0,0,0.00
73077,2199,"Día de la Madre 2024",SMS,B,2023-10-11,0,0,0,0.00
73078,2427,"Fidelización Recurrentes",Correo,B,2024-05-03,0,0,0,0.00
73079,1927,"Día de la Madre 2024",Push,A,2022-06-09,0,0,0,0.00
73080,1193,"Cyber Wow Mayo 2024",Correo,A,2022-10-13,0,0,0,0.00
73081,1969,"Día de la Madre 2024",Push,A,2022-06-13,0,0,0,0.00
73082,2020,"Reactivación Q1 2024",SMS,B,2022-01-26,1,0,0,0.00
73083,2186,"Fidelización Recurrentes",Correo,A,2023-04-26,0,0,0,0.00
73084,2269,"Recuperación Carrito Abandonado",Push,A,2023-07-02,0,0,0,0.00
73085,1677,"Fidelización Recurrentes",Correo,B,2024-10-29,1,0,0,0.00
73086,1768,"Recuperación Carrito Abandonado",SMS,A,2023-07-08,0,0,0,0.00
73087,2240,"Día de la Madre 2024",Correo,B,2022-08-08,1,0,0,0.00
73088,2422,"Fidelización Recurrentes",WhatsApp,B,2022-08-25,0,0,0,0.00
73089,2957,"Black Friday 2023",SMS,B,2022-02-06,0,0,0,0.00
73090,2720,"Campaña Navidad 2023",Push,B,2023-07-04,1,0,0,0.00
73091,1036,"Black Friday 2023",WhatsApp,A,2022-12-25,1,0,0,0.00
73092,1264,"Día de la Madre 2024",Push,B,2024-03-17,0,0,0,0.00
73093,2085,"Bienvenida Nuevo Cliente",WhatsApp,B,2024-01-30,0,0,0,0.00
73094,1668,"Recuperación Carrito Abandonado",Push,A,2022-08-17,0,0,0,0.00
73095,2164,"Black Friday 2023",SMS,A,2024-01-03,0,0,0,0.00
73096,2055,"Día de la Madre 2024",Correo,B,2023-12-28,0,0,0,0.00
73097,1267,"Reactivación Q1 2024",SMS,A,2023-10-08,1,0,0,0.00
73098,2467,"Fidelización Recurrentes",Push,A,2024-03-31,0,0,0,0.00
73099,1827,"Reactivación Q1 2024",SMS,A,2022-05-11,0,0,0,0.00
73100,2998,"Bienvenida Nuevo Cliente",WhatsApp,A,2023-08-12,1,0,0,0.00
73101,1301,"VIP Exclusivo Agosto",WhatsApp,B,2024-07-23,1,0,0,0.00
73102,1787,"VIP Exclusivo Agosto",WhatsApp,B,2023-12-04,1,0,0,0.00
73103,1155,"Reactivación Q1 2024",Correo,B,2023-01-24,0,0,0,0.00
73104,1390,"VIP Exclusivo Agosto",Push,B,2022-06-17,0,0,0,0.00
73105,1901,"Fidelización Recurrentes",Correo,A,2023-10-28,0,0,0,0.00
73106,2646,"Fidelización Recurrentes",WhatsApp,B,2024-06-21,1,0,0,0.00
73107,2337,"Recuperación Carrito Abandonado",SMS,A,2022-10-16,0,0,0,0.00
73108,2453,"Día de la Madre 2024",Correo,A,2023-03-19,1,0,0,0.00
73109,2644,"VIP Exclusivo Agosto",WhatsApp,B,2022-12-21,0,0,0,0.00
73110,2210,"Campaña Navidad 2023",Push,A,2023-12-25,0,0,0,0.00
73111,2311,"Recuperación Carrito Abandonado",Correo,A,2024-02-20,1,0,0,0.00
73112,2318,"Campaña Navidad 2023",Correo,B,2024-07-01,0,0,0,0.00
73113,2848,"Reactivación Q1 2024",SMS,A,2022-07-22,1,0,0,0.00
73114,1442,"Cyber Wow Mayo 2024",Correo,B,2023-01-07,1,0,0,0.00
73115,2618,"Día de la Madre 2024",WhatsApp,B,2022-05-04,0,0,0,0.00
73116,2334,"Bienvenida Nuevo Cliente",SMS,B,2024-01-04,1,0,0,0.00
73117,2149,"Black Friday 2023",Correo,A,2023-01-22,0,0,0,0.00
73118,2996,"Bienvenida Nuevo Cliente",Correo,A,2022-01-10,0,0,0,0.00
73119,2736,"Campaña Navidad 2023",SMS,A,2024-10-27,0,0,0,0.00
73120,2207,"Reactivación Q1 2024",Correo,A,2024-11-01,0,0,0,0.00
73121,2850,"Recuperación Carrito Abandonado",Correo,A,2024-05-30,0,0,0,0.00
73122,1118,"Campaña Navidad 2023",SMS,A,2024-10-14,0,0,0,0.00
73123,2452,"Campaña Navidad 2023",SMS,B,2024-06-28,0,0,0,0.00
73124,1932,"Bienvenida Nuevo Cliente",WhatsApp,A,2022-11-22,0,0,0,0.00
73125,2214,"Recuperación Carrito Abandonado",WhatsApp,B,2024-08-15,0,0,0,0.00
73126,2933,"Cyber Wow Mayo 2024",Correo,B,2024-07-30,1,1,0,0.00
73127,2922,"VIP Exclusivo Agosto",Correo,B,2022-02-04,0,0,0,0.00
73128,1648,"Black Friday 2023",SMS,A,2023-09-11,1,0,0,0.00
73129,1348,"Bienvenida Nuevo Cliente",WhatsApp,A,2022-07-13,0,0,0,0.00
73130,2145,"Fidelización Recurrentes",SMS,B,2024-09-07,0,0,0,0.00
73131,1658,"Día de la Madre 2024",Correo,B,2022-10-12,1,0,0,0.00
73132,2373,"Cyber Wow Mayo 2024",SMS,A,2024-11-26,0,0,0,0.00
73133,2062,"Fidelización Recurrentes",SMS,B,2022-07-02,1,0,0,0.00
73134,2992,"Fidelización Recurrentes",WhatsApp,B,2024-10-22,1,0,0,0.00
73135,2958,"Día de la Madre 2024",Correo,B,2024-07-18,0,0,0,0.00
73136,2505,"Bienvenida Nuevo Cliente",Correo,A,2023-06-21,0,0,0,0.00
73137,1648,"Día de la Madre 2024",WhatsApp,B,2023-09-04,0,0,0,0.00
73138,2658,"Campaña Navidad 2023",Correo,B,2022-08-03,0,0,0,0.00
73139,2385,"Campaña Navidad 2023",Correo,A,2022-03-02,0,0,0,0.00
73140,2072,"Recuperación Carrito Abandonado",WhatsApp,A,2024-09-19,0,0,0,0.00
73141,2954,"Reactivación Q1 2024",Correo,B,2022-05-11,0,0,0,0.00
73142,1979,"Día de la Madre 2024",Correo,A,2023-08-13,0,0,0,0.00
73143,2492,"Reactivación Q1 2024",SMS,A,2022-05-08,0,0,0,0.00
73144,2756,"Día de la Madre 2024",SMS,A,2024-08-10,0,0,0,0.00
73145,1566,"Día de la Madre 2024",Push,B,2023-11-24,0,0,0,0.00
73146,2381,"Fidelización Recurrentes",SMS,A,2023-02-04,0,0,0,0.00
73147,2766,"Día de la Madre 2024",Correo,A,2024-02-01,0,0,0,0.00
73148,1190,"Día de la Madre 2024",Correo,A,2023-09-11,1,0,0,0.00
73149,1025,"Reactivación Q1 2024",SMS,A,2024-10-09,0,0,0,0.00
73150,2991,"Reactivación Q1 2024",Correo,A,2022-01-13,0,0,0,0.00
73151,2794,"Recuperación Carrito Abandonado",Correo,B,2024-07-24,1,0,0,0.00
73152,2818,"Cyber Wow Mayo 2024",Correo,B,2023-03-11,0,0,0,0.00
73153,1093,"Cyber Wow Mayo 2024",Correo,B,2022-01-29,1,0,0,0.00
73154,2460,"Fidelización Recurrentes",Correo,B,2022-08-19,0,0,0,0.00
73155,1256,"Reactivación Q1 2024",SMS,A,2024-11-18,0,0,0,0.00
73156,1535,"Black Friday 2023",SMS,A,2024-10-10,1,1,0,0.00
73157,1327,"Día de la Madre 2024",Correo,A,2024-09-26,0,0,0,0.00
73158,1418,"Reactivación Q1 2024",SMS,A,2023-05-15,0,0,0,0.00
73159,1372,"Bienvenida Nuevo Cliente",Correo,B,2024-07-09,0,0,0,0.00
73160,1578,"Bienvenida Nuevo Cliente",Push,B,2022-06-17,0,0,0,0.00
73161,1307,"Campaña Navidad 2023",Correo,B,2023-09-06,0,0,0,0.00
73162,2919,"VIP Exclusivo Agosto",WhatsApp,B,2024-11-10,0,0,0,0.00
73163,2732,"Fidelización Recurrentes",SMS,A,2023-11-06,0,0,0,0.00
73164,2605,"Cyber Wow Mayo 2024",SMS,B,2022-06-03,0,0,0,0.00
73165,2319,"Recuperación Carrito Abandonado",Correo,A,2022-10-10,0,0,0,0.00
73166,2235,"Campaña Navidad 2023",SMS,B,2022-10-24,1,0,0,0.00
73167,2415,"Campaña Navidad 2023",SMS,B,2023-03-05,1,0,0,0.00
73168,2063,"Black Friday 2023",Correo,A,2023-02-22,0,0,0,0.00
73169,1366,"Día de la Madre 2024",Correo,B,2022-08-29,1,0,0,0.00
73170,1444,"Black Friday 2023",Correo,B,2022-09-25,1,0,0,0.00
73171,1369,"Fidelización Recurrentes",Correo,A,2022-04-20,0,0,0,0.00
73172,1230,"Cyber Wow Mayo 2024",WhatsApp,A,2024-02-08,0,0,0,0.00
73173,1199,"Reactivación Q1 2024",SMS,B,2022-05-18,0,0,0,0.00
73174,2048,"Bienvenida Nuevo Cliente",Push,A,2023-04-24,0,0,0,0.00
73175,1690,"VIP Exclusivo Agosto",SMS,B,2024-06-21,1,0,0,0.00
73176,2795,"VIP Exclusivo Agosto",Push,A,2022-03-02,0,0,0,0.00
73177,2308,"Campaña Navidad 2023",Correo,A,2022-07-04,0,0,0,0.00
73178,2690,"Black Friday 2023",Correo,A,2023-06-14,1,0,0,0.00
73179,2265,"Campaña Navidad 2023",Push,A,2022-05-28,1,0,0,0.00
73180,1094,"Día de la Madre 2024",Correo,B,2022-01-06,0,0,0,0.00
73181,2511,"Recuperación Carrito Abandonado",SMS,B,2023-07-01,1,0,0,0.00
73182,2706,"Reactivación Q1 2024",Push,B,2023-03-25,0,0,0,0.00
73183,2819,"Cyber Wow Mayo 2024",SMS,A,2024-03-25,1,0,0,0.00
73184,2187,"Cyber Wow Mayo 2024",Push,A,2022-04-16,0,0,0,0.00
73185,1698,"Reactivación Q1 2024",WhatsApp,B,2023-02-07,0,0,0,0.00
73186,2021,"Fidelización Recurrentes",SMS,A,2023-06-30,0,0,0,0.00
73187,1263,"Black Friday 2023",WhatsApp,B,2022-04-13,1,0,0,0.00
73188,2323,"Cyber Wow Mayo 2024",Push,B,2022-05-14,0,0,0,0.00
73189,1875,"Recuperación Carrito Abandonado",Push,B,2024-05-29,1,0,0,0.00
73190,2857,"Recuperación Carrito Abandonado",SMS,B,2022-10-04,0,0,0,0.00
73191,1421,"Reactivación Q1 2024",Correo,B,2024-04-24,0,0,0,0.00
73192,1101,"Recuperación Carrito Abandonado",Correo,A,2022-12-02,0,0,0,0.00
73193,2126,"VIP Exclusivo Agosto",Correo,B,2024-10-15,1,0,0,0.00
73194,2258,"Fidelización Recurrentes",Push,B,2024-05-06,1,0,0,0.00
73195,1254,"VIP Exclusivo Agosto",Push,B,2024-06-12,0,0,0,0.00
73196,2116,"VIP Exclusivo Agosto",SMS,B,2022-03-07,0,0,0,0.00
73197,2931,"Reactivación Q1 2024",Correo,B,2023-06-11,0,0,0,0.00
73198,2219,"Black Friday 2023",SMS,A,2022-01-15,0,0,0,0.00
73199,2157,"Campaña Navidad 2023",Push,B,2023-11-26,0,0,0,0.00
73200,1337,"Cyber Wow Mayo 2024",Push,B,2023-05-18,1,1,0,0.00
73201,2087,"Cyber Wow Mayo 2024",WhatsApp,B,2023-05-25,1,0,0,0.00
73202,1802,"Reactivación Q1 2024",WhatsApp,A,2024-01-26,0,0,0,0.00
73203,2206,"Black Friday 2023",WhatsApp,A,2024-12-04,0,0,0,0.00
73204,2859,"Reactivación Q1 2024",WhatsApp,B,2023-05-01,0,0,0,0.00
73205,2918,"VIP Exclusivo Agosto",WhatsApp,B,2022-09-13,0,0,0,0.00
73206,2904,"Bienvenida Nuevo Cliente",WhatsApp,A,2022-05-07,0,0,0,0.00
73207,1087,"Recuperación Carrito Abandonado",SMS,B,2022-02-21,0,0,0,0.00
73208,2775,"Recuperación Carrito Abandonado",Correo,B,2022-09-09,1,0,0,0.00
73209,2228,"Reactivación Q1 2024",WhatsApp,A,2023-03-24,1,0,0,0.00
73210,1565,"Black Friday 2023",SMS,B,2022-08-27,0,0,0,0.00
73211,2897,"Recuperación Carrito Abandonado",Correo,B,2023-10-24,1,0,0,0.00
73212,1597,"Día de la Madre 2024",Push,B,2022-04-29,0,0,0,0.00
73213,1472,"VIP Exclusivo Agosto",Correo,B,2024-04-02,0,0,0,0.00
73214,1094,"Reactivación Q1 2024",Push,A,2023-05-04,0,0,0,0.00
73215,2404,"Reactivación Q1 2024",WhatsApp,A,2023-04-11,0,0,0,0.00
73216,1631,"Cyber Wow Mayo 2024",Correo,B,2024-01-04,1,1,0,0.00
73217,1688,"Bienvenida Nuevo Cliente",Correo,B,2023-08-10,1,0,0,0.00
73218,1902,"Campaña Navidad 2023",SMS,A,2024-10-31,0,0,0,0.00
73219,1750,"Bienvenida Nuevo Cliente",Correo,B,2024-10-03,0,0,0,0.00
73220,2246,"Recuperación Carrito Abandonado",Push,A,2024-04-17,0,0,0,0.00
73221,1773,"Reactivación Q1 2024",Push,B,2024-02-24,1,0,0,0.00
73222,1797,"Fidelización Recurrentes",SMS,B,2022-02-17,1,0,0,0.00
73223,2813,"Bienvenida Nuevo Cliente",Push,B,2022-04-30,0,0,0,0.00
73224,1236,"Fidelización Recurrentes",SMS,B,2023-12-18,1,0,0,0.00
73225,1361,"Cyber Wow Mayo 2024",Correo,B,2023-05-16,0,0,0,0.00
73226,2883,"VIP Exclusivo Agosto",Correo,A,2023-06-18,1,0,0,0.00
73227,1042,"Reactivación Q1 2024",WhatsApp,A,2022-08-03,1,0,0,0.00
73228,2027,"VIP Exclusivo Agosto",SMS,B,2024-07-11,1,0,0,0.00
73229,1507,"Fidelización Recurrentes",WhatsApp,A,2024-11-04,0,0,0,0.00
73230,1181,"Reactivación Q1 2024",SMS,A,2024-04-13,0,0,0,0.00
73231,1159,"Bienvenida Nuevo Cliente",WhatsApp,A,2023-06-14,0,0,0,0.00
73232,1909,"Día de la Madre 2024",Correo,A,2023-03-16,1,0,0,0.00
73233,1562,"Día de la Madre 2024",SMS,A,2022-12-08,1,0,0,0.00
73234,1171,"Fidelización Recurrentes",SMS,B,2024-07-08,1,0,0,0.00
73235,2187,"Bienvenida Nuevo Cliente",SMS,B,2023-06-21,0,0,0,0.00
73236,2828,"Recuperación Carrito Abandonado",Correo,A,2023-01-07,0,0,0,0.00
73237,1949,"Recuperación Carrito Abandonado",WhatsApp,B,2023-03-16,0,0,0,0.00
73238,1672,"VIP Exclusivo Agosto",Correo,B,2023-06-01,0,0,0,0.00
73239,2569,"Bienvenida Nuevo Cliente",Push,A,2022-04-22,0,0,0,0.00
73240,2685,"VIP Exclusivo Agosto",WhatsApp,A,2023-05-17,0,0,0,0.00
73241,2516,"VIP Exclusivo Agosto",Push,A,2024-10-29,1,0,0,0.00
73242,2043,"Cyber Wow Mayo 2024",Correo,A,2023-07-15,0,0,0,0.00
73243,1591,"Recuperación Carrito Abandonado",Correo,B,2022-10-03,1,0,0,0.00
73244,2289,"Campaña Navidad 2023",SMS,B,2022-12-15,0,0,0,0.00
73245,1713,"Recuperación Carrito Abandonado",WhatsApp,B,2024-02-12,1,0,0,0.00
73246,1538,"Black Friday 2023",WhatsApp,A,2023-07-01,0,0,0,0.00
73247,2173,"Campaña Navidad 2023",Push,A,2022-04-26,0,0,0,0.00
73248,1630,"VIP Exclusivo Agosto",SMS,B,2024-12-13,0,0,0,0.00
73249,1111,"Black Friday 2023",Correo,A,2024-01-26,0,0,0,0.00
73250,2663,"Black Friday 2023",Correo,B,2023-10-21,0,0,0,0.00
73251,2150,"Día de la Madre 2024",Correo,A,2024-03-23,0,0,0,0.00
73252,2203,"Recuperación Carrito Abandonado",SMS,B,2024-06-22,0,0,0,0.00
73253,1638,"Bienvenida Nuevo Cliente",Push,B,2024-09-26,0,0,0,0.00
73254,2800,"Recuperación Carrito Abandonado",Correo,A,2024-12-28,0,0,0,0.00
73255,2017,"Reactivación Q1 2024",Push,A,2022-07-20,0,0,0,0.00
73256,1891,"Día de la Madre 2024",Correo,A,2023-02-18,0,0,0,0.00
73257,1082,"Black Friday 2023",WhatsApp,B,2024-07-16,1,0,0,0.00
73258,1587,"VIP Exclusivo Agosto",WhatsApp,B,2022-04-13,0,0,0,0.00
73259,1164,"VIP Exclusivo Agosto",Push,A,2023-10-13,0,0,0,0.00
73260,2596,"Día de la Madre 2024",SMS,A,2022-04-25,0,0,0,0.00
73261,1008,"Reactivación Q1 2024",Push,B,2023-01-16,0,0,0,0.00
73262,2244,"Reactivación Q1 2024",Push,A,2023-03-27,0,0,0,0.00
73263,1162,"Cyber Wow Mayo 2024",SMS,A,2023-10-19,0,0,0,0.00
73264,2716,"Reactivación Q1 2024",Push,A,2024-08-19,0,0,0,0.00
73265,1024,"Día de la Madre 2024",Correo,A,2023-12-25,1,0,0,0.00
73266,2135,"Campaña Navidad 2023",Correo,A,2024-06-12,0,0,0,0.00
73267,1930,"Campaña Navidad 2023",SMS,A,2023-07-17,0,0,0,0.00
73268,2427,"Campaña Navidad 2023",Correo,B,2023-01-31,1,0,0,0.00
73269,2804,"Reactivación Q1 2024",Push,B,2024-06-08,0,0,0,0.00
73270,2128,"Día de la Madre 2024",Correo,A,2022-10-29,1,0,0,0.00
73271,2850,"Reactivación Q1 2024",WhatsApp,A,2022-09-15,1,0,0,0.00
73272,2943,"Recuperación Carrito Abandonado",SMS,B,2022-12-25,1,0,0,0.00
73273,1945,"Black Friday 2023",Correo,B,2024-08-27,1,0,0,0.00
73274,1118,"Día de la Madre 2024",Correo,B,2024-05-19,1,0,0,0.00
73275,2327,"Bienvenida Nuevo Cliente",Correo,A,2022-05-16,1,0,0,0.00
73276,2372,"Recuperación Carrito Abandonado",WhatsApp,A,2022-09-06,0,0,0,0.00
73277,2066,"Fidelización Recurrentes",SMS,B,2022-04-02,0,0,0,0.00
73278,1482,"Bienvenida Nuevo Cliente",WhatsApp,B,2024-10-29,0,0,0,0.00
73279,1745,"Reactivación Q1 2024",Correo,A,2022-08-07,0,0,0,0.00
73280,2679,"Bienvenida Nuevo Cliente",Push,B,2023-06-23,1,1,0,0.00
73281,1857,"Black Friday 2023",WhatsApp,B,2024-10-02,1,0,0,0.00
73282,1055,"Campaña Navidad 2023",Correo,B,2024-10-07,0,0,0,0.00
73283,1590,"Bienvenida Nuevo Cliente",Correo,B,2024-05-11,0,0,0,0.00
73284,1558,"Recuperación Carrito Abandonado",WhatsApp,B,2022-07-23,0,0,0,0.00
73285,1072,"Fidelización Recurrentes",Push,A,2024-09-11,0,0,0,0.00
73286,2825,"Recuperación Carrito Abandonado",WhatsApp,A,2023-11-04,1,1,0,0.00
73287,2346,"Día de la Madre 2024",Push,B,2024-05-22,1,0,0,0.00
73288,2593,"VIP Exclusivo Agosto",SMS,B,2024-09-01,0,0,0,0.00
73289,1772,"Black Friday 2023",Correo,A,2022-02-15,0,0,0,0.00
73290,2354,"Campaña Navidad 2023",Correo,A,2023-11-21,0,0,0,0.00
73291,1233,"Campaña Navidad 2023",Correo,B,2022-09-18,0,0,0,0.00
73292,1679,"Fidelización Recurrentes",Push,A,2022-12-20,0,0,0,0.00
73293,2706,"Recuperación Carrito Abandonado",Correo,A,2024-03-24,1,1,0,0.00
73294,1944,"Fidelización Recurrentes",Push,A,2024-08-13,0,0,0,0.00
73295,2950,"Reactivación Q1 2024",SMS,A,2022-01-11,0,0,0,0.00
73296,2791,"Campaña Navidad 2023",Push,A,2022-03-19,1,0,0,0.00
73297,1292,"VIP Exclusivo Agosto",WhatsApp,A,2024-05-02,0,0,0,0.00
73298,1367,"Cyber Wow Mayo 2024",SMS,A,2022-11-25,1,0,0,0.00
73299,2745,"VIP Exclusivo Agosto",SMS,B,2023-05-19,0,0,0,0.00
73300,2354,"Día de la Madre 2024",Push,A,2024-08-23,1,0,0,0.00
73301,2772,"VIP Exclusivo Agosto",SMS,A,2022-06-21,1,0,0,0.00
73302,1266,"Black Friday 2023",Correo,A,2022-04-12,0,0,0,0.00
73303,2107,"Fidelización Recurrentes",WhatsApp,B,2022-03-24,0,0,0,0.00
73304,1017,"Fidelización Recurrentes",SMS,A,2023-12-08,1,0,0,0.00
73305,2772,"VIP Exclusivo Agosto",WhatsApp,A,2023-06-01,0,0,0,0.00
73306,1822,"Día de la Madre 2024",Correo,B,2022-12-14,0,0,0,0.00
73307,2017,"Recuperación Carrito Abandonado",WhatsApp,B,2024-01-29,0,0,0,0.00
73308,1116,"Fidelización Recurrentes",WhatsApp,B,2024-04-27,1,0,0,0.00
73309,1011,"Fidelización Recurrentes",Correo,A,2023-02-01,0,0,0,0.00
73310,1501,"Black Friday 2023",WhatsApp,B,2023-07-15,0,0,0,0.00
73311,2397,"Campaña Navidad 2023",Push,A,2023-09-30,0,0,0,0.00
73312,2123,"Día de la Madre 2024",WhatsApp,B,2024-02-27,0,0,0,0.00
73313,1661,"VIP Exclusivo Agosto",WhatsApp,A,2023-11-18,1,0,0,0.00
73314,1449,"VIP Exclusivo Agosto",Correo,A,2022-09-14,1,0,0,0.00
73315,1994,"Cyber Wow Mayo 2024",SMS,A,2023-02-14,0,0,0,0.00
73316,1053,"Cyber Wow Mayo 2024",Correo,B,2022-07-06,1,0,0,0.00
73317,1171,"VIP Exclusivo Agosto",SMS,A,2022-09-29,1,1,0,0.00
73318,2282,"Bienvenida Nuevo Cliente",Correo,B,2023-04-13,1,0,0,0.00
73319,1083,"Cyber Wow Mayo 2024",SMS,B,2024-10-23,0,0,0,0.00
73320,1590,"Bienvenida Nuevo Cliente",Correo,A,2022-08-29,1,0,0,0.00
73321,2797,"Cyber Wow Mayo 2024",Correo,B,2024-12-23,0,0,0,0.00
73322,2082,"Fidelización Recurrentes",Correo,B,2023-11-23,0,0,0,0.00
73323,1054,"Recuperación Carrito Abandonado",SMS,B,2023-02-07,0,0,0,0.00
73324,1661,"VIP Exclusivo Agosto",WhatsApp,A,2023-09-26,0,0,0,0.00
73325,2507,"Black Friday 2023",Correo,A,2023-09-07,1,0,0,0.00
73326,2244,"Fidelización Recurrentes",Correo,A,2022-06-20,0,0,0,0.00
73327,1945,"Recuperación Carrito Abandonado",Correo,B,2022-04-08,0,0,0,0.00
73328,2266,"Campaña Navidad 2023",Push,A,2022-01-06,1,0,0,0.00
73329,2203,"Recuperación Carrito Abandonado",Push,B,2024-12-15,1,1,0,0.00
73330,2394,"Recuperación Carrito Abandonado",SMS,A,2022-06-09,0,0,0,0.00
73331,2100,"Cyber Wow Mayo 2024",Correo,B,2023-05-29,0,0,0,0.00
73332,1481,"Día de la Madre 2024",SMS,B,2022-04-01,0,0,0,0.00
73333,2822,"Fidelización Recurrentes",WhatsApp,B,2024-05-30,1,0,0,0.00
73334,2482,"Cyber Wow Mayo 2024",WhatsApp,B,2024-08-01,0,0,0,0.00
73335,2671,"Recuperación Carrito Abandonado",Correo,A,2023-11-01,0,0,0,0.00
73336,2491,"Día de la Madre 2024",WhatsApp,A,2022-12-24,1,0,0,0.00
73337,2500,"VIP Exclusivo Agosto",Push,B,2022-01-03,0,0,0,0.00
73338,1126,"Día de la Madre 2024",Correo,B,2023-09-09,0,0,0,0.00
73339,2409,"Reactivación Q1 2024",Push,A,2023-06-13,0,0,0,0.00
73340,1521,"Reactivación Q1 2024",SMS,B,2022-04-01,1,0,0,0.00
73341,2284,"Cyber Wow Mayo 2024",Correo,A,2024-12-15,0,0,0,0.00
73342,1707,"VIP Exclusivo Agosto",SMS,A,2022-11-06,1,0,0,0.00
73343,2361,"Reactivación Q1 2024",SMS,A,2022-01-29,0,0,0,0.00
73344,1475,"Campaña Navidad 2023",Push,A,2022-04-24,0,0,0,0.00
73345,2496,"Cyber Wow Mayo 2024",SMS,B,2023-08-09,0,0,0,0.00
73346,2375,"Cyber Wow Mayo 2024",Push,B,2022-04-03,1,0,0,0.00
73347,2976,"Black Friday 2023",SMS,A,2024-06-15,0,0,0,0.00
73348,2720,"Fidelización Recurrentes",Push,A,2022-01-06,1,0,0,0.00
73349,1938,"Campaña Navidad 2023",Push,A,2024-05-30,0,0,0,0.00
73350,1647,"Día de la Madre 2024",WhatsApp,B,2024-02-24,0,0,0,0.00
73351,2795,"Cyber Wow Mayo 2024",Correo,A,2023-12-05,1,0,0,0.00
73352,2522,"Bienvenida Nuevo Cliente",Correo,B,2023-07-12,0,0,0,0.00
73353,1767,"Campaña Navidad 2023",Push,A,2023-08-24,0,0,0,0.00
73354,1333,"Recuperación Carrito Abandonado",Correo,A,2024-08-27,0,0,0,0.00
73355,2887,"Campaña Navidad 2023",Push,A,2023-05-17,0,0,0,0.00
73356,2875,"Reactivación Q1 2024",SMS,B,2022-12-29,0,0,0,0.00
73357,2377,"Recuperación Carrito Abandonado",SMS,A,2024-07-08,0,0,0,0.00
73358,2446,"Recuperación Carrito Abandonado",WhatsApp,B,2024-01-03,0,0,0,0.00
73359,2077,"Campaña Navidad 2023",SMS,A,2022-10-26,0,0,0,0.00
73360,1124,"Reactivación Q1 2024",Correo,B,2022-02-18,0,0,0,0.00
73361,2548,"Cyber Wow Mayo 2024",WhatsApp,A,2022-04-11,0,0,0,0.00
73362,2377,"Campaña Navidad 2023",Push,B,2022-08-04,0,0,0,0.00
73363,2914,"VIP Exclusivo Agosto",SMS,A,2024-09-27,0,0,0,0.00
73364,2769,"Cyber Wow Mayo 2024",SMS,B,2023-02-19,0,0,0,0.00
73365,1848,"Bienvenida Nuevo Cliente",WhatsApp,A,2023-02-15,1,0,0,0.00
73366,2203,"Campaña Navidad 2023",Push,A,2022-05-01,1,0,0,0.00
73367,1508,"VIP Exclusivo Agosto",Correo,A,2022-01-24,0,0,0,0.00
73368,2261,"Fidelización Recurrentes",WhatsApp,A,2023-11-10,0,0,0,0.00
73369,1444,"Bienvenida Nuevo Cliente",Push,A,2022-02-22,0,0,0,0.00
73370,2236,"Recuperación Carrito Abandonado",Correo,A,2023-07-25,0,0,0,0.00
73371,1955,"Reactivación Q1 2024",Correo,B,2022-06-20,0,0,0,0.00
73372,2712,"VIP Exclusivo Agosto",WhatsApp,A,2023-07-24,0,0,0,0.00
73373,2033,"Reactivación Q1 2024",Push,B,2024-11-05,0,0,0,0.00
73374,1790,"Reactivación Q1 2024",Push,B,2023-10-13,1,0,0,0.00
73375,1815,"Campaña Navidad 2023",SMS,B,2024-03-06,1,0,0,0.00
73376,1258,"VIP Exclusivo Agosto",Correo,B,2024-08-06,0,0,0,0.00
73377,2635,"VIP Exclusivo Agosto",Correo,A,2023-06-30,0,0,0,0.00
73378,1675,"Campaña Navidad 2023",SMS,B,2023-05-16,1,0,0,0.00
73379,1885,"VIP Exclusivo Agosto",WhatsApp,A,2022-06-17,0,0,0,0.00
73380,1512,"VIP Exclusivo Agosto",WhatsApp,B,2023-06-13,1,0,0,0.00
73381,1024,"Recuperación Carrito Abandonado",SMS,A,2022-12-14,0,0,0,0.00
73382,1609,"Recuperación Carrito Abandonado",Correo,A,2024-06-16,0,0,0,0.00
73383,1304,"Fidelización Recurrentes",WhatsApp,A,2023-07-15,1,0,0,0.00
73384,2108,"Fidelización Recurrentes",WhatsApp,A,2022-04-24,1,0,0,0.00
73385,1989,"Recuperación Carrito Abandonado",Correo,B,2024-12-20,1,0,0,0.00
73386,2990,"VIP Exclusivo Agosto",Correo,B,2022-06-18,0,0,0,0.00
73387,1133,"Fidelización Recurrentes",SMS,B,2022-12-03,0,0,0,0.00
73388,2059,"Campaña Navidad 2023",Correo,B,2023-07-13,0,0,0,0.00
73389,2524,"Bienvenida Nuevo Cliente",Correo,A,2024-05-25,0,0,0,0.00
73390,1521,"VIP Exclusivo Agosto",Correo,A,2023-08-23,1,0,0,0.00
73391,1941,"Reactivación Q1 2024",SMS,B,2024-11-24,0,0,0,0.00
73392,1693,"Cyber Wow Mayo 2024",SMS,B,2022-08-09,0,0,0,0.00
73393,1630,"VIP Exclusivo Agosto",SMS,A,2023-01-27,0,0,0,0.00
73394,1474,"Campaña Navidad 2023",SMS,B,2022-02-27,0,0,0,0.00
73395,1328,"VIP Exclusivo Agosto",Correo,B,2024-02-14,0,0,0,0.00
73396,2709,"Recuperación Carrito Abandonado",SMS,A,2023-12-04,0,0,0,0.00
73397,2428,"Recuperación Carrito Abandonado",Correo,A,2023-05-27,0,0,0,0.00
73398,1431,"Fidelización Recurrentes",Correo,A,2024-10-11,0,0,0,0.00
73399,2684,"Día de la Madre 2024",SMS,A,2022-03-18,0,0,0,0.00
73400,1961,"Día de la Madre 2024",WhatsApp,A,2023-11-19,0,0,0,0.00
73401,1687,"Fidelización Recurrentes",WhatsApp,A,2022-01-02,0,0,0,0.00
73402,2843,"Campaña Navidad 2023",Push,A,2023-09-11,1,0,0,0.00
73403,2179,"Fidelización Recurrentes",Push,B,2022-12-20,0,0,0,0.00
73404,2201,"Cyber Wow Mayo 2024",WhatsApp,B,2023-10-17,0,0,0,0.00
73405,2581,"Cyber Wow Mayo 2024",SMS,B,2024-07-04,0,0,0,0.00
73406,2651,"Bienvenida Nuevo Cliente",WhatsApp,B,2022-09-18,0,0,0,0.00
73407,2570,"Día de la Madre 2024",SMS,A,2024-10-20,0,0,0,0.00
73408,1331,"Bienvenida Nuevo Cliente",WhatsApp,A,2022-03-10,0,0,0,0.00
73409,1080,"Fidelización Recurrentes",Correo,B,2022-08-18,0,0,0,0.00
73410,1941,"Campaña Navidad 2023",SMS,B,2022-01-13,0,0,0,0.00
73411,1480,"Campaña Navidad 2023",Push,A,2024-03-03,0,0,0,0.00
73412,2864,"Black Friday 2023",Push,A,2024-12-16,0,0,0,0.00
73413,2980,"Reactivación Q1 2024",Push,A,2022-09-26,0,0,0,0.00
73414,2374,"VIP Exclusivo Agosto",SMS,A,2024-11-21,0,0,0,0.00
73415,1716,"Campaña Navidad 2023",Correo,A,2023-01-28,0,0,0,0.00
73416,2286,"VIP Exclusivo Agosto",WhatsApp,A,2024-10-30,0,0,0,0.00
73417,2037,"Black Friday 2023",SMS,B,2023-01-01,0,0,0,0.00
73418,1013,"Recuperación Carrito Abandonado",Push,B,2022-09-13,0,0,0,0.00
73419,1670,"Día de la Madre 2024",WhatsApp,A,2024-02-27,0,0,0,0.00
73420,1397,"Recuperación Carrito Abandonado",WhatsApp,A,2022-01-12,0,0,0,0.00
73421,2484,"Black Friday 2023",Correo,A,2024-05-21,0,0,0,0.00
73422,1018,"Cyber Wow Mayo 2024",Correo,B,2023-07-04,0,0,0,0.00
73423,1214,"Cyber Wow Mayo 2024",WhatsApp,B,2022-09-25,1,0,0,0.00
73424,1910,"Reactivación Q1 2024",Correo,B,2023-09-26,0,0,0,0.00
73425,2013,"Campaña Navidad 2023",SMS,A,2024-10-25,0,0,0,0.00
73426,2937,"Campaña Navidad 2023",Correo,A,2023-06-13,1,1,0,0.00
73427,1056,"Recuperación Carrito Abandonado",WhatsApp,B,2023-03-21,0,0,0,0.00
73428,2033,"Black Friday 2023",Correo,B,2024-01-14,0,0,0,0.00
73429,2519,"Campaña Navidad 2023",SMS,A,2024-06-17,0,0,0,0.00
73430,2479,"VIP Exclusivo Agosto",Correo,A,2022-02-18,0,0,0,0.00
73431,1504,"Día de la Madre 2024",Correo,B,2023-05-30,0,0,0,0.00
73432,1314,"Fidelización Recurrentes",Push,A,2024-06-06,0,0,0,0.00
73433,1437,"Black Friday 2023",Correo,A,2024-06-08,0,0,0,0.00
73434,1439,"Campaña Navidad 2023",Push,B,2023-05-20,0,0,0,0.00
73435,1955,"Campaña Navidad 2023",WhatsApp,A,2023-09-29,0,0,0,0.00
73436,2836,"Black Friday 2023",Push,A,2022-12-30,0,0,0,0.00
73437,2132,"Campaña Navidad 2023",Correo,A,2024-05-09,0,0,0,0.00
73438,1748,"Cyber Wow Mayo 2024",WhatsApp,B,2024-06-02,0,0,0,0.00
73439,1145,"Día de la Madre 2024",WhatsApp,A,2023-03-16,1,0,0,0.00
73440,1921,"Bienvenida Nuevo Cliente",Correo,A,2024-01-15,1,0,0,0.00
73441,2377,"VIP Exclusivo Agosto",SMS,A,2022-07-10,0,0,0,0.00
73442,2937,"VIP Exclusivo Agosto",Correo,A,2024-04-07,0,0,0,0.00
73443,1214,"Campaña Navidad 2023",WhatsApp,A,2022-10-18,0,0,0,0.00
73444,2480,"Día de la Madre 2024",Correo,A,2024-01-03,0,0,0,0.00
73445,2035,"Día de la Madre 2024",Correo,B,2023-06-07,0,0,0,0.00
73446,2239,"Bienvenida Nuevo Cliente",Push,B,2023-06-04,0,0,0,0.00
73447,2692,"Cyber Wow Mayo 2024",Correo,B,2024-10-25,0,0,0,0.00
73448,2661,"Reactivación Q1 2024",WhatsApp,A,2022-09-12,1,0,0,0.00
73449,1583,"Black Friday 2023",SMS,B,2024-11-04,1,0,0,0.00
73450,1791,"Reactivación Q1 2024",WhatsApp,A,2024-09-29,0,0,0,0.00
73451,1004,"Día de la Madre 2024",Correo,B,2022-05-26,0,0,0,0.00
73452,2923,"VIP Exclusivo Agosto",SMS,A,2023-02-17,0,0,0,0.00
73453,2703,"Reactivación Q1 2024",Push,B,2022-04-30,0,0,0,0.00
73454,2940,"Reactivación Q1 2024",Push,A,2022-07-18,0,0,0,0.00
73455,1600,"Cyber Wow Mayo 2024",WhatsApp,B,2023-01-11,1,0,0,0.00
73456,2005,"Cyber Wow Mayo 2024",Correo,B,2022-07-05,0,0,0,0.00
73457,1996,"Black Friday 2023",Correo,A,2023-01-02,0,0,0,0.00
73458,1006,"VIP Exclusivo Agosto",Push,A,2024-01-02,1,0,0,0.00
73459,1264,"Día de la Madre 2024",Correo,A,2024-03-05,0,0,0,0.00
73460,2937,"VIP Exclusivo Agosto",SMS,A,2024-01-17,0,0,0,0.00
73461,2811,"Black Friday 2023",WhatsApp,A,2023-04-07,1,0,0,0.00
73462,2339,"Black Friday 2023",WhatsApp,A,2023-01-31,1,1,0,0.00
73463,2078,"Cyber Wow Mayo 2024",Push,A,2022-05-23,0,0,0,0.00
73464,1943,"Bienvenida Nuevo Cliente",SMS,A,2022-11-03,0,0,0,0.00
73465,2770,"Día de la Madre 2024",SMS,B,2024-10-28,1,0,0,0.00
73466,1502,"Fidelización Recurrentes",WhatsApp,A,2022-06-15,0,0,0,0.00
73467,1877,"Fidelización Recurrentes",Push,B,2023-02-16,0,0,0,0.00
73468,1157,"Día de la Madre 2024",Correo,A,2024-10-03,0,0,0,0.00
73469,1486,"Bienvenida Nuevo Cliente",Push,B,2024-04-06,1,0,0,0.00
73470,2720,"Campaña Navidad 2023",SMS,A,2024-08-14,1,0,0,0.00
73471,1542,"Reactivación Q1 2024",SMS,A,2022-03-12,0,0,0,0.00
73472,1446,"VIP Exclusivo Agosto",Correo,B,2022-12-11,0,0,0,0.00
73473,1050,"Reactivación Q1 2024",WhatsApp,B,2023-01-26,1,0,0,0.00
73474,2549,"Bienvenida Nuevo Cliente",Correo,A,2022-06-29,0,0,0,0.00
73475,1237,"Recuperación Carrito Abandonado",Push,A,2024-07-22,0,0,0,0.00
73476,2341,"Día de la Madre 2024",Correo,A,2023-08-23,0,0,0,0.00
73477,2144,"Black Friday 2023",Correo,A,2023-07-18,0,0,0,0.00
73478,2111,"Cyber Wow Mayo 2024",Correo,A,2022-01-11,1,0,0,0.00
73479,1965,"Recuperación Carrito Abandonado",Correo,B,2022-04-23,0,0,0,0.00
73480,2501,"Black Friday 2023",WhatsApp,B,2023-09-11,0,0,0,0.00
73481,2705,"Fidelización Recurrentes",Correo,B,2022-02-05,1,0,0,0.00
73482,1711,"Cyber Wow Mayo 2024",SMS,A,2022-02-24,0,0,0,0.00
73483,1204,"Black Friday 2023",SMS,A,2022-05-26,0,0,0,0.00
73484,2940,"Bienvenida Nuevo Cliente",Push,A,2023-12-08,1,0,0,0.00
73485,2076,"Campaña Navidad 2023",Push,B,2023-09-15,0,0,0,0.00
73486,1735,"VIP Exclusivo Agosto",SMS,B,2022-01-20,0,0,0,0.00
73487,1843,"VIP Exclusivo Agosto",SMS,A,2022-06-24,0,0,0,0.00
73488,2189,"Reactivación Q1 2024",Correo,A,2023-06-16,1,0,0,0.00
73489,1350,"Campaña Navidad 2023",SMS,A,2022-06-08,0,0,0,0.00
73490,1903,"Cyber Wow Mayo 2024",WhatsApp,A,2023-10-22,0,0,0,0.00
73491,2693,"Black Friday 2023",WhatsApp,B,2022-07-10,0,0,0,0.00
73492,1371,"Black Friday 2023",Push,A,2023-05-21,0,0,0,0.00
73493,2881,"Cyber Wow Mayo 2024",WhatsApp,A,2022-11-02,1,0,0,0.00
73494,2679,"Fidelización Recurrentes",SMS,B,2024-03-25,1,1,0,0.00
73495,1427,"Black Friday 2023",Correo,B,2023-02-06,0,0,0,0.00
73496,1582,"Recuperación Carrito Abandonado",Correo,A,2023-02-07,1,1,1,503.88
73497,2527,"Fidelización Recurrentes",SMS,A,2022-11-25,1,0,0,0.00
73498,2426,"Recuperación Carrito Abandonado",SMS,A,2024-12-09,0,0,0,0.00
73499,1416,"Bienvenida Nuevo Cliente",Correo,B,2023-08-19,1,0,0,0.00
73500,1931,"Cyber Wow Mayo 2024",SMS,B,2023-08-21,0,0,0,0.00
73501,2235,"Bienvenida Nuevo Cliente",WhatsApp,B,2023-10-05,0,0,0,0.00
73502,1573,"Reactivación Q1 2024",Push,A,2024-09-07,0,0,0,0.00
73503,1623,"Black Friday 2023",SMS,B,2023-05-15,0,0,0,0.00
73504,2568,"Día de la Madre 2024",Correo,B,2023-03-19,0,0,0,0.00
73505,2592,"Recuperación Carrito Abandonado",SMS,B,2024-04-17,1,0,0,0.00
73506,2520,"Fidelización Recurrentes",WhatsApp,B,2022-09-22,1,0,0,0.00
73507,1944,"Fidelización Recurrentes",Correo,A,2023-10-09,0,0,0,0.00
73508,1769,"Bienvenida Nuevo Cliente",WhatsApp,A,2023-11-11,0,0,0,0.00
73509,1451,"Cyber Wow Mayo 2024",SMS,A,2022-06-22,0,0,0,0.00
73510,1155,"Cyber Wow Mayo 2024",WhatsApp,B,2022-01-04,0,0,0,0.00
73511,1756,"Cyber Wow Mayo 2024",Push,B,2022-08-06,0,0,0,0.00
73512,1453,"Reactivación Q1 2024",Correo,B,2024-05-23,0,0,0,0.00
73513,2501,"Bienvenida Nuevo Cliente",Correo,A,2022-01-09,0,0,0,0.00
73514,1789,"Cyber Wow Mayo 2024",SMS,B,2023-07-29,0,0,0,0.00
73515,1489,"Cyber Wow Mayo 2024",Push,B,2023-03-17,0,0,0,0.00
73516,2202,"Bienvenida Nuevo Cliente",SMS,B,2024-06-10,0,0,0,0.00
73517,2201,"Fidelización Recurrentes",WhatsApp,B,2023-05-13,0,0,0,0.00
73518,1415,"Black Friday 2023",WhatsApp,B,2023-03-23,0,0,0,0.00
73519,1805,"Día de la Madre 2024",Correo,A,2023-12-27,0,0,0,0.00
73520,1446,"VIP Exclusivo Agosto",WhatsApp,A,2023-08-09,1,0,0,0.00
73521,2430,"Fidelización Recurrentes",Correo,B,2024-01-03,0,0,0,0.00
73522,1306,"Cyber Wow Mayo 2024",Push,B,2022-03-13,1,0,0,0.00
73523,2506,"Recuperación Carrito Abandonado",SMS,A,2024-05-15,0,0,0,0.00
73524,1690,"Cyber Wow Mayo 2024",Correo,B,2024-11-07,1,0,0,0.00
73525,1065,"Black Friday 2023",Correo,B,2024-09-18,0,0,0,0.00
73526,1042,"Campaña Navidad 2023",Correo,B,2022-06-15,0,0,0,0.00
73527,2304,"Bienvenida Nuevo Cliente",Correo,A,2024-01-08,0,0,0,0.00
73528,2305,"Campaña Navidad 2023",SMS,A,2024-02-16,1,0,0,0.00
73529,1995,"Campaña Navidad 2023",Push,A,2022-01-19,0,0,0,0.00
73530,2442,"Fidelización Recurrentes",WhatsApp,A,2022-04-22,1,0,0,0.00
73531,1636,"Black Friday 2023",Push,B,2022-09-05,0,0,0,0.00
73532,2132,"Reactivación Q1 2024",Correo,A,2024-05-19,1,0,0,0.00
73533,1330,"Campaña Navidad 2023",Push,A,2023-11-28,1,0,0,0.00
73534,2746,"Día de la Madre 2024",WhatsApp,B,2023-11-22,0,0,0,0.00
73535,2300,"Reactivación Q1 2024",WhatsApp,A,2024-07-19,0,0,0,0.00
73536,1432,"Reactivación Q1 2024",Correo,B,2023-05-30,1,0,0,0.00
73537,1682,"Reactivación Q1 2024",WhatsApp,A,2023-08-31,0,0,0,0.00
73538,2385,"Recuperación Carrito Abandonado",Correo,B,2023-10-31,1,0,0,0.00
73539,2133,"Recuperación Carrito Abandonado",SMS,B,2024-07-22,0,0,0,0.00
73540,2003,"Bienvenida Nuevo Cliente",Push,B,2023-12-17,0,0,0,0.00
73541,2034,"Recuperación Carrito Abandonado",WhatsApp,A,2023-03-15,0,0,0,0.00
73542,1599,"Cyber Wow Mayo 2024",Correo,A,2022-10-21,1,0,0,0.00
73543,2835,"Cyber Wow Mayo 2024",Correo,A,2022-05-06,0,0,0,0.00
73544,1676,"VIP Exclusivo Agosto",Correo,A,2023-11-30,0,0,0,0.00
73545,1483,"Día de la Madre 2024",Push,B,2024-03-13,0,0,0,0.00
73546,1848,"VIP Exclusivo Agosto",Correo,B,2023-12-19,0,0,0,0.00
73547,1210,"Campaña Navidad 2023",Correo,A,2024-12-15,0,0,0,0.00
73548,2105,"Fidelización Recurrentes",Push,B,2024-09-14,0,0,0,0.00
73549,2404,"Black Friday 2023",Correo,A,2024-03-22,1,0,0,0.00
73550,1548,"Cyber Wow Mayo 2024",Push,A,2024-07-15,0,0,0,0.00
73551,2407,"Recuperación Carrito Abandonado",Correo,B,2024-12-08,1,0,0,0.00
73552,2804,"Reactivación Q1 2024",SMS,B,2023-06-21,0,0,0,0.00
73553,2063,"VIP Exclusivo Agosto",WhatsApp,A,2022-09-02,0,0,0,0.00
73554,2265,"Black Friday 2023",Correo,B,2022-07-27,0,0,0,0.00
73555,2355,"Fidelización Recurrentes",Push,A,2022-03-13,0,0,0,0.00
73556,2283,"Bienvenida Nuevo Cliente",Correo,A,2022-12-10,0,0,0,0.00
73557,1762,"Campaña Navidad 2023",SMS,A,2023-10-28,0,0,0,0.00
73558,1036,"Reactivación Q1 2024",Push,A,2024-04-24,0,0,0,0.00
73559,2456,"Fidelización Recurrentes",WhatsApp,A,2022-07-13,0,0,0,0.00
73560,2032,"Cyber Wow Mayo 2024",SMS,B,2022-04-05,1,0,0,0.00
73561,1300,"Reactivación Q1 2024",SMS,B,2022-04-27,0,0,0,0.00
73562,2643,"VIP Exclusivo Agosto",Push,A,2022-10-11,0,0,0,0.00
73563,2754,"Bienvenida Nuevo Cliente",Correo,A,2024-09-07,0,0,0,0.00
73564,1173,"Fidelización Recurrentes",Push,A,2023-06-24,1,0,0,0.00
73565,1320,"Black Friday 2023",WhatsApp,B,2024-06-15,0,0,0,0.00
73566,1249,"Campaña Navidad 2023",SMS,A,2022-01-06,1,1,0,0.00
73567,2972,"Black Friday 2023",Correo,A,2023-05-12,0,0,0,0.00
73568,1608,"Black Friday 2023",Push,A,2024-10-10,0,0,0,0.00
73569,1316,"Cyber Wow Mayo 2024",WhatsApp,A,2023-09-19,0,0,0,0.00
73570,2831,"Black Friday 2023",SMS,A,2024-05-23,1,0,0,0.00
73571,1282,"VIP Exclusivo Agosto",Push,B,2022-05-29,0,0,0,0.00
73572,1841,"Fidelización Recurrentes",Correo,B,2023-10-14,1,0,0,0.00
73573,2325,"Cyber Wow Mayo 2024",SMS,B,2023-01-09,0,0,0,0.00
73574,2733,"Recuperación Carrito Abandonado",Push,B,2022-12-20,1,0,0,0.00
73575,1593,"Reactivación Q1 2024",SMS,A,2022-06-21,0,0,0,0.00
73576,2991,"Reactivación Q1 2024",Correo,A,2024-06-23,0,0,0,0.00
73577,1373,"Reactivación Q1 2024",Push,A,2023-01-01,0,0,0,0.00
73578,2346,"Cyber Wow Mayo 2024",Push,B,2022-09-06,0,0,0,0.00
73579,1120,"Recuperación Carrito Abandonado",WhatsApp,A,2022-12-31,0,0,0,0.00
73580,2000,"Reactivación Q1 2024",SMS,A,2023-09-27,0,0,0,0.00
73581,2184,"Día de la Madre 2024",WhatsApp,A,2023-05-11,0,0,0,0.00
73582,2134,"Fidelización Recurrentes",Correo,B,2024-05-03,0,0,0,0.00
73583,1917,"Black Friday 2023",Correo,A,2024-12-15,1,0,0,0.00
73584,1435,"Black Friday 2023",Push,B,2022-09-18,0,0,0,0.00
73585,2719,"Black Friday 2023",Push,A,2024-07-23,0,0,0,0.00
73586,1210,"VIP Exclusivo Agosto",SMS,A,2022-12-13,0,0,0,0.00
73587,2822,"Fidelización Recurrentes",Push,B,2024-06-24,0,0,0,0.00
73588,1708,"Recuperación Carrito Abandonado",SMS,A,2022-02-19,1,0,0,0.00
73589,1214,"Reactivación Q1 2024",Correo,B,2023-10-12,0,0,0,0.00
73590,2236,"Recuperación Carrito Abandonado",Correo,A,2024-04-30,1,0,0,0.00
73591,2801,"VIP Exclusivo Agosto",SMS,A,2022-12-07,0,0,0,0.00
73592,1710,"Día de la Madre 2024",Correo,B,2024-10-14,1,0,0,0.00
73593,2840,"VIP Exclusivo Agosto",Push,B,2023-02-15,1,0,0,0.00
73594,2599,"Bienvenida Nuevo Cliente",WhatsApp,B,2024-05-13,1,0,0,0.00
73595,1444,"Bienvenida Nuevo Cliente",WhatsApp,B,2024-07-30,0,0,0,0.00
73596,1109,"Día de la Madre 2024",Push,A,2023-09-15,0,0,0,0.00
73597,1583,"Cyber Wow Mayo 2024",SMS,B,2023-07-30,0,0,0,0.00
73598,1889,"Cyber Wow Mayo 2024",WhatsApp,B,2022-08-20,0,0,0,0.00
73599,1541,"VIP Exclusivo Agosto",SMS,A,2024-10-08,1,1,0,0.00
73600,2614,"Fidelización Recurrentes",WhatsApp,B,2024-01-23,0,0,0,0.00
73601,1601,"Fidelización Recurrentes",WhatsApp,B,2023-12-12,0,0,0,0.00
73602,2991,"Bienvenida Nuevo Cliente",SMS,A,2023-09-21,0,0,0,0.00
73603,1889,"Black Friday 2023",WhatsApp,B,2023-04-07,0,0,0,0.00
73604,2753,"Recuperación Carrito Abandonado",Correo,B,2023-05-12,1,1,1,1078.87
73605,2097,"Fidelización Recurrentes",Correo,A,2022-11-16,0,0,0,0.00
73606,2549,"Recuperación Carrito Abandonado",WhatsApp,B,2024-08-04,0,0,0,0.00
73607,1614,"Bienvenida Nuevo Cliente",Correo,B,2023-10-31,1,0,0,0.00
73608,2739,"Día de la Madre 2024",WhatsApp,A,2023-01-25,1,0,0,0.00
73609,1291,"Campaña Navidad 2023",Push,A,2022-06-20,0,0,0,0.00
73610,2677,"Campaña Navidad 2023",WhatsApp,B,2024-01-05,1,0,0,0.00
73611,2522,"Cyber Wow Mayo 2024",Correo,A,2022-10-30,0,0,0,0.00
73612,1374,"Reactivación Q1 2024",WhatsApp,B,2024-01-12,0,0,0,0.00
73613,1813,"Día de la Madre 2024",Correo,B,2024-02-26,0,0,0,0.00
73614,1823,"Cyber Wow Mayo 2024",Correo,B,2023-01-11,0,0,0,0.00
73615,2788,"Reactivación Q1 2024",Push,A,2022-08-18,0,0,0,0.00
73616,1037,"VIP Exclusivo Agosto",SMS,A,2023-03-10,0,0,0,0.00
73617,2557,"Fidelización Recurrentes",WhatsApp,B,2023-10-29,0,0,0,0.00
73618,1981,"Reactivación Q1 2024",Correo,B,2024-02-13,0,0,0,0.00
73619,2719,"Recuperación Carrito Abandonado",Push,B,2023-09-06,1,0,0,0.00
73620,2248,"Reactivación Q1 2024",Push,B,2022-05-04,0,0,0,0.00
73621,2414,"Día de la Madre 2024",Push,A,2022-03-23,0,0,0,0.00
73622,1098,"Black Friday 2023",WhatsApp,A,2024-05-14,0,0,0,0.00
73623,1914,"Día de la Madre 2024",Push,B,2024-01-17,0,0,0,0.00
73624,2894,"Cyber Wow Mayo 2024",WhatsApp,B,2022-02-25,0,0,0,0.00
73625,1478,"Cyber Wow Mayo 2024",WhatsApp,A,2022-11-10,0,0,0,0.00
73626,1965,"Reactivación Q1 2024",Correo,A,2022-11-17,0,0,0,0.00
73627,2953,"Bienvenida Nuevo Cliente",Correo,A,2024-05-29,0,0,0,0.00
73628,1258,"Black Friday 2023",Correo,A,2023-06-10,0,0,0,0.00
73629,2757,"Fidelización Recurrentes",SMS,A,2023-05-24,0,0,0,0.00
73630,2145,"Día de la Madre 2024",SMS,A,2022-01-26,0,0,0,0.00
73631,2847,"Día de la Madre 2024",WhatsApp,A,2024-02-22,0,0,0,0.00
73632,2761,"Fidelización Recurrentes",Push,B,2022-09-29,0,0,0,0.00
73633,1423,"Reactivación Q1 2024",SMS,B,2024-01-12,1,0,0,0.00
73634,1108,"Black Friday 2023",Correo,A,2022-01-06,0,0,0,0.00
73635,2708,"Día de la Madre 2024",Correo,A,2023-05-24,1,0,0,0.00
73636,1491,"Campaña Navidad 2023",SMS,B,2023-07-16,1,0,0,0.00
73637,2086,"Día de la Madre 2024",Push,A,2022-01-27,0,0,0,0.00
73638,1176,"Fidelización Recurrentes",WhatsApp,A,2024-09-04,1,0,0,0.00
73639,2265,"Campaña Navidad 2023",SMS,B,2024-10-08,0,0,0,0.00
73640,2881,"Fidelización Recurrentes",Push,B,2022-01-02,0,0,0,0.00
73641,1413,"VIP Exclusivo Agosto",WhatsApp,A,2023-10-10,0,0,0,0.00
73642,2273,"Cyber Wow Mayo 2024",Correo,A,2024-01-30,0,0,0,0.00
73643,2073,"Reactivación Q1 2024",SMS,B,2023-04-13,0,0,0,0.00
73644,1759,"VIP Exclusivo Agosto",Push,B,2024-10-13,1,0,0,0.00
73645,1576,"Black Friday 2023",Push,B,2022-07-14,0,0,0,0.00
73646,2945,"VIP Exclusivo Agosto",SMS,A,2024-05-10,1,1,0,0.00
73647,1417,"Fidelización Recurrentes",SMS,B,2024-02-15,0,0,0,0.00
73648,2806,"Bienvenida Nuevo Cliente",WhatsApp,A,2023-11-27,1,0,0,0.00
73649,2227,"Día de la Madre 2024",WhatsApp,B,2024-08-26,0,0,0,0.00
73650,1689,"Reactivación Q1 2024",SMS,B,2024-05-21,0,0,0,0.00
73651,2211,"Campaña Navidad 2023",Correo,B,2022-11-27,0,0,0,0.00
73652,2278,"Día de la Madre 2024",Correo,B,2023-07-18,0,0,0,0.00
73653,2133,"Black Friday 2023",SMS,B,2022-05-19,0,0,0,0.00
73654,2382,"Día de la Madre 2024",WhatsApp,A,2023-07-20,0,0,0,0.00
73655,2507,"Recuperación Carrito Abandonado",Push,B,2024-12-04,0,0,0,0.00
73656,2692,"Reactivación Q1 2024",Push,A,2024-10-28,1,0,0,0.00
73657,1586,"Campaña Navidad 2023",Push,A,2024-10-30,1,0,0,0.00
73658,2751,"Bienvenida Nuevo Cliente",Correo,B,2022-02-28,0,0,0,0.00
73659,2240,"Campaña Navidad 2023",WhatsApp,A,2022-11-14,0,0,0,0.00
73660,2489,"VIP Exclusivo Agosto",SMS,B,2022-12-19,0,0,0,0.00
73661,1514,"Cyber Wow Mayo 2024",Push,A,2023-10-21,0,0,0,0.00
73662,1863,"Bienvenida Nuevo Cliente",SMS,B,2024-05-07,0,0,0,0.00
73663,1391,"Black Friday 2023",SMS,A,2024-06-10,0,0,0,0.00
73664,1353,"Reactivación Q1 2024",Correo,B,2024-08-16,0,0,0,0.00
73665,1195,"Reactivación Q1 2024",WhatsApp,A,2023-03-10,1,0,0,0.00
73666,2853,"Recuperación Carrito Abandonado",Correo,B,2023-11-28,1,0,0,0.00
73667,1422,"Bienvenida Nuevo Cliente",Correo,B,2023-02-28,1,0,0,0.00
73668,1524,"Bienvenida Nuevo Cliente",WhatsApp,B,2024-05-03,0,0,0,0.00
73669,2388,"Día de la Madre 2024",Push,A,2023-08-09,0,0,0,0.00
73670,1324,"VIP Exclusivo Agosto",WhatsApp,B,2022-08-10,0,0,0,0.00
73671,2208,"Bienvenida Nuevo Cliente",Correo,A,2023-12-02,0,0,0,0.00
73672,1908,"Cyber Wow Mayo 2024",Correo,B,2023-07-24,1,0,0,0.00
73673,1990,"Bienvenida Nuevo Cliente",Push,B,2024-08-01,0,0,0,0.00
73674,1102,"Campaña Navidad 2023",Push,A,2022-01-10,0,0,0,0.00
73675,2744,"Fidelización Recurrentes",WhatsApp,B,2023-05-09,0,0,0,0.00
73676,2928,"Cyber Wow Mayo 2024",WhatsApp,A,2022-05-06,0,0,0,0.00
73677,2661,"Black Friday 2023",Correo,A,2024-03-23,0,0,0,0.00
73678,1121,"Recuperación Carrito Abandonado",Correo,A,2024-11-13,0,0,0,0.00
73679,2275,"VIP Exclusivo Agosto",Push,A,2022-01-29,0,0,0,0.00
73680,2183,"Fidelización Recurrentes",WhatsApp,A,2023-10-08,0,0,0,0.00
73681,1762,"Recuperación Carrito Abandonado",SMS,B,2024-03-19,1,0,0,0.00
73682,1746,"Bienvenida Nuevo Cliente",WhatsApp,A,2024-12-06,1,0,0,0.00
73683,1109,"Reactivación Q1 2024",SMS,A,2022-01-10,0,0,0,0.00
73684,1620,"Recuperación Carrito Abandonado",SMS,B,2023-09-26,1,0,0,0.00
73685,1848,"Bienvenida Nuevo Cliente",Correo,B,2023-10-19,1,1,0,0.00
73686,2327,"Black Friday 2023",Correo,B,2022-03-11,0,0,0,0.00
73687,2228,"Reactivación Q1 2024",Push,B,2024-07-20,0,0,0,0.00
73688,1863,"Campaña Navidad 2023",Correo,A,2023-12-16,1,0,0,0.00
73689,2514,"Black Friday 2023",SMS,A,2024-02-10,0,0,0,0.00
73690,1395,"Campaña Navidad 2023",Correo,B,2023-12-20,1,0,0,0.00
73691,2353,"Fidelización Recurrentes",Correo,A,2022-03-06,0,0,0,0.00
73692,2075,"VIP Exclusivo Agosto",SMS,B,2024-10-24,0,0,0,0.00
73693,2271,"VIP Exclusivo Agosto",WhatsApp,A,2024-09-14,0,0,0,0.00
73694,1437,"Día de la Madre 2024",Push,B,2022-07-06,0,0,0,0.00
73695,1267,"Cyber Wow Mayo 2024",Push,A,2024-03-26,0,0,0,0.00
73696,1518,"Día de la Madre 2024",Correo,B,2023-04-15,1,0,0,0.00
73697,2460,"Black Friday 2023",WhatsApp,B,2023-12-02,0,0,0,0.00
73698,1653,"Campaña Navidad 2023",Correo,B,2023-03-14,0,0,0,0.00
73699,1786,"Bienvenida Nuevo Cliente",WhatsApp,B,2024-10-22,0,0,0,0.00
73700,2795,"Recuperación Carrito Abandonado",Correo,B,2022-01-11,0,0,0,0.00
73701,1026,"Campaña Navidad 2023",Correo,B,2023-10-19,1,0,0,0.00
73702,2924,"Día de la Madre 2024",Push,B,2023-12-16,0,0,0,0.00
73703,2516,"Recuperación Carrito Abandonado",WhatsApp,B,2023-03-13,1,0,0,0.00
73704,2330,"Fidelización Recurrentes",Correo,A,2024-07-26,1,0,0,0.00
73705,1143,"Black Friday 2023",SMS,B,2023-04-20,1,0,0,0.00
73706,1234,"Recuperación Carrito Abandonado",Correo,A,2022-03-28,0,0,0,0.00
73707,2321,"Campaña Navidad 2023",Correo,A,2023-11-09,1,0,0,0.00
73708,1430,"VIP Exclusivo Agosto",SMS,B,2023-08-22,0,0,0,0.00
73709,1476,"Reactivación Q1 2024",Correo,A,2024-04-23,0,0,0,0.00
73710,1643,"VIP Exclusivo Agosto",Correo,B,2023-12-22,0,0,0,0.00
73711,1372,"Recuperación Carrito Abandonado",Correo,A,2024-06-20,1,0,0,0.00
73712,1113,"Recuperación Carrito Abandonado",Correo,A,2024-06-19,0,0,0,0.00
73713,2694,"VIP Exclusivo Agosto",Push,B,2024-07-01,0,0,0,0.00
73714,1462,"Día de la Madre 2024",Push,B,2024-03-05,1,0,0,0.00
73715,2819,"Bienvenida Nuevo Cliente",WhatsApp,A,2023-12-16,0,0,0,0.00
73716,1029,"Black Friday 2023",Correo,A,2024-09-29,0,0,0,0.00
73717,1066,"Black Friday 2023",WhatsApp,A,2023-08-04,0,0,0,0.00
73718,2152,"Recuperación Carrito Abandonado",Correo,B,2024-12-13,0,0,0,0.00
73719,1617,"Recuperación Carrito Abandonado",SMS,A,2023-08-10,0,0,0,0.00
73720,2997,"Campaña Navidad 2023",SMS,A,2022-12-25,0,0,0,0.00
73721,2122,"Fidelización Recurrentes",WhatsApp,A,2022-05-12,0,0,0,0.00
73722,2074,"Recuperación Carrito Abandonado",Correo,A,2023-12-25,1,0,0,0.00
73723,1336,"VIP Exclusivo Agosto",Correo,B,2024-05-08,0,0,0,0.00
73724,2778,"VIP Exclusivo Agosto",Push,A,2023-11-11,0,0,0,0.00
73725,2724,"Recuperación Carrito Abandonado",WhatsApp,B,2022-08-27,0,0,0,0.00
73726,1468,"Recuperación Carrito Abandonado",Push,A,2022-12-11,0,0,0,0.00
73727,1335,"Fidelización Recurrentes",SMS,A,2024-08-11,0,0,0,0.00
73728,1480,"Cyber Wow Mayo 2024",WhatsApp,B,2023-04-26,0,0,0,0.00
73729,1128,"Bienvenida Nuevo Cliente",Push,B,2022-10-21,0,0,0,0.00
73730,2932,"Black Friday 2023",WhatsApp,A,2024-04-23,0,0,0,0.00
73731,1496,"Recuperación Carrito Abandonado",SMS,B,2023-02-02,1,0,0,0.00
73732,1236,"Recuperación Carrito Abandonado",Push,A,2022-12-11,1,0,0,0.00
73733,2312,"Recuperación Carrito Abandonado",WhatsApp,B,2022-04-13,1,0,0,0.00
73734,2405,"Reactivación Q1 2024",SMS,B,2024-05-03,1,0,0,0.00
73735,1522,"Reactivación Q1 2024",Correo,A,2022-10-07,1,0,0,0.00
73736,2986,"Fidelización Recurrentes",Push,A,2024-03-22,0,0,0,0.00
73737,2552,"Fidelización Recurrentes",SMS,B,2023-05-08,0,0,0,0.00
73738,1666,"Reactivación Q1 2024",Correo,A,2023-09-11,0,0,0,0.00
73739,1724,"Cyber Wow Mayo 2024",WhatsApp,B,2022-08-18,0,0,0,0.00
73740,2636,"Bienvenida Nuevo Cliente",Correo,A,2023-02-16,0,0,0,0.00
73741,1708,"Día de la Madre 2024",WhatsApp,B,2023-08-28,0,0,0,0.00
73742,2100,"Campaña Navidad 2023",SMS,B,2024-12-09,1,0,0,0.00
73743,2467,"Reactivación Q1 2024",Push,B,2022-07-20,0,0,0,0.00
73744,2011,"Campaña Navidad 2023",WhatsApp,A,2023-04-02,0,0,0,0.00
73745,1197,"Fidelización Recurrentes",Correo,A,2022-06-09,0,0,0,0.00
73746,2984,"Cyber Wow Mayo 2024",SMS,B,2024-12-17,0,0,0,0.00
73747,1369,"Cyber Wow Mayo 2024",WhatsApp,B,2024-06-20,1,0,0,0.00
73748,1351,"Fidelización Recurrentes",WhatsApp,A,2022-03-03,1,1,0,0.00
73749,2319,"Bienvenida Nuevo Cliente",Correo,A,2022-11-16,0,0,0,0.00
73750,1171,"Fidelización Recurrentes",SMS,A,2022-10-21,1,1,0,0.00
73751,2220,"Recuperación Carrito Abandonado",WhatsApp,A,2024-07-25,1,0,0,0.00
73752,1561,"Campaña Navidad 2023",Push,A,2024-10-12,0,0,0,0.00
73753,1818,"Black Friday 2023",Push,A,2023-02-26,1,0,0,0.00
73754,1826,"Black Friday 2023",WhatsApp,B,2022-10-27,0,0,0,0.00
73755,1754,"Día de la Madre 2024",Correo,B,2024-08-05,0,0,0,0.00
73756,1133,"Campaña Navidad 2023",SMS,B,2023-07-15,0,0,0,0.00
73757,1750,"VIP Exclusivo Agosto",WhatsApp,B,2024-07-09,0,0,0,0.00
73758,2393,"Día de la Madre 2024",SMS,B,2022-01-18,0,0,0,0.00
73759,2205,"Bienvenida Nuevo Cliente",Correo,B,2023-04-16,0,0,0,0.00
73760,2413,"Reactivación Q1 2024",Correo,B,2024-11-07,1,0,0,0.00
73761,1343,"Recuperación Carrito Abandonado",Push,A,2023-10-25,1,0,0,0.00
73762,1957,"Fidelización Recurrentes",Correo,A,2023-03-21,0,0,0,0.00
73763,2698,"Campaña Navidad 2023",SMS,B,2024-11-25,0,0,0,0.00
73764,2412,"Fidelización Recurrentes",Push,A,2023-01-05,0,0,0,0.00
73765,2373,"Reactivación Q1 2024",SMS,A,2022-04-03,0,0,0,0.00
73766,2749,"Reactivación Q1 2024",WhatsApp,A,2024-11-01,1,0,0,0.00
73767,1007,"Recuperación Carrito Abandonado",WhatsApp,B,2023-01-21,0,0,0,0.00
73768,1403,"Recuperación Carrito Abandonado",Correo,A,2024-07-31,0,0,0,0.00
73769,2535,"Día de la Madre 2024",WhatsApp,B,2022-03-18,0,0,0,0.00
73770,1264,"Campaña Navidad 2023",WhatsApp,B,2023-01-13,0,0,0,0.00
73771,2776,"Black Friday 2023",Correo,B,2023-11-13,0,0,0,0.00
73772,2433,"VIP Exclusivo Agosto",WhatsApp,A,2023-09-26,0,0,0,0.00
73773,2152,"Campaña Navidad 2023",WhatsApp,B,2023-09-08,1,0,0,0.00
73774,1124,"Día de la Madre 2024",WhatsApp,A,2022-06-09,0,0,0,0.00
73775,1011,"Cyber Wow Mayo 2024",WhatsApp,B,2023-04-27,0,0,0,0.00
73776,2914,"Black Friday 2023",Correo,B,2023-12-05,0,0,0,0.00
73777,1668,"Cyber Wow Mayo 2024",Correo,A,2024-08-30,1,0,0,0.00
73778,1886,"Cyber Wow Mayo 2024",Correo,B,2024-09-19,0,0,0,0.00
73779,1107,"Black Friday 2023",Push,A,2022-04-24,0,0,0,0.00
73780,1509,"Reactivación Q1 2024",Push,A,2022-10-26,0,0,0,0.00
73781,1534,"Cyber Wow Mayo 2024",Push,B,2024-01-08,0,0,0,0.00
73782,1439,"Reactivación Q1 2024",Push,A,2022-12-27,0,0,0,0.00
73783,2154,"Reactivación Q1 2024",Push,B,2022-01-19,0,0,0,0.00
73784,2029,"Bienvenida Nuevo Cliente",SMS,B,2024-04-08,0,0,0,0.00
73785,2376,"Black Friday 2023",WhatsApp,A,2023-06-22,0,0,0,0.00
73786,1110,"Recuperación Carrito Abandonado",Push,B,2022-05-21,0,0,0,0.00
73787,2847,"Cyber Wow Mayo 2024",Push,A,2022-11-06,1,0,0,0.00
73788,1701,"Campaña Navidad 2023",WhatsApp,B,2024-05-24,0,0,0,0.00
73789,1649,"Bienvenida Nuevo Cliente",Push,B,2023-08-21,0,0,0,0.00
73790,1490,"Cyber Wow Mayo 2024",WhatsApp,B,2024-11-22,0,0,0,0.00
73791,1614,"Black Friday 2023",SMS,A,2024-03-22,0,0,0,0.00
73792,2106,"VIP Exclusivo Agosto",WhatsApp,A,2023-01-29,0,0,0,0.00
73793,2657,"Reactivación Q1 2024",SMS,A,2022-05-30,0,0,0,0.00
73794,2126,"Recuperación Carrito Abandonado",SMS,A,2023-05-28,1,0,0,0.00
73795,2352,"Black Friday 2023",WhatsApp,B,2024-09-27,1,0,0,0.00
73796,2913,"Cyber Wow Mayo 2024",Correo,B,2023-07-15,1,0,0,0.00
73797,2403,"Reactivación Q1 2024",Push,B,2023-04-01,1,0,0,0.00
73798,1264,"Campaña Navidad 2023",Push,A,2024-07-26,0,0,0,0.00
73799,2003,"Campaña Navidad 2023",Push,A,2023-01-27,0,0,0,0.00
73800,1559,"Día de la Madre 2024",SMS,A,2022-09-05,0,0,0,0.00
73801,2195,"Reactivación Q1 2024",Correo,B,2022-03-20,1,0,0,0.00
73802,2336,"Campaña Navidad 2023",Correo,B,2022-08-03,0,0,0,0.00
73803,2750,"Día de la Madre 2024",SMS,B,2024-09-06,0,0,0,0.00
73804,1225,"Bienvenida Nuevo Cliente",Correo,B,2024-04-20,0,0,0,0.00
73805,2930,"Fidelización Recurrentes",Correo,B,2024-03-20,0,0,0,0.00
73806,2498,"Cyber Wow Mayo 2024",SMS,B,2024-01-11,1,0,0,0.00
73807,1121,"Día de la Madre 2024",WhatsApp,A,2022-09-27,1,1,0,0.00
73808,2034,"VIP Exclusivo Agosto",Push,A,2024-07-24,0,0,0,0.00
73809,1373,"Campaña Navidad 2023",SMS,A,2022-05-08,0,0,0,0.00
73810,1773,"Reactivación Q1 2024",SMS,A,2024-09-30,0,0,0,0.00
73811,2000,"Bienvenida Nuevo Cliente",WhatsApp,A,2022-09-02,0,0,0,0.00
73812,1301,"Fidelización Recurrentes",Correo,B,2023-06-14,1,0,0,0.00
73813,1680,"Reactivación Q1 2024",WhatsApp,A,2023-12-02,0,0,0,0.00
73814,1349,"Reactivación Q1 2024",SMS,A,2024-04-23,0,0,0,0.00
73815,2282,"Campaña Navidad 2023",Correo,B,2022-07-09,1,0,0,0.00
73816,1344,"Recuperación Carrito Abandonado",WhatsApp,A,2023-08-11,0,0,0,0.00
73817,2839,"Bienvenida Nuevo Cliente",Correo,B,2023-04-13,1,0,0,0.00
73818,1700,"Día de la Madre 2024",WhatsApp,A,2023-02-04,1,1,0,0.00
73819,1121,"Black Friday 2023",SMS,A,2023-07-25,1,0,0,0.00
73820,2755,"Cyber Wow Mayo 2024",Correo,B,2024-10-01,0,0,0,0.00
73821,2733,"Reactivación Q1 2024",Push,B,2023-10-05,0,0,0,0.00
73822,1178,"Reactivación Q1 2024",Correo,A,2023-11-13,0,0,0,0.00
73823,1783,"VIP Exclusivo Agosto",Correo,B,2023-05-10,0,0,0,0.00
73824,2933,"Reactivación Q1 2024",Correo,B,2022-11-09,0,0,0,0.00
73825,2377,"Fidelización Recurrentes",SMS,B,2022-11-03,0,0,0,0.00
73826,1876,"Black Friday 2023",Correo,B,2023-03-02,1,0,0,0.00
73827,2028,"Reactivación Q1 2024",Correo,A,2024-04-02,0,0,0,0.00
73828,1621,"Recuperación Carrito Abandonado",Correo,B,2024-10-01,0,0,0,0.00
73829,1235,"Cyber Wow Mayo 2024",WhatsApp,B,2023-02-19,1,0,0,0.00
73830,1168,"Campaña Navidad 2023",Correo,B,2024-01-24,0,0,0,0.00
73831,2795,"Cyber Wow Mayo 2024",WhatsApp,B,2024-04-23,0,0,0,0.00
73832,1655,"Cyber Wow Mayo 2024",Correo,A,2022-10-05,1,0,0,0.00
73833,2376,"Black Friday 2023",Push,A,2022-11-06,0,0,0,0.00
73834,1407,"Fidelización Recurrentes",SMS,B,2024-12-24,1,0,0,0.00
73835,2425,"Fidelización Recurrentes",Correo,A,2024-04-25,1,0,0,0.00
73836,1666,"Recuperación Carrito Abandonado",SMS,A,2024-02-04,0,0,0,0.00
73837,1212,"Campaña Navidad 2023",Push,A,2023-07-30,0,0,0,0.00
73838,1369,"Bienvenida Nuevo Cliente",WhatsApp,A,2022-08-17,1,1,0,0.00
73839,1912,"Cyber Wow Mayo 2024",Correo,B,2022-05-08,0,0,0,0.00
73840,2874,"Black Friday 2023",SMS,B,2023-01-18,0,0,0,0.00
73841,1236,"Día de la Madre 2024",Push,B,2023-11-16,1,0,0,0.00
73842,1076,"Campaña Navidad 2023",SMS,A,2022-11-02,0,0,0,0.00
73843,1691,"VIP Exclusivo Agosto",Correo,A,2023-01-16,0,0,0,0.00
73844,2561,"Recuperación Carrito Abandonado",Push,A,2022-10-28,0,0,0,0.00
73845,1998,"VIP Exclusivo Agosto",SMS,B,2023-09-06,1,1,0,0.00
73846,2408,"Día de la Madre 2024",Correo,A,2024-08-02,1,0,0,0.00
73847,1701,"Día de la Madre 2024",Correo,B,2023-01-07,0,0,0,0.00
73848,2214,"Día de la Madre 2024",Correo,A,2024-10-27,0,0,0,0.00
73849,1630,"Campaña Navidad 2023",Push,B,2022-06-21,1,0,0,0.00
73850,1119,"Campaña Navidad 2023",Push,B,2022-06-14,0,0,0,0.00
73851,1585,"Fidelización Recurrentes",Correo,A,2022-03-28,0,0,0,0.00
73852,2527,"Black Friday 2023",SMS,A,2024-11-03,0,0,0,0.00
73853,1732,"Reactivación Q1 2024",Correo,B,2023-02-20,0,0,0,0.00
73854,1810,"Reactivación Q1 2024",SMS,B,2022-08-26,0,0,0,0.00
73855,1622,"Cyber Wow Mayo 2024",WhatsApp,B,2022-11-11,1,0,0,0.00
73856,2730,"Bienvenida Nuevo Cliente",Push,B,2023-12-16,0,0,0,0.00
73857,1960,"Recuperación Carrito Abandonado",SMS,A,2023-09-09,0,0,0,0.00
73858,1660,"Black Friday 2023",Push,B,2023-11-06,0,0,0,0.00
73859,2439,"Reactivación Q1 2024",SMS,B,2023-02-13,0,0,0,0.00
73860,2894,"Bienvenida Nuevo Cliente",Push,B,2023-09-15,1,0,0,0.00
73861,2005,"Black Friday 2023",Push,B,2024-12-28,0,0,0,0.00
73862,2290,"Campaña Navidad 2023",Push,A,2023-07-02,1,0,0,0.00
73863,2265,"Campaña Navidad 2023",Push,B,2022-09-22,0,0,0,0.00
73864,1767,"Día de la Madre 2024",Correo,B,2024-12-24,0,0,0,0.00
73865,1284,"Bienvenida Nuevo Cliente",WhatsApp,A,2023-07-12,1,0,0,0.00
73866,2180,"Recuperación Carrito Abandonado",Push,A,2024-10-11,0,0,0,0.00
73867,1104,"Día de la Madre 2024",Push,B,2024-01-15,0,0,0,0.00
73868,1042,"Cyber Wow Mayo 2024",SMS,B,2024-10-09,0,0,0,0.00
73869,1452,"VIP Exclusivo Agosto",WhatsApp,B,2022-09-19,0,0,0,0.00
73870,2965,"Reactivación Q1 2024",WhatsApp,B,2024-05-20,0,0,0,0.00
73871,2513,"Black Friday 2023",Push,A,2022-07-27,0,0,0,0.00
73872,2967,"Día de la Madre 2024",SMS,A,2023-05-21,0,0,0,0.00
73873,2831,"Fidelización Recurrentes",Push,A,2024-08-13,1,0,0,0.00
73874,2545,"VIP Exclusivo Agosto",SMS,B,2022-01-19,1,0,0,0.00
73875,1800,"Black Friday 2023",WhatsApp,A,2023-03-16,1,0,0,0.00
73876,1612,"Cyber Wow Mayo 2024",WhatsApp,A,2022-05-17,0,0,0,0.00
73877,1247,"Fidelización Recurrentes",Correo,B,2024-07-17,1,0,0,0.00
73878,2928,"Black Friday 2023",Correo,B,2024-07-22,0,0,0,0.00
73879,1050,"Black Friday 2023",Push,B,2022-11-20,0,0,0,0.00
73880,1915,"Cyber Wow Mayo 2024",WhatsApp,A,2022-06-20,1,1,0,0.00
73881,1109,"Recuperación Carrito Abandonado",Correo,A,2024-06-11,1,0,0,0.00
73882,2946,"Fidelización Recurrentes",SMS,B,2022-07-27,0,0,0,0.00
73883,2318,"Cyber Wow Mayo 2024",WhatsApp,B,2022-06-28,0,0,0,0.00
73884,2670,"VIP Exclusivo Agosto",Correo,A,2022-09-05,0,0,0,0.00
73885,1559,"Cyber Wow Mayo 2024",SMS,A,2023-10-30,0,0,0,0.00
73886,1811,"Día de la Madre 2024",Push,B,2022-08-26,1,0,0,0.00
73887,2954,"Recuperación Carrito Abandonado",Correo,A,2024-10-29,1,0,0,0.00
73888,1494,"Black Friday 2023",SMS,A,2022-07-28,0,0,0,0.00
73889,1210,"Bienvenida Nuevo Cliente",Push,B,2022-04-29,1,0,0,0.00
73890,2562,"Campaña Navidad 2023",Correo,A,2023-11-25,0,0,0,0.00
73891,2126,"Campaña Navidad 2023",WhatsApp,B,2024-02-22,0,0,0,0.00
73892,2377,"Recuperación Carrito Abandonado",Push,B,2024-11-18,0,0,0,0.00
73893,2271,"Bienvenida Nuevo Cliente",Push,B,2022-10-30,1,0,0,0.00
73894,2497,"Recuperación Carrito Abandonado",WhatsApp,B,2023-09-26,1,0,0,0.00
73895,1797,"Reactivación Q1 2024",WhatsApp,B,2024-06-26,0,0,0,0.00
73896,1961,"Campaña Navidad 2023",SMS,A,2022-01-24,1,0,0,0.00
73897,1570,"Black Friday 2023",SMS,A,2024-04-21,0,0,0,0.00
73898,2094,"Reactivación Q1 2024",Correo,B,2024-02-10,0,0,0,0.00
73899,2932,"Cyber Wow Mayo 2024",Push,B,2024-04-05,0,0,0,0.00
73900,2848,"Campaña Navidad 2023",Correo,A,2024-12-25,1,0,0,0.00
73901,2672,"Black Friday 2023",WhatsApp,A,2022-07-31,1,0,0,0.00
73902,2360,"Bienvenida Nuevo Cliente",SMS,B,2023-08-17,0,0,0,0.00
73903,2786,"Fidelización Recurrentes",SMS,B,2022-11-16,0,0,0,0.00
73904,2818,"VIP Exclusivo Agosto",WhatsApp,B,2022-10-25,0,0,0,0.00
73905,1866,"VIP Exclusivo Agosto",WhatsApp,A,2023-11-13,0,0,0,0.00
73906,2323,"Reactivación Q1 2024",WhatsApp,B,2024-10-17,1,0,0,0.00
73907,1692,"Fidelización Recurrentes",SMS,A,2022-02-01,0,0,0,0.00
73908,2255,"Campaña Navidad 2023",SMS,A,2024-05-15,1,1,0,0.00
73909,2318,"Fidelización Recurrentes",SMS,A,2023-12-16,0,0,0,0.00
73910,1473,"Cyber Wow Mayo 2024",Push,A,2022-11-21,1,0,0,0.00
73911,2560,"VIP Exclusivo Agosto",Correo,A,2024-04-03,0,0,0,0.00
73912,2205,"VIP Exclusivo Agosto",SMS,A,2022-02-19,0,0,0,0.00
73913,1146,"Recuperación Carrito Abandonado",Correo,A,2022-08-01,0,0,0,0.00
73914,1202,"Campaña Navidad 2023",Correo,B,2022-08-15,1,0,0,0.00
73915,2451,"Bienvenida Nuevo Cliente",Correo,B,2023-03-29,1,0,0,0.00
73916,2237,"Campaña Navidad 2023",SMS,A,2023-11-19,0,0,0,0.00
73917,2330,"Fidelización Recurrentes",Push,B,2023-02-05,0,0,0,0.00
73918,2067,"Recuperación Carrito Abandonado",SMS,A,2024-02-07,0,0,0,0.00
73919,2069,"Bienvenida Nuevo Cliente",SMS,B,2024-05-29,0,0,0,0.00
73920,1916,"Recuperación Carrito Abandonado",Correo,A,2022-06-16,0,0,0,0.00
73921,2881,"VIP Exclusivo Agosto",Correo,A,2022-01-21,0,0,0,0.00
73922,2192,"Campaña Navidad 2023",Correo,A,2022-09-24,0,0,0,0.00
73923,2015,"Fidelización Recurrentes",WhatsApp,A,2023-03-25,0,0,0,0.00
73924,2184,"Black Friday 2023",WhatsApp,B,2022-03-31,0,0,0,0.00
73925,1894,"Cyber Wow Mayo 2024",SMS,A,2023-07-19,0,0,0,0.00
73926,2657,"Fidelización Recurrentes",WhatsApp,A,2022-08-18,0,0,0,0.00
73927,2815,"Reactivación Q1 2024",Push,A,2024-10-03,0,0,0,0.00
73928,1112,"Recuperación Carrito Abandonado",WhatsApp,B,2024-12-20,0,0,0,0.00
73929,1513,"Fidelización Recurrentes",Correo,A,2024-07-09,0,0,0,0.00
73930,2120,"Cyber Wow Mayo 2024",WhatsApp,A,2022-10-18,0,0,0,0.00
73931,1185,"Fidelización Recurrentes",SMS,B,2022-08-05,1,0,0,0.00
73932,1360,"Black Friday 2023",Push,B,2024-09-06,0,0,0,0.00
73933,1069,"Cyber Wow Mayo 2024",Push,A,2022-03-12,0,0,0,0.00
73934,1188,"Fidelización Recurrentes",SMS,B,2022-03-03,1,0,0,0.00
73935,1643,"VIP Exclusivo Agosto",SMS,B,2023-03-28,0,0,0,0.00
73936,2561,"Fidelización Recurrentes",Push,B,2022-12-12,0,0,0,0.00
73937,1339,"Bienvenida Nuevo Cliente",WhatsApp,B,2022-08-24,1,0,0,0.00
73938,1636,"VIP Exclusivo Agosto",Correo,A,2023-02-02,1,0,0,0.00
73939,2700,"Fidelización Recurrentes",Push,A,2023-03-06,0,0,0,0.00
73940,2798,"Cyber Wow Mayo 2024",Correo,A,2024-10-04,0,0,0,0.00
73941,1121,"Cyber Wow Mayo 2024",Push,A,2023-10-14,0,0,0,0.00
73942,2023,"VIP Exclusivo Agosto",Push,B,2024-04-26,0,0,0,0.00
73943,2359,"Bienvenida Nuevo Cliente",Push,B,2023-02-01,0,0,0,0.00
73944,1156,"Black Friday 2023",Correo,B,2024-12-26,0,0,0,0.00
73945,1554,"Campaña Navidad 2023",SMS,B,2022-11-08,0,0,0,0.00
73946,2252,"Fidelización Recurrentes",Push,A,2024-02-12,0,0,0,0.00
73947,2678,"Black Friday 2023",WhatsApp,A,2022-09-19,0,0,0,0.00
73948,2554,"VIP Exclusivo Agosto",Push,A,2024-12-29,0,0,0,0.00
73949,2239,"Bienvenida Nuevo Cliente",WhatsApp,A,2022-01-05,1,1,0,0.00
73950,1561,"Día de la Madre 2024",Push,B,2024-01-15,0,0,0,0.00
73951,2088,"Día de la Madre 2024",Correo,A,2022-12-26,0,0,0,0.00
73952,2249,"Fidelización Recurrentes",WhatsApp,A,2022-07-05,1,0,0,0.00
73953,2155,"Cyber Wow Mayo 2024",Correo,A,2023-01-02,0,0,0,0.00
73954,2813,"Black Friday 2023",WhatsApp,A,2022-02-11,1,0,0,0.00
73955,1155,"Día de la Madre 2024",Correo,A,2024-08-09,1,1,0,0.00
73956,1165,"Día de la Madre 2024",Push,B,2022-10-23,0,0,0,0.00
73957,2566,"Reactivación Q1 2024",Push,A,2024-07-27,0,0,0,0.00
73958,1615,"Reactivación Q1 2024",Correo,B,2023-10-17,0,0,0,0.00
73959,2234,"Reactivación Q1 2024",Correo,A,2023-10-15,0,0,0,0.00
73960,1512,"Reactivación Q1 2024",Correo,A,2023-02-25,1,0,0,0.00
73961,2774,"Campaña Navidad 2023",SMS,A,2023-09-30,1,0,0,0.00
73962,2315,"Campaña Navidad 2023",Correo,A,2024-10-07,0,0,0,0.00
73963,1913,"Bienvenida Nuevo Cliente",Correo,A,2024-05-05,0,0,0,0.00
73964,2333,"Fidelización Recurrentes",Push,B,2023-08-04,0,0,0,0.00
73965,1581,"Día de la Madre 2024",Correo,A,2022-12-23,1,0,0,0.00
73966,1209,"VIP Exclusivo Agosto",Push,A,2023-09-01,0,0,0,0.00
73967,2396,"VIP Exclusivo Agosto",SMS,B,2022-02-07,0,0,0,0.00
73968,2261,"Día de la Madre 2024",Correo,A,2022-12-12,0,0,0,0.00
73969,2576,"Cyber Wow Mayo 2024",Push,A,2024-11-05,0,0,0,0.00
73970,1890,"VIP Exclusivo Agosto",SMS,A,2024-01-24,0,0,0,0.00
73971,1215,"Día de la Madre 2024",WhatsApp,A,2023-07-09,1,1,0,0.00
73972,2309,"Black Friday 2023",SMS,B,2023-02-19,0,0,0,0.00
73973,1291,"Reactivación Q1 2024",WhatsApp,A,2024-02-18,0,0,0,0.00
73974,2656,"Cyber Wow Mayo 2024",SMS,A,2022-01-16,1,0,0,0.00
73975,1550,"Recuperación Carrito Abandonado",Correo,B,2023-11-23,1,0,0,0.00
73976,2145,"Fidelización Recurrentes",WhatsApp,B,2022-10-15,1,0,0,0.00
73977,1427,"Campaña Navidad 2023",Correo,A,2024-07-22,0,0,0,0.00
73978,2889,"Reactivación Q1 2024",WhatsApp,A,2024-05-05,0,0,0,0.00
73979,2812,"Fidelización Recurrentes",Correo,B,2022-12-07,1,0,0,0.00
73980,2253,"Bienvenida Nuevo Cliente",Correo,B,2022-03-27,1,0,0,0.00
73981,2985,"Cyber Wow Mayo 2024",SMS,A,2024-02-19,1,0,0,0.00
73982,2492,"Bienvenida Nuevo Cliente",Push,A,2022-02-01,1,0,0,0.00
73983,2360,"Black Friday 2023",Correo,B,2024-05-04,0,0,0,0.00
73984,2441,"Black Friday 2023",Correo,A,2023-10-17,0,0,0,0.00
73985,2563,"Black Friday 2023",WhatsApp,A,2023-05-16,0,0,0,0.00
73986,2423,"Reactivación Q1 2024",Correo,B,2024-11-21,1,0,0,0.00
73987,2735,"Cyber Wow Mayo 2024",Push,A,2023-08-24,0,0,0,0.00
73988,2230,"Bienvenida Nuevo Cliente",Correo,B,2023-08-11,0,0,0,0.00
73989,1392,"Campaña Navidad 2023",SMS,B,2023-06-29,0,0,0,0.00
73990,2360,"VIP Exclusivo Agosto",WhatsApp,B,2023-07-08,1,0,0,0.00
73991,2160,"Día de la Madre 2024",Push,A,2024-03-02,0,0,0,0.00
73992,1369,"Cyber Wow Mayo 2024",SMS,A,2023-10-23,0,0,0,0.00
73993,2942,"Cyber Wow Mayo 2024",Correo,B,2022-10-13,1,0,0,0.00
73994,2233,"Black Friday 2023",Correo,B,2024-08-26,0,0,0,0.00
73995,2763,"Día de la Madre 2024",SMS,B,2022-03-04,1,0,0,0.00
73996,1242,"Fidelización Recurrentes",Correo,B,2024-07-13,1,0,0,0.00
73997,1354,"VIP Exclusivo Agosto",Correo,B,2023-10-07,0,0,0,0.00
73998,1338,"Bienvenida Nuevo Cliente",Push,A,2022-10-15,0,0,0,0.00
73999,1227,"Recuperación Carrito Abandonado",WhatsApp,A,2023-09-29,0,0,0,0.00
74000,2369,"Reactivación Q1 2024",Push,B,2023-03-17,0,0,0,0.00
74001,1794,"Bienvenida Nuevo Cliente",Push,A,2022-11-24,1,0,0,0.00
74002,1894,"VIP Exclusivo Agosto",SMS,A,2024-05-15,0,0,0,0.00
74003,2915,"Reactivación Q1 2024",SMS,B,2024-11-08,1,0,0,0.00
74004,1338,"VIP Exclusivo Agosto",SMS,A,2023-02-03,1,0,0,0.00
74005,1902,"Bienvenida Nuevo Cliente",WhatsApp,A,2023-04-17,1,0,0,0.00
74006,2828,"Día de la Madre 2024",SMS,A,2024-11-22,0,0,0,0.00
74007,2775,"Bienvenida Nuevo Cliente",WhatsApp,A,2022-06-02,0,0,0,0.00
74008,1508,"Cyber Wow Mayo 2024",Push,B,2022-09-01,1,0,0,0.00
74009,1991,"Bienvenida Nuevo Cliente",WhatsApp,B,2024-03-08,0,0,0,0.00
74010,2451,"Fidelización Recurrentes",Push,A,2024-05-11,1,0,0,0.00
74011,1495,"Fidelización Recurrentes",Push,A,2023-08-12,0,0,0,0.00
74012,1821,"Cyber Wow Mayo 2024",WhatsApp,B,2024-08-27,1,1,0,0.00
74013,1735,"Fidelización Recurrentes",Correo,A,2023-01-03,0,0,0,0.00
74014,2395,"VIP Exclusivo Agosto",WhatsApp,B,2022-05-06,0,0,0,0.00
74015,1459,"Cyber Wow Mayo 2024",Push,A,2022-12-20,0,0,0,0.00
74016,1482,"Fidelización Recurrentes",Push,A,2024-03-14,0,0,0,0.00
74017,2439,"Bienvenida Nuevo Cliente",SMS,B,2024-03-26,1,0,0,0.00
74018,1618,"VIP Exclusivo Agosto",Correo,A,2023-09-26,0,0,0,0.00
74019,2578,"Reactivación Q1 2024",WhatsApp,B,2024-03-24,1,0,0,0.00
74020,1279,"Fidelización Recurrentes",SMS,A,2023-01-19,1,0,0,0.00
74021,1039,"VIP Exclusivo Agosto",Correo,B,2024-12-08,0,0,0,0.00
74022,1176,"Fidelización Recurrentes",Correo,A,2024-04-13,1,0,0,0.00
74023,2414,"Reactivación Q1 2024",Correo,B,2022-07-05,0,0,0,0.00
74024,2081,"Black Friday 2023",Push,B,2023-05-10,0,0,0,0.00
74025,1377,"Campaña Navidad 2023",Correo,B,2023-03-01,0,0,0,0.00
74026,2214,"Bienvenida Nuevo Cliente",SMS,A,2023-10-10,0,0,0,0.00
74027,1681,"Cyber Wow Mayo 2024",SMS,A,2022-12-03,0,0,0,0.00
74028,1369,"Reactivación Q1 2024",SMS,B,2022-03-21,0,0,0,0.00
74029,1188,"Reactivación Q1 2024",Push,A,2023-08-31,0,0,0,0.00
74030,2308,"Black Friday 2023",SMS,A,2023-09-12,0,0,0,0.00
74031,1298,"Recuperación Carrito Abandonado",WhatsApp,A,2024-07-06,0,0,0,0.00
74032,1841,"Black Friday 2023",WhatsApp,A,2023-09-03,1,0,0,0.00
74033,1827,"Cyber Wow Mayo 2024",SMS,B,2023-01-27,0,0,0,0.00
74034,2703,"Recuperación Carrito Abandonado",Push,A,2023-05-12,1,0,0,0.00
74035,2424,"Reactivación Q1 2024",WhatsApp,B,2023-09-11,0,0,0,0.00
74036,1677,"VIP Exclusivo Agosto",SMS,B,2023-01-09,1,0,0,0.00
74037,2188,"Fidelización Recurrentes",Push,B,2022-12-07,0,0,0,0.00
74038,2692,"Fidelización Recurrentes",WhatsApp,A,2024-08-15,1,0,0,0.00
74039,1714,"Campaña Navidad 2023",Correo,B,2024-09-14,0,0,0,0.00
74040,2543,"Día de la Madre 2024",Correo,B,2022-11-22,0,0,0,0.00
74041,1515,"Día de la Madre 2024",WhatsApp,B,2022-12-14,1,1,0,0.00
74042,1549,"Fidelización Recurrentes",Correo,A,2023-04-23,0,0,0,0.00
74043,1425,"Cyber Wow Mayo 2024",Correo,A,2024-08-29,1,0,0,0.00
74044,2604,"Recuperación Carrito Abandonado",Push,A,2023-06-13,0,0,0,0.00
74045,2136,"Bienvenida Nuevo Cliente",Correo,B,2024-05-18,0,0,0,0.00
74046,1787,"Reactivación Q1 2024",Push,B,2023-08-10,1,0,0,0.00
74047,1217,"Campaña Navidad 2023",Push,A,2024-09-28,1,0,0,0.00
74048,2452,"Recuperación Carrito Abandonado",SMS,B,2024-11-21,1,0,0,0.00
74049,2236,"Black Friday 2023",WhatsApp,B,2024-07-04,1,0,0,0.00
74050,2583,"Bienvenida Nuevo Cliente",Correo,A,2024-11-20,0,0,0,0.00
74051,2723,"VIP Exclusivo Agosto",SMS,B,2022-11-02,1,1,0,0.00
74052,2153,"Campaña Navidad 2023",WhatsApp,B,2023-10-07,1,0,0,0.00
74053,2542,"Cyber Wow Mayo 2024",Correo,B,2024-01-27,1,0,0,0.00
74054,2750,"Día de la Madre 2024",SMS,A,2022-01-19,0,0,0,0.00
74055,1076,"Fidelización Recurrentes",Push,A,2024-07-10,0,0,0,0.00
74056,1226,"Día de la Madre 2024",SMS,B,2024-01-29,0,0,0,0.00
74057,1439,"VIP Exclusivo Agosto",SMS,A,2023-03-26,0,0,0,0.00
74058,2258,"Bienvenida Nuevo Cliente",Push,B,2022-12-24,0,0,0,0.00
74059,2435,"Black Friday 2023",Push,B,2022-12-19,1,0,0,0.00
74060,1257,"Black Friday 2023",Push,B,2022-08-04,1,0,0,0.00
74061,2758,"Recuperación Carrito Abandonado",Correo,B,2024-02-28,0,0,0,0.00
74062,1965,"Fidelización Recurrentes",Correo,A,2022-10-22,0,0,0,0.00
74063,2501,"Campaña Navidad 2023",Push,A,2022-04-14,1,0,0,0.00
74064,2860,"Cyber Wow Mayo 2024",Push,B,2023-01-03,0,0,0,0.00
74065,1933,"Día de la Madre 2024",Correo,A,2024-11-23,0,0,0,0.00
74066,2245,"VIP Exclusivo Agosto",Correo,A,2024-12-18,0,0,0,0.00
74067,1084,"VIP Exclusivo Agosto",SMS,A,2023-01-12,1,0,0,0.00
74068,2377,"Black Friday 2023",Correo,A,2023-05-05,1,0,0,0.00
74069,2342,"Fidelización Recurrentes",WhatsApp,A,2023-01-25,0,0,0,0.00
74070,1803,"Día de la Madre 2024",Correo,B,2023-11-25,1,0,0,0.00
74071,2272,"Día de la Madre 2024",Push,A,2022-07-06,0,0,0,0.00
74072,1177,"Bienvenida Nuevo Cliente",WhatsApp,B,2024-07-04,0,0,0,0.00
74073,1173,"Cyber Wow Mayo 2024",WhatsApp,A,2023-03-17,1,0,0,0.00
74074,2268,"Campaña Navidad 2023",Push,A,2024-08-06,0,0,0,0.00
74075,2303,"VIP Exclusivo Agosto",WhatsApp,B,2022-11-12,0,0,0,0.00
74076,2792,"Fidelización Recurrentes",Push,A,2024-11-14,0,0,0,0.00
74077,1548,"Fidelización Recurrentes",Correo,A,2024-05-13,0,0,0,0.00
74078,1531,"Cyber Wow Mayo 2024",WhatsApp,B,2024-11-22,0,0,0,0.00
74079,2844,"VIP Exclusivo Agosto",Correo,A,2023-02-10,0,0,0,0.00
74080,1595,"Black Friday 2023",Push,A,2023-03-25,0,0,0,0.00
74081,2928,"Reactivación Q1 2024",WhatsApp,B,2024-05-25,1,0,0,0.00
74082,1073,"Fidelización Recurrentes",SMS,A,2022-03-30,1,0,0,0.00
74083,1630,"Fidelización Recurrentes",WhatsApp,B,2024-11-30,0,0,0,0.00
74084,2395,"Campaña Navidad 2023",Correo,B,2024-10-13,0,0,0,0.00
74085,2375,"VIP Exclusivo Agosto",Push,A,2024-12-09,0,0,0,0.00
74086,1631,"Black Friday 2023",Correo,B,2023-07-29,1,0,0,0.00
74087,2657,"VIP Exclusivo Agosto",Push,B,2022-07-27,0,0,0,0.00
74088,1143,"VIP Exclusivo Agosto",SMS,B,2024-06-24,1,0,0,0.00
74089,1361,"Recuperación Carrito Abandonado",SMS,B,2023-04-18,0,0,0,0.00
74090,1265,"Reactivación Q1 2024",Correo,B,2022-04-18,0,0,0,0.00
74091,2225,"Fidelización Recurrentes",SMS,A,2024-08-15,0,0,0,0.00
74092,2857,"Fidelización Recurrentes",Correo,B,2024-11-10,1,0,0,0.00
74093,1029,"Reactivación Q1 2024",SMS,A,2022-02-26,0,0,0,0.00
74094,1088,"Bienvenida Nuevo Cliente",Correo,A,2024-07-24,1,0,0,0.00
74095,2131,"VIP Exclusivo Agosto",WhatsApp,A,2022-06-27,0,0,0,0.00
74096,2140,"Día de la Madre 2024",SMS,B,2022-11-02,0,0,0,0.00
74097,1468,"Cyber Wow Mayo 2024",Correo,A,2023-03-02,1,0,0,0.00
74098,2695,"VIP Exclusivo Agosto",SMS,A,2023-07-10,1,1,0,0.00
74099,1980,"Bienvenida Nuevo Cliente",WhatsApp,A,2024-11-16,0,0,0,0.00
74100,1232,"Fidelización Recurrentes",SMS,A,2023-01-10,0,0,0,0.00
74101,2203,"Fidelización Recurrentes",Push,B,2023-04-21,0,0,0,0.00
74102,1873,"Bienvenida Nuevo Cliente",Correo,A,2024-11-09,0,0,0,0.00
74103,2412,"Campaña Navidad 2023",Correo,B,2022-12-08,0,0,0,0.00
74104,2224,"Black Friday 2023",Correo,A,2024-03-24,0,0,0,0.00
74105,2470,"Bienvenida Nuevo Cliente",Correo,A,2022-08-16,0,0,0,0.00
74106,2619,"Reactivación Q1 2024",Push,A,2024-01-15,0,0,0,0.00
74107,2343,"Reactivación Q1 2024",SMS,A,2022-10-03,0,0,0,0.00
74108,2867,"Fidelización Recurrentes",SMS,B,2024-12-19,0,0,0,0.00
74109,1267,"Cyber Wow Mayo 2024",Correo,A,2022-11-21,0,0,0,0.00
74110,1640,"Recuperación Carrito Abandonado",SMS,B,2024-04-27,1,0,0,0.00
74111,1007,"Campaña Navidad 2023",Push,B,2023-01-06,0,0,0,0.00
74112,1219,"Cyber Wow Mayo 2024",SMS,A,2023-12-01,0,0,0,0.00
74113,1797,"Fidelización Recurrentes",WhatsApp,B,2024-11-26,1,0,0,0.00
74114,1643,"Reactivación Q1 2024",Push,B,2023-04-27,0,0,0,0.00
74115,2360,"Campaña Navidad 2023",Push,B,2022-08-11,1,0,0,0.00
74116,1070,"Fidelización Recurrentes",Correo,A,2024-06-04,0,0,0,0.00
74117,1312,"VIP Exclusivo Agosto",WhatsApp,A,2024-12-02,0,0,0,0.00
74118,1815,"Fidelización Recurrentes",SMS,A,2023-08-24,0,0,0,0.00
74119,2164,"Reactivación Q1 2024",Correo,B,2022-08-24,0,0,0,0.00
74120,2364,"Reactivación Q1 2024",WhatsApp,A,2024-10-26,0,0,0,0.00
74121,2488,"Reactivación Q1 2024",SMS,B,2022-11-29,0,0,0,0.00
74122,2690,"Reactivación Q1 2024",WhatsApp,B,2023-06-16,1,0,0,0.00
74123,1743,"Día de la Madre 2024",WhatsApp,B,2023-12-24,0,0,0,0.00
74124,1271,"Reactivación Q1 2024",SMS,B,2023-06-18,0,0,0,0.00
74125,2946,"Fidelización Recurrentes",Push,B,2022-10-04,0,0,0,0.00
74126,2392,"Cyber Wow Mayo 2024",WhatsApp,B,2022-03-18,0,0,0,0.00
74127,2679,"Black Friday 2023",Push,A,2024-08-18,0,0,0,0.00
74128,1423,"Fidelización Recurrentes",Correo,B,2023-12-10,0,0,0,0.00
74129,1241,"Black Friday 2023",Correo,A,2024-08-14,0,0,0,0.00
74130,2746,"Fidelización Recurrentes",Push,A,2023-09-22,0,0,0,0.00
74131,1716,"VIP Exclusivo Agosto",SMS,B,2023-03-30,0,0,0,0.00
74132,1409,"Fidelización Recurrentes",SMS,A,2023-04-13,0,0,0,0.00
74133,2964,"VIP Exclusivo Agosto",Push,A,2022-08-08,1,0,0,0.00
74134,2905,"Reactivación Q1 2024",SMS,B,2024-04-10,0,0,0,0.00
74135,2394,"VIP Exclusivo Agosto",WhatsApp,B,2023-11-13,1,0,0,0.00
74136,1806,"Campaña Navidad 2023",WhatsApp,A,2024-10-07,1,0,0,0.00
74137,1133,"Recuperación Carrito Abandonado",Correo,B,2022-09-08,0,0,0,0.00
74138,2814,"Día de la Madre 2024",SMS,A,2024-02-23,0,0,0,0.00
74139,1934,"Campaña Navidad 2023",Correo,A,2024-05-31,0,0,0,0.00
74140,1715,"Bienvenida Nuevo Cliente",SMS,B,2023-06-30,1,0,0,0.00
74141,2660,"Reactivación Q1 2024",Correo,A,2024-11-16,0,0,0,0.00
74142,2426,"Día de la Madre 2024",SMS,B,2022-09-23,0,0,0,0.00
74143,2523,"Black Friday 2023",Correo,A,2022-07-15,1,0,0,0.00
74144,2626,"Black Friday 2023",SMS,B,2024-12-22,0,0,0,0.00
74145,1236,"Campaña Navidad 2023",SMS,A,2022-11-23,0,0,0,0.00
74146,1319,"Bienvenida Nuevo Cliente",SMS,A,2023-11-16,0,0,0,0.00
74147,2758,"Black Friday 2023",SMS,A,2023-08-01,0,0,0,0.00
74148,2434,"Cyber Wow Mayo 2024",SMS,A,2024-01-07,1,0,0,0.00
74149,1491,"Fidelización Recurrentes",Correo,A,2022-10-10,1,0,0,0.00
74150,2440,"Bienvenida Nuevo Cliente",WhatsApp,B,2022-08-28,1,0,0,0.00
74151,2684,"Fidelización Recurrentes",SMS,B,2022-12-24,1,0,0,0.00
74152,2040,"Bienvenida Nuevo Cliente",Push,A,2023-02-18,0,0,0,0.00
74153,2477,"Black Friday 2023",Push,A,2024-01-28,0,0,0,0.00
74154,1526,"VIP Exclusivo Agosto",SMS,B,2023-05-13,0,0,0,0.00
74155,1701,"Campaña Navidad 2023",Correo,A,2024-01-14,1,0,0,0.00
74156,1890,"Black Friday 2023",Correo,A,2022-10-26,0,0,0,0.00
74157,2033,"Campaña Navidad 2023",Correo,A,2022-07-06,0,0,0,0.00
74158,1145,"Black Friday 2023",SMS,B,2022-09-19,1,0,0,0.00
74159,1124,"Black Friday 2023",WhatsApp,B,2023-08-03,0,0,0,0.00
74160,1815,"Campaña Navidad 2023",Push,A,2022-01-24,0,0,0,0.00
74161,1202,"VIP Exclusivo Agosto",WhatsApp,A,2024-04-26,0,0,0,0.00
74162,2765,"Bienvenida Nuevo Cliente",Push,B,2022-12-29,0,0,0,0.00
74163,2570,"Recuperación Carrito Abandonado",SMS,A,2023-10-27,0,0,0,0.00
74164,2492,"Cyber Wow Mayo 2024",SMS,B,2023-10-13,1,0,0,0.00
74165,2432,"Reactivación Q1 2024",Correo,B,2024-09-06,1,0,0,0.00
74166,1292,"Campaña Navidad 2023",Push,B,2024-03-06,0,0,0,0.00
74167,1554,"Día de la Madre 2024",WhatsApp,B,2022-01-26,1,1,0,0.00
74168,2146,"VIP Exclusivo Agosto",WhatsApp,A,2024-12-13,0,0,0,0.00
74169,1754,"Recuperación Carrito Abandonado",WhatsApp,A,2024-05-12,0,0,0,0.00
74170,1078,"Campaña Navidad 2023",Correo,A,2024-12-05,0,0,0,0.00
74171,1302,"Día de la Madre 2024",SMS,B,2023-09-13,1,0,0,0.00
74172,1144,"Día de la Madre 2024",WhatsApp,A,2024-02-08,0,0,0,0.00
74173,1932,"Fidelización Recurrentes",Push,B,2023-04-05,1,0,0,0.00
74174,2532,"Reactivación Q1 2024",SMS,A,2022-01-08,0,0,0,0.00
74175,2185,"Recuperación Carrito Abandonado",WhatsApp,B,2022-02-16,0,0,0,0.00
74176,1761,"VIP Exclusivo Agosto",Correo,B,2024-05-21,1,0,0,0.00
74177,2756,"Día de la Madre 2024",SMS,B,2023-01-12,0,0,0,0.00
74178,1737,"VIP Exclusivo Agosto",SMS,B,2022-07-07,0,0,0,0.00
74179,1605,"Fidelización Recurrentes",SMS,A,2024-10-10,1,0,0,0.00
74180,1880,"Bienvenida Nuevo Cliente",SMS,A,2024-09-09,0,0,0,0.00
74181,2551,"Reactivación Q1 2024",WhatsApp,B,2024-01-17,0,0,0,0.00
74182,2444,"Black Friday 2023",Correo,A,2022-02-26,0,0,0,0.00
74183,1531,"Bienvenida Nuevo Cliente",Push,A,2024-09-14,0,0,0,0.00
74184,2168,"Campaña Navidad 2023",SMS,A,2022-12-11,1,1,0,0.00
74185,2033,"Cyber Wow Mayo 2024",Correo,B,2022-10-30,0,0,0,0.00
74186,2839,"Cyber Wow Mayo 2024",SMS,B,2023-01-17,0,0,0,0.00
74187,2548,"Reactivación Q1 2024",WhatsApp,A,2022-06-25,0,0,0,0.00
74188,2005,"Día de la Madre 2024",Push,A,2023-01-16,0,0,0,0.00
74189,1731,"Fidelización Recurrentes",Push,A,2024-02-26,0,0,0,0.00
74190,2060,"Black Friday 2023",Push,A,2024-02-11,1,0,0,0.00
74191,2325,"Black Friday 2023",SMS,B,2024-04-28,1,0,0,0.00
74192,1487,"Campaña Navidad 2023",WhatsApp,A,2023-11-28,1,0,0,0.00
74193,2607,"Black Friday 2023",Push,B,2022-12-15,1,0,0,0.00
74194,2649,"Black Friday 2023",Correo,A,2023-12-03,1,0,0,0.00
74195,1814,"VIP Exclusivo Agosto",Correo,B,2023-06-04,0,0,0,0.00
74196,2324,"Reactivación Q1 2024",Push,A,2024-01-02,0,0,0,0.00
74197,1483,"Fidelización Recurrentes",Correo,B,2023-08-25,0,0,0,0.00
74198,2610,"Black Friday 2023",WhatsApp,A,2022-02-01,0,0,0,0.00
74199,2512,"Día de la Madre 2024",WhatsApp,A,2023-04-05,0,0,0,0.00
74200,1165,"Día de la Madre 2024",Correo,A,2023-03-21,0,0,0,0.00
74201,1719,"Recuperación Carrito Abandonado",Correo,B,2024-03-05,0,0,0,0.00
74202,2061,"Día de la Madre 2024",WhatsApp,A,2023-01-22,0,0,0,0.00
74203,1605,"Bienvenida Nuevo Cliente",Push,A,2023-06-08,0,0,0,0.00
74204,2631,"Fidelización Recurrentes",SMS,B,2023-03-27,1,0,0,0.00
74205,1531,"Día de la Madre 2024",WhatsApp,B,2023-07-31,0,0,0,0.00
74206,1113,"VIP Exclusivo Agosto",Push,B,2023-05-12,0,0,0,0.00
74207,2782,"Bienvenida Nuevo Cliente",SMS,B,2022-10-18,0,0,0,0.00
74208,2119,"Cyber Wow Mayo 2024",SMS,B,2022-03-22,0,0,0,0.00
74209,2858,"Fidelización Recurrentes",Correo,B,2022-05-04,0,0,0,0.00
74210,1706,"VIP Exclusivo Agosto",WhatsApp,A,2023-08-26,0,0,0,0.00
74211,2678,"Campaña Navidad 2023",Correo,B,2022-08-23,0,0,0,0.00
74212,1172,"Reactivación Q1 2024",Push,B,2022-01-08,0,0,0,0.00
74213,1844,"Día de la Madre 2024",Push,B,2023-05-25,0,0,0,0.00
74214,1463,"VIP Exclusivo Agosto",Correo,B,2023-11-06,0,0,0,0.00
74215,2608,"Campaña Navidad 2023",SMS,A,2024-07-27,1,0,0,0.00
74216,1176,"Cyber Wow Mayo 2024",Correo,B,2023-01-30,0,0,0,0.00
74217,1641,"Día de la Madre 2024",Push,B,2024-08-09,0,0,0,0.00
74218,1925,"VIP Exclusivo Agosto",WhatsApp,B,2024-01-29,1,0,0,0.00
74219,1851,"Bienvenida Nuevo Cliente",Correo,B,2024-08-28,0,0,0,0.00
74220,2543,"Black Friday 2023",WhatsApp,A,2024-02-13,0,0,0,0.00
74221,1995,"Campaña Navidad 2023",Push,B,2024-02-19,0,0,0,0.00
74222,2478,"Cyber Wow Mayo 2024",Correo,B,2024-01-26,0,0,0,0.00
74223,1032,"Recuperación Carrito Abandonado",Push,B,2022-05-29,0,0,0,0.00
74224,1116,"Bienvenida Nuevo Cliente",SMS,A,2023-09-08,0,0,0,0.00
74225,1286,"Campaña Navidad 2023",WhatsApp,A,2022-09-29,0,0,0,0.00
74226,1341,"Recuperación Carrito Abandonado",Push,B,2022-04-07,1,0,0,0.00
74227,2115,"VIP Exclusivo Agosto",Push,B,2023-03-22,1,0,0,0.00
74228,1286,"Bienvenida Nuevo Cliente",WhatsApp,B,2022-07-10,1,0,0,0.00
74229,2939,"Recuperación Carrito Abandonado",Correo,A,2023-10-18,0,0,0,0.00
74230,2874,"Día de la Madre 2024",Push,A,2023-11-11,0,0,0,0.00
74231,2304,"Reactivación Q1 2024",Correo,A,2022-03-04,0,0,0,0.00
74232,1619,"Campaña Navidad 2023",Push,A,2023-08-13,1,0,0,0.00
74233,2551,"Día de la Madre 2024",Push,B,2023-01-14,1,0,0,0.00
74234,2578,"Campaña Navidad 2023",Correo,B,2023-04-13,0,0,0,0.00
74235,1008,"Campaña Navidad 2023",Push,B,2024-06-23,0,0,0,0.00
74236,2324,"Bienvenida Nuevo Cliente",Push,B,2023-12-01,0,0,0,0.00
74237,1825,"Fidelización Recurrentes",Push,A,2024-12-08,1,0,0,0.00
74238,1900,"Cyber Wow Mayo 2024",SMS,B,2024-01-26,0,0,0,0.00
74239,2800,"Black Friday 2023",Push,A,2022-09-30,0,0,0,0.00
74240,1765,"Fidelización Recurrentes",Push,A,2024-03-08,0,0,0,0.00
74241,1832,"Fidelización Recurrentes",SMS,B,2022-12-27,0,0,0,0.00
74242,2075,"Día de la Madre 2024",Push,B,2024-09-18,0,0,0,0.00
74243,2688,"Campaña Navidad 2023",WhatsApp,B,2023-05-28,0,0,0,0.00
74244,1066,"VIP Exclusivo Agosto",Correo,A,2022-04-19,0,0,0,0.00
74245,1588,"Bienvenida Nuevo Cliente",Correo,B,2024-10-10,0,0,0,0.00
74246,2177,"Día de la Madre 2024",Correo,A,2024-04-14,0,0,0,0.00
74247,1398,"Fidelización Recurrentes",WhatsApp,A,2024-06-09,0,0,0,0.00
74248,1395,"Recuperación Carrito Abandonado",Correo,B,2022-03-01,1,0,0,0.00
74249,2889,"Black Friday 2023",SMS,B,2022-07-22,1,0,0,0.00
74250,1551,"Black Friday 2023",Correo,A,2023-04-04,0,0,0,0.00
74251,1096,"Bienvenida Nuevo Cliente",Correo,B,2023-08-27,0,0,0,0.00
74252,1844,"Día de la Madre 2024",Correo,A,2023-08-25,0,0,0,0.00
74253,1562,"Día de la Madre 2024",Push,B,2022-07-24,0,0,0,0.00
74254,1321,"VIP Exclusivo Agosto",Push,B,2022-10-06,0,0,0,0.00
74255,1668,"Black Friday 2023",Push,B,2023-08-13,1,0,0,0.00
74256,2225,"VIP Exclusivo Agosto",Correo,A,2022-08-09,1,0,0,0.00
74257,1944,"Bienvenida Nuevo Cliente",SMS,B,2022-09-08,0,0,0,0.00
74258,2877,"VIP Exclusivo Agosto",SMS,B,2024-10-10,1,0,0,0.00
74259,2188,"Cyber Wow Mayo 2024",WhatsApp,B,2024-10-30,0,0,0,0.00
74260,1773,"Fidelización Recurrentes",WhatsApp,A,2024-03-29,0,0,0,0.00
74261,2588,"VIP Exclusivo Agosto",Push,A,2023-05-14,0,0,0,0.00
74262,1665,"Recuperación Carrito Abandonado",Push,A,2023-08-01,0,0,0,0.00
74263,2083,"VIP Exclusivo Agosto",SMS,B,2024-11-28,0,0,0,0.00
74264,1107,"VIP Exclusivo Agosto",WhatsApp,B,2023-08-05,0,0,0,0.00
74265,2383,"VIP Exclusivo Agosto",Push,B,2024-05-20,0,0,0,0.00
74266,1812,"VIP Exclusivo Agosto",WhatsApp,A,2023-11-03,1,0,0,0.00
74267,1621,"Black Friday 2023",SMS,A,2023-12-04,0,0,0,0.00
74268,2057,"Día de la Madre 2024",Correo,A,2022-05-22,1,0,0,0.00
74269,2325,"Campaña Navidad 2023",Correo,A,2023-12-04,0,0,0,0.00
74270,2822,"Fidelización Recurrentes",Correo,A,2023-01-08,0,0,0,0.00
74271,1223,"Recuperación Carrito Abandonado",Push,A,2023-05-01,0,0,0,0.00
74272,2816,"Reactivación Q1 2024",WhatsApp,B,2022-06-29,0,0,0,0.00
74273,1526,"Fidelización Recurrentes",Push,B,2023-05-11,0,0,0,0.00
74274,1809,"Día de la Madre 2024",SMS,B,2022-11-26,0,0,0,0.00
74275,2801,"Reactivación Q1 2024",WhatsApp,A,2022-09-04,0,0,0,0.00
74276,1523,"Cyber Wow Mayo 2024",Correo,B,2022-06-27,0,0,0,0.00
74277,2998,"Black Friday 2023",SMS,A,2024-02-11,1,0,0,0.00
74278,2197,"Reactivación Q1 2024",Correo,A,2022-01-07,1,0,0,0.00
74279,1626,"Black Friday 2023",Correo,B,2024-01-08,0,0,0,0.00
74280,2528,"Black Friday 2023",Push,A,2024-05-16,0,0,0,0.00
74281,2031,"Recuperación Carrito Abandonado",WhatsApp,B,2022-04-13,1,0,0,0.00
74282,1173,"Reactivación Q1 2024",WhatsApp,B,2024-02-08,0,0,0,0.00
74283,2303,"Día de la Madre 2024",SMS,B,2024-03-12,1,0,0,0.00
74284,2974,"Reactivación Q1 2024",Push,A,2023-06-24,1,0,0,0.00
74285,2730,"VIP Exclusivo Agosto",Correo,B,2024-04-10,1,1,0,0.00
74286,2975,"Bienvenida Nuevo Cliente",SMS,B,2022-08-31,0,0,0,0.00
74287,2272,"Recuperación Carrito Abandonado",Push,B,2022-08-29,0,0,0,0.00
74288,1625,"Recuperación Carrito Abandonado",Push,A,2022-11-29,1,0,0,0.00
74289,1461,"Reactivación Q1 2024",SMS,A,2022-10-09,1,0,0,0.00
74290,2486,"Black Friday 2023",Correo,A,2022-03-15,0,0,0,0.00
74291,2421,"Fidelización Recurrentes",Correo,A,2023-04-25,0,0,0,0.00
74292,2697,"VIP Exclusivo Agosto",Correo,A,2022-12-25,0,0,0,0.00
74293,1992,"VIP Exclusivo Agosto",WhatsApp,A,2023-06-01,0,0,0,0.00
74294,2464,"Recuperación Carrito Abandonado",Push,A,2023-11-18,1,0,0,0.00
74295,2851,"Bienvenida Nuevo Cliente",SMS,A,2024-12-31,0,0,0,0.00
74296,1111,"VIP Exclusivo Agosto",Correo,B,2024-03-13,1,0,0,0.00
74297,2854,"Cyber Wow Mayo 2024",Correo,A,2023-10-27,0,0,0,0.00
74298,2931,"Reactivación Q1 2024",Correo,B,2022-09-05,1,0,0,0.00
74299,2103,"Bienvenida Nuevo Cliente",Push,B,2022-06-13,1,0,0,0.00
74300,2049,"Bienvenida Nuevo Cliente",SMS,A,2023-06-21,0,0,0,0.00
74301,2948,"Bienvenida Nuevo Cliente",WhatsApp,B,2023-06-11,0,0,0,0.00
74302,1858,"Fidelización Recurrentes",Push,A,2024-01-26,0,0,0,0.00
74303,2814,"Día de la Madre 2024",WhatsApp,A,2022-09-13,1,0,0,0.00
74304,2286,"Recuperación Carrito Abandonado",Correo,A,2022-12-01,1,0,0,0.00
74305,2825,"Cyber Wow Mayo 2024",Push,B,2023-04-06,0,0,0,0.00
74306,1432,"Campaña Navidad 2023",Push,A,2023-08-05,0,0,0,0.00
74307,1196,"Bienvenida Nuevo Cliente",Push,A,2022-01-03,0,0,0,0.00
74308,2497,"Día de la Madre 2024",SMS,A,2024-08-17,1,0,0,0.00
74309,2760,"Fidelización Recurrentes",WhatsApp,A,2024-01-17,0,0,0,0.00
74310,2798,"Black Friday 2023",Correo,B,2022-09-10,0,0,0,0.00
74311,2082,"Día de la Madre 2024",Correo,B,2022-02-21,1,0,0,0.00
74312,2317,"Reactivación Q1 2024",WhatsApp,A,2024-12-09,0,0,0,0.00
74313,2522,"Cyber Wow Mayo 2024",Push,B,2023-12-24,0,0,0,0.00
74314,2973,"Día de la Madre 2024",SMS,B,2023-04-16,0,0,0,0.00
74315,2239,"Black Friday 2023",SMS,B,2024-08-28,0,0,0,0.00
74316,1841,"Black Friday 2023",SMS,A,2022-08-23,0,0,0,0.00
74317,1813,"Campaña Navidad 2023",Push,B,2024-07-30,0,0,0,0.00
74318,1715,"Cyber Wow Mayo 2024",Push,A,2024-08-09,0,0,0,0.00
74319,2332,"Black Friday 2023",Push,A,2024-08-07,0,0,0,0.00
74320,2918,"Campaña Navidad 2023",SMS,A,2023-10-02,0,0,0,0.00
74321,2792,"VIP Exclusivo Agosto",Correo,A,2022-09-19,1,0,0,0.00
74322,2247,"Día de la Madre 2024",Correo,A,2022-03-06,1,0,0,0.00
74323,1962,"Black Friday 2023",Push,A,2024-03-22,0,0,0,0.00
74324,1553,"Recuperación Carrito Abandonado",WhatsApp,A,2023-05-29,0,0,0,0.00
74325,1804,"Día de la Madre 2024",Correo,A,2023-10-17,0,0,0,0.00
74326,2416,"Recuperación Carrito Abandonado",WhatsApp,A,2022-02-04,0,0,0,0.00
74327,1855,"Black Friday 2023",Correo,B,2023-04-16,0,0,0,0.00
74328,2261,"Bienvenida Nuevo Cliente",SMS,B,2024-01-18,1,0,0,0.00
74329,2883,"Cyber Wow Mayo 2024",Correo,A,2024-03-29,0,0,0,0.00
74330,1878,"Reactivación Q1 2024",WhatsApp,B,2023-05-01,0,0,0,0.00
74331,2931,"Black Friday 2023",Push,B,2022-07-04,0,0,0,0.00
74332,1792,"Black Friday 2023",WhatsApp,B,2023-06-08,0,0,0,0.00
74333,2885,"Bienvenida Nuevo Cliente",Correo,A,2022-08-20,0,0,0,0.00
74334,1841,"Fidelización Recurrentes",Push,B,2023-03-14,0,0,0,0.00
74335,2943,"Black Friday 2023",Correo,B,2023-03-21,0,0,0,0.00
74336,1708,"Bienvenida Nuevo Cliente",Push,A,2024-10-25,0,0,0,0.00
74337,2240,"Campaña Navidad 2023",SMS,B,2024-08-30,1,0,0,0.00
74338,2410,"Black Friday 2023",Correo,A,2023-11-17,0,0,0,0.00
74339,2721,"Bienvenida Nuevo Cliente",Push,B,2023-03-26,0,0,0,0.00
74340,2569,"Reactivación Q1 2024",SMS,B,2023-11-23,0,0,0,0.00
74341,1854,"Día de la Madre 2024",WhatsApp,A,2024-01-27,0,0,0,0.00
74342,1380,"Bienvenida Nuevo Cliente",SMS,B,2023-06-13,0,0,0,0.00
74343,2586,"VIP Exclusivo Agosto",Correo,B,2023-04-09,1,0,0,0.00
74344,2359,"Fidelización Recurrentes",Push,A,2023-05-31,0,0,0,0.00
74345,1165,"Bienvenida Nuevo Cliente",SMS,A,2024-07-13,1,0,0,0.00
74346,2064,"Reactivación Q1 2024",Push,B,2024-12-31,0,0,0,0.00
74347,1733,"Reactivación Q1 2024",Push,B,2024-02-01,0,0,0,0.00
74348,1890,"Bienvenida Nuevo Cliente",WhatsApp,A,2024-02-02,0,0,0,0.00
74349,1191,"Cyber Wow Mayo 2024",Correo,A,2024-08-14,0,0,0,0.00
74350,2612,"VIP Exclusivo Agosto",Correo,B,2023-03-17,1,0,0,0.00
74351,1772,"Cyber Wow Mayo 2024",Push,A,2024-10-10,0,0,0,0.00
74352,2298,"Cyber Wow Mayo 2024",Push,A,2022-08-01,1,0,0,0.00
74353,2440,"VIP Exclusivo Agosto",Correo,B,2024-10-03,0,0,0,0.00
74354,2561,"Día de la Madre 2024",Correo,B,2023-08-05,0,0,0,0.00
74355,1812,"Cyber Wow Mayo 2024",Correo,A,2022-06-15,0,0,0,0.00
74356,2776,"Recuperación Carrito Abandonado",SMS,B,2024-07-11,1,0,0,0.00
74357,1543,"Black Friday 2023",SMS,A,2023-01-25,0,0,0,0.00
74358,2804,"Recuperación Carrito Abandonado",SMS,B,2024-04-02,0,0,0,0.00
74359,1895,"Campaña Navidad 2023",Correo,A,2024-02-24,1,0,0,0.00
74360,1462,"Campaña Navidad 2023",WhatsApp,B,2022-04-25,1,0,0,0.00
74361,1522,"Recuperación Carrito Abandonado",SMS,B,2022-04-08,0,0,0,0.00
74362,2211,"Fidelización Recurrentes",SMS,B,2024-03-03,0,0,0,0.00
74363,1421,"Recuperación Carrito Abandonado",Correo,B,2024-02-24,1,1,0,0.00
74364,1179,"VIP Exclusivo Agosto",Correo,B,2023-07-06,0,0,0,0.00
74365,1674,"Recuperación Carrito Abandonado",WhatsApp,B,2024-11-23,0,0,0,0.00
74366,2088,"Black Friday 2023",SMS,B,2024-06-20,1,1,0,0.00
74367,1513,"Campaña Navidad 2023",SMS,B,2023-03-12,1,0,0,0.00
74368,2176,"Fidelización Recurrentes",Correo,B,2022-07-09,1,0,0,0.00
74369,1722,"Cyber Wow Mayo 2024",Correo,B,2022-09-05,0,0,0,0.00
74370,2929,"Campaña Navidad 2023",SMS,A,2024-10-27,0,0,0,0.00
74371,1566,"VIP Exclusivo Agosto",Push,B,2024-12-27,1,0,0,0.00
74372,2424,"Recuperación Carrito Abandonado",Push,A,2024-10-19,0,0,0,0.00
74373,1839,"Recuperación Carrito Abandonado",Correo,B,2022-08-03,0,0,0,0.00
74374,2912,"Fidelización Recurrentes",Push,A,2023-07-29,0,0,0,0.00
74375,1798,"Campaña Navidad 2023",WhatsApp,B,2022-03-16,0,0,0,0.00
74376,1231,"Día de la Madre 2024",Correo,B,2024-05-30,1,1,0,0.00
74377,2540,"Recuperación Carrito Abandonado",Push,A,2023-11-24,0,0,0,0.00
74378,2699,"Campaña Navidad 2023",WhatsApp,A,2024-09-05,0,0,0,0.00
74379,1271,"Reactivación Q1 2024",Push,A,2022-08-15,1,0,0,0.00
74380,1250,"Recuperación Carrito Abandonado",SMS,B,2023-11-12,0,0,0,0.00
74381,2133,"Black Friday 2023",SMS,A,2022-07-12,0,0,0,0.00
74382,2262,"Recuperación Carrito Abandonado",SMS,B,2023-09-17,1,0,0,0.00
74383,1937,"Bienvenida Nuevo Cliente",Correo,A,2023-03-26,0,0,0,0.00
74384,2240,"Reactivación Q1 2024",WhatsApp,A,2023-05-16,0,0,0,0.00
74385,1291,"VIP Exclusivo Agosto",Correo,B,2022-04-11,1,0,0,0.00
74386,2226,"Fidelización Recurrentes",SMS,B,2023-02-20,0,0,0,0.00
74387,2134,"Reactivación Q1 2024",SMS,B,2022-06-06,0,0,0,0.00
74388,2110,"VIP Exclusivo Agosto",Correo,B,2022-01-31,1,0,0,0.00
74389,2404,"Bienvenida Nuevo Cliente",Correo,A,2023-07-19,0,0,0,0.00
74390,2624,"Black Friday 2023",WhatsApp,A,2023-06-30,0,0,0,0.00
74391,2842,"Black Friday 2023",Correo,A,2023-02-15,0,0,0,0.00
74392,1746,"Recuperación Carrito Abandonado",Push,B,2024-08-03,0,0,0,0.00
74393,2177,"Black Friday 2023",WhatsApp,A,2023-04-04,1,0,0,0.00
74394,1124,"Recuperación Carrito Abandonado",Push,A,2022-08-26,0,0,0,0.00
74395,1711,"Día de la Madre 2024",SMS,B,2024-02-09,0,0,0,0.00
74396,2025,"Reactivación Q1 2024",Push,A,2023-07-14,0,0,0,0.00
74397,2207,"VIP Exclusivo Agosto",Push,A,2022-05-18,1,0,0,0.00
74398,1724,"Black Friday 2023",SMS,A,2024-07-14,0,0,0,0.00
74399,2110,"Fidelización Recurrentes",Push,B,2022-11-25,1,1,0,0.00
74400,1428,"Día de la Madre 2024",WhatsApp,B,2024-04-10,0,0,0,0.00
74401,2811,"Fidelización Recurrentes",Correo,B,2024-10-11,0,0,0,0.00
74402,2195,"Black Friday 2023",Push,B,2024-01-24,0,0,0,0.00
74403,2808,"Recuperación Carrito Abandonado",Correo,B,2023-05-03,0,0,0,0.00
74404,1831,"Bienvenida Nuevo Cliente",Push,B,2024-07-04,1,0,0,0.00
74405,1118,"Fidelización Recurrentes",Correo,B,2022-11-18,1,0,0,0.00
74406,1223,"Campaña Navidad 2023",Push,A,2023-01-24,0,0,0,0.00
74407,2251,"Bienvenida Nuevo Cliente",Correo,B,2022-07-09,0,0,0,0.00
74408,2953,"Día de la Madre 2024",Correo,B,2024-03-18,0,0,0,0.00
74409,1715,"Recuperación Carrito Abandonado",Push,B,2023-06-10,0,0,0,0.00
74410,1002,"Día de la Madre 2024",WhatsApp,B,2024-03-20,0,0,0,0.00
74411,1079,"Campaña Navidad 2023",SMS,B,2022-07-30,0,0,0,0.00
74412,1388,"Reactivación Q1 2024",SMS,B,2022-04-14,1,0,0,0.00
74413,2662,"Bienvenida Nuevo Cliente",SMS,A,2023-05-29,0,0,0,0.00
74414,2581,"Campaña Navidad 2023",Correo,A,2022-07-23,0,0,0,0.00
74415,2183,"Fidelización Recurrentes",Push,B,2023-01-10,0,0,0,0.00
74416,1439,"Black Friday 2023",Correo,B,2022-01-20,0,0,0,0.00
74417,2719,"Recuperación Carrito Abandonado",Push,B,2022-03-04,0,0,0,0.00
74418,1701,"Black Friday 2023",SMS,B,2023-11-10,1,0,0,0.00
74419,2180,"Cyber Wow Mayo 2024",Correo,B,2023-01-01,1,0,0,0.00
74420,1208,"VIP Exclusivo Agosto",Correo,A,2023-08-30,0,0,0,0.00
74421,2309,"Fidelización Recurrentes",SMS,B,2022-03-03,0,0,0,0.00
74422,1665,"Fidelización Recurrentes",SMS,A,2022-09-02,0,0,0,0.00
74423,1158,"Día de la Madre 2024",WhatsApp,A,2022-11-30,0,0,0,0.00
74424,2732,"Bienvenida Nuevo Cliente",Correo,A,2023-04-30,0,0,0,0.00
74425,1373,"Recuperación Carrito Abandonado",Push,B,2024-02-24,0,0,0,0.00
74426,1305,"Día de la Madre 2024",Push,A,2023-11-18,0,0,0,0.00
74427,2509,"Fidelización Recurrentes",Correo,B,2023-07-25,0,0,0,0.00
74428,2743,"Black Friday 2023",Push,A,2023-06-03,0,0,0,0.00
74429,1440,"Fidelización Recurrentes",Correo,A,2023-01-24,0,0,0,0.00
74430,1258,"VIP Exclusivo Agosto",SMS,B,2023-03-15,0,0,0,0.00
74431,2952,"Cyber Wow Mayo 2024",Correo,A,2022-11-26,0,0,0,0.00
74432,1370,"Recuperación Carrito Abandonado",WhatsApp,B,2024-04-02,0,0,0,0.00
74433,2242,"VIP Exclusivo Agosto",WhatsApp,B,2023-07-08,1,0,0,0.00
74434,2756,"Fidelización Recurrentes",Push,B,2022-08-23,0,0,0,0.00
74435,1698,"Bienvenida Nuevo Cliente",SMS,B,2023-03-31,0,0,0,0.00
74436,1689,"Recuperación Carrito Abandonado",Push,B,2022-02-10,0,0,0,0.00
74437,2230,"Día de la Madre 2024",Correo,B,2022-12-10,0,0,0,0.00
74438,2705,"Fidelización Recurrentes",Push,B,2023-11-07,0,0,0,0.00
74439,2013,"Black Friday 2023",Correo,A,2023-10-28,1,0,0,0.00
74440,1529,"Recuperación Carrito Abandonado",WhatsApp,B,2022-11-24,1,0,0,0.00
74441,2645,"Black Friday 2023",Push,B,2022-12-23,1,0,0,0.00
74442,1026,"Campaña Navidad 2023",Push,B,2022-05-18,0,0,0,0.00
74443,1828,"Bienvenida Nuevo Cliente",WhatsApp,B,2022-10-20,0,0,0,0.00
74444,1991,"Bienvenida Nuevo Cliente",Push,A,2022-07-14,1,0,0,0.00
74445,1423,"Recuperación Carrito Abandonado",Push,A,2022-03-09,1,0,0,0.00
74446,1338,"Campaña Navidad 2023",Push,A,2022-07-01,0,0,0,0.00
74447,2835,"Recuperación Carrito Abandonado",Push,B,2023-11-25,1,0,0,0.00
74448,2360,"Campaña Navidad 2023",WhatsApp,A,2022-06-16,0,0,0,0.00
74449,2535,"Día de la Madre 2024",Push,A,2022-12-09,1,0,0,0.00
74450,1882,"Campaña Navidad 2023",Correo,B,2023-05-25,0,0,0,0.00
74451,2222,"Cyber Wow Mayo 2024",Correo,B,2023-08-22,0,0,0,0.00
74452,1387,"Black Friday 2023",Correo,B,2024-01-11,1,0,0,0.00
74453,2759,"Reactivación Q1 2024",Push,A,2022-08-22,1,0,0,0.00
74454,1256,"VIP Exclusivo Agosto",Correo,B,2023-09-05,0,0,0,0.00
74455,1773,"Campaña Navidad 2023",Correo,B,2024-04-04,0,0,0,0.00
74456,2527,"Campaña Navidad 2023",Push,B,2024-03-01,0,0,0,0.00
74457,1991,"Recuperación Carrito Abandonado",WhatsApp,B,2023-10-15,0,0,0,0.00
74458,2591,"VIP Exclusivo Agosto",Correo,A,2022-03-10,1,0,0,0.00
74459,2406,"Reactivación Q1 2024",Push,B,2023-06-10,1,0,0,0.00
74460,2393,"Día de la Madre 2024",Push,A,2024-10-23,0,0,0,0.00
74461,1911,"Fidelización Recurrentes",Correo,A,2023-08-12,0,0,0,0.00
74462,2497,"Black Friday 2023",Push,A,2022-06-06,0,0,0,0.00
74463,1821,"Black Friday 2023",SMS,B,2023-05-05,1,0,0,0.00
74464,1760,"VIP Exclusivo Agosto",SMS,A,2024-08-01,0,0,0,0.00
74465,1482,"VIP Exclusivo Agosto",Correo,A,2023-02-03,0,0,0,0.00
74466,2308,"Reactivación Q1 2024",WhatsApp,B,2022-03-18,1,0,0,0.00
74467,2707,"VIP Exclusivo Agosto",Push,B,2023-07-20,1,0,0,0.00
74468,2838,"Bienvenida Nuevo Cliente",SMS,A,2022-09-02,0,0,0,0.00
74469,1695,"Día de la Madre 2024",Correo,B,2022-09-07,0,0,0,0.00
74470,1269,"Cyber Wow Mayo 2024",SMS,A,2024-09-11,0,0,0,0.00
74471,1513,"Bienvenida Nuevo Cliente",SMS,B,2022-01-23,0,0,0,0.00
74472,1894,"Bienvenida Nuevo Cliente",SMS,A,2022-07-29,0,0,0,0.00
74473,1656,"VIP Exclusivo Agosto",Push,A,2022-08-21,0,0,0,0.00
74474,2223,"Recuperación Carrito Abandonado",WhatsApp,B,2023-05-06,0,0,0,0.00
74475,1505,"Recuperación Carrito Abandonado",SMS,A,2024-08-26,0,0,0,0.00
74476,1522,"Día de la Madre 2024",SMS,A,2022-10-09,1,0,0,0.00
74477,2645,"Cyber Wow Mayo 2024",WhatsApp,B,2022-11-26,1,1,0,0.00
74478,1590,"Campaña Navidad 2023",SMS,B,2024-02-01,0,0,0,0.00
74479,2892,"Día de la Madre 2024",WhatsApp,B,2023-03-28,0,0,0,0.00
74480,1309,"VIP Exclusivo Agosto",Correo,A,2023-03-11,0,0,0,0.00
74481,1572,"Reactivación Q1 2024",Push,A,2023-06-21,0,0,0,0.00
74482,1315,"VIP Exclusivo Agosto",SMS,B,2024-08-18,1,0,0,0.00
74483,1496,"Recuperación Carrito Abandonado",Push,A,2023-03-07,0,0,0,0.00
74484,1904,"VIP Exclusivo Agosto",Push,B,2022-01-01,0,0,0,0.00
74485,2817,"Campaña Navidad 2023",WhatsApp,A,2023-11-19,0,0,0,0.00
74486,1446,"Fidelización Recurrentes",SMS,A,2024-01-13,1,0,0,0.00
74487,1700,"Bienvenida Nuevo Cliente",SMS,B,2024-05-11,1,0,0,0.00
74488,2268,"VIP Exclusivo Agosto",Correo,A,2024-02-20,0,0,0,0.00
74489,1492,"VIP Exclusivo Agosto",Push,B,2024-05-12,0,0,0,0.00
74490,2227,"Fidelización Recurrentes",Correo,A,2024-11-13,0,0,0,0.00
74491,2265,"Fidelización Recurrentes",Correo,B,2023-11-15,0,0,0,0.00
74492,1659,"Campaña Navidad 2023",SMS,B,2022-10-02,0,0,0,0.00
74493,1733,"Black Friday 2023",Push,B,2022-06-25,0,0,0,0.00
74494,2804,"Cyber Wow Mayo 2024",Correo,B,2022-09-09,1,0,0,0.00
74495,1141,"Cyber Wow Mayo 2024",Push,B,2023-11-23,1,0,0,0.00
74496,2298,"Día de la Madre 2024",Push,B,2022-12-30,0,0,0,0.00
74497,1723,"VIP Exclusivo Agosto",SMS,B,2024-08-18,0,0,0,0.00
74498,1713,"VIP Exclusivo Agosto",WhatsApp,A,2022-07-29,0,0,0,0.00
74499,1357,"Black Friday 2023",WhatsApp,A,2023-08-01,0,0,0,0.00
74500,1462,"Black Friday 2023",Correo,B,2022-02-20,0,0,0,0.00
74501,1880,"Recuperación Carrito Abandonado",Correo,B,2022-05-24,0,0,0,0.00
74502,2055,"Campaña Navidad 2023",Correo,B,2024-09-18,1,0,0,0.00
74503,2404,"Fidelización Recurrentes",Correo,A,2022-02-20,0,0,0,0.00
74504,2486,"Día de la Madre 2024",Push,A,2022-05-28,1,0,0,0.00
74505,2430,"Bienvenida Nuevo Cliente",Correo,A,2024-11-24,0,0,0,0.00
74506,1514,"Black Friday 2023",Push,B,2022-03-30,0,0,0,0.00
74507,1369,"Reactivación Q1 2024",Correo,B,2024-07-10,0,0,0,0.00
74508,2913,"Black Friday 2023",Correo,B,2023-01-21,1,0,0,0.00
74509,1592,"Día de la Madre 2024",Push,B,2023-12-25,0,0,0,0.00
74510,1268,"Día de la Madre 2024",SMS,A,2024-11-01,1,0,0,0.00
74511,1336,"Día de la Madre 2024",WhatsApp,B,2022-02-02,1,0,0,0.00
74512,2654,"Día de la Madre 2024",WhatsApp,B,2023-05-15,0,0,0,0.00
74513,1235,"Reactivación Q1 2024",SMS,B,2022-12-27,0,0,0,0.00
74514,1192,"Reactivación Q1 2024",Correo,A,2024-11-15,0,0,0,0.00
74515,2331,"Bienvenida Nuevo Cliente",SMS,A,2024-08-25,0,0,0,0.00
74516,2655,"Cyber Wow Mayo 2024",WhatsApp,B,2024-04-02,0,0,0,0.00
74517,1392,"Black Friday 2023",Push,A,2024-05-21,0,0,0,0.00
74518,1045,"Recuperación Carrito Abandonado",Correo,B,2023-11-18,0,0,0,0.00
74519,1745,"Campaña Navidad 2023",Correo,B,2023-06-19,0,0,0,0.00
74520,2368,"Black Friday 2023",Correo,A,2022-08-01,0,0,0,0.00
74521,2641,"Día de la Madre 2024",SMS,B,2022-03-01,0,0,0,0.00
74522,1510,"Campaña Navidad 2023",Correo,B,2022-04-06,0,0,0,0.00
74523,1493,"Black Friday 2023",SMS,B,2022-04-28,1,0,0,0.00
74524,1408,"Día de la Madre 2024",Correo,A,2023-05-17,0,0,0,0.00
74525,1273,"Recuperación Carrito Abandonado",Push,A,2023-12-03,0,0,0,0.00
74526,1723,"VIP Exclusivo Agosto",Correo,A,2024-01-20,1,0,0,0.00
74527,1365,"Fidelización Recurrentes",SMS,B,2023-04-26,0,0,0,0.00
74528,1936,"Reactivación Q1 2024",WhatsApp,B,2022-07-10,0,0,0,0.00
74529,1553,"Black Friday 2023",SMS,B,2024-03-22,0,0,0,0.00
74530,1641,"Recuperación Carrito Abandonado",Push,B,2023-09-21,1,0,0,0.00
74531,2817,"Recuperación Carrito Abandonado",SMS,A,2022-11-30,0,0,0,0.00
74532,1802,"Recuperación Carrito Abandonado",WhatsApp,B,2023-06-09,0,0,0,0.00
74533,2207,"Black Friday 2023",Push,B,2022-07-14,1,0,0,0.00
74534,1227,"Reactivación Q1 2024",Correo,B,2024-04-18,0,0,0,0.00
74535,2854,"Recuperación Carrito Abandonado",Push,B,2023-03-26,0,0,0,0.00
74536,2637,"VIP Exclusivo Agosto",WhatsApp,B,2022-05-27,1,0,0,0.00
74537,1395,"VIP Exclusivo Agosto",Correo,B,2024-09-10,1,0,0,0.00
74538,2240,"Black Friday 2023",SMS,A,2023-12-11,0,0,0,0.00
74539,1427,"VIP Exclusivo Agosto",Correo,B,2024-07-03,0,0,0,0.00
74540,1737,"VIP Exclusivo Agosto",Correo,A,2024-05-02,0,0,0,0.00
74541,2234,"Campaña Navidad 2023",SMS,A,2024-11-08,0,0,0,0.00
74542,1374,"Día de la Madre 2024",Correo,B,2024-02-27,0,0,0,0.00
74543,2537,"Bienvenida Nuevo Cliente",Push,A,2023-10-07,1,0,0,0.00
74544,2306,"Recuperación Carrito Abandonado",SMS,A,2023-01-11,0,0,0,0.00
74545,1903,"Recuperación Carrito Abandonado",SMS,A,2022-07-08,1,0,0,0.00
74546,2277,"Reactivación Q1 2024",SMS,A,2022-06-14,0,0,0,0.00
74547,2777,"Día de la Madre 2024",SMS,B,2023-08-20,1,1,0,0.00
74548,1901,"Campaña Navidad 2023",Correo,A,2024-03-17,0,0,0,0.00
74549,1912,"Recuperación Carrito Abandonado",SMS,A,2023-01-23,0,0,0,0.00
74550,2816,"Día de la Madre 2024",SMS,A,2023-12-23,1,0,0,0.00
74551,1049,"Día de la Madre 2024",WhatsApp,A,2023-08-26,1,0,0,0.00
74552,1331,"VIP Exclusivo Agosto",Correo,A,2023-08-04,0,0,0,0.00
74553,1126,"Cyber Wow Mayo 2024",Push,B,2023-05-03,0,0,0,0.00
74554,1901,"Recuperación Carrito Abandonado",SMS,B,2024-07-08,0,0,0,0.00
74555,1721,"Reactivación Q1 2024",Correo,B,2023-10-16,0,0,0,0.00
74556,2344,"Black Friday 2023",WhatsApp,B,2022-08-22,0,0,0,0.00
74557,2660,"Reactivación Q1 2024",WhatsApp,B,2022-02-26,1,0,0,0.00
74558,2458,"Reactivación Q1 2024",WhatsApp,A,2022-01-07,0,0,0,0.00
74559,1058,"Cyber Wow Mayo 2024",Push,A,2024-09-22,0,0,0,0.00
74560,2886,"Día de la Madre 2024",SMS,B,2024-06-06,0,0,0,0.00
74561,1438,"Día de la Madre 2024",Correo,B,2022-12-01,0,0,0,0.00
74562,2976,"Cyber Wow Mayo 2024",Correo,A,2022-01-19,0,0,0,0.00
74563,2647,"VIP Exclusivo Agosto",Correo,B,2022-10-22,0,0,0,0.00
74564,1961,"Fidelización Recurrentes",Push,A,2023-06-12,0,0,0,0.00
74565,1536,"Black Friday 2023",SMS,B,2022-11-05,0,0,0,0.00
74566,2488,"Cyber Wow Mayo 2024",WhatsApp,B,2024-03-23,0,0,0,0.00
74567,2250,"Black Friday 2023",Push,A,2024-05-18,1,0,0,0.00
74568,2549,"Recuperación Carrito Abandonado",Push,A,2022-09-24,1,0,0,0.00
74569,2653,"Recuperación Carrito Abandonado",Push,B,2024-07-24,0,0,0,0.00
74570,2558,"Reactivación Q1 2024",Correo,B,2022-10-11,0,0,0,0.00
74571,2753,"Reactivación Q1 2024",SMS,A,2023-12-07,1,0,0,0.00
74572,2233,"Campaña Navidad 2023",SMS,B,2024-06-19,0,0,0,0.00
74573,1883,"Día de la Madre 2024",Push,B,2023-05-31,0,0,0,0.00
74574,1803,"Recuperación Carrito Abandonado",SMS,A,2022-05-21,0,0,0,0.00
74575,2985,"Cyber Wow Mayo 2024",Push,B,2023-02-07,0,0,0,0.00
74576,1360,"Cyber Wow Mayo 2024",SMS,A,2023-07-31,0,0,0,0.00
74577,2559,"Fidelización Recurrentes",WhatsApp,B,2023-09-15,0,0,0,0.00
74578,2230,"Black Friday 2023",Correo,B,2022-05-04,0,0,0,0.00
74579,2551,"Día de la Madre 2024",Correo,A,2024-05-11,1,0,0,0.00
74580,2634,"Fidelización Recurrentes",Push,B,2023-04-04,0,0,0,0.00
74581,2299,"Cyber Wow Mayo 2024",Correo,A,2023-02-21,0,0,0,0.00
74582,2633,"VIP Exclusivo Agosto",Correo,B,2022-06-11,0,0,0,0.00
74583,1118,"Bienvenida Nuevo Cliente",Push,A,2024-10-22,1,0,0,0.00
74584,2745,"Recuperación Carrito Abandonado",SMS,B,2022-09-05,1,0,0,0.00
74585,1516,"Cyber Wow Mayo 2024",Push,B,2024-07-05,0,0,0,0.00
74586,2935,"Reactivación Q1 2024",SMS,A,2022-03-05,0,0,0,0.00
74587,1221,"Reactivación Q1 2024",Push,B,2024-06-30,0,0,0,0.00
74588,1202,"Reactivación Q1 2024",Correo,B,2022-08-27,1,0,0,0.00
74589,1842,"VIP Exclusivo Agosto",WhatsApp,B,2022-11-09,0,0,0,0.00
74590,1396,"Bienvenida Nuevo Cliente",WhatsApp,B,2022-10-13,1,0,0,0.00
74591,1698,"Campaña Navidad 2023",WhatsApp,A,2024-08-21,1,0,0,0.00
74592,1707,"Bienvenida Nuevo Cliente",Push,B,2022-10-07,1,0,0,0.00
74593,1981,"Recuperación Carrito Abandonado",Correo,B,2023-09-01,1,0,0,0.00
74594,2883,"Reactivación Q1 2024",Push,A,2024-05-24,1,0,0,0.00
74595,1437,"Fidelización Recurrentes",SMS,B,2022-01-06,0,0,0,0.00
74596,2192,"Bienvenida Nuevo Cliente",Correo,B,2022-05-12,0,0,0,0.00
74597,2411,"Cyber Wow Mayo 2024",WhatsApp,B,2023-01-22,1,0,0,0.00
74598,2454,"Día de la Madre 2024",Push,B,2022-08-14,0,0,0,0.00
74599,1036,"Black Friday 2023",Push,B,2022-12-09,1,0,0,0.00
74600,2568,"VIP Exclusivo Agosto",SMS,B,2023-05-14,0,0,0,0.00
74601,2903,"VIP Exclusivo Agosto",Correo,B,2023-11-29,0,0,0,0.00
74602,1579,"Campaña Navidad 2023",Push,A,2024-08-20,1,0,0,0.00
74603,1659,"Campaña Navidad 2023",WhatsApp,B,2022-11-20,1,0,0,0.00
74604,1428,"Black Friday 2023",SMS,B,2022-11-09,1,0,0,0.00
74605,1817,"Fidelización Recurrentes",Correo,A,2022-12-19,0,0,0,0.00
74606,2012,"Bienvenida Nuevo Cliente",SMS,B,2022-07-19,0,0,0,0.00
74607,2429,"Reactivación Q1 2024",Push,A,2022-04-04,0,0,0,0.00
74608,2888,"Black Friday 2023",SMS,A,2022-02-17,0,0,0,0.00
74609,1884,"Fidelización Recurrentes",SMS,A,2023-11-02,1,0,0,0.00
74610,2219,"VIP Exclusivo Agosto",WhatsApp,A,2022-12-13,1,0,0,0.00
74611,2073,"Fidelización Recurrentes",Push,A,2023-08-03,0,0,0,0.00
74612,2083,"Fidelización Recurrentes",Correo,A,2024-02-27,0,0,0,0.00
74613,1298,"Bienvenida Nuevo Cliente",WhatsApp,A,2022-03-15,1,0,0,0.00
74614,1736,"Bienvenida Nuevo Cliente",Push,A,2022-06-02,1,0,0,0.00
74615,1416,"Black Friday 2023",Push,A,2023-06-04,0,0,0,0.00
74616,2789,"Reactivación Q1 2024",Push,B,2022-03-16,0,0,0,0.00
74617,1830,"Bienvenida Nuevo Cliente",Correo,A,2022-06-21,0,0,0,0.00
74618,1520,"Reactivación Q1 2024",Push,B,2022-07-14,0,0,0,0.00
74619,1825,"Cyber Wow Mayo 2024",Correo,B,2023-06-24,0,0,0,0.00
74620,2444,"Black Friday 2023",SMS,A,2024-10-19,1,0,0,0.00
74621,2576,"Bienvenida Nuevo Cliente",WhatsApp,B,2024-06-05,1,0,0,0.00
74622,1747,"Recuperación Carrito Abandonado",Correo,B,2022-11-27,0,0,0,0.00
74623,1243,"Reactivación Q1 2024",Push,B,2023-10-31,1,0,0,0.00
74624,1250,"Black Friday 2023",SMS,B,2022-11-07,1,0,0,0.00
74625,2338,"Fidelización Recurrentes",WhatsApp,A,2022-02-22,0,0,0,0.00
74626,1583,"Recuperación Carrito Abandonado",Push,B,2023-06-10,0,0,0,0.00
74627,2363,"Recuperación Carrito Abandonado",SMS,B,2023-12-24,1,0,0,0.00
74628,1510,"Cyber Wow Mayo 2024",Correo,B,2024-04-13,0,0,0,0.00
74629,1808,"Bienvenida Nuevo Cliente",SMS,A,2023-01-23,0,0,0,0.00
74630,2044,"Bienvenida Nuevo Cliente",Correo,B,2022-07-27,0,0,0,0.00
74631,2880,"VIP Exclusivo Agosto",SMS,B,2023-01-25,0,0,0,0.00
74632,2949,"Fidelización Recurrentes",Push,B,2022-05-29,0,0,0,0.00
74633,2007,"Campaña Navidad 2023",Push,A,2023-08-07,0,0,0,0.00
74634,2348,"Bienvenida Nuevo Cliente",WhatsApp,B,2023-11-08,1,1,0,0.00
74635,1656,"Campaña Navidad 2023",Correo,B,2024-12-25,0,0,0,0.00
74636,2101,"Recuperación Carrito Abandonado",Push,A,2022-05-26,0,0,0,0.00
74637,2026,"Día de la Madre 2024",WhatsApp,B,2024-08-09,0,0,0,0.00
74638,1946,"Día de la Madre 2024",Correo,B,2023-04-02,0,0,0,0.00
74639,2475,"Fidelización Recurrentes",SMS,B,2022-11-27,1,0,0,0.00
74640,1666,"Fidelización Recurrentes",Correo,B,2023-03-07,0,0,0,0.00
74641,1724,"Black Friday 2023",Correo,B,2023-02-09,1,0,0,0.00
74642,2986,"Recuperación Carrito Abandonado",SMS,A,2024-05-16,1,0,0,0.00
74643,2163,"Campaña Navidad 2023",WhatsApp,A,2023-11-28,0,0,0,0.00
74644,2528,"Fidelización Recurrentes",WhatsApp,B,2024-12-21,0,0,0,0.00
74645,2838,"Fidelización Recurrentes",Push,B,2022-01-02,0,0,0,0.00
74646,2443,"Reactivación Q1 2024",Correo,B,2023-10-20,1,0,0,0.00
74647,1921,"Día de la Madre 2024",Correo,B,2022-08-19,0,0,0,0.00
74648,1153,"Cyber Wow Mayo 2024",WhatsApp,A,2022-03-01,1,0,0,0.00
74649,1888,"Día de la Madre 2024",Correo,B,2022-04-17,0,0,0,0.00
74650,2139,"Bienvenida Nuevo Cliente",WhatsApp,B,2022-03-06,0,0,0,0.00
74651,2329,"Recuperación Carrito Abandonado",Push,A,2023-01-07,0,0,0,0.00
74652,2355,"Día de la Madre 2024",Push,A,2022-07-23,1,0,0,0.00
74653,2460,"Cyber Wow Mayo 2024",Push,B,2022-03-12,0,0,0,0.00
74654,1786,"Fidelización Recurrentes",Push,A,2024-10-16,1,0,0,0.00
74655,2078,"Campaña Navidad 2023",SMS,B,2022-10-09,0,0,0,0.00
74656,1517,"Black Friday 2023",WhatsApp,B,2022-10-03,0,0,0,0.00
74657,1601,"Bienvenida Nuevo Cliente",Push,A,2022-11-28,0,0,0,0.00
74658,2467,"Bienvenida Nuevo Cliente",Correo,A,2022-02-02,0,0,0,0.00
74659,1139,"Black Friday 2023",Correo,A,2023-06-21,0,0,0,0.00
74660,2570,"Recuperación Carrito Abandonado",SMS,B,2023-09-01,1,0,0,0.00
74661,2573,"VIP Exclusivo Agosto",SMS,A,2023-11-05,0,0,0,0.00
74662,2752,"Reactivación Q1 2024",Push,A,2023-07-24,0,0,0,0.00
74663,1800,"Cyber Wow Mayo 2024",Correo,B,2023-07-02,1,0,0,0.00
74664,2104,"Fidelización Recurrentes",Correo,A,2024-04-06,1,0,0,0.00
74665,2830,"Recuperación Carrito Abandonado",Correo,A,2023-10-03,0,0,0,0.00
74666,1437,"Black Friday 2023",WhatsApp,A,2024-09-21,0,0,0,0.00
74667,2624,"Cyber Wow Mayo 2024",Push,B,2024-07-24,0,0,0,0.00
74668,2283,"Black Friday 2023",Correo,A,2022-06-12,1,0,0,0.00
74669,2858,"Reactivación Q1 2024",Correo,B,2022-01-16,0,0,0,0.00
74670,1923,"Reactivación Q1 2024",WhatsApp,A,2023-02-15,1,0,0,0.00
74671,1632,"Recuperación Carrito Abandonado",Push,B,2022-02-20,0,0,0,0.00
74672,1709,"Recuperación Carrito Abandonado",WhatsApp,B,2022-11-20,0,0,0,0.00
74673,1315,"Cyber Wow Mayo 2024",Push,B,2024-08-15,0,0,0,0.00
74674,1440,"VIP Exclusivo Agosto",WhatsApp,B,2024-08-08,1,0,0,0.00
74675,2223,"VIP Exclusivo Agosto",Push,B,2023-07-13,0,0,0,0.00
74676,2992,"Fidelización Recurrentes",Push,A,2023-08-05,0,0,0,0.00
74677,2930,"Cyber Wow Mayo 2024",WhatsApp,A,2022-09-06,0,0,0,0.00
74678,2012,"Campaña Navidad 2023",WhatsApp,B,2023-08-13,0,0,0,0.00
74679,1915,"Día de la Madre 2024",Correo,A,2023-02-18,0,0,0,0.00
74680,2134,"Fidelización Recurrentes",WhatsApp,B,2024-03-09,0,0,0,0.00
74681,1381,"Campaña Navidad 2023",WhatsApp,A,2023-10-13,1,0,0,0.00
74682,1530,"Cyber Wow Mayo 2024",Push,B,2024-03-02,0,0,0,0.00
74683,1951,"Cyber Wow Mayo 2024",WhatsApp,B,2024-04-03,0,0,0,0.00
74684,1582,"Fidelización Recurrentes",Correo,B,2024-07-14,0,0,0,0.00
74685,1952,"Reactivación Q1 2024",Push,A,2023-08-30,1,0,0,0.00
74686,2426,"Bienvenida Nuevo Cliente",Correo,B,2023-06-30,0,0,0,0.00
74687,1800,"Recuperación Carrito Abandonado",SMS,A,2022-10-25,0,0,0,0.00
74688,1215,"Fidelización Recurrentes",SMS,B,2022-08-15,0,0,0,0.00
74689,2305,"Reactivación Q1 2024",Correo,A,2024-03-19,0,0,0,0.00
74690,2110,"Bienvenida Nuevo Cliente",Correo,A,2024-06-15,1,0,0,0.00
74691,2306,"VIP Exclusivo Agosto",SMS,A,2024-10-11,0,0,0,0.00
74692,2139,"Reactivación Q1 2024",Push,B,2023-04-22,0,0,0,0.00
74693,1516,"VIP Exclusivo Agosto",Correo,B,2022-03-30,0,0,0,0.00
74694,1978,"Black Friday 2023",WhatsApp,A,2022-12-13,0,0,0,0.00
74695,2707,"Día de la Madre 2024",Push,A,2023-06-10,0,0,0,0.00
74696,1636,"VIP Exclusivo Agosto",Correo,A,2022-04-14,0,0,0,0.00
74697,1458,"Black Friday 2023",WhatsApp,A,2024-04-29,1,0,0,0.00
74698,1187,"Cyber Wow Mayo 2024",SMS,A,2024-06-14,0,0,0,0.00
74699,2590,"Black Friday 2023",Correo,B,2024-11-22,1,0,0,0.00
74700,1452,"Recuperación Carrito Abandonado",Push,A,2022-10-14,1,1,0,0.00
74701,2385,"Fidelización Recurrentes",SMS,B,2024-02-04,0,0,0,0.00
74702,1659,"Campaña Navidad 2023",Correo,A,2024-06-27,0,0,0,0.00
74703,1352,"Bienvenida Nuevo Cliente",Correo,B,2023-12-14,1,0,0,0.00
74704,1875,"Bienvenida Nuevo Cliente",SMS,A,2024-04-06,0,0,0,0.00
74705,2900,"Fidelización Recurrentes",Push,B,2024-09-05,0,0,0,0.00
74706,1089,"Campaña Navidad 2023",SMS,B,2023-04-21,0,0,0,0.00
74707,2039,"Campaña Navidad 2023",WhatsApp,B,2022-01-02,0,0,0,0.00
74708,1662,"VIP Exclusivo Agosto",Correo,B,2022-03-17,1,0,0,0.00
74709,1532,"Reactivación Q1 2024",Correo,B,2024-11-10,0,0,0,0.00
74710,2915,"Fidelización Recurrentes",WhatsApp,B,2023-04-07,0,0,0,0.00
74711,1345,"Black Friday 2023",Correo,B,2023-06-16,0,0,0,0.00
74712,1701,"Black Friday 2023",Push,B,2024-06-06,1,0,0,0.00
74713,2363,"Cyber Wow Mayo 2024",Correo,B,2024-09-01,0,0,0,0.00
74714,1357,"Reactivación Q1 2024",WhatsApp,B,2022-03-28,1,0,0,0.00
74715,1771,"Cyber Wow Mayo 2024",Push,A,2024-10-27,0,0,0,0.00
74716,1152,"Cyber Wow Mayo 2024",Correo,B,2023-09-17,1,0,0,0.00
74717,1871,"Cyber Wow Mayo 2024",Push,B,2024-09-05,0,0,0,0.00
74718,1961,"Fidelización Recurrentes",Correo,A,2023-06-15,0,0,0,0.00
74719,1039,"Recuperación Carrito Abandonado",WhatsApp,B,2024-03-04,1,0,0,0.00
74720,2511,"VIP Exclusivo Agosto",Push,B,2023-04-28,0,0,0,0.00
74721,1367,"Recuperación Carrito Abandonado",Correo,A,2023-03-01,1,0,0,0.00
74722,1648,"Black Friday 2023",Correo,B,2024-10-08,0,0,0,0.00
74723,2795,"Black Friday 2023",SMS,A,2022-12-21,0,0,0,0.00
74724,2692,"Día de la Madre 2024",Correo,B,2022-03-15,0,0,0,0.00
74725,1975,"Reactivación Q1 2024",Push,A,2022-09-20,0,0,0,0.00
74726,1122,"Bienvenida Nuevo Cliente",SMS,A,2022-12-17,0,0,0,0.00
74727,1876,"Recuperación Carrito Abandonado",SMS,B,2024-04-27,0,0,0,0.00
74728,1956,"Campaña Navidad 2023",WhatsApp,B,2024-11-24,0,0,0,0.00
74729,2636,"Campaña Navidad 2023",Correo,B,2022-04-19,0,0,0,0.00
74730,2971,"Día de la Madre 2024",SMS,A,2023-01-08,0,0,0,0.00
74731,2812,"VIP Exclusivo Agosto",WhatsApp,A,2022-05-24,0,0,0,0.00
74732,2106,"Recuperación Carrito Abandonado",Correo,A,2022-09-16,0,0,0,0.00
74733,1595,"Campaña Navidad 2023",Correo,A,2024-07-04,0,0,0,0.00
74734,2197,"Black Friday 2023",WhatsApp,B,2024-09-26,0,0,0,0.00
74735,1701,"Bienvenida Nuevo Cliente",Correo,B,2024-03-09,0,0,0,0.00
74736,1003,"Cyber Wow Mayo 2024",Push,A,2022-01-26,0,0,0,0.00
74737,2819,"Black Friday 2023",WhatsApp,A,2024-04-19,1,0,0,0.00
74738,2654,"Black Friday 2023",Correo,A,2023-04-03,0,0,0,0.00
74739,2782,"Recuperación Carrito Abandonado",Correo,A,2024-10-18,0,0,0,0.00
74740,1292,"Black Friday 2023",Correo,A,2023-12-08,0,0,0,0.00
74741,2823,"VIP Exclusivo Agosto",Correo,A,2024-08-27,1,0,0,0.00
74742,2571,"Cyber Wow Mayo 2024",SMS,A,2023-09-08,0,0,0,0.00
74743,1710,"Campaña Navidad 2023",Push,B,2024-11-26,0,0,0,0.00
74744,2745,"Campaña Navidad 2023",WhatsApp,B,2022-08-11,0,0,0,0.00
74745,2763,"Reactivación Q1 2024",SMS,B,2022-11-07,0,0,0,0.00
74746,1882,"Campaña Navidad 2023",Correo,A,2022-02-11,0,0,0,0.00
74747,1336,"Campaña Navidad 2023",Correo,B,2024-05-27,0,0,0,0.00
74748,1816,"Reactivación Q1 2024",WhatsApp,B,2022-06-13,0,0,0,0.00
74749,2506,"Día de la Madre 2024",Push,B,2022-12-16,1,0,0,0.00
74750,1538,"Bienvenida Nuevo Cliente",Push,B,2022-04-07,0,0,0,0.00
74751,1226,"Cyber Wow Mayo 2024",Push,B,2024-12-02,0,0,0,0.00
74752,2244,"Black Friday 2023",Correo,B,2023-07-22,0,0,0,0.00
74753,1871,"Día de la Madre 2024",Push,B,2023-06-19,1,0,0,0.00
74754,1403,"Fidelización Recurrentes",Correo,A,2022-07-02,0,0,0,0.00
74755,2528,"VIP Exclusivo Agosto",Push,B,2023-02-22,0,0,0,0.00
74756,2799,"Cyber Wow Mayo 2024",Correo,B,2024-04-17,0,0,0,0.00
74757,2122,"VIP Exclusivo Agosto",Push,A,2023-03-15,0,0,0,0.00
74758,1557,"Bienvenida Nuevo Cliente",WhatsApp,B,2023-04-17,1,0,0,0.00
74759,2841,"Día de la Madre 2024",Correo,A,2022-07-23,0,0,0,0.00
74760,2348,"Fidelización Recurrentes",WhatsApp,A,2024-06-19,1,1,0,0.00
74761,2617,"Cyber Wow Mayo 2024",Correo,B,2023-01-24,1,0,0,0.00
74762,1207,"Cyber Wow Mayo 2024",WhatsApp,A,2024-06-17,0,0,0,0.00
74763,2826,"Fidelización Recurrentes",WhatsApp,A,2023-05-08,1,0,0,0.00
74764,1015,"VIP Exclusivo Agosto",Push,A,2023-02-20,0,0,0,0.00
74765,1210,"Black Friday 2023",WhatsApp,A,2022-12-26,0,0,0,0.00
74766,1377,"Cyber Wow Mayo 2024",WhatsApp,A,2022-10-16,0,0,0,0.00
74767,1726,"Bienvenida Nuevo Cliente",WhatsApp,B,2022-03-28,0,0,0,0.00
74768,1164,"Cyber Wow Mayo 2024",WhatsApp,B,2024-07-14,0,0,0,0.00
74769,2619,"Fidelización Recurrentes",SMS,B,2024-11-25,0,0,0,0.00
74770,2950,"Bienvenida Nuevo Cliente",Correo,A,2022-08-28,1,0,0,0.00
74771,2667,"VIP Exclusivo Agosto",WhatsApp,A,2022-09-04,0,0,0,0.00
74772,2859,"VIP Exclusivo Agosto",Push,B,2022-10-21,0,0,0,0.00
74773,2568,"VIP Exclusivo Agosto",Correo,B,2023-06-30,1,0,0,0.00
74774,2627,"Reactivación Q1 2024",WhatsApp,A,2022-02-11,0,0,0,0.00
74775,2410,"Recuperación Carrito Abandonado",SMS,B,2023-04-07,1,0,0,0.00
74776,1153,"Reactivación Q1 2024",WhatsApp,B,2024-06-21,1,0,0,0.00
74777,1954,"Cyber Wow Mayo 2024",Correo,A,2024-12-08,1,0,0,0.00
74778,1513,"Fidelización Recurrentes",Correo,B,2024-11-23,0,0,0,0.00
74779,2212,"Black Friday 2023",WhatsApp,A,2023-06-22,0,0,0,0.00
74780,2469,"Reactivación Q1 2024",Correo,A,2022-11-08,1,0,0,0.00
74781,2630,"Campaña Navidad 2023",Correo,B,2022-02-10,0,0,0,0.00
74782,2727,"Fidelización Recurrentes",SMS,A,2022-07-02,1,0,0,0.00
74783,1853,"VIP Exclusivo Agosto",Correo,B,2022-01-21,0,0,0,0.00
74784,2063,"Recuperación Carrito Abandonado",WhatsApp,B,2022-12-16,0,0,0,0.00
74785,1966,"VIP Exclusivo Agosto",Correo,B,2023-09-27,1,1,0,0.00
74786,2667,"Black Friday 2023",WhatsApp,B,2023-11-28,0,0,0,0.00
74787,1265,"Día de la Madre 2024",SMS,A,2024-11-21,0,0,0,0.00
74788,1139,"Black Friday 2023",SMS,A,2022-01-04,0,0,0,0.00
74789,1038,"Recuperación Carrito Abandonado",Correo,B,2024-04-04,0,0,0,0.00
74790,2661,"Reactivación Q1 2024",Correo,B,2023-01-19,0,0,0,0.00
74791,1379,"Reactivación Q1 2024",SMS,B,2023-06-25,1,0,0,0.00
74792,1735,"Black Friday 2023",Correo,A,2022-03-25,0,0,0,0.00
74793,2387,"VIP Exclusivo Agosto",Correo,B,2024-09-09,0,0,0,0.00
74794,1594,"Reactivación Q1 2024",Correo,A,2022-09-29,1,0,0,0.00
74795,2750,"Día de la Madre 2024",Push,B,2024-01-21,0,0,0,0.00
74796,2985,"Black Friday 2023",Correo,A,2024-08-03,1,0,0,0.00
74797,1860,"Bienvenida Nuevo Cliente",Correo,B,2023-04-16,1,0,0,0.00
74798,2450,"Bienvenida Nuevo Cliente",Correo,A,2022-08-28,1,1,0,0.00
74799,1448,"Fidelización Recurrentes",Correo,B,2023-08-23,0,0,0,0.00
74800,2615,"VIP Exclusivo Agosto",SMS,B,2023-10-09,0,0,0,0.00
74801,1826,"Black Friday 2023",Correo,B,2023-06-12,0,0,0,0.00
74802,1780,"Cyber Wow Mayo 2024",Correo,B,2022-11-26,0,0,0,0.00
74803,1052,"Black Friday 2023",Push,A,2023-01-26,0,0,0,0.00
74804,2755,"Black Friday 2023",SMS,A,2022-06-14,1,1,0,0.00
74805,1917,"Día de la Madre 2024",Correo,B,2023-01-20,0,0,0,0.00
74806,1975,"Recuperación Carrito Abandonado",Correo,B,2024-12-30,1,0,0,0.00
74807,2208,"Fidelización Recurrentes",Correo,B,2024-03-10,0,0,0,0.00
74808,2264,"VIP Exclusivo Agosto",WhatsApp,A,2022-08-08,0,0,0,0.00
74809,1080,"Cyber Wow Mayo 2024",Correo,A,2022-02-02,0,0,0,0.00
74810,2723,"Campaña Navidad 2023",Correo,A,2023-08-23,0,0,0,0.00
74811,2719,"Recuperación Carrito Abandonado",SMS,B,2022-07-24,1,0,0,0.00
74812,2668,"Black Friday 2023",SMS,A,2023-07-06,0,0,0,0.00
74813,1800,"Black Friday 2023",Correo,A,2023-07-19,0,0,0,0.00
74814,1481,"Campaña Navidad 2023",Correo,B,2024-01-19,1,0,0,0.00
74815,2753,"VIP Exclusivo Agosto",Correo,B,2023-08-29,0,0,0,0.00
74816,1762,"Cyber Wow Mayo 2024",SMS,A,2023-05-19,1,0,0,0.00
74817,2496,"Bienvenida Nuevo Cliente",WhatsApp,A,2022-09-01,0,0,0,0.00
74818,2813,"Reactivación Q1 2024",WhatsApp,B,2022-11-14,0,0,0,0.00
74819,2709,"Fidelización Recurrentes",Correo,A,2023-07-04,1,0,0,0.00
74820,1390,"VIP Exclusivo Agosto",SMS,B,2022-05-02,1,0,0,0.00
74821,1622,"Recuperación Carrito Abandonado",Correo,B,2024-08-25,0,0,0,0.00
74822,2949,"Recuperación Carrito Abandonado",Correo,B,2022-04-06,0,0,0,0.00
74823,1820,"VIP Exclusivo Agosto",SMS,A,2024-04-22,0,0,0,0.00
74824,1738,"Black Friday 2023",Correo,A,2024-03-09,0,0,0,0.00
74825,2533,"Bienvenida Nuevo Cliente",Correo,B,2022-06-24,0,0,0,0.00
74826,1125,"Black Friday 2023",Correo,B,2024-02-01,0,0,0,0.00
74827,1126,"Fidelización Recurrentes",Push,B,2022-03-16,1,1,0,0.00
74828,2916,"Reactivación Q1 2024",SMS,A,2023-10-07,0,0,0,0.00
74829,1821,"Recuperación Carrito Abandonado",SMS,A,2022-04-10,0,0,0,0.00
74830,1574,"Cyber Wow Mayo 2024",Correo,A,2024-06-18,0,0,0,0.00
74831,2116,"Cyber Wow Mayo 2024",WhatsApp,A,2024-04-14,0,0,0,0.00
74832,1604,"Fidelización Recurrentes",Correo,A,2022-12-12,0,0,0,0.00
74833,1233,"Fidelización Recurrentes",WhatsApp,A,2023-09-25,0,0,0,0.00
74834,2086,"Reactivación Q1 2024",SMS,B,2023-05-20,0,0,0,0.00
74835,2694,"Recuperación Carrito Abandonado",WhatsApp,B,2024-10-29,0,0,0,0.00
74836,2677,"Día de la Madre 2024",Correo,B,2023-10-13,0,0,0,0.00
74837,2664,"Bienvenida Nuevo Cliente",Correo,B,2022-04-06,0,0,0,0.00
74838,1868,"Recuperación Carrito Abandonado",Correo,A,2023-10-01,0,0,0,0.00
74839,1264,"Reactivación Q1 2024",Push,A,2022-05-05,0,0,0,0.00
74840,1346,"Fidelización Recurrentes",Correo,B,2024-05-26,0,0,0,0.00
74841,2199,"Bienvenida Nuevo Cliente",Push,B,2022-09-06,0,0,0,0.00
74842,1341,"VIP Exclusivo Agosto",Push,A,2024-11-07,0,0,0,0.00
74843,2186,"Bienvenida Nuevo Cliente",Push,B,2022-12-29,1,0,0,0.00
74844,1724,"Reactivación Q1 2024",SMS,A,2024-12-11,0,0,0,0.00
74845,2590,"Fidelización Recurrentes",SMS,B,2024-10-05,0,0,0,0.00
74846,1545,"Fidelización Recurrentes",SMS,B,2023-03-08,0,0,0,0.00
74847,2461,"Campaña Navidad 2023",Correo,A,2022-06-13,1,0,0,0.00
74848,1670,"Campaña Navidad 2023",Correo,A,2022-10-03,1,0,0,0.00
74849,1485,"Recuperación Carrito Abandonado",Push,B,2022-07-15,0,0,0,0.00
74850,1751,"Recuperación Carrito Abandonado",Push,B,2022-11-14,1,0,0,0.00
74851,1414,"Cyber Wow Mayo 2024",SMS,A,2024-10-14,0,0,0,0.00
74852,2727,"Campaña Navidad 2023",Push,B,2022-08-09,0,0,0,0.00
74853,1803,"Black Friday 2023",WhatsApp,A,2023-11-11,0,0,0,0.00
74854,2737,"Fidelización Recurrentes",WhatsApp,A,2023-05-08,1,0,0,0.00
74855,1189,"Reactivación Q1 2024",Push,A,2022-10-28,0,0,0,0.00
74856,1116,"Campaña Navidad 2023",SMS,A,2023-03-06,0,0,0,0.00
74857,2501,"Black Friday 2023",Push,B,2023-09-28,1,1,0,0.00
74858,2926,"Campaña Navidad 2023",SMS,B,2022-12-04,1,0,0,0.00
74859,2543,"Recuperación Carrito Abandonado",WhatsApp,A,2023-05-12,1,0,0,0.00
74860,1970,"Black Friday 2023",SMS,A,2022-02-21,0,0,0,0.00
74861,2021,"Fidelización Recurrentes",Push,A,2024-07-03,0,0,0,0.00
74862,2151,"Cyber Wow Mayo 2024",Correo,B,2022-05-26,1,0,0,0.00
74863,1087,"Fidelización Recurrentes",Push,B,2024-09-03,0,0,0,0.00
74864,2261,"Recuperación Carrito Abandonado",Correo,A,2024-02-23,0,0,0,0.00
74865,1332,"Reactivación Q1 2024",Push,A,2023-02-08,1,0,0,0.00
74866,1976,"Black Friday 2023",SMS,A,2024-07-26,1,0,0,0.00
74867,2540,"Black Friday 2023",Correo,B,2022-11-09,0,0,0,0.00
74868,1795,"Recuperación Carrito Abandonado",Correo,A,2024-12-07,0,0,0,0.00
74869,1820,"Bienvenida Nuevo Cliente",WhatsApp,B,2024-04-16,0,0,0,0.00
74870,2217,"Campaña Navidad 2023",Correo,B,2023-08-25,0,0,0,0.00
74871,2703,"Campaña Navidad 2023",Correo,A,2023-08-30,0,0,0,0.00
74872,2127,"Bienvenida Nuevo Cliente",Correo,A,2022-08-16,1,0,0,0.00
74873,2955,"Cyber Wow Mayo 2024",SMS,B,2022-03-17,0,0,0,0.00
74874,1707,"VIP Exclusivo Agosto",Correo,A,2023-10-13,0,0,0,0.00
74875,1059,"Bienvenida Nuevo Cliente",SMS,B,2022-02-05,0,0,0,0.00
74876,1205,"Fidelización Recurrentes",Correo,B,2024-07-10,0,0,0,0.00
74877,1919,"Campaña Navidad 2023",SMS,B,2022-09-06,1,0,0,0.00
74878,1013,"Fidelización Recurrentes",SMS,B,2023-04-05,0,0,0,0.00
74879,2856,"Fidelización Recurrentes",WhatsApp,B,2022-08-21,0,0,0,0.00
74880,1468,"Black Friday 2023",Push,A,2024-08-24,0,0,0,0.00
74881,2705,"Campaña Navidad 2023",WhatsApp,B,2023-11-22,1,0,0,0.00
74882,2757,"Reactivación Q1 2024",Push,A,2024-04-26,0,0,0,0.00
74883,1543,"Recuperación Carrito Abandonado",Push,A,2023-11-06,0,0,0,0.00
74884,1082,"Recuperación Carrito Abandonado",Push,A,2023-01-15,1,0,0,0.00
74885,2648,"Bienvenida Nuevo Cliente",Correo,B,2022-08-25,1,1,0,0.00
74886,2654,"Cyber Wow Mayo 2024",Push,B,2023-06-19,0,0,0,0.00
74887,1245,"Campaña Navidad 2023",WhatsApp,B,2024-06-27,0,0,0,0.00
74888,2351,"Día de la Madre 2024",SMS,A,2023-07-21,1,0,0,0.00
74889,2061,"Fidelización Recurrentes",Push,B,2024-04-22,0,0,0,0.00
74890,1385,"Fidelización Recurrentes",Correo,B,2024-09-20,0,0,0,0.00
74891,2365,"Black Friday 2023",SMS,B,2023-02-23,0,0,0,0.00
74892,1189,"Campaña Navidad 2023",Push,B,2023-05-22,0,0,0,0.00
74893,1626,"Recuperación Carrito Abandonado",WhatsApp,B,2024-11-14,0,0,0,0.00
74894,1744,"Reactivación Q1 2024",Push,A,2024-03-09,0,0,0,0.00
74895,2859,"Recuperación Carrito Abandonado",SMS,B,2023-04-07,1,0,0,0.00
74896,1047,"Bienvenida Nuevo Cliente",Correo,B,2022-10-14,0,0,0,0.00
74897,1990,"Día de la Madre 2024",SMS,B,2024-04-14,0,0,0,0.00
74898,2688,"Recuperación Carrito Abandonado",Push,A,2024-05-31,0,0,0,0.00
74899,1398,"VIP Exclusivo Agosto",SMS,B,2022-12-11,1,0,0,0.00
74900,2310,"Cyber Wow Mayo 2024",WhatsApp,B,2022-09-10,1,1,0,0.00
74901,2101,"Recuperación Carrito Abandonado",SMS,B,2024-07-06,1,1,0,0.00
74902,2548,"Cyber Wow Mayo 2024",WhatsApp,B,2024-01-02,0,0,0,0.00
74903,1817,"Fidelización Recurrentes",Push,B,2022-04-19,1,0,0,0.00
74904,2702,"Campaña Navidad 2023",WhatsApp,A,2023-08-06,1,0,0,0.00
74905,1230,"Recuperación Carrito Abandonado",SMS,B,2023-01-02,1,0,0,0.00
74906,1548,"Black Friday 2023",WhatsApp,B,2023-05-13,0,0,0,0.00
74907,2260,"Campaña Navidad 2023",WhatsApp,A,2023-04-30,1,1,1,1069.13
74908,2900,"Reactivación Q1 2024",SMS,B,2023-02-11,0,0,0,0.00
74909,1775,"VIP Exclusivo Agosto",Push,A,2022-03-22,0,0,0,0.00
74910,1145,"Día de la Madre 2024",Correo,A,2022-06-19,0,0,0,0.00
74911,2712,"Día de la Madre 2024",Push,A,2024-08-10,1,0,0,0.00
74912,2875,"Black Friday 2023",Push,A,2022-08-12,0,0,0,0.00
74913,2774,"Black Friday 2023",Correo,B,2022-05-01,0,0,0,0.00
74914,2767,"Cyber Wow Mayo 2024",SMS,A,2024-01-17,0,0,0,0.00
74915,2044,"Campaña Navidad 2023",Push,B,2023-04-05,0,0,0,0.00
74916,1391,"VIP Exclusivo Agosto",Push,B,2023-03-29,0,0,0,0.00
74917,1986,"Cyber Wow Mayo 2024",Push,A,2022-05-04,0,0,0,0.00
74918,2393,"Bienvenida Nuevo Cliente",SMS,B,2022-11-26,1,0,0,0.00
74919,2047,"Recuperación Carrito Abandonado",WhatsApp,B,2022-12-30,0,0,0,0.00
74920,2856,"Reactivación Q1 2024",Correo,B,2024-05-16,0,0,0,0.00
74921,2579,"Bienvenida Nuevo Cliente",Push,B,2023-08-20,0,0,0,0.00
74922,1975,"Día de la Madre 2024",Correo,B,2022-06-03,0,0,0,0.00
74923,2473,"VIP Exclusivo Agosto",Correo,B,2024-04-04,1,0,0,0.00
74924,2301,"Día de la Madre 2024",Correo,A,2024-03-21,0,0,0,0.00
74925,2670,"Fidelización Recurrentes",SMS,B,2024-01-25,0,0,0,0.00
74926,1599,"VIP Exclusivo Agosto",WhatsApp,B,2022-11-10,0,0,0,0.00
74927,1401,"Fidelización Recurrentes",SMS,B,2022-09-06,0,0,0,0.00
74928,1849,"Cyber Wow Mayo 2024",Correo,B,2024-01-22,1,0,0,0.00
74929,2041,"Cyber Wow Mayo 2024",SMS,B,2023-08-26,0,0,0,0.00
74930,2220,"Recuperación Carrito Abandonado",Push,B,2023-08-25,0,0,0,0.00
74931,2923,"Bienvenida Nuevo Cliente",WhatsApp,B,2022-07-16,1,0,0,0.00
74932,1775,"Reactivación Q1 2024",WhatsApp,A,2024-04-21,0,0,0,0.00
74933,2533,"Día de la Madre 2024",SMS,B,2024-09-01,1,0,0,0.00
74934,2112,"Recuperación Carrito Abandonado",SMS,A,2024-10-11,0,0,0,0.00
74935,1393,"Reactivación Q1 2024",Correo,B,2022-10-15,0,0,0,0.00
74936,1188,"Cyber Wow Mayo 2024",WhatsApp,B,2022-01-02,1,0,0,0.00
74937,1842,"Día de la Madre 2024",WhatsApp,B,2022-09-15,0,0,0,0.00
74938,1603,"Bienvenida Nuevo Cliente",SMS,B,2022-07-22,0,0,0,0.00
74939,1728,"Black Friday 2023",Correo,A,2022-03-06,0,0,0,0.00
74940,1670,"Cyber Wow Mayo 2024",Correo,A,2022-08-07,1,0,0,0.00
74941,1424,"Campaña Navidad 2023",WhatsApp,B,2023-10-02,0,0,0,0.00
74942,1837,"Recuperación Carrito Abandonado",Correo,A,2024-10-01,0,0,0,0.00
74943,1107,"Cyber Wow Mayo 2024",Push,A,2022-08-07,0,0,0,0.00
74944,1422,"Bienvenida Nuevo Cliente",SMS,B,2024-11-10,1,0,0,0.00
74945,2095,"Bienvenida Nuevo Cliente",WhatsApp,A,2023-01-11,1,0,0,0.00
74946,2200,"Black Friday 2023",WhatsApp,A,2024-03-11,0,0,0,0.00
74947,2566,"VIP Exclusivo Agosto",Correo,B,2024-02-17,1,0,0,0.00
74948,2573,"Black Friday 2023",Correo,A,2022-09-11,0,0,0,0.00
74949,2163,"Fidelización Recurrentes",WhatsApp,A,2023-08-03,0,0,0,0.00
74950,2634,"Black Friday 2023",WhatsApp,A,2024-09-15,0,0,0,0.00
74951,1767,"Recuperación Carrito Abandonado",Correo,A,2022-06-14,0,0,0,0.00
74952,2691,"Cyber Wow Mayo 2024",SMS,A,2024-03-04,0,0,0,0.00
74953,1611,"Recuperación Carrito Abandonado",Correo,A,2023-02-26,0,0,0,0.00
74954,1629,"Cyber Wow Mayo 2024",WhatsApp,A,2024-12-07,0,0,0,0.00
74955,2490,"Reactivación Q1 2024",SMS,B,2023-08-18,0,0,0,0.00
74956,2130,"Campaña Navidad 2023",Correo,B,2022-09-29,0,0,0,0.00
74957,1494,"VIP Exclusivo Agosto",Correo,A,2022-03-17,0,0,0,0.00
74958,1790,"VIP Exclusivo Agosto",Correo,B,2022-06-12,1,0,0,0.00
74959,1877,"VIP Exclusivo Agosto",Push,B,2023-10-29,0,0,0,0.00
74960,2771,"Campaña Navidad 2023",SMS,B,2023-12-15,0,0,0,0.00
74961,2366,"Bienvenida Nuevo Cliente",SMS,A,2024-05-16,0,0,0,0.00
74962,2772,"Fidelización Recurrentes",Correo,B,2023-01-04,0,0,0,0.00
74963,1314,"Campaña Navidad 2023",WhatsApp,A,2023-10-15,0,0,0,0.00
74964,2632,"Fidelización Recurrentes",Push,A,2022-12-16,0,0,0,0.00
74965,2646,"VIP Exclusivo Agosto",Push,B,2024-04-17,0,0,0,0.00
74966,2996,"Recuperación Carrito Abandonado",SMS,A,2022-12-15,0,0,0,0.00
74967,1669,"Bienvenida Nuevo Cliente",Push,B,2024-04-10,0,0,0,0.00
74968,2380,"Black Friday 2023",Push,B,2022-07-06,1,0,0,0.00
74969,2350,"Recuperación Carrito Abandonado",SMS,B,2024-06-19,0,0,0,0.00
74970,2177,"Fidelización Recurrentes",WhatsApp,B,2023-10-08,1,0,0,0.00
74971,1819,"VIP Exclusivo Agosto",WhatsApp,A,2023-10-21,0,0,0,0.00
74972,1865,"VIP Exclusivo Agosto",SMS,B,2024-10-29,1,1,0,0.00
74973,2183,"Día de la Madre 2024",Push,B,2023-06-05,0,0,0,0.00
74974,2071,"Reactivación Q1 2024",WhatsApp,A,2024-12-11,0,0,0,0.00
74975,1480,"Recuperación Carrito Abandonado",WhatsApp,B,2022-05-25,0,0,0,0.00
74976,2673,"Campaña Navidad 2023",WhatsApp,B,2023-11-24,0,0,0,0.00
74977,2474,"Bienvenida Nuevo Cliente",Push,B,2024-05-17,0,0,0,0.00
74978,2879,"Campaña Navidad 2023",Correo,A,2023-08-05,0,0,0,0.00
74979,2325,"VIP Exclusivo Agosto",WhatsApp,B,2022-09-25,1,0,0,0.00
74980,1185,"Campaña Navidad 2023",SMS,B,2023-11-30,1,1,0,0.00
74981,2815,"Cyber Wow Mayo 2024",WhatsApp,B,2023-06-04,0,0,0,0.00
74982,2011,"Bienvenida Nuevo Cliente",Correo,A,2023-07-06,0,0,0,0.00
74983,1782,"Recuperación Carrito Abandonado",Push,A,2023-01-14,1,0,0,0.00
74984,1648,"Black Friday 2023",Correo,B,2023-05-27,0,0,0,0.00
74985,2001,"Black Friday 2023",Correo,B,2023-10-20,0,0,0,0.00
74986,2610,"Cyber Wow Mayo 2024",Push,A,2023-07-11,0,0,0,0.00
74987,2796,"Black Friday 2023",WhatsApp,A,2024-10-23,0,0,0,0.00
74988,1782,"Black Friday 2023",Push,B,2022-02-12,0,0,0,0.00
74989,1851,"Cyber Wow Mayo 2024",Correo,A,2022-02-04,0,0,0,0.00
74990,1594,"Recuperación Carrito Abandonado",Correo,A,2022-04-07,0,0,0,0.00
74991,1924,"Fidelización Recurrentes",SMS,A,2022-03-23,0,0,0,0.00
74992,2747,"Día de la Madre 2024",Correo,B,2023-07-06,0,0,0,0.00
74993,2120,"Día de la Madre 2024",WhatsApp,B,2022-04-20,1,0,0,0.00
74994,1257,"Bienvenida Nuevo Cliente",Push,B,2023-05-15,0,0,0,0.00
74995,2074,"Black Friday 2023",WhatsApp,B,2023-05-18,1,0,0,0.00
74996,2226,"Black Friday 2023",Correo,B,2022-06-15,0,0,0,0.00
74997,1834,"Día de la Madre 2024",SMS,B,2023-08-13,1,0,0,0.00
74998,1895,"Reactivación Q1 2024",WhatsApp,A,2024-10-10,0,0,0,0.00
74999,2469,"Fidelización Recurrentes",Correo,B,2022-09-25,1,0,0,0.00
75000,2910,"Bienvenida Nuevo Cliente",WhatsApp,B,2024-11-16,0,0,0,0.00
