cliente_id,nombre,edad,ciudad,canal_adquisicion,fecha_registro,segmento_crm,genero,email
1001,"Albano Llopis Hierro",63,Arequipa,"TikTok Ads",2023-03-25,Nuevo,Masculino,acerdan@example.com
1002,"Buenaventura de Bonet",60,Lima,Referido,2023-06-21,Recurrente,"No especificado",eusebiamayoral@example.com
1003,"Ileana Antón-Andrés",43,Piura,Orgánico,2022-12-23,VIP,"No especificado",canofausto@example.org
1004,"César Guerrero Vazquez",55,Chiclayo,"TikTok Ads",2023-11-27,VIP,"No especificado",rebecareguera@example.com
1005,"Alba Mar Flor Rivas",24,Chiclayo,"Meta Ads",2023-05-19,Recurrente,Femenino,vtejera@example.org
1006,"Jacobo del Agudo",39,Trujillo,Referido,2023-01-01,Nuevo,"No especificado",fulgencio95@example.com
1007,"Paco Rocamora Nieto",37,Arequipa,Email,2023-02-06,Nuevo,"No especificado",cesarribas@example.com
1008,"Casemiro Garrido-Navarro",38,Tacna,Referido,2022-02-14,Inactivo,Masculino,rubenpi@example.net
1009,"Arturo Pinto Caballero",26,Arequipa,"TikTok Ads",2022-12-27,VIP,Masculino,alfonsoalvarado@example.net
1010,"Soraya Núñez Lamas",28,Cajamarca,"Google Ads",2023-06-21,Recurrente,Femenino,victoriaborrell@example.com
1011,"Pánfilo Segovia Casanovas",64,Cuzco,Email,2022-07-27,Inactivo,Femenino,juan-franciscodomingo@example.org
1012,"Ani Marcos Pardo",45,Lima,"TikTok Ads",2022-02-12,Nuevo,"No especificado",mromeu@example.com
1013,"Celia Baños-Arroyo",58,Lima,Referido,2022-10-09,Inactivo,Masculino,chuypedro@example.org
1014,"Rolando del Bernal",49,Arequipa,Orgánico,2024-02-16,Nuevo,Masculino,alcalalina@example.net
1015,"Toribio de Pinto",59,Chiclayo,"TikTok Ads",2022-08-16,Inactivo,Femenino,rsantiago@example.com
1016,"Javi Patiño-Cánovas",38,Chiclayo,Orgánico,2023-11-25,Nuevo,"No especificado",gomezleyre@example.org
1017,"Felicidad Gallego Lasa",29,Tacna,Email,2023-03-07,Inactivo,Masculino,rosalvalarrea@example.com
1018,"Marco Donoso Hierro",63,Cajamarca,"Meta Ads",2023-09-17,Nuevo,Femenino,ipina@example.com
1019,"Jerónimo Pino Lerma",53,Lima,"TikTok Ads",2024-07-23,Recurrente,Masculino,eligarriga@example.com
1020,"Constanza del Barba",62,Tacna,Email,2023-05-07,Inactivo,Femenino,silvioescribano@example.com
1021,"Segismundo de Moles",57,Chiclayo,Orgánico,2024-01-28,Inactivo,Masculino,ambrosiomanrique@example.com
1022,"Edelmira Batalla Galván",40,Tacna,Email,2024-02-02,VIP,Masculino,esmeraldasanmartin@example.org
1023,"Valentina Miranda-Garcia",32,Cusco,"Google Ads",2022-12-17,Inactivo,Masculino,dafne71@example.org
1024,"Gertrudis Segarra Clavero",60,Chiclayo,"TikTok Ads",2024-12-15,Recurrente,"No especificado",ucanas@example.net
1025,"Buenaventura Huerta-Jódar",55,Huancayo,"Google Ads",2024-06-07,Recurrente,Femenino,tgaray@example.com
1026,"Inés Pujol-Paredes",29,Cajamarca,"Meta Ads",2022-05-14,VIP,Femenino,ejaen@example.org
1027,"Bruno del Bou",42,Piura,Email,2022-08-31,Nuevo,Masculino,azorinnazaret@example.org
1028,"Tito Canals Coronado",37,Lima,Email,2022-10-23,Recurrente,"No especificado",mpablo@example.net
1029,"Ruy Roca Bartolomé",64,Trujillo,Email,2022-09-25,Nuevo,"No especificado",adadiajose-luis@example.net
1030,"Francisca Solé Ángel",62,Cusco,Email,2023-01-24,Nuevo,Femenino,zmate@example.net
1031,"Leonel Alberdi-Carbó",36,Iquitos,"Meta Ads",2023-01-28,VIP,Masculino,eligio80@example.net
1032,"Pili del Nieto",26,Piura,Orgánico,2024-12-26,VIP,Masculino,juan-bautistadomenech@example.net
1033,"Eugenio Royo Cruz",29,Trujillo,Referido,2024-02-14,Inactivo,Femenino,dnicolau@example.org
1034,"Abril Lago Valle",64,Chiclayo,"Meta Ads",2024-02-06,Nuevo,"No especificado",molinsleocadia@example.net
1035,"José Luis Camino Martín",18,Iquitos,Orgánico,2023-10-14,Recurrente,"No especificado",qcifuentes@example.org
1036,"María Fernanda Flor",62,Arequipa,"TikTok Ads",2024-05-29,VIP,Masculino,arsenio27@example.com
1037,"Glauco Cuéllar Abascal",54,Arequipa,Orgánico,2023-05-16,Nuevo,"No especificado",angeles64@example.com
1038,"Etelvina Laura Aliaga Caparrós",43,Cusco,"TikTok Ads",2022-04-05,Recurrente,Femenino,asuncion56@example.org
1039,"Valeria Meléndez Heras",54,Arequipa,Orgánico,2023-01-23,Nuevo,Masculino,maite72@example.net
1040,"Dionisio Bermúdez Boada",20,Iquitos,Email,2023-08-26,Nuevo,Masculino,mbaena@example.org
1041,"Sabina Bayón Casas",29,Iquitos,"Meta Ads",2022-11-01,Recurrente,Femenino,grasgervasio@example.org
1042,"Narciso Talavera Dalmau",56,Cajamarca,Orgánico,2023-11-03,Recurrente,"No especificado",kjuan@example.net
1043,"Juan Luis Rocha-Galán",38,Piura,Referido,2023-05-22,VIP,Masculino,hrubio@example.com
1044,"Priscila de Mesa",57,Lima,Referido,2022-04-20,Nuevo,Masculino,salapepe@example.net
1045,"Nazaret Perea Ríos",32,Huancayo,"Google Ads",2023-07-28,Recurrente,"No especificado",fseco@example.org
1046,"Jennifer Carrillo",58,Tacna,Orgánico,2022-09-16,Nuevo,Masculino,duilioolmedo@example.org
1047,"Daniel de Neira",54,Arequipa,"Meta Ads",2024-11-06,VIP,"No especificado",rupertaluz@example.org
1048,"Macario Grau Giménez",24,NULL,Email,2024-09-28,Recurrente,"No especificado",maribelverdugo@example.com
1049,"Andrés Felipe Barral Granados",49,NULL,"Google Ads",2023-03-05,Recurrente,Femenino,dalilaacosta@example.net
1050,"Víctor Angulo Murillo",27,Tacna,Orgánico,2022-06-16,Nuevo,"No especificado",sigfridobenitez@example.org
1051,"José Ángel Gárate Lopez",39,Piura,Email,2024-08-21,Recurrente,Femenino,vbusquets@example.org
1052,"Clotilde Catalán Suárez",65,Cajamarca,"Meta Ads",2022-05-13,VIP,Femenino,isa16@example.com
1053,"Ruben del Ramírez",22,Iquitos,"Meta Ads",2022-12-09,VIP,Masculino,moralesfabio@example.org
1054,"Asdrubal Caballero",33,Cajamarca,"Google Ads",2024-11-07,Inactivo,Femenino,seguipaulina@example.net
1055,"Felicidad Roda Reig",40,Chiclayo,"Google Ads",2024-03-05,Recurrente,Femenino,osantiago@example.com
1056,"Teresa Balaguer Cabello",38,Arequipa,Orgánico,2024-11-08,Nuevo,"No especificado",murarmando@example.net
1057,"Heriberto Nicolau Canales",NULL,Lima,Email,2024-02-06,VIP,"No especificado",umorcillo@example.net
1058,"Clemente de Sanabria",58,Chiclayo,Referido,2024-10-18,VIP,Masculino,hectoratienza@example.net
1059,"Héctor Español Lopez",23,Piura,Email,2024-11-28,Inactivo,"No especificado",mohamed01@example.net
1060,"Diana Benet Salazar",63,Arequipa,"Meta Ads",2024-08-08,Inactivo,"No especificado",zbru@example.com
1061,"Ariel de Alcolea",60,Chiclayo,"Meta Ads",2023-01-02,Inactivo,"No especificado",josepujadas@example.org
1062,"Renato Guzmán Delgado",58,Arequipa,Orgánico,2023-10-22,Inactivo,"No especificado",galindofermin@example.com
1063,"Julieta Teruel García",64,Cusco,Referido,2024-02-05,Recurrente,"No especificado",plopez@example.net
1064,"Yaiza Barral Cózar",39,Piura,"TikTok Ads",2024-12-12,VIP,Masculino,dionisiomartin@example.com
1065,"Abril Portero Lara",46,Huancayo,Orgánico,2024-09-16,Recurrente,Femenino,rmenendez@example.net
1066,"Eloísa Rocha Torrecilla",18,Iquitos,"Meta Ads",2024-10-10,Recurrente,Femenino,pliniobaez@example.com
1067,"Claudio Martin Gelabert",34,Trujillo,"Meta Ads",2024-08-28,VIP,"No especificado",ameliasalinas@example.com
1068,"Luis Miguel Barrera Mir",31,Iquitos,Email,2023-07-04,Inactivo,Masculino,kledesma@example.net
1069,"Amador Tapia Valverde",33,Iquitos,Referido,2024-04-01,Nuevo,Femenino,wbosch@example.com
1070,"Camila Barberá",62,Chiclayo,Email,2022-03-16,VIP,Femenino,encarna26@example.net
1071,"Anita Estevez",22,Piura,Email,2023-03-01,Recurrente,"No especificado",cbuendia@example.net
1072,"Manuel Bayo Gutierrez",40,Arequipa,Orgánico,2023-03-26,Recurrente,Masculino,abigail32@example.com
1073,"Azeneth Hoz Ariño",34,Cajamarca,Email,2023-02-20,Inactivo,Femenino,mansoadelina@example.com
1074,"Anita Hortensia Yáñez Molina",24,Trujillo,"Google Ads",2024-07-14,Inactivo,Femenino,tejedormarcelo@example.org
1075,"Cristian Miralles-Gómez",64,Tacna,"Google Ads",2023-04-26,Inactivo,"No especificado",isauramas@example.org
1076,"Hector Castro-Marín",18,Chiclayo,Email,2024-03-21,Inactivo,"No especificado",kmarques@example.org
1077,"Estela Belmonte Agustí",21,Trujillo,Referido,2023-03-24,VIP,"No especificado",arrietaarmida@example.org
1078,"María Ángeles Cabo Beltrán",42,Huancayo,Email,2023-09-19,VIP,"No especificado",grey@example.com
1079,"Clotilde del Cazorla",46,Cusco,"Meta Ads",2024-05-20,Nuevo,Femenino,pedro49@example.org
1080,"Vera Bayona Hidalgo",64,Piura,"Meta Ads",2024-02-12,Inactivo,Femenino,carbonellmanu@example.net
1081,"Elodia Cruz Ríos",44,Tacna,Referido,2022-11-18,Inactivo,Masculino,yescobar@example.org
1082,"Ofelia del Ángel",28,Chiclayo,Orgánico,2024-02-06,Recurrente,Masculino,farrieta@example.com
1083,"Nazario Marí Calleja",44,Iquitos,"Google Ads",2023-06-06,VIP,Masculino,mauricio97@example.net
1084,"Eligio Carlos Campo",49,Lima,"Google Ads",2022-06-23,VIP,Femenino,vlanda@example.org
1085,"Calixta del Luján",42,Chiclayo,Orgánico,2022-10-03,Nuevo,"No especificado",gilbermudez@example.net
1086,"Clementina Paca Novoa Frutos",40,Lima,Email,2022-06-22,Inactivo,Masculino,salome16@example.net
1087,"José Antonio Torres-Iglesias",52,Iquitos,Referido,2023-08-28,Recurrente,"No especificado",adanruperto@example.org
1088,"Arturo Roda Lloret",42,NULL,"TikTok Ads",2024-06-29,Nuevo,Masculino,duartegabriela@example.com
1089,"Abel Múgica Castrillo",24,Piura,"TikTok Ads",2024-11-28,VIP,Femenino,qquiros@example.net
1090,"Cecilio Sala-Roma",48,Arequipa,Email,2023-12-22,Inactivo,Femenino,nmateo@example.net
1091,"Adelia de Benet",54,Chiclayo,Orgánico,2023-04-17,VIP,"No especificado",jessica64@example.org
1092,"Leandro Araujo Peiró",59,Cajamarca,Referido,2022-03-26,VIP,Femenino,elpidioalcala@example.org
1093,"Mamen Colomer-Ropero",61,Iquitos,"Google Ads",2024-08-10,Inactivo,Masculino,alcazarjosefa@example.org
1094,"Alfonso Mendez Pastor",32,Chiclayo,"Google Ads",2024-11-15,Nuevo,Masculino,gallartalicia@example.net
1095,"Vinicio Pallarès Gallo",28,Huancayo,Email,2023-11-20,Nuevo,Femenino,florentinaherranz@example.com
1096,"Nazario de Otero",46,Cusco,"Meta Ads",2024-05-22,Recurrente,Masculino,chemamascaro@example.com
1097,"Verónica del Cortes",22,Huancayo,Orgánico,2024-07-12,VIP,Femenino,ainoaroca@example.org
1098,"Toni de Elorza",20,Trujillo,"TikTok Ads",2024-08-15,Inactivo,Masculino,delgadovanesa@example.org
1099,"Aitana Escobar Márquez",36,Piura,Orgánico,2024-06-04,Recurrente,Femenino,etoro@example.org
1100,"Rosario Hurtado Lasa",19,Trujillo,Email,2024-04-17,VIP,"No especificado",mherrera@example.com
1101,"Rufino Campoy Piñeiro",38,Chiclayo,Orgánico,2024-01-23,Recurrente,"No especificado",vazcona@example.org
1102,"Timoteo Sosa Girón",34,Tacna,"Google Ads",2024-10-15,Nuevo,Masculino,rosalessevero@example.com
1103,"Sebastian Seguí",24,NULL,Email,2023-10-12,Recurrente,Femenino,angelino76@example.com
1104,"Encarnación Goñi Gisbert",22,Piura,"Google Ads",2023-07-14,VIP,"No especificado",tguardiola@example.org
1105,"Narciso Ferrando Pujadas",39,Cajamarca,Referido,2024-02-23,VIP,Femenino,rocacorona@example.com
1106,"Eligia Baños Lorenzo",28,Cusco,Referido,2022-02-20,Recurrente,Masculino,lealteodora@example.net
1107,"Miguela Vergara Pulido",42,Cajamarca,"Meta Ads",2023-01-03,VIP,Femenino,hsaenz@example.com
1108,"Eusebia de Carlos",28,Cusco,Orgánico,2024-06-23,Nuevo,Femenino,vidal60@example.org
1109,"Chuy Lara-Arenas",64,NULL,Referido,2023-04-24,Nuevo,Femenino,lucila37@example.com
1110,"Marc Rovira Ojeda",22,Chiclayo,Orgánico,2023-06-28,VIP,"No especificado",gguerra@example.org
1111,"Isa Vidal Carlos",53,Trujillo,"Google Ads",2022-06-05,Nuevo,Femenino,africa97@example.org
1112,"Ximena Falcón Iñiguez",23,NULL,Email,2024-01-06,VIP,Femenino,loreto66@example.net
1113,"Paulino Rubio Abellán",39,Huancayo,Referido,2022-06-18,Recurrente,Femenino,natividad72@example.net
1114,"Ángela Figueras",56,Arequipa,Email,2023-08-27,Inactivo,"No especificado",lorenzoboix@example.net
1115,"Irene Becerra Murillo",57,Lima,Referido,2024-10-24,VIP,Femenino,lcastello@example.org
1116,"Estefanía Narcisa Casanovas Mas",48,Arequipa,Orgánico,2024-11-16,Recurrente,"No especificado",eloisatellez@example.org
1117,"Esmeralda Real",63,Trujillo,Referido,2022-06-10,Nuevo,Femenino,turibe@example.org
1118,"Graciana Marqués Castejón",19,Trujillo,"TikTok Ads",2023-07-21,Inactivo,"No especificado",ceciliaarevalo@example.org
1119,"Humberto Pinilla",45,Cusco,Referido,2023-04-12,VIP,Masculino,socorro45@example.net
1120,"Mario Mascaró Ramis",59,Cajamarca,"Google Ads",2022-07-21,Recurrente,Masculino,felixvara@example.org
1121,"Serafina de Mateu",28,NULL,"Meta Ads",2022-08-31,Recurrente,Masculino,nebottito@example.org
1122,"Cruz Ildefonso Montserrat Sola",56,Cusco,"Google Ads",2022-05-27,Nuevo,"No especificado",dionisiogoicoechea@example.com
1123,"Isaura García Vicente",45,Cusco,Email,2024-01-08,VIP,Femenino,noe50@example.net
1124,"Rosalina Doménech Blazquez",28,Cajamarca,Orgánico,2022-03-20,Nuevo,Masculino,teresita28@example.net
1125,"José Ángel Natanael Naranjo Bueno",21,Huancayo,Orgánico,2023-02-15,Inactivo,Masculino,ayusoangeles@example.com
1126,"Nicodemo del Gomila",24,Tacna,Referido,2023-11-15,Inactivo,Femenino,gcantero@example.net
1127,"Candelario Amat",39,NULL,Orgánico,2023-02-07,VIP,"No especificado",arnaizanunciacion@example.org
1128,"Donato Talavera Beltran",31,Tacna,"Meta Ads",2023-11-06,VIP,Femenino,eva-mariacarranza@example.org
1129,"Herminia Ferreras Plana",30,Lima,"Meta Ads",2023-05-28,Recurrente,"No especificado",faustino47@example.net
1130,"Gloria Hervás Coloma",44,Arequipa,Referido,2023-09-12,Recurrente,Femenino,jcabezas@example.net
1131,"Victoriano Campillo Rodríguez",62,Tacna,Referido,2023-07-17,Nuevo,Femenino,nicanor21@example.org
1132,"Chus del Ayllón",53,Piura,Email,2023-01-26,Inactivo,"No especificado",xricart@example.org
1133,"Diana de Sastre",64,Iquitos,Referido,2022-10-10,Inactivo,Masculino,perlitasaez@example.com
1134,"Salvador Sobrino Molins",64,Arequipa,"Google Ads",2023-06-19,Nuevo,"No especificado",anselma21@example.com
1135,"María José Vargas Roldan",52,Piura,"Google Ads",2022-01-18,VIP,"No especificado",ligia65@example.net
1136,"Itziar de Taboada",34,Cusco,"Google Ads",2023-09-06,Inactivo,Femenino,evaristoavila@example.com
1137,"Dora Huertas Lluch",60,Trujillo,"Meta Ads",2023-08-01,Nuevo,Femenino,emilianoromeu@example.com
1138,"Julieta Haro",36,Huancayo,"TikTok Ads",2023-12-11,Nuevo,"No especificado",hsegarra@example.net
1139,"Isidro Berenguer-Macias",37,Lima,Orgánico,2024-04-07,Inactivo,Femenino,amor72@example.org
1140,"Elías del Montenegro",33,Piura,Email,2024-04-10,Recurrente,"No especificado",blazqueznilo@example.com
1141,"Anita de Contreras",24,Tacna,Referido,2022-01-25,VIP,Femenino,bcordoba@example.org
1142,"Gregorio de Gargallo",21,Trujillo,Email,2024-08-24,Inactivo,Masculino,qarco@example.net
1143,"Hipólito Ramón Muro",43,Tacna,"Meta Ads",2024-11-15,Recurrente,"No especificado",vanesabarco@example.net
1144,"Josefa del Barrios",54,Arequipa,Referido,2022-11-02,Nuevo,"No especificado",simon68@example.com
1145,"Sigfrido Rivera",53,Piura,Referido,2024-03-25,VIP,Masculino,virginia50@example.com
1146,"Yolanda Aller Pintor",49,Tacna,"Meta Ads",2023-04-12,Nuevo,Masculino,juanitaquintero@example.com
1147,"Adelaida Ortiz Martín",27,Cajamarca,Orgánico,2023-04-10,Nuevo,"No especificado",susanasalamanca@example.net
1148,"Tamara Rius Giménez",21,Chiclayo,Referido,2023-03-06,Inactivo,Femenino,susana63@example.com
1149,"Constanza Llamas Ruano",41,Trujillo,Orgánico,2024-08-29,VIP,Femenino,arcobrigida@example.com
1150,"Albina Porcel Navarrete",18,Iquitos,"Meta Ads",2023-04-24,Recurrente,Femenino,hcases@example.net
1151,"Paloma Dalmau Solsona",45,Trujillo,Email,2024-11-22,Inactivo,"No especificado",ignacio18@example.net
1152,"María Amores Prada",23,Tacna,Referido,2024-08-17,Nuevo,Masculino,azahar52@example.org
1153,"Marcela Amores-Blanes",36,Tacna,"TikTok Ads",2024-08-02,Nuevo,Masculino,jordanjose-antonio@example.com
1154,"Bernarda Serrano Espada",60,Lima,Orgánico,2023-11-29,VIP,Masculino,hvazquez@example.net
1155,"Eladio Pinilla Morán",58,Cajamarca,Referido,2022-06-25,Nuevo,"No especificado",peraltajuan-antonio@example.net
1156,"Javi Morillo",56,Iquitos,Orgánico,2023-10-04,Nuevo,Femenino,duilio01@example.com
1157,"Pía Pinilla Lobo",48,Huancayo,Referido,2023-01-20,Inactivo,Masculino,constanza07@example.com
1158,"Dolores Bilbao Sosa",30,Lima,Referido,2024-05-28,Nuevo,"No especificado",noaguillen@example.com
1159,"Reinaldo Azorin Olmo",24,Arequipa,Referido,2024-05-05,Inactivo,Masculino,lucas92@example.net
1160,"Moreno de Arjona",19,Iquitos,Email,2023-03-06,VIP,Femenino,vvizcaino@example.org
1161,"Duilio Flores Almagro",31,Piura,"TikTok Ads",2024-06-17,VIP,Femenino,mosqueraascension@example.net
1162,"Calista Dafne Cases Sáenz",28,Chiclayo,Referido,2024-07-10,VIP,"No especificado",pacificapaniagua@example.com
1163,"Lope Gibert Sola",58,Lima,Orgánico,2022-03-03,VIP,"No especificado",colladoleonor@example.com
1164,"Rodolfo Peinado-Diez",36,Chiclayo,Email,2024-02-07,Inactivo,"No especificado",fbilbao@example.org
1165,"María Dolores Piedad Carbó Céspedes",23,Cajamarca,"Google Ads",2022-10-12,Nuevo,"No especificado",ecastillo@example.org
1166,"Baltasar Luis Miguel Amigó Mesa",48,Arequipa,Orgánico,2022-09-20,VIP,Femenino,xbermejo@example.net
1167,"Nicolasa Perez-Puente",25,Arequipa,Orgánico,2023-09-18,Inactivo,Femenino,xvillena@example.com
1168,"Anselmo Herrero",37,Huancayo,"TikTok Ads",2022-01-20,Nuevo,"No especificado",daniela76@example.com
1169,"Pablo Mata Carrillo",43,Arequipa,"Google Ads",2024-10-20,Inactivo,Masculino,kriera@example.org
1170,"Ricarda Armengol-Olivera",48,Tacna,Email,2023-12-28,NULL,Femenino,amadaseco@example.org
1171,"Inés del Bayón",49,Trujillo,Referido,2023-11-27,Inactivo,"No especificado",garciaxavier@example.com
1172,"Miriam Nogueira",60,Trujillo,Orgánico,2023-04-07,Inactivo,Masculino,crespocelia@example.com
1173,"Teobaldo Rivera Trillo",34,Huancayo,"TikTok Ads",2024-05-08,Nuevo,"No especificado",realdamian@example.org
1174,"Inocencio Paredes Segura",23,Tacna,"TikTok Ads",2024-05-21,VIP,"No especificado",concha40@example.net
1175,"Isaac Echeverría Vélez",59,Trujillo,"TikTok Ads",2024-04-06,Nuevo,Femenino,desideriopera@example.com
1176,"Mario Tomás-Sola",52,Piura,"Google Ads",2023-09-06,Nuevo,"No especificado",marcio47@example.org
1177,"Sara Ledesma Mora",42,Tacna,Referido,2023-10-30,Recurrente,Femenino,erasmorobles@example.org
1178,"Severo de Lorenzo",29,Cajamarca,Email,2022-02-17,Nuevo,Femenino,tamara43@example.org
1179,"Daniela Sobrino Pinilla",41,Cusco,Orgánico,2022-03-07,Nuevo,Femenino,habril@example.net
1180,"Albina Urrutia Morcillo",42,Chiclayo,"TikTok Ads",2022-10-12,Recurrente,"No especificado",borja06@example.com
1181,"Jose Francisco Garay Pacheco",41,Tacna,Referido,2022-11-11,Nuevo,Masculino,clarisa75@example.com
1182,"Francisco Losa-Llorente",29,Chiclayo,Referido,2023-11-08,NULL,"No especificado",wcazorla@example.org
1183,"Adelina de Boada",46,Piura,"Meta Ads",2024-03-11,Inactivo,Femenino,qsandoval@example.com
1184,"Plácido del Torres",20,Cusco,"TikTok Ads",2024-02-20,Recurrente,Masculino,roxanamorell@example.org
1185,"Purificación de Tamayo",34,Iquitos,"Google Ads",2023-02-23,Recurrente,Femenino,oponce@example.com
1186,"Jacinta Alemany Buendía",46,Huancayo,Referido,2024-03-11,Nuevo,Femenino,calixta07@example.net
1187,"Dan Hermenegildo Hervia Medina",NULL,Tacna,Email,2022-05-11,Recurrente,Masculino,flavia12@example.net
1188,"Flor Sáenz-Núñez",34,Huancayo,"Meta Ads",2024-12-30,VIP,"No especificado",mendizabalchelo@example.net
1189,"Petrona Muro Ortiz",32,Arequipa,Referido,2024-03-02,Nuevo,Masculino,blazquezguadalupe@example.net
1190,"Elba Medina Iglesias",35,Chiclayo,"TikTok Ads",2023-01-21,Nuevo,Femenino,velezgonzalo@example.com
1191,"Benito de Moles",54,Chiclayo,"TikTok Ads",2024-08-30,VIP,Masculino,carrenogenoveva@example.net
1192,"Ramiro Esteve Feliu",21,Arequipa,Referido,2022-08-11,Nuevo,Femenino,alejollopis@example.org
1193,"Rafael Tomé",27,NULL,Email,2023-11-05,Nuevo,Masculino,paulasaldana@example.org
1194,"Porfirio Zamorano-Luna",62,Lima,"Meta Ads",2024-07-13,Nuevo,Masculino,samu90@example.com
1195,"Sigfrido Ferrera Marti",60,Cajamarca,"TikTok Ads",2023-09-16,VIP,Masculino,nietoulises@example.org
1196,"Geraldo de Mate",24,Tacna,"Meta Ads",2022-07-10,Nuevo,Femenino,hamador@example.com
1197,"Paulino Castañeda Lledó",23,Chiclayo,"Google Ads",2022-12-18,VIP,"No especificado",fjimenez@example.org
1198,"Amando Manzano Cases",60,Cajamarca,Referido,2022-08-02,VIP,"No especificado",dieguezlucho@example.org
1199,"Aroa Alberola Luís",40,Chiclayo,"TikTok Ads",2022-12-30,Inactivo,Masculino,jose-mariborras@example.org
1200,"Julia Saez Niño",52,Lima,"Google Ads",2022-03-07,VIP,"No especificado",saturnino20@example.net
1201,"Amancio Iriarte Tejedor",44,Arequipa,"Meta Ads",2024-09-27,Recurrente,Masculino,gerardo00@example.com
1202,"Segismundo Bas Pérez",55,Lima,"Google Ads",2022-02-24,Recurrente,Femenino,ucabeza@example.org
1203,"Angelina Baeza Cordero",32,Chiclayo,Email,2023-01-18,Inactivo,Femenino,qmorante@example.com
1204,"Santiago Mateu Blázquez",53,Arequipa,Orgánico,2023-02-12,Nuevo,Femenino,azorinhermenegildo@example.org
1205,"Benigno del Gonzalez",21,Lima,Email,2022-05-23,Recurrente,"No especificado",americaverdugo@example.net
1206,"Fortunata Sanjuan",42,Iquitos,"Meta Ads",2024-03-01,VIP,"No especificado",rcardona@example.org
1207,"Emma Romeu Mayoral",51,Arequipa,Email,2023-08-05,Recurrente,Masculino,abril86@example.org
1208,"María Teresa Barrena-Cabezas",44,Tacna,"TikTok Ads",2023-02-26,Inactivo,"No especificado",aandres@example.net
1209,"Matías Galván",52,Chiclayo,"Meta Ads",2023-04-23,Inactivo,"No especificado",xiomaraalfonso@example.com
1210,"Natalio Bertrán-Crespo",61,Piura,Email,2023-08-20,Nuevo,Masculino,hozmaria-carmen@example.net
1211,"Chema de Crespi",48,Huancayo,Referido,2024-12-09,Recurrente,"No especificado",marcoramirez@example.com
1212,"Hernando Sanjuan Soriano",54,Chiclayo,Referido,2022-05-24,Inactivo,Masculino,vallherminio@example.org
1213,"Alcides David Maldonado Luna",33,Tacna,Email,2024-07-20,Inactivo,Femenino,calixta23@example.net
1214,"Andrea Guillen Lamas",48,Trujillo,"TikTok Ads",2022-04-28,VIP,"No especificado",csans@example.org
1215,"Nadia Figuerola-Rodríguez",37,Cajamarca,"TikTok Ads",2024-01-25,VIP,Masculino,pmancebo@example.org
1216,"Lalo Gomila Company",23,Cajamarca,"Google Ads",2024-11-27,Inactivo,Femenino,barrenaafrica@example.com
1217,"Severiano Cisneros-Bellido",43,Huancayo,"TikTok Ads",2022-01-23,Recurrente,"No especificado",elba46@example.com
1218,"Celestino Meléndez Malo",63,Chiclayo,"Meta Ads",2022-12-18,Nuevo,Masculino,delfinavicens@example.com
1219,"Beatriz Solís Mateu",20,Huancayo,Referido,2023-11-01,VIP,Femenino,cuellarmamen@example.net
1220,"Elena Vall Uribe",50,Cuzco,"Meta Ads",2024-04-21,VIP,"No especificado",maschuy@example.com
1221,"Anita Ariño Rosales",54,Chiclayo,Referido,2024-03-11,Nuevo,Masculino,chavesluciana@example.net
1222,"María Del Carmen Ibáñez Amigó",51,Arequipa,Orgánico,2022-11-18,VIP,Femenino,selena63@example.net
1223,"Darío Almansa Leon",54,Arequipa,"TikTok Ads",2022-08-15,Recurrente,"No especificado",soledad54@example.net
1224,"Almudena Díez-Sosa",61,Cusco,Email,2022-09-22,Recurrente,"No especificado",pllano@example.net
1225,"Modesta Salamanca",57,Iquitos,Referido,2024-05-06,Nuevo,"No especificado",nestor37@example.net
1226,"Cipriano Ruano-Téllez",27,Cusco,Email,2024-09-06,Nuevo,"No especificado",alcides20@example.net
1227,"Joel Oliveras Real",25,Cusco,Orgánico,2022-05-21,Inactivo,Masculino,aacosta@example.net
1228,"Estrella Calvo Cuevas",46,Huancayo,"Meta Ads",2024-03-07,Nuevo,Masculino,severianotorrijos@example.com
1229,"Guiomar Valbuena Maldonado",29,Lima,Email,2023-02-27,Recurrente,Femenino,berenguerbarbara@example.org
1230,"Ruth Arco Sanz",28,Arequipa,Referido,2022-09-24,Nuevo,"No especificado",wcasal@example.com
1231,"Fausto Iniesta Morales",31,Lima,Orgánico,2023-02-26,Recurrente,"No especificado",roldan20@example.org
1232,"Rolando Quintero Vilar",NULL,Cusco,Referido,2023-09-27,Inactivo,Masculino,mpellicer@example.com
1233,"Nando Sevilla Reyes",26,Iquitos,Orgánico,2024-06-04,Inactivo,Masculino,giraltmanuelita@example.org
1234,"Ciríaco Villegas Pardo",20,Arequipa,"TikTok Ads",2024-08-30,Recurrente,Femenino,irma53@example.org
1235,"Prudencia Leticia Salamanca Aznar",45,Chiclayo,"TikTok Ads",2022-11-22,Inactivo,"No especificado",nuria33@example.com
1236,"Eliseo Castro",23,Chiclayo,"TikTok Ads",2023-09-28,Nuevo,Masculino,angelino47@example.net
1237,"Isidoro Valerio Tormo Carrión",61,NULL,"TikTok Ads",2023-02-20,VIP,"No especificado",adrianferrandez@example.net
1238,"Maxi Heras Cuadrado",45,Tacna,"TikTok Ads",2024-10-26,Recurrente,"No especificado",rcantero@example.net
1239,"Leoncio Adrián Raya Buendía",30,Huancayo,Orgánico,2024-07-28,VIP,Masculino,jdonaire@example.org
1240,"Sosimo de Serrano",58,Trujillo,Referido,2023-07-19,VIP,Masculino,bertocastellanos@example.net
1241,"Moisés Correa Valentín",27,Cusco,Email,2023-02-18,Inactivo,"No especificado",castejonjuan-antonio@example.net
1242,"José Manuel Patricio Llano Ribes",56,Trujillo,"Meta Ads",2022-01-16,Recurrente,"No especificado",socorrozabala@example.net
1243,"Jovita Hervás Saura",34,Piura,"Meta Ads",2022-10-20,Nuevo,Femenino,gregorio08@example.net
1244,"Blanca del Farré",38,Huancayo,Orgánico,2024-07-01,Recurrente,Masculino,isa87@example.org
1245,"Liliana Piedad Cerezo Baños",64,Chiclayo,Referido,2022-05-12,Recurrente,Masculino,uazorin@example.com
1246,"Rolando Ribera-Nieto",22,Arequipa,Orgánico,2024-03-28,VIP,"No especificado",hlledo@example.net
1247,"Débora Acedo",23,Huancayo,"Meta Ads",2023-05-21,Inactivo,Femenino,xvalbuena@example.net
1248,"Primitivo Eustaquio Tovar Comas",42,Tacna,Orgánico,2024-12-12,Inactivo,"No especificado",gomezasdrubal@example.com
1249,"Lupita Tomé Ochoa",53,Arequipa,Orgánico,2023-11-05,Recurrente,Femenino,usanchez@example.org
1250,"Mamen Pi Sarabia",43,Lima,"TikTok Ads",2024-10-02,Inactivo,Masculino,vferreras@example.org
1251,"Tomasa Fabregat Haro",53,Tacna,"Meta Ads",2024-07-31,Recurrente,"No especificado",gonzalezjenny@example.com
1252,"Fátima Guillen-Reig",38,Lima,"TikTok Ads",2024-08-05,Nuevo,Masculino,iborraharoldo@example.org
1253,"Federico Suárez Piquer",35,Arequipa,"TikTok Ads",2022-03-22,VIP,"No especificado",maria11@example.org
1254,"Narcisa Cornejo Valbuena",51,Chiclayo,Email,2022-07-06,Inactivo,Masculino,zrosales@example.org
1255,"Bernardino Vallés Mármol",47,Trujillo,Orgánico,2023-08-13,Recurrente,Masculino,priscila43@example.org
1256,"Ulises Sacristán Cabo",18,Cusco,Email,2024-07-23,VIP,"No especificado",vgomez@example.org
1257,"Zaida Saura",62,Huancayo,Orgánico,2023-12-12,Nuevo,Femenino,aurora31@example.net
1258,"Poncio Cobos Redondo",57,Huancayo,Referido,2023-09-02,Recurrente,Masculino,obustos@example.com
1259,"Anselmo Soria Landa",55,Chiclayo,"TikTok Ads",2024-03-11,Inactivo,Masculino,boadabenjamin@example.org
1260,"Matilde Puga Bernat",51,Cuzco,Orgánico,2022-12-25,Nuevo,Masculino,smillan@example.org
1261,"Tamara Pinto Moliner",44,Lima,Orgánico,2024-04-30,Nuevo,Masculino,bernabesalamanca@example.org
1262,"Trini Araujo Bayona",25,Trujillo,"Google Ads",2023-05-26,Recurrente,"No especificado",emiliana61@example.org
1263,"Maximiano del Gordillo",44,Cusco,Referido,2023-01-03,Nuevo,"No especificado",azorinmacario@example.com
1264,"Isaac Cabello Cabrera",27,Lima,"TikTok Ads",2024-06-03,Inactivo,Femenino,nbaez@example.com
1265,"Carina Marí Andres",27,Cusco,Referido,2024-07-26,Recurrente,Femenino,rosauraalarcon@example.com
1266,"Fermín Barba Marcos",54,Piura,Email,2024-02-27,VIP,Masculino,ysimo@example.com
1267,"Florentina Rosa Coello",55,Huancayo,Email,2023-01-11,Nuevo,"No especificado",nicolasflorina@example.net
1268,"Juan Manuel del Escolano",55,Piura,Orgánico,2022-07-15,Inactivo,Masculino,santiagoasuncion@example.com
1269,"Chucho Bermúdez Piñeiro",24,Cuzco,"Meta Ads",2024-03-16,Inactivo,Femenino,candidocalderon@example.org
1270,"Nilda Dalila Valenciano Clemente",24,Tacna,Orgánico,2022-03-31,VIP,"No especificado",ferrerveronica@example.net
1271,"Jerónimo del Segura",54,Huancayo,"Google Ads",2023-05-06,VIP,Masculino,febeverdu@example.com
1272,"Nazario Agustí-Sola",24,Trujillo,Orgánico,2022-11-20,Nuevo,Masculino,tadeo79@example.com
1273,"Nilo Leandro Cruz Benavent",36,Chiclayo,"TikTok Ads",2023-07-15,Nuevo,Femenino,jose-carloscervantes@example.org
1274,"Fabiola Martínez Rodrigo",52,Piura,"Google Ads",2023-08-21,VIP,Masculino,castellmateo@example.net
1275,"Javier Matas-Flor",40,Chiclayo,Orgánico,2022-05-17,Inactivo,Femenino,pvilalta@example.com
1276,"Tamara Tomas Campillo",NULL,Lima,Email,2023-03-21,Recurrente,Masculino,dalila82@example.org
1277,"Graciano del Marqués",34,Cajamarca,"TikTok Ads",2024-10-07,Recurrente,Femenino,mmendizabal@example.com
1278,"Aitor Severino Priego Llobet",42,Tacna,Orgánico,2024-04-22,Inactivo,Masculino,rafa08@example.net
1279,"Lorenzo Avilés Valdés",59,Lima,"TikTok Ads",2022-09-06,Inactivo,Masculino,baudeliogamez@example.net
1280,"Román Salomón Grau Ortuño",49,Iquitos,Email,2024-01-26,VIP,"No especificado",rocaomar@example.org
1281,"Maximino de Iglesia",54,Lima,"Meta Ads",2022-06-06,Nuevo,"No especificado",felicidadfortuny@example.org
1282,"Mauricio Caballero Ariza",56,Lima,"Meta Ads",2022-08-04,Inactivo,Masculino,gonzalo77@example.net
1283,"Rufino Isidro Aragonés Patiño",NULL,Cajamarca,Referido,2024-10-30,VIP,"No especificado",reyes99@example.com
1284,"Artemio Marquez Morillo",20,Huancayo,Orgánico,2023-10-30,VIP,Femenino,silvio52@example.org
1285,"Carmelita Font Catalán",29,Tacna,Referido,2024-04-19,Nuevo,Femenino,farnal@example.org
1286,"Valentina del Valls",35,NULL,"TikTok Ads",2024-07-12,Nuevo,"No especificado",gisbertjimena@example.org
1287,"Severo Córdoba-Jimenez",43,Trujillo,Orgánico,2022-12-04,Inactivo,Masculino,pgarces@example.com
1288,"Rosenda Marquez Nevado",27,Lima,"Meta Ads",2023-06-02,Inactivo,"No especificado",noemi63@example.com
1289,"Joaquín Benet Chico",57,Tacna,"Google Ads",2023-03-01,Recurrente,Femenino,paolaagudo@example.com
1290,"Tito del Paz",56,Arequipa,Referido,2024-11-02,VIP,Masculino,benaventpepito@example.org
1291,"Ruperto Prat Alcalá",61,Trujillo,"TikTok Ads",2022-04-02,Recurrente,"No especificado",cisnerosluis-angel@example.com
1292,"Julio Casals-Sanz",62,Arequipa,Referido,2024-08-04,Inactivo,Femenino,evangelinapalomino@example.org
1293,"Nerea Juárez Piquer",43,Cajamarca,"Meta Ads",2022-02-24,Recurrente,"No especificado",florhector@example.com
1294,"Asunción Guillen Soto",20,Arequipa,"Meta Ads",2022-05-30,VIP,Masculino,isidorojuarez@example.net
1295,"Martín Mosquera Giralt",43,Chiclayo,"Google Ads",2024-08-03,Inactivo,"No especificado",norbertohoyos@example.org
1296,"Maximino Simó Matas",39,Cusco,"TikTok Ads",2024-02-20,Inactivo,"No especificado",alfredoecheverria@example.com
1297,"Azahar Chaves Arrieta",62,Arequipa,Referido,2023-12-05,Nuevo,"No especificado",almansapaz@example.net
1298,"Evaristo Ugarte Carmona",33,Cajamarca,"Meta Ads",2024-03-28,Nuevo,Femenino,reynaldocantero@example.com
1299,"Desiderio Cerdá Pont",21,Chiclayo,"TikTok Ads",2023-02-03,Recurrente,Masculino,marcossastre@example.org
1300,"Flora Rius Cortes",65,Cajamarca,"Meta Ads",2024-03-23,Nuevo,Femenino,nydia52@example.net
1301,"Morena Cabeza Tovar",48,Cajamarca,"Google Ads",2022-03-19,Recurrente,Femenino,hbas@example.org
1302,"Griselda Elisa Aparicio Pellicer",35,Lima,"Google Ads",2022-01-22,Nuevo,"No especificado",narcisafalco@example.org
1303,"Iván Sales",41,Cajamarca,Email,2023-05-29,Nuevo,Femenino,uperello@example.net
1304,"Teófilo del Cabezas",19,Arequipa,Orgánico,2022-08-23,Nuevo,Femenino,chidalgo@example.net
1305,"Macaria Palmer Barrera",39,NULL,"TikTok Ads",2022-10-07,VIP,"No especificado",ricardamariscal@example.org
1306,"Eliana Falcó Carvajal",37,Cajamarca,Email,2023-11-01,Recurrente,Masculino,jose-miguel04@example.org
1307,"Apolonia Garay Almazán",37,Cajamarca,"Google Ads",2024-08-08,Nuevo,Femenino,ugallart@example.org
1308,"Rubén Múgica Hervia",35,Tacna,"TikTok Ads",2024-09-19,Nuevo,"No especificado",kbaron@example.net
1309,"Rubén Fuertes Bayona",49,Iquitos,"Meta Ads",2024-08-02,VIP,Femenino,xverdu@example.com
1310,"Claudia de Guijarro",62,Piura,"Google Ads",2022-05-20,Recurrente,"No especificado",uescamilla@example.net
1311,"Remedios Coloma Acedo",61,Chiclayo,Referido,2022-06-19,Inactivo,Femenino,begona77@example.com
1312,"Timoteo Coca-Castillo",24,Iquitos,"Meta Ads",2023-05-12,Inactivo,"No especificado",candida69@example.net
1313,"Dionisia de Canet",32,Chiclayo,Email,2024-06-15,Inactivo,Femenino,galanisidoro@example.org
1314,"Blas Alcolea Palma",26,Piura,"TikTok Ads",2022-10-15,Nuevo,Femenino,zguitart@example.org
1315,"Macario del Alcázar",37,Cuzco,Email,2024-08-22,Recurrente,"No especificado",teodoro69@example.org
1316,"Eligio Badía Castañeda",65,Trujillo,Email,2023-07-26,VIP,Masculino,jose-manuel81@example.org
1317,"Lucila Carballo Bartolomé",46,Piura,"TikTok Ads",2022-11-27,Inactivo,Femenino,marquezvictor@example.net
1318,"Jacinta Paredes Vilanova",38,Huancayo,"Meta Ads",2022-12-16,Recurrente,Femenino,jeremias90@example.com
1319,"Asunción Sans-Vara",35,Iquitos,Orgánico,2022-02-06,Recurrente,"No especificado",teodosio77@example.com
1320,"Marino de Vázquez",64,Arequipa,Orgánico,2022-07-25,Recurrente,"No especificado",zpedrero@example.com
1321,"Jenaro Modesto Anguita Barrera",44,Lima,Orgánico,2022-12-29,VIP,"No especificado",leandro60@example.org
1322,"Soraya Querol Roldan",56,Huancayo,"TikTok Ads",2023-08-26,VIP,Femenino,qguillen@example.net
1323,"Jose Luis Salcedo Beltrán",59,Cajamarca,"Google Ads",2022-09-12,VIP,"No especificado",palomarvaleria@example.org
1324,"Felipe Colomer Bastida",23,Cajamarca,"Google Ads",2024-12-30,Nuevo,Femenino,purificacion88@example.net
1325,"Emigdio Morcillo Piquer",30,Arequipa,"TikTok Ads",2024-03-11,Nuevo,Masculino,lloretangeles@example.org
1326,"Luisa Emilia Santiago Vega",46,NULL,Referido,2022-12-11,Recurrente,Masculino,carrascocalixto@example.com
1327,"Irene Ariel Carbó Garrido",31,Tacna,"Meta Ads",2022-06-08,Inactivo,Femenino,fonsecanazario@example.org
1328,"Jennifer Gracia Riba",44,Chiclayo,Referido,2022-01-23,VIP,Masculino,josue44@example.org
1329,"Sarita Santana Pujadas",65,Tacna,"TikTok Ads",2023-07-14,Recurrente,Femenino,ritajulian@example.org
1330,"Pastora Bustamante Milla",49,Piura,"TikTok Ads",2022-11-11,Recurrente,"No especificado",lope56@example.com
1331,"Estefanía Jara Perelló",51,Trujillo,"Google Ads",2024-06-21,VIP,Femenino,suarezfrancisca@example.net
1332,"Olegario Sánchez Bautista",41,Iquitos,"Meta Ads",2024-01-04,Nuevo,Femenino,rosendapuga@example.org
1333,"Severo Blázquez Buendía",21,Arequipa,Email,2022-12-31,Recurrente,Masculino,loretogallego@example.com
1334,"Ariadna Peralta Castillo",50,Chiclayo,"Meta Ads",2023-03-20,Recurrente,Masculino,ascensionsolis@example.net
1335,"América del Carvajal",28,Iquitos,"Google Ads",2022-03-12,VIP,Masculino,ynino@example.org
1336,"Felicidad Rocha Aznar",22,Piura,Email,2024-12-26,Inactivo,Femenino,raquel36@example.net
1337,"Marcelo Fabricio Ortiz Calleja",37,Trujillo,Email,2023-03-19,Recurrente,"No especificado",cgallego@example.com
1338,"Lilia Garcia-Cortes",63,Huancayo,"Meta Ads",2024-06-24,Nuevo,Femenino,pereraemilio@example.net
1339,"Consuelo Campoy Ordóñez",50,Tacna,"TikTok Ads",2022-04-08,Inactivo,Masculino,marcosagusti@example.com
1340,"Flor de Lopez",43,Piura,Orgánico,2024-12-06,Inactivo,Femenino,norberto36@example.com
1341,"Coral Romeu-Amo",26,Cajamarca,"Google Ads",2022-07-30,VIP,Femenino,umari@example.net
1342,"Áurea Máxima Lastra Andres",51,Tacna,"Google Ads",2024-03-10,Nuevo,"No especificado",antonagata@example.org
1343,"Elías Mendizábal Nicolás",54,Lima,Orgánico,2023-09-24,Recurrente,"No especificado",natalioportillo@example.com
1344,"Adelaida Escudero Clemente",19,Tacna,Referido,2024-06-28,VIP,"No especificado",rosendobartolome@example.net
1345,"Máxima Pérez-Baños",29,Piura,Referido,2022-04-18,Nuevo,Masculino,efabra@example.org
1346,"Raimundo Anglada Bravo",30,Arequipa,"Google Ads",2022-01-10,Recurrente,Masculino,clotilde74@example.org
1347,"Concepción Peñalver",30,Trujillo,Orgánico,2022-04-10,Nuevo,Masculino,cristobalelias@example.org
1348,"Jenny Nogueira Criado",21,Piura,Orgánico,2024-02-12,VIP,Masculino,lamor@example.org
1349,"Esperanza Morata Blazquez",33,Arequipa,Email,2023-02-18,NULL,Masculino,pololoreto@example.org
1350,"Casemiro Criado Ayala",20,Arequipa,"TikTok Ads",2023-05-27,Nuevo,Femenino,lupezamora@example.org
1351,"Elías Salazar Rodrigo",47,Tacna,Referido,2024-02-07,Inactivo,"No especificado",xbarcelo@example.net
1352,"María Dolores Salamanca Ribas",21,Trujillo,Referido,2023-05-04,Recurrente,Femenino,duartenacho@example.com
1353,"Cándido Vila-Carbonell",41,Piura,Email,2023-02-14,Inactivo,Femenino,hcrespo@example.org
1354,"Irene Cantero Luque",63,Piura,"Meta Ads",2022-07-07,Nuevo,"No especificado",vtejera@example.org
1355,"Lara Águila-Mendez",30,Cajamarca,Referido,2022-02-02,Nuevo,Femenino,ifabregas@example.org
1356,"Damián Prats Ballesteros",35,Chiclayo,Email,2024-05-13,Nuevo,Masculino,toni72@example.net
1357,"Cristian Mata Galván",41,Iquitos,Orgánico,2022-02-27,VIP,"No especificado",diana38@example.net
1358,"Roberto Jaume Mancebo",47,Chiclayo,"Meta Ads",2022-01-30,Recurrente,Femenino,mllorens@example.org
1359,"Azeneth Aguilera Valencia",50,Piura,"Google Ads",2023-11-22,Recurrente,"No especificado",victor-manuelbaro@example.com
1360,"Carmelita Castelló Pinto",43,Tacna,Orgánico,2023-01-29,Recurrente,Masculino,begonamulet@example.net
1361,"Ofelia de Vall",58,Huancayo,"Meta Ads",2022-05-10,Nuevo,"No especificado",dsegui@example.net
1362,"Serafina del Bello",25,Piura,"TikTok Ads",2023-03-28,Nuevo,"No especificado",boulucio@example.net
1363,"Tere Arnal Rubio",61,Lima,Email,2022-07-17,VIP,Masculino,soliver@example.net
1364,"Jeremías Bermejo Millán",19,Arequipa,"TikTok Ads",2022-12-10,VIP,Femenino,rosendo92@example.com
1365,"Inés Quiroga-Rios",33,Cuzco,Orgánico,2022-12-09,Inactivo,Masculino,gastonrosales@example.com
1366,"Baudelio Hermenegildo Almansa Morcillo",41,Piura,"TikTok Ads",2022-04-01,Inactivo,Masculino,sespanol@example.net
1367,"Salvador Seguí Paredes",49,Lima,"Meta Ads",2024-05-01,VIP,Femenino,pozuelojovita@example.org
1368,"Isaías Camacho Hervia",NULL,Lima,"Google Ads",2024-11-15,VIP,Masculino,soniacruz@example.com
1369,"Marita Pérez Zamora",46,Iquitos,"TikTok Ads",2022-08-09,Inactivo,Masculino,griselda13@example.com
1370,"Hector Menéndez Nicolás",29,Trujillo,Orgánico,2023-11-01,VIP,"No especificado",xcarrion@example.org
1371,"Flavio de Benito",48,Piura,Orgánico,2023-10-23,VIP,"No especificado",vargasmaria-dolores@example.com
1372,"Melisa Carbonell",55,Trujillo,Referido,2023-01-24,Inactivo,Masculino,ksanmartin@example.com
1373,"Lina Ferrera",53,NULL,"TikTok Ads",2023-03-01,Nuevo,Femenino,antoniaarribas@example.com
1374,"Felicia Coloma Guzman",40,Tacna,"Meta Ads",2024-03-20,VIP,"No especificado",beltranfeliciana@example.net
1375,"Camilo Jaén Figueroa",40,Cuzco,"Meta Ads",2024-05-26,VIP,Femenino,vpiquer@example.net
1376,"Marcial Coronado Benet",NULL,Tacna,Referido,2022-09-05,VIP,"No especificado",zferreras@example.org
1377,"Rolando Uribe Simó",34,Lima,"TikTok Ads",2023-04-21,Inactivo,"No especificado",iglesiadario@example.net
1378,"Pía Sanchez-Moraleda",65,Arequipa,Email,2023-03-14,Nuevo,Femenino,nachosimo@example.com
1379,"Bárbara Sabater Bayo",62,Arequipa,Email,2022-08-05,VIP,"No especificado",fbayo@example.net
1380,"Isaura Mateo Llobet",23,Trujillo,Referido,2024-01-01,Nuevo,Femenino,leyrerio@example.org
1381,"Amor Ortiz-Vera",36,Tacna,Orgánico,2023-10-25,Recurrente,Masculino,klorenzo@example.org
1382,"Fabián Serrano Sans",19,Lima,"Google Ads",2022-12-22,Inactivo,Femenino,cabreragalo@example.com
1383,"Ambrosio Peinado Madrid",42,Iquitos,Email,2022-01-31,Recurrente,Femenino,portilloflorentino@example.org
1384,"Mohamed Bosch Vendrell",21,Cajamarca,"TikTok Ads",2024-04-03,Recurrente,Femenino,llanofabio@example.com
1385,"Joaquina Armengol Sandoval",28,Tacna,"Google Ads",2023-10-10,VIP,Femenino,gaspar30@example.net
1386,"Modesta Fabra-Montoya",54,Trujillo,"Meta Ads",2022-01-25,Inactivo,Masculino,vascoasenjo@example.net
1387,"Juanita Leyre Contreras Barrio",31,Cusco,"Meta Ads",2024-03-08,Nuevo,Femenino,porterojenny@example.com
1388,"Aroa Nuñez Blasco",32,Trujillo,Email,2023-03-12,Recurrente,Femenino,mbadia@example.org
1389,"Mireia Duque",59,Lima,Orgánico,2024-07-28,Inactivo,"No especificado",pimaria-fernanda@example.org
1390,"Duilio Río Saavedra",32,Piura,"Meta Ads",2023-03-27,NULL,Femenino,reinaldogomez@example.org
1391,"Lourdes Cuenca",61,Iquitos,"Google Ads",2022-05-16,Recurrente,"No especificado",alcazartadeo@example.org
1392,"Florencia Luna Ponce",31,Lima,Orgánico,2023-07-25,Nuevo,Femenino,navasotilia@example.org
1393,"Remedios Neira Badía",35,Iquitos,Email,2024-01-26,Recurrente,Femenino,gimenezsofia@example.org
1394,"Ana Sofía Murcia Busquets",59,Chiclayo,"Meta Ads",2022-03-31,Inactivo,Femenino,lourdesdiego@example.org
1395,"Nidia del Luz",44,Chiclayo,Email,2022-05-18,Nuevo,Femenino,gvila@example.com
1396,"Porfirio Conesa-Mínguez",50,Arequipa,Orgánico,2023-03-24,VIP,"No especificado",chita39@example.org
1397,"Lupe Cid Olmo",19,Iquitos,Orgánico,2024-04-21,Inactivo,Femenino,hroman@example.org
1398,"Nacio Paco Pou Castelló",61,Tacna,Orgánico,2023-09-10,Recurrente,Femenino,curropalacios@example.com
1399,"Olga Anselma Menendez Peñas",18,Cuzco,Referido,2024-10-20,VIP,Masculino,albinoquesada@example.net
1400,"Ruth Castell Zurita",48,Cajamarca,"TikTok Ads",2022-07-28,VIP,Femenino,albano63@example.com
1401,"Mohamed Roda Verdugo",26,Trujillo,Referido,2022-12-18,VIP,Masculino,blaslopez@example.net
1402,"Agustina Pareja Mendizábal",59,Chiclayo,"Google Ads",2023-05-31,Inactivo,Femenino,armando13@example.com
1403,"Custodio Noguera Torre",29,Trujillo,Orgánico,2022-07-14,Inactivo,Femenino,maria-fernanda97@example.org
1404,"Daniel Cervantes",56,Trujillo,"TikTok Ads",2023-10-27,VIP,"No especificado",josebustamante@example.net
1405,"Antonio Marqués Cadenas",18,Cuzco,Orgánico,2024-03-06,VIP,Masculino,evangelina62@example.com
1406,"Regina Zurita",32,Lima,"TikTok Ads",2022-09-30,Recurrente,Femenino,fabiolamonreal@example.net
1407,"Natalio Navarro Castro",34,Trujillo,"Meta Ads",2023-11-12,NULL,Femenino,vbauza@example.org
1408,"Florina Calista Cámara Escrivá",56,Iquitos,"Google Ads",2022-12-26,VIP,Masculino,gpineiro@example.net
1409,"Rufina Yaiza Daza Río",37,Cuzco,"TikTok Ads",2023-10-14,Nuevo,"No especificado",anitaalcalde@example.org
1410,"Hernán Pastor Gámez",63,Chiclayo,"Google Ads",2024-09-14,Inactivo,Masculino,casanovamartin@example.org
1411,"María Jesús López Sanchez",63,Piura,Email,2022-05-19,Inactivo,Masculino,nhervia@example.org
1412,"Juanito de Mendoza",59,Trujillo,Orgánico,2023-11-18,VIP,"No especificado",cervantesreinaldo@example.com
1413,"Yaiza Ferrera Pedro",35,Arequipa,"Meta Ads",2022-02-06,VIP,"No especificado",heriberto26@example.org
1414,"Isabela Serrano-Luján",45,Cusco,Email,2024-07-08,Nuevo,Femenino,garateagueda@example.net
1415,"Lidia Álamo Riquelme",42,Lima,"TikTok Ads",2024-02-23,Nuevo,Femenino,imulet@example.com
1416,"Sebastian Flores Chacón",40,Huancayo,Referido,2024-11-12,Inactivo,Femenino,fidela08@example.com
1417,"Amancio Terrón-Pera",47,Chiclayo,"TikTok Ads",2023-04-22,Recurrente,Masculino,maricela03@example.net
1418,"Aroa de López",34,Chiclayo,Orgánico,2024-10-28,Inactivo,Femenino,octavio33@example.net
1419,"Rico Cueto Llamas",31,Huancayo,"TikTok Ads",2022-01-28,Recurrente,Femenino,hurtadonicolasa@example.net
1420,"Yolanda Vilanova Colom",47,Iquitos,"Google Ads",2023-04-22,VIP,Femenino,emapizarro@example.net
1421,"Apolonia Girona Sanmartín",37,Piura,"TikTok Ads",2022-02-13,Recurrente,Femenino,gervasio70@example.org
1422,"Íngrid Amor Ribera",61,Chiclayo,Orgánico,2022-09-12,VIP,"No especificado",mbecerra@example.org
1423,"Hector Vallés Pereira",51,Chiclayo,Orgánico,2023-09-25,Inactivo,"No especificado",hernandocasas@example.org
1424,"Guadalupe de Perera",57,Lima,Referido,2023-04-30,VIP,"No especificado",dorafuente@example.org
1425,"Alberto del Cabeza",43,Chiclayo,"Meta Ads",2024-05-27,Nuevo,Masculino,rojasluciana@example.com
1426,"Rosa María Coll Cervantes",55,Cusco,"Meta Ads",2023-05-14,VIP,Masculino,fidel33@example.com
1427,"Eric Sureda Chamorro",24,Iquitos,"Meta Ads",2022-06-12,Nuevo,"No especificado",eloisaibarra@example.com
1428,"Jacinta Adadia Bernad",18,Piura,Email,2022-05-03,Inactivo,"No especificado",corona73@example.com
1429,"Eduardo Garriga Conde",50,Arequipa,"Meta Ads",2022-10-09,Nuevo,Femenino,xbernal@example.com
1430,"Pascuala del Cantero",60,Piura,Email,2024-02-07,Recurrente,Femenino,ediez@example.com
1431,"Diego Eutropio Carro Asenjo",41,Iquitos,"TikTok Ads",2024-10-18,VIP,Masculino,nvazquez@example.net
1432,"Hugo del Barros",53,Tacna,Referido,2023-08-31,Nuevo,Masculino,ycosta@example.com
1433,"Silvio Valero Alegre",59,Cuzco,Orgánico,2023-02-18,Nuevo,Masculino,pizarroteofilo@example.org
1434,"Maricela Herranz",56,Tacna,Email,2022-11-07,Inactivo,Masculino,dulce82@example.net
1435,"Esteban Román Abellán",56,Iquitos,"TikTok Ads",2024-02-09,VIP,Femenino,jose-angelpintor@example.com
1436,"Feliciana Dalila Riera Exposito",36,Lima,Referido,2023-02-23,Nuevo,"No especificado",wilfredo46@example.net
1437,"Juan Francisco Palomo Bauzà",37,Arequipa,Email,2022-03-19,Inactivo,Femenino,vbello@example.org
1438,"Macaria Vera",61,Piura,Referido,2023-05-03,VIP,"No especificado",jferran@example.org
1439,"Manola Almagro",24,Trujillo,"TikTok Ads",2024-06-27,Nuevo,"No especificado",albertorosalva@example.net
1440,"Trinidad Soriano Arranz",48,Cajamarca,"Meta Ads",2023-11-05,Nuevo,Femenino,amparo66@example.com
1441,"Florentina Izaguirre Alegre",22,Piura,"Meta Ads",2022-10-02,VIP,Masculino,rodrigo74@example.net
1442,"Rocío Bauzà Ochoa",39,Lima,"TikTok Ads",2023-07-24,Recurrente,"No especificado",rebollosonia@example.org
1443,"Quique de Márquez",NULL,Arequipa,Referido,2023-10-13,VIP,Femenino,plazaclarisa@example.org
1444,"Alfredo Ortuño Nevado",58,Cajamarca,"Google Ads",2022-03-23,VIP,"No especificado",maria-carmenrubio@example.com
1445,"Severo Sobrino Tejero",38,Cusco,Referido,2024-12-02,Recurrente,"No especificado",araceli75@example.net
1446,"Santiago Cepeda Barroso",35,Iquitos,Email,2024-04-29,Nuevo,Femenino,polangeles@example.com
1447,"Alicia Marcos Fortuny",34,Iquitos,Referido,2023-08-14,VIP,Masculino,jose-carlostejedor@example.org
1448,"Ruy Flores Arnaiz",NULL,Cuzco,"TikTok Ads",2022-02-18,Recurrente,Femenino,evangelina02@example.com
1449,"Úrsula Menéndez Villalba",63,Cajamarca,Orgánico,2023-04-15,Recurrente,"No especificado",qcolom@example.org
1450,"Sabina Sáenz Isern",59,Tacna,"Google Ads",2023-11-10,Inactivo,"No especificado",albanocaro@example.org
1451,"Renato Feijoo Macias",37,Arequipa,Referido,2023-12-03,Nuevo,Femenino,tpuga@example.net
1452,"Tere Asenjo Mármol",30,Cuzco,"Google Ads",2023-05-12,VIP,Masculino,villegasvirginia@example.org
1453,"Bernabé Pedro-Rueda",27,Cajamarca,"Google Ads",2023-02-26,Recurrente,Masculino,bdaza@example.com
1454,"Perlita Sabater Pomares",51,Chiclayo,Referido,2022-04-21,Nuevo,Masculino,angelita86@example.net
1455,"Cayetana Valderrama Valencia",33,Piura,Referido,2023-05-24,Inactivo,"No especificado",macarena61@example.org
1456,"Ángela Vives Lasa",21,Lima,"Meta Ads",2023-04-01,VIP,Femenino,odalys24@example.net
1457,"Prudencio Rodriguez Bermúdez",56,Cuzco,Referido,2024-02-21,Recurrente,Femenino,marianelapuig@example.net
1458,"María Cristina Escribano Marin",43,Lima,Referido,2024-12-03,Inactivo,"No especificado",adolfo27@example.org
1459,"Aroa Bernal Mosquera",60,Tacna,"Meta Ads",2023-10-21,Inactivo,Femenino,becerramaria-angeles@example.net
1460,"Ezequiel Jacinto Rojas Diaz",38,Tacna,"Meta Ads",2023-01-11,Inactivo,Femenino,azapata@example.net
1461,"Felicia Salvador Arnal",61,Chiclayo,Orgánico,2024-06-24,Nuevo,Femenino,luz62@example.org
1462,"María Luisa Royo Llobet",26,Iquitos,Referido,2022-01-13,VIP,Masculino,gilberto23@example.com
1463,"Anselmo Ramis Parra",64,Cusco,Email,2022-05-13,VIP,Femenino,anicanet@example.com
1464,"Rosario Cuesta",19,Arequipa,"Google Ads",2024-10-03,VIP,Masculino,gilbertofont@example.org
1465,"Calixto Ríos Arana",59,Iquitos,"TikTok Ads",2022-05-24,Recurrente,"No especificado",nydiafeliu@example.com
1466,"Anastasio Guzman Pazos",49,Cajamarca,"Meta Ads",2023-01-30,Inactivo,Masculino,osaez@example.net
1467,"Fátima Antúnez Corral",36,Iquitos,"TikTok Ads",2022-04-17,VIP,Femenino,delgadocebrian@example.com
1468,"Flora Peral Saldaña",34,Arequipa,Referido,2022-10-17,Recurrente,"No especificado",pinaedelmiro@example.com
1469,"Luciano Cervantes Ávila",44,Piura,Email,2023-02-23,Recurrente,Femenino,noguesamor@example.net
1470,"Gisela Miralles Lopez",43,Tacna,"Google Ads",2022-09-15,VIP,Masculino,aletoro@example.net
1471,"Baudelio de Estrada",42,Piura,Referido,2022-07-07,Recurrente,Masculino,agustibenjamin@example.com
1472,"Lorenza Pombo Carranza",65,Cuzco,Email,2022-12-22,Inactivo,"No especificado",arnaizcleto@example.org
1473,"Roldán Juliá-Salmerón",20,Iquitos,"Google Ads",2023-02-23,Recurrente,Femenino,penaelisa@example.net
1474,"Mariano Machado",55,Cuzco,Email,2023-04-29,VIP,"No especificado",amalia75@example.net
1475,"Chus Casado Cerdá",63,Piura,"Meta Ads",2024-11-05,VIP,Masculino,xnavarro@example.net
1476,"Jaime Duque Salgado",54,Tacna,Referido,2022-06-10,Nuevo,"No especificado",maxi35@example.net
1477,"Sandalio Montenegro Olivera",30,Trujillo,Email,2024-05-22,VIP,Masculino,npinedo@example.org
1478,"Leonardo Manrique Marín",39,Chiclayo,Email,2024-08-14,Inactivo,Femenino,samanta51@example.org
1479,"Pelayo Dávila Pardo",64,Cuzco,Referido,2023-09-30,NULL,Masculino,uquerol@example.org
1480,"Consuelo Carrión",63,Cusco,"Google Ads",2022-12-03,Inactivo,Femenino,casadoruperta@example.net
1481,"Ruy Chamorro",32,Trujillo,Referido,2023-02-09,NULL,"No especificado",juana35@example.com
1482,"Ruperto del Amo",61,Cajamarca,Email,2023-05-17,Nuevo,"No especificado",avilla@example.net
1483,"Manola Peinado Solsona",52,Cajamarca,"TikTok Ads",2024-05-18,Recurrente,"No especificado",abrahammontserrat@example.org
1484,"Belén de Bastida",58,Piura,Orgánico,2022-12-28,Inactivo,Femenino,samanta05@example.net
1485,"Heliodoro Plinio Tejero Zaragoza",48,Cuzco,"TikTok Ads",2023-05-25,VIP,"No especificado",mguillen@example.com
1486,"Rebeca Recio Benavent",60,Tacna,"Google Ads",2023-09-13,VIP,"No especificado",wbertran@example.com
1487,"Federico Benavent Sandoval",40,Lima,Email,2023-08-08,NULL,Femenino,ucabrera@example.com
1488,"Nieves Villar Ocaña",50,Piura,Orgánico,2024-07-07,VIP,"No especificado",elvira32@example.net
1489,"Valentín Espada Castelló",37,Piura,"Google Ads",2023-02-17,Inactivo,Masculino,castellanastasia@example.org
1490,"Lidia Baquero Casanova",28,Chiclayo,"TikTok Ads",2023-07-11,Inactivo,Masculino,pepita87@example.org
1491,"Calista Mateu",60,Cusco,"Meta Ads",2024-09-12,Inactivo,Masculino,ecarlos@example.net
1492,"Cecilio Mora Gomis",53,Cajamarca,Referido,2022-06-13,Inactivo,"No especificado",jose-franciscogalan@example.org
1493,"Lorenza Luz Bermúdez",29,Cajamarca,"Google Ads",2024-01-07,Inactivo,"No especificado",camachotrinidad@example.net
1494,"Clímaco Llobet-Casares",36,Iquitos,"Google Ads",2024-03-26,Nuevo,"No especificado",cuetoursula@example.com
1495,"Marino Juanito Bueno Valverde",24,Huancayo,Email,2024-02-13,Nuevo,Femenino,olozano@example.net
1496,"Manu Correa Donoso",48,Huancayo,Orgánico,2022-12-10,Inactivo,Femenino,graciela71@example.net
1497,"Pacífica Xiomara Nebot Armengol",26,Huancayo,"TikTok Ads",2024-08-22,Nuevo,Femenino,agatatellez@example.org
1498,"Apolinar Arroyo Landa",65,Chiclayo,"Google Ads",2024-06-22,Recurrente,"No especificado",salome39@example.net
1499,"Rodolfo Riera",34,Tacna,Referido,2024-05-15,VIP,Masculino,novoarene@example.net
1500,"Micaela Ale Valenciano Manjón",64,Huancayo,"Google Ads",2024-10-31,Recurrente,Masculino,zrueda@example.org
1501,"Jose Antonio Donato Ramis Martorell",53,Trujillo,"Google Ads",2024-06-06,VIP,Femenino,juan-antoniocarlos@example.com
1502,"Angelina Barreda Cruz",29,Arequipa,Email,2022-11-16,Recurrente,Femenino,cantonchuy@example.com
1503,"Herminia Tomé Sobrino",61,Piura,"Google Ads",2024-09-14,VIP,Masculino,marcelacarmona@example.net
1504,"Francisco Cobo",39,Tacna,Orgánico,2022-02-10,Nuevo,Femenino,edu56@example.net
1505,"Tere Montaña Ojeda",59,Cajamarca,Email,2024-02-21,Inactivo,Femenino,mercaderbernabe@example.net
1506,"Belén Pellicer Villa",23,Iquitos,"Meta Ads",2024-05-25,Recurrente,Femenino,rebecapons@example.com
1507,"Ascensión del Herranz",32,Arequipa,"Meta Ads",2022-06-20,Inactivo,Masculino,maria-manuela52@example.net
1508,"Azucena Lastra Sancho",40,Chiclayo,"TikTok Ads",2023-09-07,Nuevo,"No especificado",custodioprats@example.org
1509,"Calisto de Ayuso",32,Piura,"TikTok Ads",2022-11-09,Inactivo,"No especificado",jmolina@example.com
1510,"Gregorio Toni Ripoll Hurtado",65,Chiclayo,"TikTok Ads",2022-12-26,Inactivo,Femenino,angelinasarmiento@example.org
1511,"Santos Morán Milla",37,Chiclayo,Email,2023-06-11,NULL,Femenino,esteban09@example.com
1512,"Rico Cuervo",44,Trujillo,Orgánico,2024-02-19,Nuevo,"No especificado",ani14@example.net
1513,"Lola Solera Valenzuela",39,Lima,Email,2024-08-07,NULL,"No especificado",fgarriga@example.com
1514,"Jose Ramón Aitor Bosch Pozuelo",41,Lima,Email,2023-09-19,VIP,Masculino,zbarral@example.com
1515,"Jesusa Hernando",34,Chiclayo,Email,2024-07-17,Nuevo,Masculino,pastoragalvez@example.net
1516,"Lupe Osorio",55,Huancayo,Email,2023-08-04,VIP,Masculino,juanitabadia@example.org
1517,"Amador Lucena Uría",36,Cajamarca,"Google Ads",2024-02-08,Nuevo,"No especificado",tpou@example.net
1518,"Vera Soledad Sosa Macias",47,Arequipa,"TikTok Ads",2024-09-11,VIP,Femenino,alfredopoza@example.com
1519,"Adelia de Rosa",25,Huancayo,"TikTok Ads",2022-05-28,Inactivo,Femenino,wsaenz@example.com
1520,"Valero Lamas Paz",48,Cuzco,Referido,2023-11-14,VIP,Femenino,hbello@example.net
1521,"Flavia Arrieta Pérez",21,Cajamarca,"Meta Ads",2022-10-07,Nuevo,Femenino,lorenzo38@example.com
1522,"Lucas Ferreras Pareja",58,Chiclayo,"TikTok Ads",2024-08-19,Nuevo,Masculino,castromoises@example.net
1523,"Elvira de Pomares",55,Cusco,Orgánico,2023-02-05,Nuevo,"No especificado",mateuzacarias@example.net
1524,"Javiera Losa",55,Huancayo,"Google Ads",2022-11-13,Recurrente,Masculino,crescenciacervantes@example.com
1525,"Nieves María Jesús Carrera Castells",57,Cusco,"Meta Ads",2023-01-24,Recurrente,"No especificado",jmanuel@example.org
1526,"Haroldo Perea Nicolau",22,Chiclayo,Referido,2022-01-09,Inactivo,Femenino,nildaferran@example.net
1527,"Flavia de Flor",48,Trujillo,Email,2022-01-27,Recurrente,Masculino,paredeslucila@example.net
1528,"Liliana Gracia Vall Arjona",30,Lima,Referido,2024-10-22,Recurrente,"No especificado",colomarenato@example.com
1529,"Alejo Cerro Mínguez",50,Arequipa,"Meta Ads",2024-02-06,Recurrente,Femenino,angelesbarbero@example.org
1530,"Lorenza Saura Company",25,Cusco,"TikTok Ads",2024-10-03,VIP,Masculino,ainoa20@example.org
1531,"Virginia Lola Chaves Mosquera",61,Chiclayo,"Meta Ads",2024-04-08,VIP,"No especificado",dorita62@example.net
1532,"Esther Candelas Pozo Martínez",42,Trujillo,"Google Ads",2024-05-01,Nuevo,Femenino,chierro@example.org
1533,"Evangelina Vendrell-Vergara",51,Tacna,"Google Ads",2024-03-19,Inactivo,"No especificado",regulotorres@example.com
1534,"Laura del Taboada",37,Huancayo,Orgánico,2024-02-04,Recurrente,Femenino,fortunataperez@example.net
1535,"Gerónimo Muñoz Canals",44,Lima,Email,2024-02-26,Nuevo,Femenino,silvarosaura@example.net
1536,"Marisela Mena Amor",21,NULL,"TikTok Ads",2024-09-29,Nuevo,"No especificado",ollopis@example.net
1537,"Juana Dulce Goñi Aznar",27,Chiclayo,"TikTok Ads",2023-09-23,Nuevo,Femenino,apedrero@example.org
1538,"Julia Donaire-Zamora",26,Arequipa,Referido,2022-05-26,Recurrente,"No especificado",blanchdomingo@example.com
1539,"Remedios Sol Pinto Coloma",30,Huancayo,Email,2024-04-17,Nuevo,Masculino,alonsotena@example.com
1540,"Alcides de Farré",39,Trujillo,Referido,2022-03-21,Nuevo,"No especificado",escrivarodrigo@example.com
1541,"Isidro Mir Riquelme",44,Huancayo,Email,2022-09-12,Recurrente,Masculino,kmartin@example.org
1542,"Hilario Frías Reguera",54,Tacna,"Meta Ads",2024-02-28,Recurrente,"No especificado",morellbernardo@example.net
1543,"Remedios Soto",47,Tacna,"Meta Ads",2022-11-29,Nuevo,Masculino,santiagoaller@example.com
1544,"Patricio Cervera Villena",27,Cajamarca,Email,2023-02-02,Inactivo,"No especificado",hbartolome@example.net
1545,"Lisandro Morcillo",38,Iquitos,Orgánico,2024-06-12,Nuevo,Masculino,galangenoveva@example.org
1546,"Lucila Peñas Mir",63,Huancayo,"Meta Ads",2023-06-07,Inactivo,"No especificado",rosalvaescolano@example.org
1547,"Jeremías Noriega Pablo",29,Cajamarca,Orgánico,2023-12-15,Inactivo,Masculino,hmiralles@example.org
1548,"Marcos Tomé-Fernandez",23,Tacna,"Meta Ads",2024-11-09,Nuevo,"No especificado",consuelofabregas@example.net
1549,"Emilio del Gomila",49,Cuzco,"TikTok Ads",2024-09-27,Nuevo,Masculino,chuchojerez@example.org
1550,"Rogelio Ernesto Galan Torrijos",39,Tacna,"Google Ads",2024-01-25,VIP,"No especificado",casanovasantonia@example.com
1551,"Julia Oller Llanos",58,Huancayo,"Google Ads",2022-04-29,Inactivo,Femenino,candelas26@example.net
1552,"Benjamín Luciano Pino Prat",29,Trujillo,"TikTok Ads",2024-02-29,Inactivo,"No especificado",hurtadomarcelo@example.org
1553,"Reina Coll Manrique",38,Huancayo,Email,2024-05-18,Recurrente,"No especificado",genoveva87@example.org
1554,"Ernesto Bermúdez Olivares",58,Huancayo,Referido,2023-05-21,Recurrente,Masculino,hmilla@example.com
1555,"Morena Jerez Tello",21,Piura,"Google Ads",2023-05-12,VIP,Masculino,javieracabeza@example.net
1556,"Cosme Linares",18,Chiclayo,"Meta Ads",2024-09-05,NULL,"No especificado",galvezangelino@example.org
1557,"Obdulia del Cervantes",46,Piura,"Meta Ads",2022-03-12,Nuevo,Femenino,marcelinogarrido@example.org
1558,"Mario Heras Herrera",35,Tacna,"Google Ads",2024-01-11,Inactivo,Femenino,domitilapalomar@example.com
1559,"Nicanor Gonzalez Guerrero",NULL,Huancayo,"Google Ads",2022-02-27,Recurrente,Femenino,luisinaroca@example.org
1560,"Aureliano Reyes Murillo",28,Chiclayo,Referido,2022-10-30,Nuevo,Femenino,juan-bautista62@example.com
1561,"Armida Cervantes Adadia",54,NULL,"Google Ads",2023-06-20,Recurrente,"No especificado",qblanco@example.net
1562,"Áurea de Ramírez",28,Huancayo,Email,2024-07-21,Recurrente,Masculino,iclemente@example.org
1563,"Judith Flores Madrigal",49,Arequipa,Referido,2022-10-29,Recurrente,"No especificado",leonevita@example.net
1564,"Eloísa Barranco Borrás",23,Piura,"TikTok Ads",2023-06-05,Recurrente,Femenino,lidiaperales@example.net
1565,"Cristina Arcos-Díez",26,Chiclayo,"TikTok Ads",2023-05-22,Recurrente,Masculino,simoncorral@example.com
1566,"Vera Echeverría Arce",57,Piura,"Google Ads",2022-11-27,Inactivo,Masculino,bpinilla@example.net
1567,"Rocío Valbuena Estrada",45,Iquitos,"Meta Ads",2022-01-26,Inactivo,"No especificado",casemiroleon@example.org
1568,"Urbano Alejo Agullo Martín",58,Iquitos,"TikTok Ads",2022-08-28,VIP,"No especificado",ramirezblas@example.com
1569,"María Cristina Campo-Naranjo",45,Tacna,"Google Ads",2022-07-09,VIP,Femenino,parejovirginia@example.com
1570,"Javi Miguel Ángel Zamora Uribe",43,Arequipa,Email,2024-02-27,Nuevo,Femenino,esteban34@example.org
1571,"Teodoro Varela Solé",45,Trujillo,Email,2024-03-25,Inactivo,"No especificado",piivan@example.com
1572,"Clemente Capdevila-Muro",48,Trujillo,"Meta Ads",2022-06-14,VIP,"No especificado",casalgabino@example.net
1573,"Pío Segarra Jimenez",42,Chiclayo,Referido,2024-11-27,VIP,"No especificado",dionisia71@example.net
1574,"Adrián Navas Marquez",NULL,Cuzco,"Meta Ads",2023-01-22,Inactivo,Femenino,juanita94@example.net
1575,"Nereida Ferrando-Echevarría",20,Trujillo,"Google Ads",2024-05-16,Inactivo,Masculino,ema10@example.org
1576,"Tatiana Micaela Ramirez Roma",52,Chiclayo,"Meta Ads",2022-12-06,Nuevo,Femenino,maricruz62@example.com
1577,"Eugenia Bolaños",30,Arequipa,Referido,2024-05-24,Inactivo,"No especificado",ltapia@example.org
1578,"Nayara Bustos Esteban",NULL,Cuzco,Orgánico,2023-06-02,Inactivo,Femenino,agapito82@example.net
1579,"Jorge Morales Hurtado",41,Cuzco,"Meta Ads",2023-09-11,Inactivo,Masculino,ericpinedo@example.net
1580,"Eladio Pla Gutiérrez",18,Iquitos,"TikTok Ads",2024-10-22,Recurrente,"No especificado",balduino53@example.net
1581,"Primitiva Lasa Murcia",38,Tacna,Referido,2024-12-27,Nuevo,Femenino,lseco@example.com
1582,"Lupe Porfirio Alberdi Jurado",51,Huancayo,Orgánico,2024-02-23,VIP,Masculino,nazaret78@example.com
1583,"Nydia Guzman Barrios",30,Cusco,Referido,2023-09-23,Inactivo,Masculino,tiburcio83@example.com
1584,"Joan Melero Cuesta",19,Lima,Referido,2024-04-22,Nuevo,Masculino,mayoralsantos@example.com
1585,"Noelia Valverde Mercader",61,Chiclayo,"TikTok Ads",2022-07-02,Inactivo,Femenino,bernadcarmelo@example.net
1586,"Miguel Marquez Pedrero",18,Cusco,Orgánico,2022-08-12,Nuevo,Femenino,cirodalmau@example.net
1587,"Consuela Constanza Cañellas Tejera",58,Cusco,"Meta Ads",2023-12-07,VIP,Masculino,blazquezmar@example.com
1588,"Javi Pereira Ricart",NULL,Cajamarca,Orgánico,2022-10-20,Nuevo,Femenino,balarcon@example.net
1589,"Zaira del Gil",33,Lima,"Meta Ads",2023-07-05,Inactivo,Masculino,alexandravalenciano@example.net
1590,"Noé de Zaragoza",32,Cajamarca,"TikTok Ads",2023-03-06,Nuevo,"No especificado",ramirezalberto@example.net
1591,"Lucía Pardo Bermejo",62,Cuzco,Referido,2024-03-26,VIP,"No especificado",visitacionaguilar@example.net
1592,"Aurelia Barrio-Vega",40,Huancayo,"Meta Ads",2023-09-23,Recurrente,Femenino,pochoa@example.net
1593,"Luciano Conde",37,Lima,Email,2022-01-14,Inactivo,"No especificado",sanabriaflorentino@example.net
1594,"Fernando Viña Sala",26,Iquitos,Orgánico,2022-12-11,Inactivo,Femenino,gabinobenavides@example.com
1595,"Noé Fuertes Torrijos",24,Piura,Orgánico,2024-10-04,VIP,"No especificado",aroaosuna@example.org
1596,"Vinicio Vicens Salinas",42,Cusco,"Google Ads",2022-01-04,Nuevo,"No especificado",yvalbuena@example.org
1597,"Javi Catalán Vilanova",50,Cuzco,Referido,2022-07-18,Recurrente,Masculino,daniel53@example.net
1598,"Jessica Barco Sevilla",55,Tacna,Referido,2022-05-24,VIP,"No especificado",manriquemarcelino@example.com
1599,"Porfirio Aitor Priego Iñiguez",37,Tacna,"TikTok Ads",2024-05-05,Recurrente,Femenino,juan-manuel30@example.net
1600,"Ramón Gibert Beltran",28,Cajamarca,"Meta Ads",2024-12-11,VIP,"No especificado",tgelabert@example.net
1601,"Héctor Ocaña Bartolomé",22,Chiclayo,"TikTok Ads",2024-05-03,Inactivo,"No especificado",sierratecla@example.net
1602,"América de Suarez",20,Huancayo,"TikTok Ads",2023-08-14,Nuevo,Masculino,wbarcelo@example.org
1603,"Eric Rebollo Escolano",37,Chiclayo,Email,2024-06-01,Recurrente,Masculino,tmoya@example.com
1604,"Rodolfo Rivera Perelló",36,Piura,Referido,2022-12-16,Recurrente,Masculino,adadiapancho@example.net
1605,"Jacinta Pina Peña",47,Cuzco,Email,2022-12-28,VIP,Masculino,samupacheco@example.org
1606,"Néstor Cañas Oliveras",64,Huancayo,"Google Ads",2024-02-07,VIP,Femenino,rosaamparo@example.org
1607,"Chuy Pozo Ángel",51,Lima,Orgánico,2023-01-17,Inactivo,Masculino,angelaroa@example.org
1608,"Prudencio Gisbert Acevedo",56,Cusco,"TikTok Ads",2022-10-03,Recurrente,Masculino,fcasals@example.org
1609,"Eustaquio Sierra Rodrigo",51,Iquitos,"TikTok Ads",2023-02-10,VIP,Masculino,maria-joseibanez@example.org
1610,"Fortunata de Huertas",39,Cusco,Email,2024-09-23,VIP,"No especificado",xprats@example.com
1611,"Fanny Cortina Llorens",45,Trujillo,Referido,2023-01-08,Inactivo,"No especificado",tiburcio28@example.com
1612,"Urbano Carbajo",61,Huancayo,Orgánico,2024-10-26,Nuevo,Masculino,rodenasgala@example.com
1613,"Sandalio Rius Alcázar",26,Trujillo,"TikTok Ads",2022-08-14,NULL,Masculino,enriqueotero@example.net
1614,"Cristian de Cabrero",NULL,Cajamarca,Email,2024-07-11,Inactivo,"No especificado",wadan@example.net
1615,"Alexandra Itziar Atienza Hierro",49,Tacna,Email,2023-03-12,Inactivo,Femenino,danfalco@example.com
1616,"Herberto Ródenas Guillén",40,Lima,"Meta Ads",2023-01-16,Recurrente,Masculino,canellasruperto@example.com
1617,"Concha de Chaves",30,Cuzco,Orgánico,2023-02-16,VIP,Femenino,valentina02@example.net
1618,"Ema Guillén",28,Cajamarca,Email,2022-05-01,Recurrente,Femenino,alejandralarranaga@example.org
1619,"Esther Montes-Gálvez",43,Cajamarca,"Meta Ads",2023-01-10,VIP,Masculino,jtorrijos@example.com
1620,"Urbano Calixto Vázquez Giner",19,Lima,Referido,2023-01-28,VIP,"No especificado",morenopulido@example.net
1621,"Emperatriz Llopis Barrera",32,Arequipa,Email,2023-06-16,Inactivo,Masculino,hcatala@example.org
1622,"Marta de Roldán",32,Cuzco,"Meta Ads",2024-04-17,Nuevo,Masculino,casesfabricio@example.com
1623,"Leocadia de Ocaña",64,Trujillo,"Meta Ads",2024-06-21,Nuevo,Femenino,guzmanbaldomero@example.net
1624,"Roberta Zamorano Montalbán",26,Huancayo,Orgánico,2022-08-12,Nuevo,Masculino,timoteo90@example.com
1625,"Guadalupe Company Marín",31,Trujillo,"TikTok Ads",2022-12-07,Recurrente,Femenino,smancebo@example.com
1626,"Catalina Sáenz Hernando",64,Lima,"Meta Ads",2022-06-13,Recurrente,Femenino,romeujose-miguel@example.net
1627,"Eutimio de Sierra",19,Piura,Email,2023-08-24,Nuevo,Masculino,luisinavidal@example.org
1628,"Lisandro Rey Riera",55,Cusco,"Google Ads",2022-06-25,Nuevo,Masculino,lisandrocardona@example.com
1629,"Luisa de Pont",50,Iquitos,Referido,2024-02-13,Inactivo,Femenino,griseldaromeu@example.org
1630,"Edu de Murillo",28,Chiclayo,Email,2022-09-13,Inactivo,Masculino,scalderon@example.net
1631,"Íñigo Sandoval Peláez",25,Huancayo,Email,2023-07-21,VIP,Masculino,gonzalocomas@example.org
1632,"Julio Farré Aznar",NULL,Iquitos,Referido,2022-05-12,Recurrente,Femenino,catalansalvador@example.org
1633,"Gonzalo Ariza-Beltran",63,Iquitos,Referido,2023-12-02,Recurrente,Masculino,gregorio26@example.org
1634,"Samu Gaya",59,Cusco,"Meta Ads",2022-03-02,Nuevo,Femenino,ciriacoazcona@example.com
1635,"Claudia Méndez Mateo",20,Piura,Email,2023-04-26,Recurrente,Masculino,tzapata@example.net
1636,"Curro Falcón Carpio",42,Cuzco,"Meta Ads",2024-09-05,Inactivo,Femenino,ivannavarrete@example.com
1637,"Zoraida Herrera Fuente",58,Piura,Orgánico,2024-09-20,Inactivo,"No especificado",gbarriga@example.com
1638,"Zoraida Heras Montoya",34,Arequipa,"Meta Ads",2022-07-26,Nuevo,"No especificado",mayodamian@example.com
1639,"Goyo Joan Palomar Mendez",52,Huancayo,Orgánico,2022-01-20,Nuevo,Masculino,lisandro56@example.org
1640,"Geraldo Vilalta-Valencia",57,Lima,"TikTok Ads",2022-05-06,VIP,Femenino,teresa02@example.org
1641,"Ariel Soria Montero",21,Tacna,"Google Ads",2023-06-29,Nuevo,Masculino,azoringertrudis@example.net
1642,"Gil Milla",56,Lima,Email,2022-01-15,Nuevo,Femenino,iban47@example.com
1643,"Amalia Giralt Coello",21,Iquitos,Orgánico,2022-03-27,Nuevo,Femenino,rosagil@example.com
1644,"Eladio Rios Marquez",60,Chiclayo,"Google Ads",2022-07-18,Inactivo,Femenino,vparra@example.com
1645,"Clímaco Murcia Grau",24,Arequipa,Referido,2023-03-09,VIP,Masculino,caballerohaydee@example.org
1646,"Mariana Hoyos Valera",59,Lima,"TikTok Ads",2024-12-05,Nuevo,Masculino,natanaelpalomo@example.net
1647,"Morena del Jiménez",19,Lima,"Meta Ads",2022-01-15,Recurrente,Femenino,manuelita98@example.net
1648,"Paloma Trujillo Serna",21,Chiclayo,"Google Ads",2024-02-09,VIP,"No especificado",jordan43@example.net
1649,"Quique Ortuño Dominguez",62,Chiclayo,Orgánico,2024-12-01,Nuevo,Masculino,gbonet@example.org
1650,"Plácido Torres Espejo",25,Lima,Email,2023-06-29,Inactivo,Masculino,armengoldelia@example.net
1651,"Miguela de Zamora",44,Cajamarca,"TikTok Ads",2024-09-22,Inactivo,Masculino,guadalupesalinas@example.org
1652,"Simón Benavente Atienza",46,Trujillo,Referido,2024-08-27,Recurrente,"No especificado",novoamarcial@example.net
1653,"Hilario Cervantes Guardia",42,Chiclayo,Referido,2023-11-22,Recurrente,"No especificado",ifranch@example.net
1654,"Paulino Corbacho Agullo",25,Trujillo,"Google Ads",2024-05-29,Recurrente,"No especificado",armandocastell@example.org
1655,"José Antonio Sarmiento",NULL,Huancayo,"Google Ads",2023-11-21,VIP,"No especificado",wiriarte@example.net
1656,"América Tomas Torrents",34,NULL,"Meta Ads",2024-01-30,Inactivo,Masculino,teresa57@example.net
1657,"Abraham Reina Albero",48,Cajamarca,Referido,2023-12-04,Inactivo,Masculino,rubioborja@example.com
1658,"Juan Manuel Llobet Madrid",62,Chiclayo,"TikTok Ads",2023-10-08,VIP,Masculino,gzabaleta@example.org
1659,"José Ros Escobar",27,Huancayo,"TikTok Ads",2023-05-06,Recurrente,Masculino,elenalledo@example.net
1660,"Ángel Bárcena Zamora",31,Piura,Referido,2024-01-10,Recurrente,Femenino,luis-miguelarroyo@example.net
1661,"Dionisio Fernandez Zurita",62,Iquitos,"Meta Ads",2024-03-27,Recurrente,"No especificado",falconmanu@example.com
1662,"Saturnino Pablo-Lastra",61,Trujillo,Email,2024-02-15,Inactivo,"No especificado",evilanova@example.org
1663,"Ani Perea Ramis",58,Cajamarca,"Meta Ads",2022-04-28,Recurrente,Femenino,yvergara@example.net
1664,"Marcia Hervia Gonzalez",18,Cajamarca,Orgánico,2023-12-31,Nuevo,"No especificado",mperez@example.com
1665,"Octavio Severiano Berrocal Angulo",37,Arequipa,Orgánico,2023-11-08,Nuevo,Femenino,geronimoacevedo@example.org
1666,"Hermenegildo Pinilla Pi",44,Trujillo,"Google Ads",2022-07-25,Nuevo,Femenino,doraagullo@example.net
1667,"Juanita de Agustí",60,Piura,"Meta Ads",2022-01-07,Recurrente,Masculino,tvara@example.net
1668,"Ariel Valero Roura",24,Arequipa,"Meta Ads",2024-07-24,Nuevo,Masculino,marcio34@example.net
1669,"Marcia Bustos Álvarez",60,Cajamarca,"TikTok Ads",2024-04-02,Recurrente,Masculino,carmina12@example.org
1670,"Darío Galván Talavera",51,Lima,"Google Ads",2022-10-12,Nuevo,"No especificado",garatelupe@example.org
1671,"Alonso Benavente-Lozano",35,Piura,"TikTok Ads",2022-02-22,VIP,Femenino,sollobato@example.org
1672,"Marcela de Escobar",57,NULL,Email,2022-09-09,Inactivo,Femenino,samanta03@example.org
1673,"Adriana Galan Cobos",56,Cusco,"Meta Ads",2024-12-22,Nuevo,Femenino,abellaflorencia@example.com
1674,"Áurea Benítez Martínez",62,Cusco,"TikTok Ads",2023-07-27,VIP,"No especificado",moreno18@example.com
1675,"Lope Hernandez Porcel",NULL,Chiclayo,Referido,2023-05-25,Recurrente,Masculino,sebastianmarino@example.com
1676,"Eusebia del Chaves",NULL,Arequipa,"TikTok Ads",2024-01-25,Inactivo,Femenino,alarconpalmira@example.com
1677,"Josué Oliva Baeza",24,Cajamarca,"Meta Ads",2024-07-14,Recurrente,Masculino,lupelosa@example.org
1678,"Isaías Guerra Benitez",50,Chiclayo,Email,2024-08-31,Recurrente,Masculino,alcides89@example.org
1679,"María Del Carmen Puente Morera",64,Arequipa,"Meta Ads",2024-11-20,Inactivo,Femenino,ojimenez@example.net
1680,"Maximiliano Llano Sanjuan",57,Piura,Referido,2024-04-26,VIP,Femenino,olgasalamanca@example.org
1681,"Corona Pagès Perez",25,Cajamarca,Orgánico,2023-01-20,VIP,Femenino,julio-cesar39@example.net
1682,"Cayetana Pinto Boada",36,Arequipa,Orgánico,2022-01-07,Recurrente,Masculino,ccortes@example.org
1683,"Emiliana Rosalva Hoz Beltrán",25,Cajamarca,Email,2023-10-22,Nuevo,Femenino,jpedrosa@example.com
1684,"Eloy Correa Pinto",24,Lima,Email,2022-02-04,Inactivo,Femenino,valcarcelgerardo@example.com
1685,"Rafael Porras Moliner",49,Iquitos,Referido,2024-01-08,Inactivo,Femenino,olallaecheverria@example.org
1686,"Ascensión Bravo Adadia",30,Tacna,"TikTok Ads",2022-04-04,Inactivo,Masculino,pescribano@example.com
1687,"Iván Geraldo Lerma Calatayud",56,Cuzco,Orgánico,2023-10-29,Nuevo,Femenino,menendezfermin@example.org
1688,"Armando Exposito Rosa",30,Iquitos,Orgánico,2024-06-28,Nuevo,"No especificado",eexposito@example.org
1689,"Manuela Vila Raya",34,Arequipa,Orgánico,2023-04-24,Recurrente,Femenino,roldanjose-luis@example.com
1690,"Albert Borrás Otero",51,Tacna,Orgánico,2024-09-19,VIP,Masculino,ucabrera@example.net
1691,"Araceli del Plaza",30,Iquitos,Referido,2024-03-30,Nuevo,"No especificado",luciaalbero@example.net
1692,"Esteban Riba Pons",40,Lima,Email,2022-06-16,Nuevo,Masculino,pinarodrigo@example.org
1693,"Primitivo Herrero Vázquez",63,Cusco,Email,2023-12-15,NULL,"No especificado",alcaldemaria-carmen@example.net
1694,"Octavio Pintor Doménech",44,NULL,"Google Ads",2024-05-26,Recurrente,"No especificado",catalanjose-ramon@example.org
1695,"Eloy Mascaró Ledesma",36,Arequipa,"TikTok Ads",2024-09-02,Nuevo,Femenino,eric90@example.org
1696,"Blanca Barroso Diego",28,Cuzco,Email,2022-07-25,VIP,Femenino,nevadoreyna@example.net
1697,"Eliana Robledo Marí",20,Iquitos,Orgánico,2024-02-28,Nuevo,Masculino,franciscoemilio@example.com
1698,"Ricarda Benítez Paniagua",53,Huancayo,"Meta Ads",2023-08-25,Recurrente,Femenino,tcardenas@example.com
1699,"Duilio Valcárcel-Ferrán",49,NULL,Orgánico,2023-02-04,VIP,"No especificado",pcortes@example.org
1700,"Ascensión Cerdá Mayo",31,Cuzco,Orgánico,2022-10-21,VIP,"No especificado",eulalia81@example.org
1701,"Hector Márquez Pinto",62,Trujillo,Email,2024-12-01,NULL,Femenino,calderoncandelas@example.com
1702,"Isabela Nadal Ros",48,Tacna,"Google Ads",2024-10-30,NULL,Masculino,vidalsoraya@example.com
1703,"Bernarda Emperatriz Montes Font",39,Piura,Referido,2022-03-07,Nuevo,Masculino,abelgomez@example.org
1704,"Estefanía Elías Puig",33,Cajamarca,"Meta Ads",2022-09-19,Recurrente,Masculino,teofilopol@example.org
1705,"Emelina Tudela Herrera",18,Tacna,"TikTok Ads",2024-10-16,VIP,Masculino,gabriela43@example.net
1706,"Florina Lozano Pozo",18,Huancayo,"Meta Ads",2022-06-28,Nuevo,"No especificado",fcapdevila@example.org
1707,"Aurora Folch Escolano",60,Huancayo,"Google Ads",2023-09-10,Recurrente,Masculino,gomezcristian@example.com
1708,"Alba del Gallego",23,Cusco,Orgánico,2024-08-14,VIP,Masculino,carmelo95@example.org
1709,"Rosalva Manuel Bayón",25,Cajamarca,Referido,2022-12-11,Inactivo,"No especificado",agueda10@example.net
1710,"Nerea Valera Chaparro",54,Piura,Referido,2024-07-02,Nuevo,Masculino,gasparromero@example.net
1711,"Dionisio Edmundo Correa Rocha",60,Iquitos,Referido,2022-08-25,Nuevo,Masculino,eli26@example.org
1712,"Angelina Sanchez Tello",49,Chiclayo,"TikTok Ads",2024-09-14,Inactivo,"No especificado",etelvina45@example.org
1713,"Gracia Velázquez-Ripoll",27,Arequipa,Email,2023-05-09,VIP,Femenino,yesica75@example.com
1714,"Alicia del Blázquez",23,Piura,Orgánico,2023-05-14,Nuevo,Masculino,abrilrosalva@example.org
1715,"Rodrigo Hurtado Padilla",50,Huancayo,"Meta Ads",2023-03-10,Nuevo,Masculino,miguelcoloma@example.com
1716,"Moisés Arregui Pulido",22,Chiclayo,"Meta Ads",2022-12-16,VIP,"No especificado",etejera@example.org
1717,"Rosalinda Ros Camacho",64,Huancayo,Orgánico,2022-07-03,Inactivo,Masculino,jlopez@example.org
1718,"Augusto Jordán Girona",64,Cajamarca,"Meta Ads",2022-08-05,VIP,"No especificado",edu26@example.com
1719,"Piedad Villena",NULL,Cajamarca,Email,2024-06-09,Recurrente,"No especificado",ana-belen67@example.net
1720,"Marisa de Salinas",34,Cusco,Referido,2022-03-01,VIP,Femenino,iminguez@example.net
1721,"Genoveva Sierra Vall",59,Iquitos,"Meta Ads",2022-11-25,Nuevo,Femenino,rodolforiquelme@example.net
1722,"Francisco Jose Amat Tolosa",32,Lima,Email,2023-10-31,Recurrente,"No especificado",iugarte@example.net
1723,"Eusebio Ricart Boada",47,Huancayo,Referido,2024-02-25,Recurrente,Femenino,rodrigoblanes@example.net
1724,"Severo Cifuentes Olivé",36,Iquitos,"TikTok Ads",2023-07-29,VIP,Masculino,kaguila@example.net
1725,"Francisco Javier Javier Gabaldón Vázquez",34,Trujillo,"TikTok Ads",2023-03-28,Nuevo,Femenino,juliabonet@example.org
1726,"Febe Tamayo Cabanillas",47,Huancayo,Orgánico,2023-06-12,Recurrente,Masculino,abilio30@example.com
1727,"Palmira Santamaria Montaña",21,Chiclayo,Orgánico,2024-09-02,Inactivo,Masculino,hcanellas@example.org
1728,"Eutimio Arribas Cardona",24,Iquitos,Email,2022-09-10,Nuevo,"No especificado",poncio24@example.com
1729,"Teobaldo Novoa Canales",29,Piura,"TikTok Ads",2022-10-06,Nuevo,Masculino,petronarobledo@example.org
1730,"Raimundo Hervás Villalobos",20,NULL,"TikTok Ads",2024-12-30,VIP,"No especificado",pastoragomez@example.org
1731,"Leoncio Cuesta Muro",NULL,Piura,"TikTok Ads",2024-10-04,Nuevo,"No especificado",desiderioclemente@example.com
1732,"Inmaculada del Guardiola",41,Cajamarca,Email,2022-07-05,Inactivo,Masculino,rodriguezramiro@example.org
1733,"Mayte Espinosa Estrada",61,Piura,Email,2023-11-13,Nuevo,Femenino,benaventalbina@example.net
1734,"Gertrudis Andres Figueroa",38,Tacna,"Meta Ads",2023-04-04,Inactivo,Masculino,amorcollado@example.com
1735,"Martina Román Porcel",45,Lima,"TikTok Ads",2022-05-13,Recurrente,Masculino,cayetanohierro@example.org
1736,"Pastor Garmendia Fuster",65,Tacna,Orgánico,2023-12-04,VIP,Masculino,ricoeutimio@example.org
1737,"Renato Barros-Cal",25,Chiclayo,"Meta Ads",2024-02-12,Nuevo,Femenino,vchaves@example.net
1738,"Cayetana del Moreno",24,Arequipa,"Meta Ads",2024-02-21,Nuevo,Masculino,adoracion65@example.com
1739,"Jenaro Carbonell",20,Chiclayo,"TikTok Ads",2024-06-13,Nuevo,Femenino,madriddan@example.org
1740,"Nico Tovar-Álamo",18,Cuzco,Referido,2023-04-23,Inactivo,Femenino,antonelisabet@example.org
1741,"María Pont Poza",26,Huancayo,Email,2023-04-03,Recurrente,"No especificado",aitorprieto@example.com
1742,"Aurora Oliveras-Ortiz",60,Tacna,"Meta Ads",2023-06-15,VIP,Femenino,kjorda@example.net
1743,"María Pilar Duque Martorell",59,Chiclayo,Referido,2022-08-25,Inactivo,Femenino,leire36@example.org
1744,"Marta Anselma Cañete Millán",28,Huancayo,"TikTok Ads",2023-08-19,Inactivo,"No especificado",cirino86@example.org
1745,"Dimas Mayoral Caro",39,Huancayo,"Google Ads",2022-06-29,VIP,Femenino,salvadorbarba@example.org
1746,"Glauco Cid Vicente",40,Huancayo,Referido,2022-08-17,NULL,Masculino,vespejo@example.net
1747,"Hortensia Cervera Pla",46,Lima,"Google Ads",2022-07-02,Nuevo,Masculino,solisalbina@example.com
1748,"Cayetana Torrecilla Duran",57,Arequipa,"Google Ads",2023-11-28,Nuevo,Femenino,kpintor@example.org
1749,"Carina del Malo",35,Piura,"TikTok Ads",2023-01-21,Nuevo,Masculino,flor63@example.com
1750,"Ciro Miranda Sanmartín",64,Chiclayo,"Google Ads",2022-08-26,Recurrente,Femenino,calvetcasemiro@example.com
1751,"Amelia Teresita Palomar Agustí",23,Cuzco,"Google Ads",2024-01-24,Inactivo,Masculino,amaro34@example.org
1752,"Bernarda Ferrero Plana",41,Chiclayo,Email,2022-09-18,Nuevo,"No especificado",bashector@example.net
1753,"Ligia del Rebollo",39,Piura,"Meta Ads",2023-10-04,Inactivo,Masculino,mendozagodofredo@example.net
1754,"Herminia Saldaña Torres",29,Cajamarca,"TikTok Ads",2024-02-18,Nuevo,Femenino,feliciaantunez@example.org
1755,"Ariel Anguita Giménez",25,Iquitos,"Meta Ads",2022-01-04,Inactivo,Masculino,che99@example.org
1756,"Alcides Emigdio Gomila Malo",43,Huancayo,"Google Ads",2023-09-29,Inactivo,"No especificado",darroyo@example.com
1757,"Rosario Sebastián Valbuena",43,Tacna,"TikTok Ads",2022-05-07,Recurrente,Femenino,mendizabaladan@example.com
1758,"Lina de Carbonell",47,Tacna,"Meta Ads",2023-01-24,Inactivo,"No especificado",romulo83@example.com
1759,"Roldán Pedraza-Arnaiz",35,Iquitos,"Google Ads",2024-03-05,Inactivo,"No especificado",ipages@example.net
1760,"Magdalena Gil Rodríguez",42,Cusco,"Meta Ads",2024-05-17,Recurrente,"No especificado",munozsaturnino@example.net
1761,"Quirino Huertas Martorell",62,Tacna,Referido,2023-10-17,Nuevo,Masculino,vallesnoemi@example.org
1762,"Jafet Jódar Olivé",48,Iquitos,Email,2024-01-18,NULL,Masculino,pinaalbina@example.net
1763,"Isidoro Carpio Gálvez",44,Iquitos,Orgánico,2022-09-16,Nuevo,Masculino,manriquefelix@example.org
1764,"Santiago Orozco",59,Huancayo,"Google Ads",2024-11-30,VIP,Masculino,obermudez@example.org
1765,"Melania Inés Daza Chaparro",28,NULL,Referido,2023-03-31,VIP,Femenino,soledadgarriga@example.net
1766,"Santos Gabaldón",25,Piura,"TikTok Ads",2022-08-07,Recurrente,Masculino,maria-josecuevas@example.net
1767,"Lucas Orozco Lucas",26,Piura,"TikTok Ads",2024-03-20,VIP,Masculino,victorino25@example.com
1768,"Lupita Carla Morales Marco",62,Chiclayo,Referido,2022-01-19,Inactivo,Femenino,estrella60@example.net
1769,"Luciano Eliseo Vilar Bustos",64,Arequipa,Email,2024-08-01,Nuevo,Masculino,nharo@example.net
1770,"Remigio Reina Barranco",21,Chiclayo,"TikTok Ads",2023-10-10,Recurrente,Masculino,corominasclaudia@example.net
1771,"Toribio Castañeda-Cazorla",28,Iquitos,Email,2022-10-24,Recurrente,Femenino,zcabanillas@example.org
1772,"Camilo del Huertas",24,Arequipa,"Google Ads",2023-08-31,Nuevo,Femenino,maria-doloresmendoza@example.net
1773,"Laura Cisneros Leiva",44,Tacna,"Google Ads",2023-03-25,Nuevo,Femenino,valenzuelaciriaco@example.com
1774,"Florina Sans Benet",55,Trujillo,Referido,2024-10-20,Recurrente,"No especificado",fortunato42@example.org
1775,"Heriberto Villalba Lobo",48,NULL,Referido,2024-07-22,Inactivo,Femenino,corona55@example.org
1776,"Jenny Torrents Morán",54,Chiclayo,Email,2022-10-29,Nuevo,Masculino,escamillaleocadia@example.com
1777,"Abril Buendía-Sedano",61,Huancayo,"Google Ads",2023-08-04,Nuevo,"No especificado",ainara47@example.net
1778,"Susanita Barroso Puga",46,Piura,"Google Ads",2022-10-26,Recurrente,"No especificado",duiliotorrents@example.org
1779,"Iker Galán",29,Cajamarca,Referido,2022-03-12,Nuevo,Masculino,rosa-maria46@example.com
1780,"Edelmira Moraleda Luque",57,Tacna,"TikTok Ads",2023-10-18,Nuevo,Femenino,valeropedraza@example.net
1781,"Maite Castrillo Toro",42,Cajamarca,Orgánico,2023-09-25,Nuevo,Femenino,raul16@example.net
1782,"Virginia Atienza Arteaga",40,Piura,Referido,2024-10-25,Recurrente,Femenino,rjodar@example.org
1783,"Matías Segura Alegre",57,Arequipa,Orgánico,2022-09-10,Inactivo,Femenino,hierrojuana@example.net
1784,"Timoteo Cruz Sainz",19,Chiclayo,"Google Ads",2023-07-15,Recurrente,Masculino,cortesreyna@example.org
1785,"Abigaíl Roman Francisco",61,Piura,Referido,2024-09-06,VIP,Femenino,remigio29@example.com
1786,"Valero Matas Cuenca",64,Chiclayo,"TikTok Ads",2023-03-18,Nuevo,"No especificado",gisbertroman@example.com
1787,"Arturo Palomo-Ibáñez",26,Iquitos,"TikTok Ads",2024-10-10,VIP,"No especificado",olleradelaida@example.com
1788,"Gilberto Dalmau Azorin",48,Trujillo,Email,2023-08-20,VIP,Femenino,fcanales@example.org
1789,"Maura Mayoral Guillén",49,Piura,"Meta Ads",2024-02-11,Recurrente,"No especificado",puentemaria-jesus@example.com
1790,"Morena Bou Bustamante",25,Lima,"Google Ads",2022-05-01,VIP,"No especificado",samumulet@example.org
1791,"Custodio Tapia Bermejo",44,Tacna,"Google Ads",2023-11-14,Recurrente,"No especificado",octavio97@example.org
1792,"Manu Gonzalo Vives",46,Trujillo,Referido,2022-11-09,Inactivo,Masculino,rcarbo@example.com
1793,"Adelia Aguiló Nuñez",20,Piura,"Meta Ads",2023-03-08,Inactivo,Femenino,cortesadoracion@example.org
1794,"Tito Roca Catalán",22,Lima,"Meta Ads",2023-04-06,Nuevo,Femenino,miguelangulo@example.net
1795,"Andrea Granados Piñol",34,Lima,"Meta Ads",2022-04-18,Nuevo,"No especificado",zbarrios@example.com
1796,"Pío Calatayud Calderón",59,Tacna,Referido,2023-01-02,Nuevo,"No especificado",nsaenz@example.org
1797,"Flor Martínez Cerro",38,Piura,Referido,2024-09-25,VIP,Masculino,rufinaalsina@example.net
1798,"Remedios Cañas Clavero",18,Trujillo,Orgánico,2024-03-13,Recurrente,Masculino,qlerma@example.net
1799,"Juan Manuel Aguirre Córdoba",63,Huancayo,Orgánico,2023-09-05,Inactivo,Masculino,celsocifuentes@example.org
1800,"Felicia Garcés Cordero",61,Arequipa,Orgánico,2022-11-23,VIP,"No especificado",sandalio14@example.net
1801,"María Manuela Salas Gaya",51,Lima,Email,2022-02-14,Recurrente,Masculino,hrivas@example.org
1802,"Vidal Cabrera Chaves",65,Cajamarca,"Google Ads",2024-03-14,Inactivo,Masculino,geronimo01@example.com
1803,"Macario Plana Ortega",54,Piura,Orgánico,2023-11-23,VIP,Masculino,marisa42@example.org
1804,"Estela Chaves Huguet",64,Huancayo,Email,2024-05-15,VIP,"No especificado",simon77@example.net
1805,"Mohamed Blasco-Hurtado",54,Huancayo,Email,2024-08-27,VIP,Masculino,josefinarueda@example.com
1806,"María Carmen del Amor",32,Huancayo,Referido,2023-12-15,Recurrente,"No especificado",jagustin@example.net
1807,"Cristian Juan Antonio Vergara Fabregat",60,Iquitos,"Meta Ads",2024-03-12,VIP,Masculino,casemirococa@example.com
1808,"Emiliana Ballester Heras",39,Trujillo,"TikTok Ads",2024-03-11,VIP,"No especificado",alberto27@example.org
1809,"Gabriela Capdevila Hernando",NULL,Lima,"Meta Ads",2022-05-28,Nuevo,Femenino,hmoliner@example.net
1810,"Merche Belda Álvarez",51,Piura,Orgánico,2024-12-17,Nuevo,Femenino,hjodar@example.net
1811,"Geraldo Moliner Catalán",62,Huancayo,"TikTok Ads",2023-08-03,VIP,"No especificado",sanjuanpepita@example.org
1812,"Teodora Rivero Pavón",62,Arequipa,"Google Ads",2023-08-02,Inactivo,Masculino,ccabanillas@example.org
1813,"Nilda de Sotelo",57,Arequipa,"TikTok Ads",2023-02-04,Inactivo,Masculino,sosimodelgado@example.net
1814,"Adán Bauzà Alcalá",24,Cusco,"TikTok Ads",2024-03-17,VIP,Masculino,wgarzon@example.org
1815,"Cándido Ariño-Barrena",45,Huancayo,"Google Ads",2022-07-19,Nuevo,Femenino,irisalcaraz@example.com
1816,"Lilia Macías Vallejo",60,Arequipa,"Google Ads",2022-09-26,Recurrente,Masculino,alcides44@example.net
1817,"Ileana Quesada Blanca",64,Cajamarca,Email,2023-10-25,Recurrente,"No especificado",valeraflorencia@example.com
1818,"Lupita de Lobato",33,Lima,Email,2022-04-21,Recurrente,"No especificado",wreguera@example.com
1819,"Fabián Bermúdez Vidal",48,Trujillo,Email,2023-09-15,VIP,Femenino,wzabala@example.com
1820,"Sancho Cortés",40,Trujillo,Referido,2024-07-26,Recurrente,Femenino,echeverriaalvaro@example.com
1821,"Eugenia del Batalla",60,Cajamarca,Email,2022-12-02,Nuevo,"No especificado",galo89@example.org
1822,"Paco Isaías Gómez Barco",61,Piura,"Google Ads",2022-10-09,VIP,Femenino,spizarro@example.net
1823,"Armando del Carmona",59,Arequipa,"TikTok Ads",2024-06-23,Recurrente,"No especificado",sluque@example.net
1824,"María José Ballesteros Mendoza",42,Chiclayo,"Google Ads",2024-09-15,Nuevo,"No especificado",bonillanoelia@example.org
1825,"Benito Alberola Cervantes",27,Arequipa,"TikTok Ads",2023-08-20,Recurrente,"No especificado",alegreencarnita@example.com
1826,"Ceferino Valderrama Oliver",53,Tacna,"Meta Ads",2022-10-24,Inactivo,"No especificado",valderramamaribel@example.net
1827,"Lorena Jove",57,Cusco,"Google Ads",2023-03-06,Inactivo,"No especificado",saldanaanita@example.net
1828,"Gilberto Castañeda Leiva",21,Cajamarca,Email,2023-03-23,NULL,Femenino,manjonreyes@example.com
1829,"Rogelio Andreu Naranjo",18,Cajamarca,Email,2023-02-05,Nuevo,Masculino,jacintosanz@example.net
1830,"Elena Zabaleta Bartolomé",59,Cajamarca,"TikTok Ads",2022-01-19,Inactivo,Femenino,mcarbo@example.com
1831,"Pelayo Benítez-Valderrama",28,Chiclayo,Orgánico,2024-01-12,Nuevo,Femenino,orozconadia@example.com
1832,"Lina Palomino Baquero",50,Tacna,Referido,2022-07-28,VIP,Femenino,apriego@example.com
1833,"Tecla Diaz Pedro",48,Cuzco,"Google Ads",2022-10-30,VIP,"No especificado",anunciacionluque@example.com
1834,"Edu Calderon Carlos",49,Huancayo,Referido,2024-02-11,Inactivo,Masculino,marino63@example.org
1835,"Raimundo de Arregui",28,Huancayo,"Google Ads",2024-05-24,VIP,"No especificado",aantunez@example.org
1836,"Donato Arteaga Suarez",22,Piura,"Meta Ads",2022-12-11,Nuevo,"No especificado",morenaperello@example.net
1837,"Fátima Conesa Escamilla",49,Cajamarca,"Meta Ads",2022-04-26,Nuevo,Masculino,nico29@example.com
1838,"Leonel Rius Gomez",38,Cuzco,"TikTok Ads",2022-07-16,VIP,"No especificado",cayetanaposada@example.org
1839,"Diana Rico Montero",33,Piura,Referido,2023-12-30,Inactivo,Femenino,zaznar@example.net
1840,"Seve Bermejo-Peralta",39,Cajamarca,Email,2024-08-28,Inactivo,"No especificado",ocastells@example.com
1841,"José Badía Escobar",35,Cajamarca,Orgánico,2023-01-03,Nuevo,Masculino,samuelmonreal@example.net
1842,"Samu de Quero",21,Lima,"Google Ads",2022-04-18,Inactivo,Masculino,ulisesguardia@example.org
1843,"Valentín Sola Lumbreras",50,Cajamarca,"Google Ads",2022-08-29,Inactivo,Masculino,annacarrasco@example.net
1844,"Fernando Armando Saura Aguiló",32,Arequipa,"TikTok Ads",2024-11-21,Inactivo,Masculino,jjuan@example.org
1845,"Chus Manzanares Mateu",53,Chiclayo,Orgánico,2023-11-25,Nuevo,Masculino,herminio11@example.org
1846,"Daniela Jordana Pedrosa Uriarte",59,Chiclayo,Referido,2024-06-07,Recurrente,"No especificado",oalberdi@example.net
1847,"Quique Higueras",42,Piura,Referido,2022-11-01,Recurrente,Masculino,amarobermudez@example.net
1848,"Abraham Redondo Alvarez",43,Arequipa,"TikTok Ads",2024-04-07,Inactivo,Masculino,vamaya@example.net
1849,"Kike del Agustí",33,Trujillo,"Google Ads",2023-05-17,Recurrente,Masculino,wilfredopalma@example.org
1850,"Abigaíl Peñalver Meléndez",23,Chiclayo,"Meta Ads",2022-03-11,Inactivo,Femenino,fortunatagirona@example.com
1851,"Cristian Gárate Rivas",47,Trujillo,Orgánico,2022-09-01,Nuevo,Femenino,blancahigueras@example.net
1852,"América Cisneros Losada",46,Tacna,"Google Ads",2023-05-09,VIP,Masculino,qjulia@example.org
1853,"Alfredo Guardiola Vizcaíno",54,Arequipa,"Meta Ads",2024-03-23,Nuevo,"No especificado",celestino20@example.net
1854,"Odalis Perales Sedano",46,Trujillo,Referido,2024-09-27,VIP,Femenino,canteroangel@example.net
1855,"Luis Ángel Bustos Vega",23,Lima,"Meta Ads",2023-09-12,Nuevo,Femenino,campoerasmo@example.com
1856,"Melchor Prado Benavides",49,Cusco,"TikTok Ads",2022-12-20,VIP,Femenino,teresa21@example.org
1857,"Margarita Barrios-Royo",46,Huancayo,Email,2024-02-08,VIP,Masculino,npardo@example.com
1858,"Diego Manzanares Julián",38,Cajamarca,"Google Ads",2022-07-03,NULL,"No especificado",tudelanatalia@example.org
1859,"Ángeles Pozo Morera",NULL,Huancayo,Orgánico,2024-08-07,Nuevo,"No especificado",fbeltran@example.net
1860,"Jennifer Llabrés Guillen",49,Piura,"Meta Ads",2024-02-22,VIP,Femenino,gallojacinta@example.com
1861,"Cosme Cerdán Canales",65,Lima,Referido,2023-07-18,Inactivo,Femenino,omir@example.com
1862,"Balduino Córdoba Sancho",59,Chiclayo,"Meta Ads",2024-06-30,Inactivo,Masculino,geraldomartin@example.org
1863,"Estefanía Ramos Carrillo",19,Piura,Referido,2024-01-23,Nuevo,Femenino,georginaangulo@example.org
1864,"Felisa de Sans",24,Piura,Email,2022-01-24,Nuevo,"No especificado",ovidio79@example.net
1865,"Jesús Eligio Carretero Botella",43,Huancayo,"TikTok Ads",2022-09-03,Inactivo,Femenino,cuadradoazahara@example.net
1866,"Sancho Mayo Arjona",44,Arequipa,Referido,2022-08-27,VIP,"No especificado",angeles13@example.net
1867,"Silvestre Mosquera",20,Chiclayo,Orgánico,2022-06-19,Inactivo,Femenino,alvaradoaura@example.net
1868,"Artemio Hurtado Pagès",53,Piura,Email,2022-09-07,Inactivo,Masculino,inocenciopatino@example.org
1869,"Loida Avilés Martínez",NULL,Cajamarca,"TikTok Ads",2024-09-28,VIP,"No especificado",amormoran@example.org
1870,"Sebastián Dávila-Anguita",18,Chiclayo,"Meta Ads",2024-11-09,Recurrente,Femenino,celsocastaneda@example.com
1871,"Tania Santamaria Iborra",23,Cusco,"TikTok Ads",2023-04-06,Inactivo,"No especificado",alma31@example.com
1872,"Jerónimo Cal Chaves",56,Arequipa,"TikTok Ads",2022-02-17,Inactivo,"No especificado",adelia76@example.net
1873,"Adolfo Barrio Girón",57,NULL,"Google Ads",2024-09-09,Recurrente,Femenino,qferrando@example.org
1874,"Conrado Pérez Perales",58,Chiclayo,Referido,2023-07-15,Recurrente,Femenino,jacintalucas@example.com
1875,"Lupe Jove Benavides",NULL,Trujillo,"TikTok Ads",2022-07-13,Nuevo,Masculino,mesafito@example.org
1876,"Anacleto Figueroa Salcedo",50,Piura,Orgánico,2023-01-06,VIP,Femenino,crossello@example.com
1877,"Arturo Mármol Carvajal",53,Trujillo,"Google Ads",2024-02-26,VIP,Femenino,olalla59@example.org
1878,"Jerónimo Ayuso Diéguez",31,NULL,"Google Ads",2024-09-18,Nuevo,Femenino,mroman@example.net
1879,"Iris Prat-Valderrama",59,Lima,Email,2024-06-07,Recurrente,"No especificado",raul17@example.org
1880,"Graciano Roldan Duque",60,Trujillo,"Meta Ads",2023-09-04,VIP,Femenino,vidaljose-luis@example.net
1881,"Clotilde Exposito Llopis",47,Piura,"Google Ads",2022-09-14,VIP,"No especificado",mmarin@example.net
1882,"Jacinto Comas-Aramburu",NULL,Cajamarca,Orgánico,2022-07-23,Inactivo,Masculino,romulo01@example.org
1883,"María Teresa María Manuela Hoyos Marquez",41,Cajamarca,Referido,2023-10-29,Nuevo,"No especificado",timoteo25@example.org
1884,"Guiomar Tello Barrera",21,Piura,Referido,2022-05-11,VIP,Femenino,garridogala@example.com
1885,"Enrique Piñol Cervantes",32,Huancayo,Referido,2023-01-14,VIP,"No especificado",espiridion51@example.org
1886,"Chus Zaragoza Ibañez",47,Arequipa,Email,2024-04-10,VIP,Femenino,javiera05@example.org
1887,"Rosalina de Piñeiro",39,Huancayo,Orgánico,2022-02-10,VIP,Masculino,omontoya@example.net
1888,"Julia Tormo Núñez",53,Piura,"Google Ads",2024-03-17,NULL,Femenino,polloreto@example.net
1889,"Lidia Montoya-Pont",57,Cusco,"TikTok Ads",2024-12-21,Nuevo,Femenino,belengelabert@example.org
1890,"Cipriano Amo-Montaña",56,Piura,Orgánico,2024-09-27,VIP,"No especificado",lilia91@example.net
1891,"Constanza Ale Lucas Barragán",48,Tacna,Email,2022-05-11,VIP,Masculino,urozas@example.com
1892,"Luisa Pallarès Guerrero",63,Tacna,Email,2024-11-28,VIP,"No especificado",haroldoayala@example.com
1893,"Aureliano Huguet Hernando",60,Huancayo,"Meta Ads",2022-09-12,Recurrente,Masculino,rartigas@example.com
1894,"Juanito Barba-Gimenez",41,Huancayo,Orgánico,2023-03-01,Inactivo,Masculino,casanovavictor@example.org
1895,"Soraya Pont-Pacheco",63,Arequipa,Referido,2022-08-29,Inactivo,Masculino,domitila63@example.net
1896,"Chus Guzmán Monreal",46,Cajamarca,Email,2023-01-06,Nuevo,Femenino,lopezalejandro@example.net
1897,"Zaira Anaya Ortiz",25,Lima,Email,2023-01-04,Inactivo,Masculino,serranolucas@example.org
1898,"Marcela Cisneros-Fabra",24,Cuzco,"Meta Ads",2022-01-11,Nuevo,Masculino,iarco@example.net
1899,"Macarena Mendizábal Echevarría",60,Iquitos,"TikTok Ads",2024-07-04,Inactivo,"No especificado",navasfilomena@example.org
1900,"Alma Bosch Barbero",32,NULL,Referido,2023-10-06,Nuevo,"No especificado",sorianoclaudio@example.com
1901,"Marcial de Aller",18,Piura,"TikTok Ads",2022-09-09,VIP,Femenino,leonardo55@example.com
1902,"Judith Abascal",39,Lima,Email,2022-03-22,Inactivo,Masculino,millanana@example.net
1903,"África Fortuny Castrillo",40,Arequipa,"Google Ads",2022-09-21,Recurrente,Femenino,pozuelomarc@example.net
1904,"Paca Elías Morales",58,Chiclayo,Referido,2023-02-27,Inactivo,Femenino,puriarte@example.org
1905,"Aitor Coloma Cifuentes",36,Cajamarca,Orgánico,2022-11-27,Nuevo,Femenino,esmeralda10@example.org
1906,"Teo Zorrilla Patiño",53,Cajamarca,"Meta Ads",2022-06-29,Nuevo,Femenino,alarconemilio@example.org
1907,"Glauco Priego Cabrero",51,Lima,"TikTok Ads",2023-06-10,VIP,"No especificado",rosalva63@example.org
1908,"Encarna Mora Cerezo",41,Piura,"Google Ads",2022-03-13,VIP,Masculino,feijoolourdes@example.com
1909,"Pío Rueda Torrens",62,Cajamarca,"Google Ads",2022-06-23,Nuevo,"No especificado",badiajuan-antonio@example.org
1910,"Carmelita Palacios Godoy",24,Lima,Orgánico,2022-09-13,Inactivo,Masculino,asensiomarco@example.org
1911,"Sabina Echevarría-Pineda",20,Trujillo,"Meta Ads",2024-11-02,Recurrente,Femenino,narciso96@example.com
1912,"Quique Omar Mariño Castejón",28,Huancayo,Email,2023-09-04,VIP,"No especificado",angelacervera@example.net
1913,"Pánfilo Abellán Posada",49,Tacna,"TikTok Ads",2024-01-15,VIP,Masculino,icarretero@example.com
1914,"Alejandra Espada-Monreal",26,Huancayo,"TikTok Ads",2022-12-18,VIP,Masculino,marisareyes@example.net
1915,"Consuela Micaela Calvet Valderrama",63,Piura,"Meta Ads",2024-05-16,Inactivo,"No especificado",hcarvajal@example.net
1916,"Fito Bermejo Gárate",65,Trujillo,"TikTok Ads",2022-01-01,Recurrente,Masculino,crescenciatejedor@example.net
1917,"Esther Diez Borrego",64,Cajamarca,Email,2023-05-24,Recurrente,Masculino,ulozano@example.net
1918,"Itziar Alberdi Lara",44,Cuzco,Orgánico,2023-09-08,Recurrente,Masculino,fgonzalez@example.com
1919,"Edelmiro Bauzà",24,Huancayo,Orgánico,2022-04-05,Recurrente,"No especificado",leonor15@example.net
1920,"Domitila Campoy Abella",34,Arequipa,"Google Ads",2024-11-29,Nuevo,"No especificado",georginafuster@example.net
1921,"Guadalupe Ríos Rivas",57,Huancayo,"Google Ads",2023-08-24,Recurrente,Femenino,benavidesana-belen@example.org
1922,"Vasco Riba Ureña",30,Iquitos,"Google Ads",2024-12-29,Nuevo,"No especificado",albertgarzon@example.com
1923,"Felicia Perez Cadenas",30,Cusco,Orgánico,2024-06-30,Nuevo,"No especificado",fexposito@example.org
1924,"Rocío Gomis Cánovas",25,Iquitos,Email,2022-10-14,Recurrente,Masculino,horacio98@example.net
1925,"Angelina Aragonés Mariño",43,Iquitos,Orgánico,2024-10-01,Inactivo,"No especificado",martirio47@example.net
1926,"Feliciano Julián Calvo",31,Arequipa,Orgánico,2023-10-03,VIP,"No especificado",reginavargas@example.org
1927,"Francisco Javier Domínguez Perez",47,Trujillo,"Google Ads",2024-12-06,Nuevo,"No especificado",isidoroparra@example.com
1928,"Pío Benavides Buendía",30,NULL,"Meta Ads",2023-12-23,Recurrente,Masculino,mvilanova@example.com
1929,"Martirio Tolosa Anguita",63,Cusco,"Google Ads",2024-11-11,Nuevo,"No especificado",brunolobo@example.com
1930,"Montserrat Cózar Rovira",39,Huancayo,"Meta Ads",2023-03-06,VIP,Femenino,itziarmelendez@example.net
1931,"Amando Cadenas Muñoz",24,Piura,Email,2022-07-22,VIP,"No especificado",colominigo@example.org
1932,"Claudio Recio",44,Cusco,Email,2022-04-02,Nuevo,Masculino,hernandezalcides@example.com
1933,"Palmira del Lucena",20,Tacna,Referido,2023-05-01,VIP,"No especificado",juanitoandrade@example.com
1934,"Diego Atilio Ayala Pozo",58,Lima,Referido,2022-03-17,Nuevo,"No especificado",qortiz@example.org
1935,"Malena Tudela-Corral",61,Huancayo,Referido,2023-01-21,Recurrente,Masculino,pablotomas@example.org
1936,"Geraldo Acevedo Roma",55,Arequipa,Email,2022-10-18,VIP,Femenino,regulovalles@example.com
1937,"Eugenio Tenorio Flores",25,Iquitos,"Google Ads",2023-09-06,Nuevo,Masculino,balduino74@example.com
1938,"Albert Gabaldón Donaire",46,Piura,"Google Ads",2023-03-17,Nuevo,Masculino,avilesflorencia@example.com
1939,"Apolinar Jordi Carlos Mendez",47,Iquitos,"Google Ads",2022-10-02,Inactivo,"No especificado",sferrera@example.org
1940,"Jovita Torrijos Landa",60,Arequipa,Orgánico,2023-03-19,Nuevo,Masculino,megea@example.com
1941,"Miguel Ángel Ponce Esteban",55,Cuzco,Referido,2024-01-06,Nuevo,"No especificado",bvillena@example.org
1942,"Vicenta Pizarro Peiró",50,Tacna,"Google Ads",2023-07-23,Recurrente,"No especificado",ibarradan@example.org
1943,"Jacinto Arribas Lago",26,Lima,Referido,2022-09-21,Recurrente,"No especificado",baenateresa@example.org
1944,"Josefa Lago Gonzalo",49,Tacna,Referido,2024-05-14,VIP,Masculino,jorge18@example.org
1945,"Lope Barrio-Corbacho",18,Huancayo,Orgánico,2022-06-02,VIP,"No especificado",jaime96@example.com
1946,"Aristides Núñez Riba",51,Cusco,Email,2023-06-07,Inactivo,Masculino,ocadenas@example.net
1947,"Corona Barrera-Pombo",65,Lima,"Google Ads",2023-06-18,Nuevo,"No especificado",ana-sofia32@example.org
1948,"Hortensia Taboada",21,Chiclayo,Orgánico,2024-02-21,Inactivo,"No especificado",febe49@example.com
1949,"Vera Gutiérrez-Tamayo",53,Tacna,Email,2022-12-01,VIP,Femenino,busquetsgil@example.net
1950,"Aníbal Hector Arana Vallés",45,Iquitos,Email,2024-03-30,Recurrente,Masculino,smayoral@example.org
1951,"Xiomara Villanueva-Colom",55,Cajamarca,"Google Ads",2024-07-23,NULL,Femenino,maxibanos@example.org
1952,"Reyes Sanchez Duran",48,Huancayo,"TikTok Ads",2022-06-20,VIP,Masculino,nazaretsarabia@example.org
1953,"Curro Fernández Cases",50,Huancayo,Referido,2023-06-05,VIP,Femenino,sancheztiburcio@example.com
1954,"Héctor Bermudez Rozas",29,Lima,"Meta Ads",2024-05-21,VIP,Femenino,eliasjuan-luis@example.org
1955,"Sergio Coloma",62,Chiclayo,Referido,2022-10-21,Inactivo,Femenino,irisagusti@example.net
1956,"Dora Esther Bautista Bonet",55,Piura,Referido,2023-02-22,VIP,"No especificado",ainoa90@example.com
1957,"Manu Puerta Moreno",29,Tacna,"Meta Ads",2022-05-25,Inactivo,Femenino,agustinacanals@example.org
1958,"Juan Bautista Sedano-Alberola",64,Trujillo,"TikTok Ads",2023-07-06,VIP,Femenino,mansopetrona@example.org
1959,"Maristela Lourdes Rivas Capdevila",26,Piura,Email,2023-01-30,Nuevo,Femenino,marisolcollado@example.org
1960,"Brígida Colomer Cabrera",24,Huancayo,"Meta Ads",2024-02-02,Recurrente,Femenino,mayonilda@example.net
1961,"Lope Cabrero Macias",42,Huancayo,"Meta Ads",2024-11-13,VIP,Masculino,victor75@example.net
1962,"Vanesa del Reig",60,Arequipa,Orgánico,2022-12-02,Nuevo,"No especificado",gracia74@example.com
1963,"Gregorio Torralba-Suárez",56,Lima,Orgánico,2024-05-09,VIP,Femenino,walcalde@example.com
1964,"Chema Llorens Quintana",56,Cajamarca,Orgánico,2022-11-11,Recurrente,Masculino,tatiana89@example.com
1965,"Martin Querol Arias",38,Chiclayo,Email,2023-10-10,Nuevo,Masculino,lermaitziar@example.net
1966,"Vilma Muñoz Gámez",50,Trujillo,"Meta Ads",2024-06-07,Nuevo,Femenino,colomasegismundo@example.org
1967,"Ramón Talavera Leiva",42,Piura,"Google Ads",2024-02-16,Recurrente,"No especificado",pepevalenciano@example.org
1968,"Ainara Nebot Mateo",44,Tacna,"Meta Ads",2022-02-23,VIP,"No especificado",crescenciarosa@example.com
1969,"Enrique Tadeo Tur Cabello",56,Lima,Email,2023-05-22,VIP,"No especificado",marcelaborrell@example.org
1970,"Bonifacio del Salazar",62,Tacna,Orgánico,2022-06-08,Recurrente,Femenino,rcampoy@example.net
1971,"Edelmira Riera Borrell",33,Cuzco,Email,2023-07-08,Inactivo,Masculino,laguila@example.com
1972,"Ismael Galván",35,Arequipa,Orgánico,2022-09-13,Nuevo,"No especificado",susanita56@example.net
1973,"Perla Tormo Villalonga",43,Chiclayo,Email,2024-12-24,Recurrente,"No especificado",tllorente@example.org
1974,"Samanta Barbero Villalba",39,Arequipa,"Google Ads",2022-08-14,Inactivo,"No especificado",vinajudith@example.com
1975,"Anacleto Merino Velázquez",36,Huancayo,Orgánico,2024-04-13,Nuevo,Masculino,rossellonatalia@example.com
1976,"Bernarda Zamora Andres",46,Arequipa,Orgánico,2022-05-16,Nuevo,Masculino,luis10@example.com
1977,"Clemente Font Barco",26,Trujillo,"Meta Ads",2023-11-06,Recurrente,Femenino,adelaidaconesa@example.net
1978,"Alcides del Ayuso",26,Huancayo,"TikTok Ads",2022-07-02,Inactivo,Masculino,estrella82@example.com
1979,"Ofelia Flor Lledó",44,Piura,"TikTok Ads",2024-01-14,Nuevo,Masculino,emaldonado@example.com
1980,"Sandra Simó Vazquez",56,Tacna,Email,2023-11-15,Nuevo,Femenino,santiagoapolinar@example.org
1981,"Mercedes Casals Anglada",62,Piura,Referido,2023-07-14,Inactivo,Masculino,paola91@example.org
1982,"Gilberto del Salmerón",65,Cusco,Referido,2022-10-27,Inactivo,Masculino,amaza@example.com
1983,"Trinidad Sánchez Olmo",50,Huancayo,"Meta Ads",2023-04-08,VIP,Femenino,gertrudis00@example.com
1984,"Candelas Jordán Botella",37,Huancayo,Email,2023-07-15,VIP,Masculino,pancholuque@example.net
1985,"Alberto Guadalupe Ayala Cánovas",62,Chiclayo,"Google Ads",2022-01-21,Recurrente,"No especificado",chemalillo@example.org
1986,"Reyna Gargallo-Giralt",53,Huancayo,"Meta Ads",2022-07-20,VIP,Femenino,toniberrocal@example.com
1987,"Nilo de Leon",38,NULL,Orgánico,2024-02-12,Recurrente,Femenino,amilcarsaenz@example.com
1988,"Loida Almagro Agullo",63,Trujillo,"Google Ads",2023-04-01,VIP,"No especificado",octaviapomares@example.com
1989,"Zaida Catalán Duran",65,Cusco,Email,2024-02-15,Recurrente,Masculino,qcabanas@example.com
1990,"Rosario Adelia Goicoechea Iniesta",53,Chiclayo,Orgánico,2022-08-04,VIP,Masculino,fulgencio96@example.net
1991,"Rosenda Encarnación Llopis Roda",58,Cajamarca,Referido,2022-09-10,Recurrente,Femenino,nilda92@example.net
1992,"Tamara Oller Segovia",31,Tacna,Email,2022-12-26,Inactivo,Masculino,josuecerda@example.com
1993,"César Soler-Matas",30,Trujillo,Orgánico,2024-12-14,VIP,Masculino,marcialmayol@example.org
1994,"Sara Puerta",31,Arequipa,Email,2023-09-20,Nuevo,Femenino,claudia78@example.org
1995,"Aroa Aguilera-Vidal",57,NULL,Orgánico,2024-09-29,Recurrente,Masculino,grueda@example.org
1996,"Mar Lumbreras Martín",63,Cusco,Email,2022-07-15,Inactivo,Femenino,gmillan@example.net
1997,"Jose Angel Bartolomé Navarrete",36,Iquitos,"TikTok Ads",2024-12-19,Inactivo,Masculino,adelina56@example.com
1998,"Miguel Morcillo-Lluch",61,Tacna,Referido,2023-12-16,VIP,"No especificado",dreguera@example.org
1999,"Nacio Martín-Fabra",40,Piura,"Meta Ads",2023-08-01,Nuevo,"No especificado",robledochus@example.org
2000,"Juan Hernandez Barberá",61,Lima,Orgánico,2023-07-10,VIP,"No especificado",miriam39@example.net
2001,"Graciana Nadia Montenegro Chaves",26,Piura,Orgánico,2022-07-22,Nuevo,"No especificado",edu98@example.net
2002,"Nacio Valencia Marqués",63,Piura,Referido,2022-04-09,VIP,Masculino,balduino62@example.com
2003,"Wilfredo Riquelme-Quiroga",59,Cajamarca,"TikTok Ads",2022-12-16,Inactivo,Masculino,sevillanonoemi@example.net
2004,"Paz Aranda Falcó",29,Cajamarca,"Meta Ads",2023-10-14,Recurrente,Femenino,fballester@example.org
2005,"Paola Girón Tamarit",50,Huancayo,Email,2024-03-08,Inactivo,Masculino,paula15@example.net
2006,"Lilia Marín Domínguez",52,Trujillo,Orgánico,2023-01-06,Inactivo,"No especificado",mansoclarisa@example.com
2007,"Carolina del Cabanillas",62,Huancayo,"Meta Ads",2023-12-08,Recurrente,Femenino,rosaura01@example.net
2008,"Belen Jordán España",58,Tacna,Email,2024-12-24,Recurrente,Femenino,fuentesascension@example.org
2009,"Morena Borrell Girón",38,Huancayo,Orgánico,2024-04-04,Recurrente,Masculino,ocerezo@example.net
2010,"Consuelo Melero Rivero",63,Iquitos,Orgánico,2024-09-03,Inactivo,"No especificado",marcialmercader@example.net
2011,"Florencia Juliá Mariscal",25,Iquitos,"TikTok Ads",2022-09-19,Recurrente,Masculino,toroestrella@example.net
2012,"Susanita Carranza Sosa",40,Tacna,"TikTok Ads",2023-06-15,VIP,"No especificado",dariobautista@example.org
2013,"Toribio Belda Sureda",53,Tacna,"TikTok Ads",2022-01-20,VIP,Femenino,elisabetcarrillo@example.net
2014,"Josué Carretero",48,Cusco,Email,2024-11-17,VIP,"No especificado",huertashernando@example.org
2015,"Luisa Martín Reyes",55,Huancayo,Referido,2022-11-15,VIP,Masculino,gamat@example.com
2016,"Trinidad Contreras Cervantes",54,Iquitos,"Meta Ads",2022-09-16,Nuevo,"No especificado",hbaquero@example.com
2017,"Francisco Javier Recio",60,Chiclayo,Orgánico,2022-10-20,Nuevo,"No especificado",ltomas@example.org
2018,"Virginia Seco-Clemente",63,Chiclayo,Email,2024-02-15,Inactivo,Femenino,paca97@example.net
2019,"Tere Escribano Berrocal",44,Cajamarca,Orgánico,2023-07-02,Inactivo,Masculino,rosellesteban@example.net
2020,"Eva Elorza Millán",61,Cusco,Email,2022-04-19,Recurrente,"No especificado",estebanerasmo@example.net
2021,"Abilio Sans Llanos",65,Chiclayo,Orgánico,2024-01-29,Inactivo,Femenino,franciscovidal@example.net
2022,"Ricardo Domingo",52,Cusco,"Google Ads",2023-05-26,Recurrente,Femenino,albatenorio@example.com
2023,"Ramona Cuadrado-Tovar",36,Lima,Referido,2024-05-06,Recurrente,Masculino,guadalupe19@example.com
2024,"Berto Roura Román",45,Iquitos,"Meta Ads",2024-07-26,Inactivo,"No especificado",guadalupe46@example.com
2025,"Inés Tejada Pla",18,Huancayo,Referido,2023-01-10,Nuevo,"No especificado",simosigfrido@example.com
2026,"Alejo Flores Perea",51,Cuzco,Referido,2024-06-17,Recurrente,"No especificado",amaroluque@example.com
2027,"Victor Manuel Montserrat Farré",24,Cusco,"Meta Ads",2023-12-26,Nuevo,Femenino,porrasaitor@example.net
2028,"Nilo Acosta Ibarra",19,NULL,"TikTok Ads",2024-08-17,Inactivo,Masculino,anastasio97@example.org
2029,"Ovidio del Miguel",42,Huancayo,Referido,2024-10-25,NULL,Masculino,emilio77@example.com
2030,"Aurelio Pla Vaquero",27,Lima,"Google Ads",2023-08-11,Inactivo,"No especificado",cuadradopepito@example.net
2031,"Encarnación Diego-Bas",21,Trujillo,"TikTok Ads",2023-07-19,Nuevo,Femenino,pacozapata@example.com
2032,"Eustaquio Manso Sarmiento",60,Tacna,Email,2024-05-26,Recurrente,Femenino,diazgabriela@example.org
2033,"María Zamora",21,Cajamarca,"TikTok Ads",2024-12-02,Nuevo,Masculino,gabriela95@example.com
2034,"Irma Cañete Noriega",30,Iquitos,"Meta Ads",2023-04-14,Inactivo,Femenino,leonmateo@example.com
2035,"Felisa Fabra Cózar",35,Arequipa,Email,2023-09-18,Nuevo,Femenino,tomasrenato@example.com
2036,"Agustina Gracia Gomez",28,Huancayo,Orgánico,2022-06-28,Recurrente,Masculino,coralvendrell@example.net
2037,"Curro Almeida Vargas",36,Arequipa,"TikTok Ads",2023-09-18,Nuevo,"No especificado",efrain59@example.net
2038,"Bernabé Pazos Arcos",61,Tacna,"Google Ads",2024-04-12,Recurrente,Femenino,daniela96@example.org
2039,"Valentina Jaume Atienza",34,Huancayo,Email,2023-10-03,Inactivo,Femenino,andreureyes@example.net
2040,"Amanda Nadia Campoy Aller",27,Lima,"TikTok Ads",2022-07-04,Inactivo,"No especificado",jesusbarcena@example.net
2041,"Onofre Carmona Riera",21,Trujillo,Email,2022-06-12,VIP,Masculino,valerairis@example.com
2042,"Fortunata Casals Iriarte",62,Cuzco,"Meta Ads",2022-06-07,Recurrente,"No especificado",martirio33@example.org
2043,"Odalys Coronado Fuertes",36,Trujillo,"TikTok Ads",2023-05-07,Inactivo,"No especificado",luisaplana@example.com
2044,"Eutropio Rivero Cabrero",31,Arequipa,Orgánico,2022-07-11,Recurrente,Femenino,barrioemma@example.com
2045,"Elba Cerro",NULL,Huancayo,"Meta Ads",2022-12-05,VIP,Femenino,arcosrebeca@example.net
2046,"Selena Calvo Vidal",20,Piura,Orgánico,2022-04-28,Nuevo,Masculino,salamaria-carmen@example.com
2047,"Azahara Elisabet Carbonell Camino",40,Iquitos,"TikTok Ads",2022-06-23,VIP,"No especificado",davilamiguel-angel@example.org
2048,"Chita Folch Jódar",46,Cajamarca,"Meta Ads",2023-08-09,VIP,Masculino,ipina@example.net
2049,"Cintia Palma",24,Cusco,"TikTok Ads",2024-10-06,Nuevo,Masculino,gustavoiriarte@example.com
2050,"Emiliana Cueto Ariza",57,Arequipa,Email,2022-01-22,Nuevo,"No especificado",omacias@example.org
2051,"Leonor de Terrón",61,Iquitos,Email,2024-05-18,Nuevo,"No especificado",tonoalvaro@example.org
2052,"Custodia Acedo Alberto",65,Tacna,"Google Ads",2024-11-07,VIP,"No especificado",amadoreva@example.net
2053,"Wilfredo Cano Uribe",53,Cusco,Email,2022-10-07,Inactivo,Femenino,frutosanastasio@example.org
2054,"Artemio Vidal Benavides",32,NULL,Referido,2024-09-09,Inactivo,Masculino,palomaresmaria-angeles@example.com
2055,"Víctor Jaén Guardia",65,Huancayo,Email,2024-10-16,Inactivo,"No especificado",ninogil@example.net
2056,"Emiliana Laguna Simó",59,Tacna,Referido,2024-11-20,Inactivo,Femenino,nfalcon@example.net
2057,"Aureliano Díaz Ariza",53,Lima,Email,2024-12-26,VIP,"No especificado",wvalle@example.com
2058,"Geraldo Salvador Milla Rojas",42,Cajamarca,Referido,2022-09-13,Inactivo,Femenino,nicolasabautista@example.com
2059,"Asdrubal Arroyo Agustí",33,Arequipa,Referido,2024-04-10,NULL,Femenino,epenalver@example.net
2060,"Natanael Donaire Mulet",50,Chiclayo,"TikTok Ads",2022-01-29,Recurrente,Masculino,castejonmicaela@example.net
2061,"Virginia Río Ledesma",62,Piura,Email,2023-01-25,Nuevo,"No especificado",cosme17@example.org
2062,"Gilberto Noriega España",36,Chiclayo,Referido,2022-01-15,Recurrente,Masculino,muroalonso@example.org
2063,"Herberto Páez Sastre",62,Arequipa,"Google Ads",2024-05-20,Nuevo,Femenino,agata46@example.net
2064,"Silvestre Pol-Tejera",60,Cusco,Orgánico,2024-12-30,VIP,"No especificado",borja24@example.org
2065,"Mirta Diaz Carbajo",21,Arequipa,"TikTok Ads",2023-12-08,Inactivo,"No especificado",reynavillaverde@example.net
2066,"Pablo Barral Cuervo",42,Arequipa,Referido,2023-05-16,NULL,Femenino,sabas90@example.net
2067,"Horacio Tolosa Ríos",42,Huancayo,Referido,2024-12-17,VIP,Femenino,soteloyessica@example.com
2068,"Marcos Pino Palmer",44,Trujillo,"TikTok Ads",2022-03-28,Inactivo,"No especificado",antuneznilo@example.com
2069,"Albina Tere Castrillo Tomas",NULL,Piura,"Google Ads",2024-07-07,Recurrente,"No especificado",herberto50@example.org
2070,"Aurelia Reina Saez",38,Lima,"Google Ads",2022-12-12,VIP,Femenino,carlamurcia@example.net
2071,"Amílcar Jurado Miralles",53,Lima,"Meta Ads",2024-12-08,Nuevo,Femenino,gutierrezana@example.org
2072,"Pastor Zamorano Goicoechea",21,NULL,"TikTok Ads",2023-04-06,Recurrente,"No especificado",olivacalisto@example.com
2073,"Lorenza Zabala Bustos",18,Lima,"TikTok Ads",2022-12-25,VIP,Femenino,tejeroefrain@example.com
2074,"Nadia Ibarra Tirado",65,Piura,Orgánico,2022-06-03,NULL,Femenino,calvetandres-felipe@example.com
2075,"Narcisa Plaza Comas",34,Iquitos,"Meta Ads",2024-01-22,VIP,Masculino,florentinaordonez@example.com
2076,"Violeta de Alberdi",30,Iquitos,"TikTok Ads",2022-10-01,Nuevo,Masculino,ymateos@example.org
2077,"José Antonio Soria Valcárcel",57,Cuzco,Referido,2024-11-18,Inactivo,Masculino,baqueroamancio@example.org
2078,"Anselmo Tur Montes",46,Trujillo,"Google Ads",2023-12-25,VIP,"No especificado",jalfaro@example.com
2079,"Fito del Ayuso",32,Chiclayo,Referido,2022-04-15,VIP,Femenino,pombomaria-dolores@example.com
2080,"Consuelo Pinedo",58,Tacna,"TikTok Ads",2024-05-15,Inactivo,Masculino,titoroldan@example.net
2081,"Salomé Gutierrez Bermúdez",63,Cusco,"TikTok Ads",2024-10-11,VIP,"No especificado",davidrio@example.org
2082,"Isidora Samper Borja",63,Cajamarca,"TikTok Ads",2024-02-16,Recurrente,Femenino,pastor35@example.com
2083,"Itziar Molina Carrera",59,Trujillo,Email,2022-12-16,Recurrente,Masculino,garatejesus@example.org
2084,"Petrona Alemán Calderon",41,Trujillo,Orgánico,2024-02-04,Nuevo,"No especificado",gordilloseve@example.net
2085,"Haydée Araujo Abad",55,Trujillo,Email,2022-08-20,Recurrente,Femenino,alcoleasamanta@example.net
2086,"Ruy Mayo Verdugo",52,Arequipa,"Google Ads",2023-11-24,Inactivo,"No especificado",odalisbarbera@example.org
2087,"Clarisa del Nogueira",65,Cajamarca,"Google Ads",2023-05-27,NULL,Femenino,castanedavalentin@example.org
2088,"Sara Ballester Gisbert",56,Cusco,"Google Ads",2022-08-30,NULL,Masculino,armando55@example.net
2089,"Eusebia Suárez Parra",30,Cajamarca,Orgánico,2023-08-18,Nuevo,"No especificado",luiscastilla@example.net
2090,"Aurora Cabanillas Girona",64,Chiclayo,"Meta Ads",2023-09-05,VIP,Femenino,qtejero@example.org
2091,"Francisco Padilla Manzanares",30,Huancayo,Referido,2024-09-16,VIP,"No especificado",benitojosue@example.net
2092,"Lourdes del Camino",36,Cajamarca,"TikTok Ads",2023-08-25,Recurrente,"No especificado",ana-belenpalau@example.org
2093,"Vidal Córdoba Ugarte",46,Trujillo,Referido,2023-06-27,Nuevo,"No especificado",xmate@example.net
2094,"Segismundo Recio Campo",29,Chiclayo,Referido,2023-03-13,VIP,Femenino,ruperta38@example.com
2095,"Marcos Ferrández-Expósito",61,Huancayo,Referido,2022-01-05,VIP,"No especificado",jose88@example.org
2096,"Teodosio Pozo Garriga",22,Piura,"TikTok Ads",2024-03-17,Inactivo,"No especificado",olivaresvalentina@example.com
2097,"Sara Farré Neira",29,Huancayo,Referido,2023-03-22,Inactivo,"No especificado",flosa@example.org
2098,"Reyes Ribas Artigas",29,Piura,"Meta Ads",2023-09-17,Recurrente,Femenino,prudenciavinas@example.org
2099,"Beatriz Sanjuan-Sebastián",65,Lima,Email,2024-11-21,Recurrente,Masculino,manuela83@example.org
2100,"Ligia Cañizares-Valenzuela",50,Huancayo,Orgánico,2022-03-14,VIP,"No especificado",luciana20@example.org
2101,"Juan Manuel Atienza Roselló",25,NULL,Email,2024-08-06,VIP,Masculino,hsantiago@example.org
2102,"Julie Verdugo-Elorza",42,Tacna,Email,2024-09-26,Nuevo,"No especificado",raragon@example.com
2103,"Carmela Castellanos-Calleja",20,Trujillo,"TikTok Ads",2022-04-28,Recurrente,"No especificado",fmas@example.org
2104,"Máxima Montserrat Varela",45,Arequipa,Referido,2023-12-30,VIP,Masculino,rita96@example.com
2105,"Hortensia Hurtado Llanos",35,Huancayo,"TikTok Ads",2022-01-13,Recurrente,"No especificado",pineirorodrigo@example.com
2106,"Fabiana Mariscal Santamaría",53,Iquitos,Referido,2024-07-31,Nuevo,Masculino,gomezhernan@example.com
2107,"Bruno Rey Vila",34,Cajamarca,"Meta Ads",2023-11-04,Recurrente,Masculino,georginarosa@example.net
2108,"Tadeo Pascual Mir Gelabert",26,Piura,Orgánico,2023-09-04,Recurrente,Masculino,mayolamilcar@example.net
2109,"Cruz Manso",28,Cuzco,"Google Ads",2023-12-26,Nuevo,Femenino,amancio95@example.com
2110,"Águeda Cazorla Enríquez",55,Piura,Email,2022-08-08,Nuevo,"No especificado",maritaamoros@example.com
2111,"Macarena Mora",34,Huancayo,"Google Ads",2022-01-11,Recurrente,"No especificado",yroma@example.net
2112,"Ricardo Ortuño Tenorio",18,Piura,Orgánico,2023-12-18,Nuevo,"No especificado",canalescarolina@example.com
2113,"Marianela Rincón-Macias",39,Chiclayo,Email,2023-01-17,Inactivo,"No especificado",rosa-maria87@example.com
2114,"Roxana Alberto Yáñez",47,Cusco,"Google Ads",2024-04-03,Nuevo,Femenino,fermin67@example.net
2115,"Albano Piquer Codina",63,Huancayo,"Google Ads",2023-12-28,VIP,Femenino,eligioalcantara@example.com
2116,"Nico Barbero Folch",27,Arequipa,"TikTok Ads",2022-01-19,Recurrente,"No especificado",che38@example.com
2117,"Remigio Cuevas-Macías",20,Chiclayo,"Meta Ads",2022-07-27,VIP,"No especificado",concepcion60@example.net
2118,"Camilo Barrios-Marquez",27,Cusco,Orgánico,2024-06-01,Inactivo,Masculino,porfirio44@example.net
2119,"Renato Antúnez",38,Cajamarca,Orgánico,2024-10-04,Inactivo,Femenino,casanovamarino@example.net
2120,"Ruth Santamaria Calatayud",56,Iquitos,Orgánico,2023-02-09,Recurrente,"No especificado",piedad42@example.com
2121,"Teófila Nereida Gomez Porcel",21,Cajamarca,Email,2022-06-23,Inactivo,Femenino,calemany@example.org
2122,"José Mari del Arévalo",58,Piura,"Meta Ads",2024-12-19,VIP,Femenino,warco@example.com
2123,"Gala Riera Milla",57,Piura,Referido,2024-11-19,Nuevo,"No especificado",sebastianbarragan@example.net
2124,"Amelia de Iglesias",60,Lima,Email,2022-11-11,Nuevo,"No especificado",lloretteofila@example.net
2125,"Martín Salazar",37,Cusco,Orgánico,2024-04-21,Inactivo,Masculino,bernardo72@example.com
2126,"Xavier del Ferrándiz",49,Piura,Email,2022-09-11,Inactivo,Femenino,juan-antonio72@example.org
2127,"Eugenio Sanchez",54,Lima,"Google Ads",2024-09-25,Inactivo,"No especificado",eugenioayala@example.org
2128,"Néstor Benavente Estévez",53,Cajamarca,Email,2022-01-15,VIP,"No especificado",arenasgeronimo@example.net
2129,"Quirino Vilaplana Carreras",40,Lima,"TikTok Ads",2022-11-15,Nuevo,Femenino,cmolins@example.net
2130,"Almudena Romero Lorenzo",22,Cajamarca,"TikTok Ads",2023-05-28,Recurrente,"No especificado",benjaminjove@example.com
2131,"Dulce de Cuevas",63,Huancayo,Email,2023-04-09,VIP,Masculino,osunacalixta@example.net
2132,"Soraya Jara-Adán",NULL,Piura,Orgánico,2024-08-21,Nuevo,Masculino,guitartpancho@example.org
2133,"Josefa Cortina Ariño",51,Chiclayo,"Google Ads",2024-03-20,VIP,"No especificado",vendrellvicente@example.org
2134,"Felix Azcona Mascaró",32,Cajamarca,Orgánico,2024-02-06,Nuevo,Masculino,galvezherminio@example.com
2135,"Rosa Palma Beltran",29,Iquitos,"Google Ads",2023-09-05,Recurrente,Masculino,paula61@example.net
2136,"Lucila Gimeno Espejo",51,NULL,"TikTok Ads",2024-01-17,Nuevo,"No especificado",jluna@example.org
2137,"Anabel Vazquez",22,Chiclayo,"Google Ads",2024-05-27,VIP,Femenino,elvira55@example.com
2138,"Hipólito Quintanilla Briones",50,Cajamarca,"Google Ads",2023-01-09,Recurrente,Masculino,adoracion49@example.org
2139,"Consuela Garcés Mármol",NULL,Piura,Orgánico,2023-07-06,VIP,Femenino,rafaarribas@example.com
2140,"Fernanda Marin Gil",44,Trujillo,"TikTok Ads",2022-08-11,VIP,Femenino,vivianaamigo@example.org
2141,"Luisa Juanita Agullo Carbó",52,Arequipa,"Google Ads",2024-06-17,Inactivo,Masculino,nuriamillan@example.net
2142,"Itziar Hernandez Hervás",52,Lima,"TikTok Ads",2024-06-18,Nuevo,"No especificado",ildefonso69@example.org
2143,"Néstor Montesinos Pizarro",43,Piura,"Meta Ads",2022-11-28,VIP,Femenino,ricobermudez@example.org
2144,"Guadalupe Jerez Luna",23,Huancayo,"TikTok Ads",2022-10-14,Nuevo,Femenino,claravara@example.net
2145,"Xavier Villanueva Perera",40,Lima,"Meta Ads",2023-12-26,Inactivo,Femenino,hcarrion@example.org
2146,"Rosaura Verdugo",32,Cajamarca,Referido,2024-06-07,Nuevo,"No especificado",hzamorano@example.com
2147,"Lara Arranz Martin",31,Iquitos,"Meta Ads",2022-01-12,NULL,Femenino,julio-cesar39@example.com
2148,"Felipe Vilaplana",60,Trujillo,Referido,2024-01-06,Recurrente,Femenino,nandoherrero@example.com
2149,"Atilio Diego Aguilera",39,Arequipa,"Meta Ads",2023-02-11,Nuevo,Masculino,xaviermiranda@example.net
2150,"Cruz Garcés Rodrigo",NULL,Piura,Orgánico,2022-08-15,Nuevo,Femenino,hernandovictor@example.net
2151,"Cristian Rozas Bello",41,Iquitos,Referido,2023-01-24,Recurrente,Femenino,fparedes@example.com
2152,"Albano Segovia Mármol",36,Cusco,Email,2023-08-07,Recurrente,Masculino,paredesfrancisca@example.com
2153,"Armando Beltrán Ballester",31,Trujillo,Email,2022-03-24,Inactivo,Femenino,vidalriquelme@example.org
2154,"Régulo Infante Bejarano",57,Chiclayo,"Meta Ads",2022-10-01,Recurrente,Femenino,angelahierro@example.com
2155,"Samanta Goñi-Jordán",51,Trujillo,Email,2024-03-19,Recurrente,"No especificado",eloisajulia@example.com
2156,"Gala Sanmartín Quiroga",48,Tacna,"TikTok Ads",2024-05-12,VIP,"No especificado",mauricio11@example.com
2157,"Estela Alegria Porras",53,Iquitos,"Meta Ads",2023-11-10,Inactivo,Femenino,jvazquez@example.net
2158,"Juanito Aguado Barroso",59,Tacna,"Meta Ads",2022-03-06,Recurrente,Masculino,lfiguerola@example.com
2159,"Amalia Belmonte-Pallarès",18,Tacna,"TikTok Ads",2022-11-25,Inactivo,Masculino,diazdionisio@example.com
2160,"Ascensión Manjón",25,Piura,"TikTok Ads",2023-02-12,Recurrente,"No especificado",maria-del-carmen87@example.net
2161,"Marcio Armando Lucena Río",60,Trujillo,Email,2024-09-08,Inactivo,"No especificado",casesruth@example.org
2162,"Gertrudis Anguita Sáez",40,Piura,Email,2023-06-29,VIP,"No especificado",samador@example.org
2163,"Juanito Gimeno Cerezo",46,Huancayo,"Google Ads",2022-09-01,Recurrente,Femenino,cazorlaaranzazu@example.net
2164,"Rosalinda Marquez Cobos",33,Piura,"TikTok Ads",2024-05-12,Recurrente,"No especificado",wroca@example.org
2165,"Nilo Vicente Perea Alba",59,Iquitos,Referido,2024-09-28,Nuevo,Femenino,thernandez@example.com
2166,"Trinidad de Casal",57,Arequipa,"Meta Ads",2024-10-11,Recurrente,Femenino,navarroteofila@example.com
2167,"Abilio Prado Blázquez",57,Huancayo,Email,2022-09-18,NULL,Masculino,arrietacandelario@example.net
2168,"Cruz Reinaldo Núñez Galán",33,Arequipa,Referido,2023-10-28,Inactivo,Femenino,vidal67@example.net
2169,"Yolanda Vila Cisneros",20,Trujillo,Email,2024-03-29,Nuevo,Masculino,wmancebo@example.com
2170,"Cirino Giner Iriarte",61,Chiclayo,Email,2024-10-24,Inactivo,Femenino,macarenaespanol@example.net
2171,"Baudelio Escudero",38,Cusco,"Google Ads",2024-03-07,Recurrente,Femenino,cornejoteresita@example.org
2172,"Tamara Ballester-Serra",42,Tacna,"TikTok Ads",2022-09-27,Recurrente,"No especificado",ileana76@example.com
2173,"Angelina del Bautista",25,Iquitos,"Meta Ads",2022-08-13,Nuevo,"No especificado",gegea@example.net
2174,"Augusto Figueroa-Torrens",42,Arequipa,"Meta Ads",2022-08-09,Inactivo,"No especificado",maria-teresa13@example.com
2175,"Felipa Castellanos Guitart",34,Cusco,Orgánico,2022-02-13,VIP,Masculino,dnogueira@example.net
2176,"Erasmo Baños Ferrer",52,Lima,"TikTok Ads",2022-09-16,Inactivo,Femenino,umachado@example.com
2177,"Julieta Sanjuan Moya",64,Piura,"Google Ads",2022-11-15,Recurrente,Femenino,marita22@example.org
2178,"Mónica Encarnación Corominas Pastor",36,Tacna,Referido,2023-12-06,VIP,Masculino,titovives@example.com
2179,"Inés Domingo Acuña",19,Arequipa,"Google Ads",2024-10-21,Inactivo,"No especificado",conrado54@example.org
2180,"Delia Giralt Rubio",51,Huancayo,Referido,2022-01-28,Recurrente,Masculino,maestreleocadio@example.com
2181,"Sosimo Palomares-Cañizares",41,Iquitos,"Meta Ads",2023-04-30,VIP,"No especificado",kgoicoechea@example.com
2182,"Valeria Tena Sevillano",50,Piura,Orgánico,2022-04-17,Recurrente,Femenino,eloisa13@example.net
2183,"Felisa Mayoral Torrens",50,Cajamarca,Orgánico,2023-12-02,VIP,Femenino,epifanio13@example.net
2184,"Asunción de Bilbao",46,Cusco,"Meta Ads",2024-05-29,Inactivo,"No especificado",amaroarino@example.net
2185,"Timoteo Chaves-Ferrándiz",49,Iquitos,Email,2022-01-17,Inactivo,Femenino,adolfotorres@example.org
2186,"Quique Benito-Benet",20,Arequipa,"Google Ads",2024-06-08,Inactivo,"No especificado",herminio49@example.com
2187,"Teobaldo Vendrell Anguita",36,Chiclayo,Orgánico,2024-09-10,VIP,Masculino,ivinas@example.com
2188,"Marina Quirós-Garcia",59,Huancayo,"TikTok Ads",2023-08-16,Inactivo,Femenino,zaida11@example.com
2189,"Leoncio Juliá Suarez",30,Lima,Email,2023-08-01,VIP,Masculino,quriarte@example.org
2190,"Gervasio Poza Godoy",38,Cajamarca,Referido,2024-09-22,Nuevo,Femenino,leoncarnero@example.com
2191,"Paula Manso-Cañete",50,Tacna,"TikTok Ads",2022-06-19,Recurrente,"No especificado",gironlucia@example.org
2192,"Leyre Vicens Botella",23,Iquitos,Orgánico,2024-05-28,Nuevo,Femenino,faustino85@example.com
2193,"Filomena Vallés Alarcón",24,Cajamarca,Referido,2023-05-23,VIP,Femenino,rvilalta@example.org
2194,"Teobaldo de Vilaplana",28,Chiclayo,Email,2022-11-09,Inactivo,Femenino,tecla06@example.org
2195,"Jacinto Cuervo Escamilla",52,Arequipa,Referido,2024-11-13,Inactivo,Femenino,goyo80@example.net
2196,"Marcia Coll-Tomás",52,Huancayo,Email,2023-01-18,VIP,Femenino,hoyosemigdio@example.net
2197,"Almudena Gilabert Torrent",18,Piura,Referido,2023-05-26,Recurrente,Masculino,rgimeno@example.org
2198,"Amílcar del Peiró",58,Cuzco,"Google Ads",2023-07-30,Inactivo,Masculino,adoracion27@example.org
2199,"Alfonso de Villaverde",22,Arequipa,Orgánico,2022-08-24,Nuevo,Femenino,ilumbreras@example.org
2200,"Gala Soria Sanz",31,Trujillo,Orgánico,2023-06-24,Recurrente,Masculino,villalongarocio@example.net
2201,"Alex Morante Calderón",60,Lima,Email,2023-05-22,Inactivo,Masculino,abrahamrovira@example.org
2202,"Melisa Llanos",58,Lima,Referido,2024-05-28,VIP,Masculino,tgallardo@example.org
2203,"Luis Miguel Dávila-Peñas",31,Piura,"Meta Ads",2023-02-11,Nuevo,"No especificado",ripolljaviera@example.com
2204,"Flavia Bermejo Villanueva",61,Huancayo,"TikTok Ads",2024-08-28,VIP,Femenino,oguitart@example.com
2205,"Godofredo Gisbert-Villalonga",45,Arequipa,"TikTok Ads",2022-07-31,Inactivo,"No especificado",tescolano@example.org
2206,"Feliciana Ochoa Torrens",24,Arequipa,Orgánico,2024-10-25,Recurrente,"No especificado",guiomar77@example.net
2207,"Victoria Agudo Valls",31,Chiclayo,Referido,2023-01-07,Inactivo,"No especificado",ipalau@example.com
2208,"Isidro Daza Grau",52,Tacna,Referido,2023-01-22,Inactivo,"No especificado",clemente31@example.com
2209,"José Ángel Lucas Galán",62,Trujillo,"Google Ads",2022-11-01,Inactivo,Femenino,usalvador@example.org
2210,"Ciro Criado Paredes",65,Cuzco,"TikTok Ads",2023-04-15,Recurrente,"No especificado",lcarmona@example.com
2211,"Paca Salomé Carrasco Grau",NULL,Huancayo,"Meta Ads",2022-09-04,Nuevo,"No especificado",gertrudis15@example.net
2212,"Ruperta Murillo Carballo",59,Iquitos,Orgánico,2022-09-28,VIP,Masculino,xcastellanos@example.com
2213,"Nereida Tejero Tello",22,Tacna,"Google Ads",2024-04-01,VIP,Femenino,rrequena@example.org
2214,"Manolo Cuéllar",65,Cusco,"Meta Ads",2022-03-20,Recurrente,"No especificado",mansojulio@example.net
2215,"Ainoa Hervás Aroca",61,Cajamarca,Orgánico,2023-07-15,Inactivo,"No especificado",taniarebollo@example.org
2216,"Luciano Cuevas Cañizares",27,Trujillo,"Google Ads",2023-01-29,Nuevo,Masculino,juan-carlos56@example.com
2217,"Almudena Collado",19,Cusco,"Meta Ads",2022-10-27,VIP,Masculino,zrodriguez@example.com
2218,"Celso Jordá Escolano",47,Arequipa,Orgánico,2024-05-23,VIP,Masculino,ledesmaamalia@example.net
2219,"Graciela Alfonso",63,Huancayo,"TikTok Ads",2022-02-06,VIP,Masculino,norbertoarroyo@example.com
2220,"Aristides Cándido Sanchez Soto",39,Cajamarca,"Meta Ads",2023-02-13,NULL,"No especificado",oredondo@example.net
2221,"Carlota Gimenez Reig",20,Cusco,Referido,2022-07-06,Inactivo,"No especificado",blancafabregas@example.net
2222,"Bienvenida Rosalina Espada Vicente",23,Piura,Email,2022-04-15,Inactivo,"No especificado",murciaefrain@example.net
2223,"Celso Noriega-Santana",22,Lima,Email,2024-02-18,Inactivo,Femenino,almazannidia@example.com
2224,"Marta Anastasia Gras Pineda",21,Iquitos,Referido,2024-04-14,Inactivo,Femenino,minguezximena@example.com
2225,"Benigna Camps Alegre",29,Chiclayo,"Meta Ads",2024-12-11,VIP,Masculino,avilesaurelia@example.org
2226,"Juan Carlos Varela",34,Huancayo,Referido,2023-09-20,Nuevo,"No especificado",blanca32@example.net
2227,"Sarita Conde Bárcena",53,Huancayo,Email,2023-04-19,VIP,Femenino,sgrande@example.org
2228,"Jordán Arias Vaquero",22,NULL,Email,2023-03-31,Inactivo,"No especificado",natanael63@example.net
2229,"Arturo Toledo Castillo",54,Iquitos,"Meta Ads",2023-11-20,NULL,Femenino,albertaraujo@example.org
2230,"Luz Sarita Abella Rosado",32,Arequipa,Email,2024-05-22,VIP,Femenino,vallsromulo@example.com
2231,"Ignacia Pellicer",34,Iquitos,"TikTok Ads",2024-09-08,Nuevo,Masculino,crespolorenzo@example.com
2232,"Paco Romeu Grande",44,Tacna,Referido,2022-05-06,NULL,Femenino,grauevangelina@example.net
2233,"Rosa Piquer Ordóñez",42,Iquitos,"TikTok Ads",2024-11-10,Inactivo,Masculino,anastasiollado@example.net
2234,"Rosaura Cabañas-Roig",46,Lima,"TikTok Ads",2024-05-24,Inactivo,"No especificado",pinagabriela@example.com
2235,"Edu Tejada Guerrero",58,Cusco,"Meta Ads",2022-04-16,Recurrente,Femenino,olimpialerma@example.org
2236,"Erasmo Real Jiménez",43,Piura,Referido,2023-09-16,Recurrente,"No especificado",benaventanna@example.net
2237,"Abilio Aguilar",45,Chiclayo,"Meta Ads",2022-08-14,Recurrente,"No especificado",aalmagro@example.net
2238,"Lourdes Carranza-Vizcaíno",38,Arequipa,Email,2023-07-06,NULL,Masculino,claudioposada@example.org
2239,"Godofredo Fuertes Moles",19,Huancayo,Orgánico,2024-01-15,VIP,Femenino,milagros56@example.net
2240,"Fidela Campillo Cortes",42,Arequipa,"Meta Ads",2023-07-29,Recurrente,Masculino,matasleocadio@example.com
2241,"Modesta Izaguirre Jurado",61,Chiclayo,"Meta Ads",2023-12-20,Nuevo,Femenino,corneliolamas@example.net
2242,"Ileana del Llorens",25,Cajamarca,Orgánico,2024-05-06,Nuevo,Masculino,spenas@example.com
2243,"Priscila Frías Reyes",52,Lima,Email,2023-05-21,Inactivo,Masculino,gironsantos@example.net
2244,"Rita del Escamilla",18,Lima,Referido,2023-10-18,NULL,"No especificado",almudena48@example.net
2245,"Manuelita Tomás Izaguirre",59,Iquitos,"Google Ads",2022-04-08,VIP,Masculino,robertoalemany@example.com
2246,"Luis Francisco Jose Puig Cervera",64,Chiclayo,Orgánico,2023-01-08,VIP,"No especificado",wperalta@example.net
2247,"Raúl Gras Salom",57,Trujillo,"Google Ads",2022-03-25,Nuevo,Femenino,santamariajacobo@example.net
2248,"Aureliano Garmendia Verdugo",22,Cajamarca,Email,2022-01-02,NULL,Masculino,puertamaria-manuela@example.org
2249,"Roberta Nevado Azorin",65,Chiclayo,"Meta Ads",2022-04-17,Recurrente,Femenino,epelayo@example.net
2250,"Guiomar Adadia Bou",55,Arequipa,"Meta Ads",2023-10-21,VIP,Masculino,mercadernazaret@example.org
2251,"Jonatan Rozas Borja",20,Tacna,Email,2023-03-11,Recurrente,"No especificado",bustoschelo@example.org
2252,"Eleuterio Girona Peláez",62,Chiclayo,Referido,2023-08-08,Recurrente,Masculino,rosauratrillo@example.net
2253,"Marco Arellano Planas",22,Cajamarca,Referido,2024-08-24,Inactivo,Masculino,celsocid@example.com
2254,"María Luisa Vázquez Macías",40,Chiclayo,"TikTok Ads",2023-07-28,Recurrente,Masculino,uzabala@example.net
2255,"Amparo Remedios Díez Urrutia",50,Chiclayo,Email,2022-07-26,VIP,Femenino,benignouriarte@example.com
2256,"Adelina Franch Villegas",24,Iquitos,Email,2024-06-01,Recurrente,"No especificado",vmerino@example.com
2257,"Cleto Ale Vicens Villalobos",36,NULL,"TikTok Ads",2023-01-14,VIP,Masculino,angelinomontoya@example.net
2258,"Marino de Araujo",61,Cajamarca,Email,2023-06-01,VIP,Masculino,radan@example.net
2259,"Dafne Abad Criado",37,Lima,Email,2024-10-03,Inactivo,Masculino,marisoltorres@example.net
2260,"Emiliano Pulido Osuna",56,Piura,"TikTok Ads",2024-01-15,Recurrente,Femenino,pmillan@example.org
2261,"Graciela Fonseca Villaverde",23,Trujillo,Email,2023-11-16,Recurrente,Masculino,inigo78@example.net
2262,"Rafa Bayona Bosch",36,Trujillo,Email,2023-09-16,Nuevo,Masculino,calzadateodoro@example.net
2263,"Elodia del Olivera",46,Tacna,"Meta Ads",2022-08-17,Nuevo,"No especificado",penaedu@example.org
2264,"Daniel Ferreras-Sanz",42,Piura,"Google Ads",2022-07-18,Nuevo,Femenino,auroracarrion@example.org
2265,"Maricela Acuña Julián",NULL,Trujillo,Referido,2022-01-28,Nuevo,Femenino,urbanocarballo@example.org
2266,"Herminio Velasco Campillo",60,Arequipa,"Google Ads",2022-09-24,Inactivo,Femenino,kvalbuena@example.net
2267,"Angelina del Nieto",19,Lima,"Meta Ads",2023-11-10,Inactivo,"No especificado",vchaves@example.net
2268,"Samu Vilanova Jiménez",48,Trujillo,Orgánico,2024-01-09,Nuevo,"No especificado",apujol@example.com
2269,"Ruth del Salas",28,Lima,"Google Ads",2024-01-11,Recurrente,"No especificado",rozasmacario@example.net
2270,"Marcela Tomás Hervia",52,Iquitos,Orgánico,2024-12-19,VIP,Masculino,azeneth59@example.com
2271,"Renata Segarra Serna",32,NULL,"Meta Ads",2024-02-01,VIP,Femenino,epifaniomanrique@example.net
2272,"Tere Amorós-Toledo",26,Cajamarca,Referido,2023-05-03,Nuevo,Masculino,nievespera@example.net
2273,"Efraín Bauzà Piñeiro",65,Iquitos,Orgánico,2023-07-20,Recurrente,"No especificado",agustina73@example.com
2274,"Nilo de Moles",43,Lima,"Meta Ads",2023-03-07,Recurrente,"No especificado",fidelzamora@example.net
2275,"Feliciana Villalonga Agustí",52,Trujillo,Email,2024-02-26,Nuevo,Femenino,uagustin@example.com
2276,"Edelmiro Madrigal-Buendía",36,Piura,Referido,2022-06-28,VIP,"No especificado",eutimiososa@example.org
2277,"Nerea Nogués Benitez",58,Lima,"TikTok Ads",2022-08-06,Nuevo,"No especificado",mesajudith@example.org
2278,"Íngrid de Tamayo",27,Trujillo,Email,2022-09-25,Inactivo,Femenino,joaquinaburgos@example.net
2279,"Felicidad Gil Leon",37,Cusco,Referido,2022-09-04,Inactivo,"No especificado",gmuro@example.org
2280,"Raúl Falcón Valenzuela",61,Tacna,Referido,2022-03-26,Recurrente,Femenino,ecrespi@example.com
2281,"Desiderio Herranz",64,Arequipa,"Google Ads",2023-01-26,VIP,"No especificado",onofrealcala@example.org
2282,"Cristian Grande-Franco",59,Arequipa,Referido,2023-01-31,Nuevo,Femenino,lucas69@example.net
2283,"Silvio del Costa",NULL,Huancayo,"Google Ads",2024-07-01,Nuevo,Femenino,quirino96@example.com
2284,"Benito Bermudez Ugarte",18,Huancayo,Orgánico,2022-07-22,Nuevo,Femenino,casemirocorominas@example.org
2285,"Adelaida Ramona Arnal Toledo",53,Iquitos,Referido,2022-06-03,Inactivo,Femenino,linoescalona@example.com
2286,"María Teresa Miró Ugarte",53,Tacna,Orgánico,2023-12-04,Nuevo,Femenino,castanedanayara@example.net
2287,"Teófila Llobet-Tudela",27,Cajamarca,Referido,2023-09-10,Nuevo,Masculino,kmurillo@example.net
2288,"Roberto Vicente Losada",25,Arequipa,"Google Ads",2024-08-29,Recurrente,Femenino,noemi97@example.org
2289,"Consuela Castellanos Balaguer",20,Huancayo,"TikTok Ads",2023-02-18,Nuevo,"No especificado",abilioguardiola@example.org
2290,"Rosalía Rocha",18,Tacna,Email,2024-12-28,Inactivo,Femenino,colladoeric@example.org
2291,"Luz Antúnez Valverde",54,Chiclayo,Referido,2022-11-11,Recurrente,Masculino,uabad@example.org
2292,"Georgina Díaz Sebastián",56,Cajamarca,"Meta Ads",2022-03-31,VIP,"No especificado",cerroariadna@example.com
2293,"Paco Villegas Seguí",43,Lima,Email,2022-09-19,VIP,Masculino,usuarez@example.com
2294,"Noemí Aguirre Albero",52,Tacna,"Google Ads",2023-01-28,Inactivo,Femenino,hernandocharo@example.com
2295,"Goyo Cabrero",53,Piura,"TikTok Ads",2024-05-06,Nuevo,"No especificado",tpol@example.com
2296,"Fidela Jover Exposito",23,Huancayo,"TikTok Ads",2023-06-02,VIP,Masculino,mateo85@example.net
2297,"Dorotea de Leon",37,Lima,"Meta Ads",2023-12-13,VIP,"No especificado",gargalloflavio@example.net
2298,"María José Novoa Paz",31,NULL,Orgánico,2024-01-20,Inactivo,"No especificado",leonor26@example.net
2299,"Josep Rodrigo Galvez",65,Huancayo,"Google Ads",2024-07-07,Recurrente,Masculino,strillo@example.com
2300,"Odalis Perales Patiño",65,Cuzco,Email,2022-08-29,Nuevo,Masculino,rozasflorinda@example.com
2301,"Elisa Sanmartín Escolano",64,Cuzco,Orgánico,2024-06-12,VIP,"No especificado",amadorpavon@example.com
2302,"Benigna Granados-Cabo",40,Arequipa,Orgánico,2022-05-19,Inactivo,"No especificado",luisa63@example.net
2303,"Samu Gutiérrez-Rosell",31,Huancayo,"Google Ads",2024-09-15,Inactivo,Femenino,robertoperello@example.org
2304,"Chelo Coello Conde",44,Huancayo,Email,2024-05-08,VIP,"No especificado",ferrandezvasco@example.com
2305,"Rosenda Agustí Egea",59,Arequipa,"Google Ads",2024-12-08,Inactivo,Femenino,adelardomenendez@example.com
2306,"Leticia Cañizares Villanueva",50,Arequipa,"Meta Ads",2024-10-28,Nuevo,Masculino,peinadoyolanda@example.com
2307,"Pacífica del Torrecilla",27,Iquitos,"Meta Ads",2022-02-14,Recurrente,"No especificado",llanoanastasio@example.net
2308,"Edgardo Lisandro Asenjo Puig",28,Cajamarca,"TikTok Ads",2022-12-08,Inactivo,Masculino,felisa76@example.org
2309,"Onofre Cárdenas Barreda",29,Trujillo,Referido,2023-07-16,VIP,"No especificado",leocadio09@example.org
2310,"Santos Izquierdo",32,Arequipa,"TikTok Ads",2022-09-22,Inactivo,Femenino,fsantos@example.org
2311,"Sofía Bárcena Sandoval",57,Trujillo,Orgánico,2023-08-17,VIP,"No especificado",ccalleja@example.com
2312,"Dorita Paniagua Palomino",34,Piura,"TikTok Ads",2022-04-04,Recurrente,"No especificado",coronadojulieta@example.net
2313,"Manuela del Núñez",30,Cajamarca,Referido,2022-05-05,Inactivo,"No especificado",sabinacatala@example.org
2314,"Hernán Carrión Ortega",25,Cajamarca,"TikTok Ads",2023-01-25,Nuevo,"No especificado",dcarreras@example.com
2315,"Chita Maricruz Díaz Luís",29,Tacna,Email,2024-03-25,NULL,Masculino,mirallescleto@example.net
2316,"Eufemia Vicens Torrent",NULL,Iquitos,"Meta Ads",2024-10-10,Inactivo,Femenino,reyna39@example.net
2317,"Vilma Bermudez Piquer",54,Cuzco,Referido,2024-12-26,VIP,Femenino,mendezpilar@example.net
2318,"Eloísa Jordana Coca Diez",21,Cajamarca,"Meta Ads",2024-11-17,Nuevo,"No especificado",tomasa29@example.net
2319,"Ignacia Quiroga Bellido",53,Tacna,"Meta Ads",2022-06-03,Inactivo,Masculino,ascension06@example.com
2320,"Cecilio Nuñez Gracia",47,Piura,"Meta Ads",2022-12-05,Recurrente,Femenino,basguadalupe@example.net
2321,"Ester Manuel Lastra",59,Huancayo,"Google Ads",2024-06-15,Nuevo,"No especificado",luisinalasa@example.org
2322,"Mireia Gertrudis Linares Salgado",53,Tacna,Referido,2024-11-09,Inactivo,Femenino,vicentearribas@example.com
2323,"Piedad Viñas Sanjuan",22,Cajamarca,Orgánico,2024-02-26,Recurrente,Femenino,jennifervega@example.com
2324,"Carina Espejo Alvarado",36,Cuzco,Referido,2024-03-10,Inactivo,"No especificado",fabiolaacero@example.com
2325,"Prudencio Guitart Infante",60,Arequipa,Orgánico,2024-03-31,VIP,Femenino,chelo51@example.com
2326,"Cruz Diaz Puerta",22,Arequipa,Referido,2023-07-11,Inactivo,Masculino,kboix@example.com
2327,"Asdrubal Bartolomé Sáenz",34,Tacna,Referido,2023-02-28,Nuevo,Masculino,carnerozaida@example.org
2328,"Amelia de Puerta",24,Chiclayo,"Meta Ads",2023-01-12,VIP,Masculino,lunaboix@example.org
2329,"Ramona Blanco",30,Cusco,Orgánico,2022-01-08,VIP,"No especificado",domitila02@example.org
2330,"Eleuterio Cortés Blasco",64,Huancayo,"TikTok Ads",2022-11-24,Recurrente,Femenino,feliciaperera@example.com
2331,"Esmeralda Grande Huertas",55,Chiclayo,Orgánico,2023-03-23,Nuevo,"No especificado",huertamario@example.net
2332,"Ismael Matías Cases Castro",49,Cusco,Orgánico,2022-01-19,Nuevo,"No especificado",marianacazorla@example.com
2333,"Sofía Donaire",39,Iquitos,Referido,2024-11-16,Recurrente,Masculino,pinillajulieta@example.com
2334,"Ale Palacios Morell",40,Huancayo,Orgánico,2024-07-21,Recurrente,Femenino,leoncheca@example.net
2335,"Josefina Lladó Salgado",26,Cusco,Referido,2024-10-28,NULL,Femenino,severiano33@example.com
2336,"Paco Elorza Saura",60,Cuzco,"TikTok Ads",2024-12-11,Recurrente,"No especificado",galomarquez@example.com
2337,"Irma Zabaleta-Menendez",59,Arequipa,"Google Ads",2023-06-15,Nuevo,Masculino,flamas@example.com
2338,"Juliana Gordillo Borrás",33,Iquitos,"Meta Ads",2023-09-14,Recurrente,Masculino,cristina55@example.net
2339,"Encarnita Paz Revilla",24,Cusco,Email,2023-03-28,Inactivo,"No especificado",cdonaire@example.net
2340,"Casemiro Mateos-Alarcón",36,Iquitos,"Google Ads",2023-08-30,Inactivo,Femenino,icortes@example.net
2341,"Juan Carlos Cerezo Núñez",57,Piura,Orgánico,2023-07-04,Recurrente,Masculino,juliaroura@example.com
2342,"Joel Juanito Aguirre Téllez",22,Iquitos,"TikTok Ads",2022-09-01,Nuevo,"No especificado",hipolito58@example.net
2343,"Emperatriz Agullo Ros",30,Trujillo,"Meta Ads",2022-12-17,NULL,Femenino,cipriano83@example.com
2344,"Marc David Aguilar Pereira",38,Huancayo,"TikTok Ads",2023-04-04,VIP,"No especificado",adeliajulian@example.org
2345,"Hernán Ruiz",49,Arequipa,"Meta Ads",2022-04-04,Inactivo,Femenino,villanuevagenoveva@example.net
2346,"Diana Cárdenas Porta",46,Arequipa,"Meta Ads",2024-12-28,VIP,"No especificado",aitanachaves@example.com
2347,"Constanza Jódar Bernad",39,Arequipa,"Meta Ads",2023-05-03,VIP,Masculino,ramon96@example.net
2348,"Maura Heras Villanueva",57,Arequipa,"TikTok Ads",2023-08-21,Recurrente,"No especificado",morajudith@example.org
2349,"Roxana Nélida Llabrés López",60,Cusco,Orgánico,2022-03-22,Nuevo,"No especificado",ruth02@example.com
2350,"Rufina del Rey",37,Arequipa,"Meta Ads",2022-10-31,VIP,Femenino,vnadal@example.net
2351,"Teodosio Bayona",62,Iquitos,"TikTok Ads",2023-07-23,Inactivo,Femenino,expositoxiomara@example.com
2352,"Borja Manjón Cano",55,Trujillo,Email,2022-09-30,Nuevo,"No especificado",fermin78@example.org
2353,"María Pilar Santamaría Lladó",27,Tacna,Email,2023-07-08,VIP,Masculino,saavedranydia@example.net
2354,"Leandra Cecilia Montes Aliaga",54,Lima,"Meta Ads",2022-04-16,Recurrente,Femenino,uroyo@example.com
2355,"Amador Alonso Estevez",54,Cajamarca,Referido,2023-05-25,Inactivo,Masculino,qhervia@example.net
2356,"Epifanio Leon Casares",41,Tacna,"TikTok Ads",2023-03-07,Inactivo,"No especificado",eliana57@example.net
2357,"Pascuala Aguiló Guerrero",38,Tacna,Orgánico,2024-12-30,VIP,Femenino,cmarin@example.org
2358,"Carlos Alcolea Uriarte",45,Iquitos,"TikTok Ads",2022-08-26,Recurrente,Femenino,robledoteodosio@example.com
2359,"Francisco Javier Rivera",28,Arequipa,Email,2022-01-03,VIP,"No especificado",kandrade@example.net
2360,"Rubén Salomón Valentín Pera",18,Cusco,Email,2023-12-13,Inactivo,"No especificado",agatamas@example.net
2361,"Obdulia Angulo Murillo",38,Iquitos,Email,2024-01-26,Inactivo,"No especificado",clementinachaparro@example.org
2362,"Tadeo Coll Barba",33,Cuzco,"Google Ads",2023-10-27,Nuevo,Femenino,modesta01@example.com
2363,"Román Poza-Bellido",32,Lima,"TikTok Ads",2022-06-20,Nuevo,Femenino,nicolasaoliva@example.com
2364,"José de Fernandez",63,Piura,"Google Ads",2023-06-25,Inactivo,Masculino,ddalmau@example.org
2365,"Sebastian Pizarro-Alberola",65,Cajamarca,Email,2022-10-01,Nuevo,"No especificado",herbertoduenas@example.com
2366,"Rodrigo Ibarra Plaza",59,Piura,Referido,2024-04-16,Inactivo,"No especificado",cecilio23@example.org
2367,"Delia Aragonés Flor",45,Iquitos,"TikTok Ads",2023-08-27,Recurrente,Femenino,ubosch@example.org
2368,"Paulina Burgos Vázquez",35,Arequipa,Orgánico,2023-10-27,Nuevo,Masculino,isidoraperello@example.org
2369,"Jordi Porcel",41,Cajamarca,"TikTok Ads",2022-04-28,Recurrente,"No especificado",wcuervo@example.org
2370,"Felix Cebrián Arnal Viñas",26,NULL,Orgánico,2022-01-22,Nuevo,"No especificado",sprado@example.org
2371,"Edmundo Teruel Martín",61,Chiclayo,Email,2023-12-30,Recurrente,"No especificado",dpenalver@example.net
2372,"Geraldo Azorin",64,Trujillo,Email,2023-03-26,Recurrente,Femenino,maria-carmenbaez@example.com
2373,"Basilio Guzman",39,Huancayo,Orgánico,2023-07-27,Inactivo,Masculino,maximinocanellas@example.com
2374,"Eufemia Alcolea Diego",48,Chiclayo,Referido,2022-12-28,Nuevo,"No especificado",tomasa46@example.net
2375,"Luís Carretero-Priego",47,Arequipa,"Google Ads",2023-06-09,Nuevo,Masculino,wbellido@example.com
2376,"Adalberto de Talavera",46,Iquitos,"TikTok Ads",2022-02-02,Inactivo,"No especificado",gironasonia@example.net
2377,"Calixta Florencia Borrás Ibarra",40,Tacna,"Google Ads",2022-08-06,Inactivo,Femenino,maria-jesusgutierrez@example.com
2378,"Josep Bravo Nevado",37,Iquitos,"TikTok Ads",2024-02-22,Recurrente,"No especificado",noe80@example.net
2379,"Amor Pagès Correa",49,Arequipa,Email,2023-06-12,Inactivo,Masculino,pberenguer@example.org
2380,"Rosa María de Casas",53,Piura,"TikTok Ads",2023-02-27,Recurrente,Masculino,angelinaexposito@example.org
2381,"Cruz Moliner Olivera",24,Cajamarca,"TikTok Ads",2024-06-24,Inactivo,"No especificado",marcianorozas@example.org
2382,"Paula Ferrando Almazán",29,Chiclayo,"TikTok Ads",2023-03-28,Inactivo,Masculino,rodrigo26@example.org
2383,"Felisa Cañizares Iglesia",59,Cusco,Orgánico,2023-10-27,Nuevo,"No especificado",maria67@example.org
2384,"Jose Carlos Río Mariño",56,Tacna,"Google Ads",2023-07-05,VIP,Femenino,tadeo22@example.com
2385,"Obdulia del Falcó",23,Cajamarca,Referido,2023-02-22,Nuevo,"No especificado",solanoelia@example.org
2386,"Cayetana Oliveras-Morales",35,Cajamarca,Email,2024-03-20,Inactivo,Masculino,itziar16@example.org
2387,"Eli Cueto Bayón",26,Tacna,"Meta Ads",2022-11-15,VIP,"No especificado",melchorcastells@example.net
2388,"Calixta Sancho",52,Lima,Email,2024-07-02,VIP,Masculino,asanz@example.com
2389,"Sebastián Eleuterio Pedraza Santiago",30,Cajamarca,"Meta Ads",2023-04-20,VIP,Masculino,xrocamora@example.org
2390,"Román Velasco Pinilla",34,Piura,Email,2024-06-07,VIP,"No especificado",teodoro41@example.net
2391,"Vasco Alfonso Pascual",64,Lima,Orgánico,2024-01-25,Recurrente,Masculino,xvalles@example.com
2392,"Dafne Estrella Barroso Ponce",58,Trujillo,Orgánico,2022-10-31,Recurrente,Masculino,rafaela85@example.org
2393,"Juan Francisco Valencia",22,Piura,Orgánico,2024-09-08,VIP,Masculino,teobaldopla@example.net
2394,"Calista del Mora",64,Piura,Orgánico,2022-07-11,Recurrente,"No especificado",conesaadrian@example.com
2395,"Miguela Montserrat Cano",22,Iquitos,Referido,2024-10-12,VIP,Femenino,hector89@example.net
2396,"Juan Carlos Batlle Arranz",19,Iquitos,Referido,2023-01-07,VIP,"No especificado",droyo@example.com
2397,"Chuy Angulo Franch",50,Lima,"Meta Ads",2024-07-29,Inactivo,Masculino,anibal17@example.com
2398,"Jose Carlos Feliu Cabeza",58,Trujillo,Referido,2023-01-14,Inactivo,Femenino,aureliano95@example.com
2399,"Lucho Pont Trillo",19,Trujillo,Email,2022-12-27,Recurrente,Masculino,rnebot@example.com
2400,"Matilde Jaén",55,Cajamarca,Orgánico,2023-01-22,VIP,Masculino,lastragaston@example.com
2401,"Gervasio Giner Belda",55,Cusco,"TikTok Ads",2024-10-01,Recurrente,Femenino,silvestre07@example.com
2402,"Édgar Gallardo Tur",43,Arequipa,"Google Ads",2023-01-05,Recurrente,"No especificado",fanny09@example.org
2403,"Joaquín Barrera Paniagua",55,NULL,"Google Ads",2023-08-01,Inactivo,"No especificado",lupita08@example.net
2404,"Perlita del Peinado",31,Lima,"Google Ads",2022-02-13,Nuevo,"No especificado",libarra@example.org
2405,"Sergio Larrañaga Ángel",20,Arequipa,"TikTok Ads",2023-09-28,VIP,Femenino,caseslucia@example.org
2406,"Quique Bejarano Mateu",53,Tacna,Email,2022-11-30,Inactivo,Femenino,rrosa@example.com
2407,"Cándido Vives Caballero",34,Chiclayo,"Google Ads",2022-12-30,Recurrente,Femenino,uhervas@example.net
2408,"Primitivo Guardia Pol",52,Cuzco,"Google Ads",2024-03-18,Recurrente,"No especificado",earmas@example.com
2409,"Clemente Zorrilla",52,Cuzco,"Meta Ads",2023-01-20,Inactivo,Femenino,antonio29@example.net
2410,"Lucas de Ribes",48,Huancayo,Email,2022-05-23,Nuevo,Masculino,pinaariel@example.net
2411,"Rodolfo Palma Segarra",59,Iquitos,Email,2022-10-21,Nuevo,Femenino,nebotaurea@example.net
2412,"Verónica Calvet Diaz",27,Trujillo,"Google Ads",2022-05-28,VIP,Masculino,telmo60@example.org
2413,"Leonardo Querol Vargas",41,Iquitos,Email,2024-05-23,Recurrente,Masculino,lorena16@example.org
2414,"Máxima Cruz Salazar",43,Piura,"Meta Ads",2023-05-18,Recurrente,Femenino,concepcionjulian@example.com
2415,"Yaiza Miró Morata",32,Iquitos,"TikTok Ads",2024-07-20,Nuevo,Femenino,joaquinaaviles@example.com
2416,"Haydée Ros Morales",55,NULL,"Meta Ads",2024-04-04,Inactivo,Masculino,wgarrido@example.com
2417,"Dalila Marcela Gargallo Perez",64,Cajamarca,"TikTok Ads",2022-07-25,VIP,"No especificado",margarita24@example.net
2418,"Ángeles del Palomino",36,Arequipa,Orgánico,2024-12-14,Nuevo,Femenino,pujadasvirginia@example.org
2419,"Jacinta Puerta Abad",NULL,Lima,"Meta Ads",2022-10-09,Nuevo,Femenino,leandro06@example.org
2420,"Erasmo Alegre Villaverde",47,Trujillo,Orgánico,2022-01-25,Inactivo,Femenino,ribasgala@example.org
2421,"Victor Matas Agudo",50,Trujillo,"Google Ads",2022-07-24,Recurrente,Masculino,juanito79@example.net
2422,"Dan Custodio Miranda Almeida",50,Cajamarca,"TikTok Ads",2024-02-13,NULL,Masculino,cleto33@example.org
2423,"Ángel Vidal-Cortes",23,Lima,Orgánico,2024-02-26,VIP,Femenino,ismael19@example.com
2424,"Alejo Seguí Pagès",43,Arequipa,Orgánico,2022-02-12,Recurrente,Femenino,orivero@example.net
2425,"Bruno Landa Pedraza",41,Piura,"Google Ads",2022-08-14,VIP,Masculino,camila67@example.net
2426,"Diana Guijarro-Jaén",50,Huancayo,Orgánico,2022-01-28,Nuevo,Masculino,novoanoe@example.com
2427,"Arturo Lucho Pulido Gelabert",18,Cusco,"TikTok Ads",2022-03-31,Recurrente,Femenino,pacifica72@example.com
2428,"Porfirio Morata Tolosa",60,Huancayo,"TikTok Ads",2022-09-28,VIP,"No especificado",igalvez@example.net
2429,"Jose Francisco Bustos Mas",33,Cajamarca,"Meta Ads",2023-05-24,NULL,"No especificado",ignaciaporta@example.com
2430,"Pío Pizarro Bermudez",57,Huancayo,"Google Ads",2022-06-21,Inactivo,Masculino,qantunez@example.net
2431,"Édgar Múñiz Oliveras",61,Cusco,Email,2023-07-03,VIP,Femenino,torrecillachelo@example.com
2432,"Hilda Carreño González",28,Piura,"TikTok Ads",2022-10-20,VIP,Femenino,galianomariana@example.net
2433,"Áurea Adelina Piñeiro Balaguer",50,Chiclayo,Orgánico,2022-01-28,Inactivo,Masculino,marco45@example.com
2434,"Juan Francisco Alfonso Montaña Conde",26,Tacna,"TikTok Ads",2022-01-20,VIP,"No especificado",jandreu@example.net
2435,"Lidia Giner Coronado",46,Arequipa,"TikTok Ads",2022-08-06,Recurrente,Femenino,etelvinaortiz@example.net
2436,"Nicodemo Pozo Salinas",28,Iquitos,"Meta Ads",2023-11-25,Nuevo,Masculino,wribes@example.org
2437,"Maricela Ligia Bosch Girona",29,Cuzco,Email,2022-06-24,Recurrente,"No especificado",cayetana73@example.com
2438,"Ema Prado Colomer",54,NULL,"TikTok Ads",2023-02-19,Nuevo,Masculino,reyescasal@example.org
2439,"Florentino Blanch Tamarit",54,Piura,"Google Ads",2022-10-13,Recurrente,"No especificado",ngil@example.org
2440,"Petrona Avilés-Pujol",60,Cajamarca,"TikTok Ads",2024-09-10,VIP,Masculino,gaspar26@example.net
2441,"Aristides Pujadas-Valls",27,NULL,"Google Ads",2024-06-28,Recurrente,"No especificado",wortiz@example.org
2442,"Remedios Castrillo Cepeda",65,Tacna,"Google Ads",2022-12-01,VIP,Femenino,ulorenzo@example.com
2443,"Manuelita Figuerola Torrents",64,Piura,"Meta Ads",2023-09-22,Nuevo,Masculino,mollani@example.net
2444,"Modesta Ferrández Zamora",48,Lima,Email,2023-11-11,Recurrente,Masculino,zgomis@example.com
2445,"Domingo de Larrea",40,Chiclayo,"Google Ads",2024-09-07,Inactivo,Masculino,cmacias@example.org
2446,"Etelvina Borrás Capdevila",20,Cuzco,"Meta Ads",2022-11-13,VIP,"No especificado",salomonmaldonado@example.org
2447,"Ileana Pavón Olivé",32,Cajamarca,Referido,2023-05-15,VIP,Masculino,maria-carmen72@example.net
2448,"Felipe Ocaña",49,Lima,"Meta Ads",2022-04-25,Inactivo,Masculino,placustodia@example.net
2449,"Morena Aitana Mayol Dominguez",32,Lima,Referido,2023-07-02,Recurrente,Femenino,aripoll@example.org
2450,"María Manuela Salamanca Coello",22,Chiclayo,"TikTok Ads",2022-09-10,Recurrente,Femenino,gomezemiliano@example.net
2451,"Amada Guillen Flores",34,Piura,Email,2022-02-13,Nuevo,Femenino,rebolloalonso@example.com
2452,"Calixta Boada Capdevila",41,Chiclayo,"Google Ads",2022-04-02,Recurrente,Masculino,flaviosuarez@example.net
2453,"Domingo Coloma Maestre",32,Trujillo,"Google Ads",2022-07-30,Recurrente,"No especificado",pelliceralonso@example.net
2454,"Francisco Javier Cantero Mayol",20,Piura,"TikTok Ads",2023-08-31,Nuevo,"No especificado",mvidal@example.org
2455,"Jovita Alsina Mármol",60,Piura,Orgánico,2022-07-30,Recurrente,Femenino,upeinado@example.org
2456,"Rafael Galán",31,Iquitos,"Google Ads",2024-11-13,Recurrente,Masculino,agustinafolch@example.com
2457,"Leandro Zabala",51,Arequipa,Email,2024-04-30,Recurrente,Masculino,lazarobaron@example.org
2458,"Leocadio Tomas-Cid",41,Lima,"TikTok Ads",2022-10-18,Inactivo,Masculino,crescenciaserra@example.com
2459,"Godofredo Zurita Arranz",42,Huancayo,"Meta Ads",2022-01-03,Nuevo,"No especificado",isaurasalcedo@example.org
2460,"Che Barrena-Luz",48,Cusco,Email,2023-04-05,VIP,"No especificado",inigovall@example.net
2461,"Ruperto Linares",47,Trujillo,"Google Ads",2022-02-19,Nuevo,Femenino,munozsalud@example.org
2462,"Joan Aguirre Batlle",20,Trujillo,"Meta Ads",2023-04-10,Nuevo,Masculino,oscarbecerra@example.org
2463,"Nadia Linares Palomino",20,Cusco,Email,2024-05-24,Recurrente,"No especificado",ramosroxana@example.net
2464,"Agapito Marco Pomares",59,Tacna,"Google Ads",2024-02-29,Inactivo,Masculino,epol@example.com
2465,"Goyo de Moles",38,NULL,"TikTok Ads",2022-10-29,Inactivo,Femenino,sol81@example.net
2466,"Teresita Borja Estrada",24,Tacna,"Google Ads",2023-12-25,Inactivo,Masculino,rodenasalicia@example.net
2467,"Josué Seco",63,Tacna,"Google Ads",2023-08-11,VIP,"No especificado",marcooctavia@example.com
2468,"Ángeles de Ariño",51,Iquitos,Orgánico,2023-04-08,VIP,Masculino,parrasalomon@example.net
2469,"Íñigo del Múgica",NULL,Arequipa,Orgánico,2024-02-27,Nuevo,"No especificado",yromero@example.org
2470,"Georgina Crespo Alfaro",35,Cusco,Orgánico,2022-08-19,Recurrente,Femenino,coellorebeca@example.com
2471,"Noa Ortiz Padilla",65,Lima,"Meta Ads",2024-10-04,Inactivo,"No especificado",dominguezquique@example.com
2472,"Desiderio Josué Llorens Barrio",34,Cusco,Email,2022-12-14,Inactivo,Masculino,erasmo37@example.org
2473,"Valentín Pombo-Andreu",55,Lima,"Meta Ads",2022-08-14,Inactivo,Femenino,cleto51@example.com
2474,"Elisa de Cordero",52,Huancayo,"TikTok Ads",2023-04-05,Inactivo,"No especificado",whierro@example.com
2475,"Viviana Pozo Cervantes",54,Arequipa,"TikTok Ads",2022-07-28,VIP,Masculino,manolo75@example.com
2476,"Pánfilo Piña Viñas",29,Iquitos,"Meta Ads",2023-08-01,VIP,"No especificado",clementina49@example.org
2477,"Trini Maura Gordillo Rincón",42,Cajamarca,"Google Ads",2024-01-02,VIP,Masculino,eusebiovelez@example.com
2478,"Luciano de Roldan",59,Cuzco,Referido,2022-06-06,Nuevo,Femenino,ginersilvia@example.com
2479,"Wálter Marciano Mur Sanchez",42,Cajamarca,Referido,2023-11-15,Recurrente,Masculino,leyre44@example.net
2480,"Benigna de Chacón",41,Cusco,"Google Ads",2022-08-31,Recurrente,"No especificado",clementinamayol@example.com
2481,"Macarena Francisco-Cervera",55,Cusco,Referido,2024-01-09,NULL,Masculino,jmarino@example.net
2482,"Omar Patricio Zabaleta Cepeda",59,Piura,"TikTok Ads",2022-06-23,Recurrente,"No especificado",eugeniomanzano@example.com
2483,"Yéssica Codina Cruz",NULL,Arequipa,"Meta Ads",2022-03-30,Inactivo,Masculino,febe30@example.org
2484,"Anabel Carrasco Espinosa",51,Cusco,Email,2022-11-06,Inactivo,Femenino,eusebio90@example.com
2485,"Sofía Coello Andreu",34,Lima,Orgánico,2022-12-31,Inactivo,Femenino,lorena88@example.com
2486,"Vanesa Riba Reina",42,Iquitos,"TikTok Ads",2024-05-27,VIP,Masculino,wdominguez@example.net
2487,"Ismael Ramón Llanos Cornejo",32,Trujillo,"Meta Ads",2024-12-22,Nuevo,Femenino,dianavallejo@example.com
2488,"Balduino Catalá",51,Cajamarca,"TikTok Ads",2023-11-17,Inactivo,"No especificado",reyes72@example.net
2489,"Albert Lasa Gual",43,Huancayo,"TikTok Ads",2023-01-07,VIP,Masculino,eechevarria@example.com
2490,"Cristina Cristina Amo Palomar",40,Iquitos,"Meta Ads",2024-05-20,Recurrente,"No especificado",baronoctavio@example.org
2491,"Omar Tapia Cañete",40,Arequipa,Email,2022-11-04,Nuevo,"No especificado",hilario32@example.com
2492,"Soraya Somoza",49,Cusco,Referido,2023-09-10,VIP,Masculino,figueraspepe@example.com
2493,"Catalina Ponce Tur",48,Arequipa,"TikTok Ads",2023-08-11,Inactivo,Masculino,valbero@example.net
2494,"Bernardita Céspedes Ferrando",56,Chiclayo,Email,2023-12-15,VIP,Femenino,manuelafrancisco@example.com
2495,"Alcides del Alcolea",18,Cusco,"Meta Ads",2022-08-01,Inactivo,Masculino,pujadaseugenia@example.org
2496,"Hilario Girón-Franco",50,Cajamarca,"Google Ads",2023-07-10,Recurrente,"No especificado",anunciacion14@example.net
2497,"Anacleto Elorza",NULL,Cusco,"Google Ads",2024-10-19,Recurrente,Masculino,barbavictoriano@example.net
2498,"Teresita Trillo Morcillo",46,Tacna,"Meta Ads",2024-01-26,Inactivo,"No especificado",jose-ignaciojaen@example.net
2499,"Victoria Huerta Roma",28,Arequipa,"Google Ads",2023-06-28,VIP,Femenino,jennyhierro@example.org
2500,"Renata Arnaiz Pintor",32,Cuzco,Referido,2022-06-06,Recurrente,Femenino,celias@example.net
2501,"Georgina Zapata Arenas",22,Piura,"TikTok Ads",2022-01-05,Nuevo,"No especificado",carmina41@example.net
2502,"Asunción Sanmiguel",50,Iquitos,Email,2022-11-01,Recurrente,"No especificado",luzbartolome@example.org
2503,"Sarita Arnal Hoyos",59,Chiclayo,Orgánico,2022-10-28,Inactivo,Femenino,benjamin33@example.org
2504,"Lupita Priego",35,Iquitos,Email,2023-10-18,VIP,Femenino,gsimo@example.net
2505,"León Ponce Villalonga",31,Trujillo,Orgánico,2022-10-30,Recurrente,Masculino,montanamontserrat@example.net
2506,"Claudio Manuel Sabater",27,Arequipa,"Meta Ads",2024-03-10,Nuevo,"No especificado",ferrandizale@example.org
2507,"Verónica Mayo Macias",29,Tacna,"Meta Ads",2024-07-03,VIP,"No especificado",eblanco@example.org
2508,"Carina Rocamora Mariscal",28,Arequipa,Orgánico,2024-09-06,VIP,Masculino,garridoelba@example.com
2509,"Ágata Amelia Villanueva Cisneros",41,Tacna,"TikTok Ads",2022-05-18,Nuevo,Femenino,cloe09@example.com
2510,"Saturnina Sans Botella",56,Tacna,"Google Ads",2022-08-20,VIP,Masculino,salasmayte@example.net
2511,"Aurelia Escolano",63,Chiclayo,"Meta Ads",2024-05-25,VIP,Femenino,doloressastre@example.org
2512,"Virginia Cerdá-Pozuelo",25,Iquitos,Referido,2023-07-25,Nuevo,Masculino,marisela69@example.com
2513,"Etelvina Sanmartín Amaya",60,Iquitos,Referido,2022-10-24,VIP,Masculino,vegea@example.net
2514,"Javi Franch Sanz",32,Trujillo,Referido,2022-07-05,Nuevo,Femenino,svilar@example.net
2515,"Edgardo Morante Céspedes",44,Chiclayo,"TikTok Ads",2023-10-24,VIP,Masculino,juan-luis83@example.com
2516,"Artemio Carbonell Sancho",39,Arequipa,Referido,2022-09-19,Inactivo,Femenino,irene88@example.com
2517,"Anselma Zabaleta Plana",64,Trujillo,Orgánico,2023-01-08,Inactivo,Masculino,wcanton@example.org
2518,"María José Cuesta",25,Piura,"TikTok Ads",2024-02-28,Nuevo,Femenino,uagudo@example.net
2519,"Malena Pintor Arranz",48,Chiclayo,"Google Ads",2023-12-24,VIP,Masculino,kvalcarcel@example.org
2520,"Yago Naranjo Conesa",61,Trujillo,"TikTok Ads",2023-10-16,VIP,Femenino,rosalesignacia@example.com
2521,"Toño Coca Escamilla",48,Cajamarca,Orgánico,2024-10-09,Nuevo,"No especificado",salazaroctavio@example.net
2522,"Hugo Mena Mendoza",48,Trujillo,"Meta Ads",2024-05-18,Nuevo,"No especificado",guillermocamps@example.org
2523,"Elvira Escrivá Carpio",31,Arequipa,Referido,2024-09-12,Inactivo,"No especificado",marinovalls@example.com
2524,"Cosme Acevedo Isern",55,Trujillo,Referido,2024-04-27,Inactivo,Masculino,maria-dolores87@example.org
2525,"Jenaro Valenciano Valenzuela",28,Huancayo,Referido,2023-11-14,Inactivo,"No especificado",aurea93@example.net
2526,"Roxana de Uriarte",59,Huancayo,"Meta Ads",2022-10-11,Recurrente,Masculino,moisescrespi@example.org
2527,"César del Santiago",44,Cajamarca,"TikTok Ads",2023-05-19,Inactivo,"No especificado",kduarte@example.net
2528,"Isaura Bernad Agudo",19,Cajamarca,Email,2024-02-24,Nuevo,"No especificado",maximovillalonga@example.com
2529,"Valero del Galiano",33,Huancayo,Orgánico,2024-05-07,Nuevo,Femenino,oleon@example.com
2530,"Cirino Colomer Ballesteros",20,Cajamarca,"TikTok Ads",2024-10-15,VIP,"No especificado",xmateos@example.org
2531,"Alicia Codina Antúnez",26,Cajamarca,"Google Ads",2024-12-29,Nuevo,"No especificado",nazario55@example.com
2532,"Sofía Martín-Muñoz",54,Iquitos,"Meta Ads",2024-10-05,Recurrente,"No especificado",teodoro96@example.com
2533,"Amador Canales Riera",55,Iquitos,Email,2024-12-26,Recurrente,"No especificado",quinterobartolome@example.com
2534,"Cecilio Luís Elías",28,Trujillo,Email,2023-04-17,Recurrente,"No especificado",flavia27@example.com
2535,"Pilar Palomino Araujo",26,Huancayo,"Google Ads",2024-02-27,Nuevo,"No especificado",franciscohoracio@example.net
2536,"Rodrigo Martínez Moraleda",58,Arequipa,"Meta Ads",2022-06-21,Inactivo,Femenino,macario50@example.com
2537,"Viviana Pinilla Bauzà",50,Huancayo,Email,2024-05-13,Nuevo,"No especificado",upineiro@example.net
2538,"Soledad Barón Marco",20,Huancayo,"TikTok Ads",2024-12-15,Nuevo,"No especificado",nayaragarrido@example.net
2539,"Benita Carro Llobet",54,Piura,Referido,2023-03-26,Inactivo,Masculino,glledo@example.org
2540,"Lucila Riba Zamorano",27,Piura,"Google Ads",2022-06-28,Nuevo,Femenino,felipemorell@example.net
2541,"Pablo Gallart",21,Cajamarca,Referido,2023-04-27,NULL,Femenino,csoriano@example.net
2542,"Amparo Asunción Ángel Bonilla",28,Lima,"Google Ads",2024-01-11,Nuevo,Masculino,ptorrens@example.com
2543,"Paloma Madrigal Roldán",34,Iquitos,Orgánico,2022-01-06,VIP,Femenino,gbarranco@example.org
2544,"Susana Ester Jover Zaragoza",29,Tacna,Orgánico,2023-02-21,Recurrente,Masculino,leoncio85@example.com
2545,"Matilde Otero-Castilla",51,Arequipa,"Meta Ads",2022-02-05,Nuevo,Femenino,dan72@example.net
2546,"Marcela Leonor Vizcaíno Valenciano",43,Piura,Email,2024-01-13,VIP,"No especificado",moratamatilde@example.net
2547,"Roxana Escolano Guerrero",56,Huancayo,Referido,2024-08-28,VIP,Femenino,jcordero@example.net
2548,"Cleto Aarón Carrasco Amador",54,Huancayo,Email,2022-10-01,Recurrente,Femenino,consuela38@example.org
2549,"Maura Carranza Galan",58,Lima,Orgánico,2022-08-14,VIP,Femenino,uhigueras@example.net
2550,"Herminia Haydée Arroyo Múgica",19,Lima,Referido,2022-05-03,Nuevo,Femenino,cecilia84@example.net
2551,"Manuelita Garay Alberdi",64,Iquitos,"TikTok Ads",2023-12-17,Inactivo,Masculino,checamaria-pilar@example.org
2552,"Onofre Lucena",64,Piura,"Meta Ads",2024-01-10,Inactivo,Femenino,reyna57@example.net
2553,"Ruperto Bauzà-Mena",60,Arequipa,Email,2022-10-13,Nuevo,Masculino,geronimomontesinos@example.com
2554,"José Luis Leonardo Morante Aguado",36,Arequipa,"Google Ads",2023-08-27,Nuevo,Femenino,edgarparedes@example.com
2555,"Olegario Mínguez Noguera",23,Cajamarca,"Google Ads",2024-07-31,Recurrente,Masculino,inesjove@example.com
2556,"Paloma Andres Echevarría",31,Cajamarca,Referido,2022-10-23,Recurrente,Femenino,checadimas@example.net
2557,"Fito Neira",46,Tacna,"Google Ads",2024-05-12,VIP,"No especificado",zroma@example.com
2558,"África Sánchez Aranda",56,Cusco,"Google Ads",2023-05-12,Nuevo,Femenino,alvarobenito@example.net
2559,"Jose Angel Cortés Serna",48,Huancayo,Orgánico,2023-03-08,Recurrente,"No especificado",alcides96@example.org
2560,"Visitación del Sevillano",48,Cajamarca,"Meta Ads",2023-04-05,Inactivo,Femenino,morena87@example.com
2561,"Áurea Barba Vázquez",28,Tacna,"Google Ads",2022-04-25,Nuevo,Femenino,fabiana11@example.net
2562,"Lorenzo Primitivo Moles Alfonso",32,Lima,"Google Ads",2022-10-10,VIP,Femenino,capdevilabernardita@example.org
2563,"Luis Mármol",44,Huancayo,Email,2022-08-29,Recurrente,Femenino,solisemilia@example.net
2564,"Ana Sofía Company Lozano",56,Cajamarca,Referido,2022-10-21,Inactivo,"No especificado",maricruzbeltran@example.net
2565,"Fortunato Perez Daza",27,Chiclayo,Orgánico,2024-02-13,Recurrente,"No especificado",dlluch@example.com
2566,"María Dolores Porras-Exposito",55,Iquitos,"TikTok Ads",2022-02-23,Nuevo,Masculino,florinamurillo@example.org
2567,"Azahar Teresa Mendez Miranda",29,Cajamarca,"TikTok Ads",2024-05-19,VIP,"No especificado",floranicolas@example.com
2568,"Elías Riba Bolaños",57,Huancayo,Referido,2024-02-01,VIP,Masculino,zalmazan@example.net
2569,"Valeria Gámez Peral",60,Tacna,Email,2022-04-21,VIP,Masculino,adolfo96@example.org
2570,"Saturnina Mate Garzón",50,Trujillo,Email,2022-08-06,Nuevo,Masculino,gomismohamed@example.com
2571,"Encarna Díez",34,Lima,"TikTok Ads",2022-06-01,VIP,Femenino,juan-antoniogisbert@example.net
2572,"Glauco Arcos Franch",28,Huancayo,Email,2024-09-03,Inactivo,"No especificado",berta73@example.net
2573,"Iván Velasco Amaya",64,Arequipa,"Google Ads",2022-11-20,Nuevo,"No especificado",teodora92@example.org
2574,"Yolanda Vall Correa",61,Iquitos,"TikTok Ads",2022-03-03,Inactivo,"No especificado",hilariomendez@example.org
2575,"Francisco Tomás",39,Arequipa,Referido,2022-10-28,Nuevo,"No especificado",amobibiana@example.net
2576,"Esmeralda Morán",47,Tacna,Referido,2024-01-19,Nuevo,Masculino,castejoncalixta@example.com
2577,"Rodrigo Cabello Villalonga",56,Trujillo,Referido,2022-10-17,Nuevo,"No especificado",moransabina@example.com
2578,"Cristian Arce Segovia",55,Lima,"Meta Ads",2022-06-11,Recurrente,Femenino,gemagallardo@example.org
2579,"Oriana Yuste Carmona",22,Chiclayo,Orgánico,2023-05-17,Nuevo,"No especificado",fernando64@example.org
2580,"Fabricio Arregui Bonet",32,Huancayo,"Google Ads",2022-06-07,Recurrente,Masculino,maria-pilarpadilla@example.org
2581,"Josefina Arteaga Calderón",42,Huancayo,Orgánico,2022-01-26,VIP,"No especificado",saturninasabater@example.org
2582,"Raquel Miguel",42,Tacna,"Google Ads",2024-05-02,Nuevo,Masculino,camigo@example.net
2583,"Luis Miguel Gallego",26,Tacna,Referido,2022-11-03,Recurrente,Masculino,ricardoaviles@example.com
2584,"Chus Fernández Macías",24,Cajamarca,"Meta Ads",2023-01-09,Nuevo,Femenino,mpujol@example.org
2585,"Juan Pablo Montaña-Sainz",19,Trujillo,"Meta Ads",2024-08-20,Recurrente,Femenino,fcasanovas@example.org
2586,"Elías Company Criado",30,Iquitos,Referido,2022-10-14,VIP,Masculino,canovasmaristela@example.org
2587,"Baudelio Alcántara-Vilaplana",51,Iquitos,Orgánico,2024-12-16,Inactivo,Femenino,torrijosmanu@example.net
2588,"Cristian Ordóñez Montalbán",50,Piura,Email,2023-09-06,Nuevo,"No especificado",maribel56@example.org
2589,"Calisto Luque-Hierro",61,Cusco,Referido,2024-08-20,Recurrente,Masculino,ciprianovendrell@example.com
2590,"Andrés Felipe Merino Nevado",44,Cusco,"TikTok Ads",2024-04-22,VIP,"No especificado",gjara@example.org
2591,"Isidora de Castillo",27,Iquitos,"TikTok Ads",2023-11-22,Recurrente,Femenino,aalegre@example.com
2592,"Jonatan Ayuso Camacho",56,Cajamarca,"TikTok Ads",2024-06-28,Recurrente,"No especificado",gpaez@example.com
2593,"Amelia Boix Roldan",24,Lima,"TikTok Ads",2022-01-28,VIP,"No especificado",martin16@example.net
2594,"Carmina Salmerón Pagès",29,Iquitos,"Google Ads",2023-08-11,Nuevo,"No especificado",jenaro16@example.com
2595,"Flavio Sebastian Figuerola Bermudez",48,Arequipa,Orgánico,2022-08-16,Inactivo,Masculino,llobetluna@example.net
2596,"Margarita Catalá Buendía",57,Iquitos,"TikTok Ads",2022-11-16,NULL,"No especificado",artemio23@example.org
2597,"Ariadna Sarmiento Menéndez",56,Arequipa,Email,2022-05-03,Recurrente,Femenino,castellanosaurelia@example.org
2598,"José Guardiola Goicoechea",20,Tacna,"TikTok Ads",2022-03-07,VIP,"No especificado",jordanasoriano@example.org
2599,"Tito Jordá Parra",52,Cusco,"Meta Ads",2022-12-22,Recurrente,"No especificado",gallegoroxana@example.net
2600,"Casandra Murillo Morcillo",50,Piura,"Google Ads",2024-10-27,VIP,Masculino,ramiro96@example.org
2601,"Lara Andrés Bas",25,Piura,"Meta Ads",2022-11-25,Inactivo,Masculino,lduque@example.net
2602,"Aurelia Ortega Tejero",23,Cajamarca,"Google Ads",2022-01-23,Recurrente,Masculino,manuelaescudero@example.com
2603,"Soraya Donaire Lumbreras",48,Trujillo,Email,2024-03-22,Recurrente,Femenino,camaraamor@example.com
2604,"María Del Carmen Castejón Verdejo",60,Iquitos,"Google Ads",2024-05-17,VIP,Masculino,marianoquintanilla@example.net
2605,"Hermenegildo Campo Moreno",26,Arequipa,Email,2024-07-19,Recurrente,Masculino,violeta49@example.com
2606,"Mirta de Matas",56,Cajamarca,Referido,2023-06-13,Recurrente,"No especificado",amigonatanael@example.org
2607,"Joaquina del Reyes",52,Trujillo,Referido,2024-10-24,VIP,Femenino,varamburu@example.org
2608,"Martín de Cuenca",18,Iquitos,"Google Ads",2023-09-19,VIP,Masculino,iartigas@example.com
2609,"Fátima Batalla Niño",61,Piura,Orgánico,2023-04-11,Inactivo,"No especificado",faustocabrera@example.org
2610,"Santos Rosa",59,Cusco,"TikTok Ads",2024-05-17,VIP,Masculino,teofila31@example.com
2611,"Margarita Nogués Guzman",45,Trujillo,"TikTok Ads",2022-11-18,NULL,Femenino,capdevilaalba@example.com
2612,"Natanael Bermejo Torrecilla",51,Cajamarca,"TikTok Ads",2023-07-11,Inactivo,Masculino,isacristan@example.net
2613,"Manu Sierra Morell",44,Arequipa,"TikTok Ads",2022-07-08,VIP,"No especificado",merinoalba@example.com
2614,"Ariadna del Echeverría",41,Piura,"Meta Ads",2024-12-04,VIP,"No especificado",eduardo58@example.com
2615,"Hermenegildo Andrés Camps Pinilla",20,Tacna,"Google Ads",2024-02-13,VIP,"No especificado",tejedoramerica@example.net
2616,"Leocadia Barriga Botella",62,Cusco,"Google Ads",2022-09-14,Inactivo,Masculino,edgardogimenez@example.net
2617,"Sebastian Chamorro",51,Iquitos,"TikTok Ads",2023-03-10,Recurrente,Masculino,noaclavero@example.org
2618,"Yaiza Abad-Collado",45,Trujillo,"Meta Ads",2024-03-31,Nuevo,Femenino,bustamanteliliana@example.com
2619,"Jaime Manuel Porta",32,NULL,"TikTok Ads",2022-04-25,Inactivo,Masculino,susana91@example.org
2620,"Maricruz Itziar Ferrán Fuster",48,Arequipa,"Google Ads",2023-03-25,Recurrente,"No especificado",josueesteban@example.net
2621,"Emperatriz Mayo Royo",42,Cusco,"Meta Ads",2024-03-14,Recurrente,Masculino,nando79@example.net
2622,"Anunciación Aguiló Vicens",40,Tacna,Email,2023-01-12,Inactivo,Femenino,martirio25@example.com
2623,"Soraya Castell Mariscal",55,Iquitos,Orgánico,2022-06-08,VIP,Masculino,gisela29@example.net
2624,"Gil Baena Abascal",65,Lima,Referido,2024-08-17,VIP,Masculino,plazaevelia@example.org
2625,"Samanta del Canals",NULL,Iquitos,Referido,2024-09-04,Recurrente,"No especificado",germanalcaraz@example.org
2626,"Toribio Albino Gutierrez Rosales",54,Piura,"TikTok Ads",2023-10-04,VIP,Femenino,garatefelix@example.com
2627,"Georgina Monreal-Piñeiro",24,Trujillo,Orgánico,2024-04-09,VIP,Masculino,aitor97@example.com
2628,"Francisca Rozas Galván",45,Chiclayo,"Meta Ads",2024-02-19,Nuevo,Femenino,godofredo96@example.com
2629,"Jordán Chamorro Fabra",26,Iquitos,Orgánico,2022-12-04,Recurrente,Masculino,wilfredojodar@example.net
2630,"Fátima del Rincón",34,Huancayo,"Meta Ads",2022-04-22,VIP,Femenino,vcarranza@example.com
2631,"Ernesto Casas Cañizares",48,Chiclayo,"TikTok Ads",2024-01-31,Recurrente,Femenino,nicolas24@example.com
2632,"Andrés Felipe Alcázar Cobo",32,Chiclayo,Orgánico,2024-05-18,Inactivo,Masculino,qsastre@example.org
2633,"Máxima Rueda Cerdán",23,Trujillo,"TikTok Ads",2023-02-03,VIP,Masculino,maria-carmen84@example.org
2634,"Bruno Ricart Sarmiento",36,Trujillo,"Google Ads",2023-07-07,Nuevo,Masculino,teodosio08@example.org
2635,"Íngrid Imelda Escolano Santos",56,Arequipa,"Google Ads",2022-08-11,Nuevo,"No especificado",gordillozacarias@example.org
2636,"Imelda Sandoval",52,Piura,Orgánico,2022-08-02,Recurrente,Masculino,marquesedmundo@example.com
2637,"Felicidad Gonzalez Estevez",NULL,Arequipa,Email,2022-06-09,Inactivo,"No especificado",victor68@example.org
2638,"María Del Carmen Aguilera Valentín",34,Tacna,Orgánico,2024-01-13,Recurrente,"No especificado",romulovicente@example.org
2639,"Pelayo del Reig",30,Tacna,Referido,2023-11-19,Inactivo,Femenino,priscilagirona@example.org
2640,"Maricruz del Aragonés",18,Tacna,"Google Ads",2022-02-27,VIP,Femenino,macarenaotero@example.net
2641,"Loreto Tomas Pedrosa",63,Lima,Orgánico,2023-05-06,VIP,"No especificado",chuszapata@example.org
2642,"Luis Ángel Tirado Bernal",65,Iquitos,"TikTok Ads",2023-08-01,Inactivo,"No especificado",calista38@example.org
2643,"Pánfilo Zurita Losa",18,Cajamarca,Referido,2022-11-30,Nuevo,"No especificado",federico12@example.net
2644,"Lorena Bermudez Zabala",54,Trujillo,"TikTok Ads",2022-08-07,VIP,"No especificado",piacornejo@example.net
2645,"Anunciación Delfina Sureda Bermejo",51,Cajamarca,"Google Ads",2022-05-14,Nuevo,Femenino,rfrancisco@example.org
2646,"Rosalva del Baena",25,Cusco,Email,2023-03-10,VIP,Masculino,ymartin@example.net
2647,"Luna Alba Somoza",51,Trujillo,Email,2022-01-23,Nuevo,"No especificado",dtamayo@example.com
2648,"Loida Somoza Muñoz",18,Trujillo,Referido,2023-09-26,NULL,"No especificado",lorenamarin@example.org
2649,"Feliciana Mariño Mancebo",42,Trujillo,Orgánico,2023-01-20,Inactivo,Femenino,iglesiasleandra@example.net
2650,"Alejandro Mateu Juliá",59,Cajamarca,"Google Ads",2023-02-18,Inactivo,Femenino,horacio99@example.org
2651,"Maxi Sáenz Dominguez",31,Trujillo,Email,2022-03-08,VIP,"No especificado",regueraenrique@example.org
2652,"Amaya Manzanares-Amores",62,Huancayo,Referido,2023-05-08,VIP,Masculino,wcueto@example.org
2653,"Jose Carlos Ariel Castañeda Vega",38,Lima,"Meta Ads",2023-07-06,Nuevo,Femenino,pcuervo@example.com
2654,"Teodoro Lobo Iniesta",44,Cusco,Orgánico,2022-06-24,Recurrente,Femenino,pferrer@example.com
2655,"Mario Lucas Llopis",41,Iquitos,"Meta Ads",2022-04-02,VIP,Femenino,gonzaloleoncio@example.org
2656,"Adrián Cantón-Díaz",24,Chiclayo,Orgánico,2024-09-17,VIP,Femenino,ucasal@example.net
2657,"Pepita Corbacho-Salom",27,Huancayo,"Google Ads",2022-04-04,Recurrente,Masculino,hernansalcedo@example.org
2658,"Roxana Echevarría Jurado",45,Cajamarca,Referido,2022-04-09,NULL,Femenino,martirio50@example.net
2659,"Jose Carlos de Álamo",59,Piura,"TikTok Ads",2023-10-07,Recurrente,Femenino,vinasmaria@example.net
2660,"Francisco Javier Blasco Codina",55,Huancayo,"TikTok Ads",2022-07-10,Nuevo,"No especificado",sotelojesus@example.net
2661,"Samanta Calista Valcárcel Rey",34,Chiclayo,"Google Ads",2023-09-25,Inactivo,Masculino,hmartin@example.net
2662,"Cándida Sacristán Diego",34,Tacna,"Meta Ads",2022-01-18,Inactivo,"No especificado",ecorral@example.net
2663,"Luis Ochoa",52,Chiclayo,"TikTok Ads",2024-01-01,Inactivo,"No especificado",sara40@example.com
2664,"Miguel Ángel Lamas Carmona",45,Piura,Referido,2023-08-02,Inactivo,Femenino,daniel76@example.net
2665,"Celso Simó Pujadas",54,Huancayo,"Google Ads",2024-03-26,Inactivo,Masculino,saritatorrens@example.com
2666,"Encarna Tamayo Guillen",41,Chiclayo,"Google Ads",2024-10-21,Recurrente,"No especificado",azenethcalderon@example.org
2667,"Nilda Porta Sánchez",57,Iquitos,"Google Ads",2023-02-04,VIP,Femenino,jose-antonio76@example.com
2668,"Camilo Royo-Albero",35,Cajamarca,"Meta Ads",2023-10-07,VIP,Masculino,calzadarosaura@example.com
2669,"Sabas Jacobo Piña Moles",61,Huancayo,"Google Ads",2024-03-11,VIP,"No especificado",veronica48@example.com
2670,"Nilda Armengol",43,Huancayo,Email,2023-12-30,Inactivo,"No especificado",wiglesias@example.org
2671,"Álvaro Otero Rosales",31,Piura,Orgánico,2022-09-23,Inactivo,Masculino,cadenasleyre@example.com
2672,"Ágata Modesta Llamas Naranjo",44,Cusco,Email,2022-07-19,VIP,Masculino,delfinauria@example.org
2673,"Eliseo Cabello-Jara",53,Tacna,"Meta Ads",2023-11-10,Nuevo,"No especificado",glarranaga@example.net
2674,"Genoveva Serra-Herranz",53,Tacna,"Meta Ads",2024-04-14,Recurrente,Masculino,mpena@example.net
2675,"Regina Ferrero-Vizcaíno",48,Cusco,"Google Ads",2024-10-28,Nuevo,Masculino,marnal@example.org
2676,"Nicolasa Escolano Millán",29,Trujillo,Referido,2022-07-26,Inactivo,Masculino,bustamantedesiderio@example.org
2677,"Adelina de Bayo",41,Chiclayo,"TikTok Ads",2024-10-25,Inactivo,Femenino,custodia96@example.com
2678,"Hernán Cabañas Zapata",53,Cajamarca,"TikTok Ads",2022-11-04,VIP,Masculino,oliveraflor@example.com
2679,"Octavio Salmerón Ortega",NULL,Trujillo,"TikTok Ads",2022-02-18,Inactivo,Masculino,cyanez@example.com
2680,"Primitivo del Infante",48,Piura,Email,2024-02-22,Nuevo,"No especificado",namigo@example.net
2681,"Ale Alvarez",34,Lima,"Meta Ads",2024-09-03,Recurrente,Femenino,amadomulet@example.org
2682,"Araceli Amparo Gaya Carro",37,Huancayo,Orgánico,2022-03-18,Recurrente,Masculino,zoraida60@example.net
2683,"Armando Castillo Peña",NULL,Iquitos,"Meta Ads",2023-08-18,VIP,"No especificado",wizaguirre@example.net
2684,"Rosaura Esteban-Cantero",40,Tacna,Email,2022-11-27,Recurrente,Femenino,pastor34@example.com
2685,"Edmundo Mariño Solera",63,Arequipa,"TikTok Ads",2022-11-07,Recurrente,"No especificado",morataalvaro@example.net
2686,"Miguel Santana Lloret",43,NULL,Orgánico,2024-08-06,Recurrente,"No especificado",maria-jose23@example.net
2687,"Nydia Morales Jiménez",65,Arequipa,Orgánico,2022-06-11,VIP,"No especificado",manu65@example.org
2688,"Rosario Benavent Lluch",26,Piura,"Google Ads",2022-07-11,Nuevo,Femenino,vborrell@example.com
2689,"Graciano Pont Méndez",60,NULL,Referido,2023-04-20,Nuevo,Femenino,maximilianomaza@example.org
2690,"Efraín Landa Enríquez",25,Trujillo,Orgánico,2023-03-18,VIP,"No especificado",ramismatias@example.net
2691,"Anastasia Téllez Fonseca",65,Piura,"Google Ads",2022-10-16,Recurrente,Femenino,westrada@example.com
2692,"Georgina Carmina Téllez Camps",32,Huancayo,Referido,2022-11-26,NULL,Femenino,juan-manueltorralba@example.com
2693,"Julián Rosado Gil",46,Tacna,"TikTok Ads",2024-10-24,Inactivo,"No especificado",noelia75@example.org
2694,"Milagros Ascensión Sala Jove",62,Trujillo,"Google Ads",2024-11-23,Inactivo,Femenino,mohamedalcazar@example.org
2695,"Ale Beltran Bejarano",28,Cusco,"Meta Ads",2024-12-07,Recurrente,Masculino,candidamenendez@example.net
2696,"Pascuala Iglesia-Salmerón",24,Arequipa,"Meta Ads",2023-12-01,Inactivo,Masculino,maristela88@example.org
2697,"Vidal Valenciano Comas",31,Chiclayo,Referido,2024-07-05,Nuevo,Femenino,mbenitez@example.org
2698,"Alejo Portero Larrea",50,Huancayo,"Google Ads",2022-09-26,Recurrente,Masculino,quirogareyes@example.com
2699,"Pancho Murcia Posada",43,Iquitos,Email,2023-11-26,Recurrente,Masculino,lilianieto@example.net
2700,"Abril Villalba-Trujillo",NULL,Lima,"Google Ads",2023-08-19,Recurrente,"No especificado",regulo26@example.org
2701,"Isa Quintero Becerra",53,Cusco,Email,2024-01-08,VIP,Femenino,encarna91@example.com
2702,"Coral de Planas",NULL,Lima,Orgánico,2024-06-01,VIP,Masculino,venceslasarmas@example.org
2703,"Azucena Palomar Mínguez",62,Cusco,Orgánico,2022-03-23,Nuevo,Masculino,guadalupellanos@example.org
2704,"Herberto Amaro Botella Pavón",61,Tacna,Orgánico,2024-03-04,Recurrente,"No especificado",sgomez@example.org
2705,"Tamara del Bernat",63,Iquitos,"Google Ads",2023-05-05,Recurrente,Masculino,saragonzalez@example.com
2706,"Pía Manjón Franco",21,Chiclayo,Referido,2023-03-04,Recurrente,Femenino,espiridionalberola@example.com
2707,"Leonel Ariza Plana",28,Cusco,Email,2022-06-03,Inactivo,Femenino,alfonsotomas@example.com
2708,"Eutimio Porta",42,Arequipa,"Google Ads",2022-11-09,Nuevo,Masculino,afernandez@example.org
2709,"Maxi Palomar Torrecilla",58,Iquitos,Orgánico,2024-10-15,Recurrente,Masculino,vpombo@example.com
2710,"Venceslás Río Falcó",18,Chiclayo,"Meta Ads",2022-07-19,Recurrente,Masculino,nieves46@example.com
2711,"Alejandro Ferrando Amaya",23,Lima,Orgánico,2022-01-31,VIP,Masculino,trinidad35@example.net
2712,"Dafne Torrijos-Porcel",27,Iquitos,Referido,2022-10-20,Nuevo,Femenino,carmelo25@example.net
2713,"Ruy Mena Valero",48,NULL,Orgánico,2023-09-26,Inactivo,Masculino,nataliacastells@example.org
2714,"Silvia del Alegre",56,Iquitos,"TikTok Ads",2022-06-28,Recurrente,Masculino,gmir@example.net
2715,"Fortunato Barba Nebot",45,Trujillo,Referido,2024-10-18,VIP,"No especificado",lolaolive@example.net
2716,"Hermenegildo Carrasco Galán",23,Trujillo,"Meta Ads",2022-07-12,Nuevo,Masculino,adelaleon@example.net
2717,"Jesusa Company",22,Lima,Email,2024-07-20,Inactivo,Masculino,seguiesperanza@example.com
2718,"Cruz Bello-Arco",34,Piura,Orgánico,2023-10-05,Inactivo,Femenino,erubio@example.org
2719,"Jose Ignacio Aliaga Soto",32,Huancayo,Referido,2022-12-14,Recurrente,"No especificado",sanabriacelia@example.net
2720,"Amalia Daniela Castrillo Alcaraz",41,Trujillo,Email,2023-08-29,Inactivo,Femenino,oliveraalbina@example.net
2721,"Maximiano Ayllón Meléndez",23,Huancayo,"Meta Ads",2022-11-27,Inactivo,Femenino,bernardopablo@example.org
2722,"Javier Donaire Bartolomé",56,Huancayo,"TikTok Ads",2022-05-20,Inactivo,"No especificado",clotilde40@example.net
2723,"Baudelio Valencia Giménez",20,Cajamarca,Referido,2023-07-28,Recurrente,Masculino,trosa@example.org
2724,"Samu Franco Rojas",64,Lima,"Meta Ads",2024-01-15,Nuevo,Femenino,qgarrido@example.com
2725,"Ruperta Quesada Morata",42,Arequipa,"Meta Ads",2023-12-25,Inactivo,"No especificado",barbara45@example.org
2726,"Octavio Cervantes Montoya",43,Lima,"Google Ads",2022-07-02,Recurrente,Masculino,xcobos@example.net
2727,"Roberto Arroyo",57,Piura,Email,2022-05-26,VIP,"No especificado",rosalia09@example.org
2728,"Carmela Narváez-Barroso",59,Chiclayo,"Google Ads",2023-01-02,Recurrente,"No especificado",diana11@example.net
2729,"Emigdio Cid Ribes",NULL,Trujillo,"Meta Ads",2024-08-01,Inactivo,Masculino,avilaseveriano@example.net
2730,"Pablo Pelayo Cózar",36,Tacna,Referido,2023-06-13,VIP,Masculino,luzferreras@example.org
2731,"Daniela Armas Cañellas",63,Cajamarca,Orgánico,2024-08-27,VIP,"No especificado",petronaescudero@example.org
2732,"Ruy Peñalver Cruz",56,Tacna,"TikTok Ads",2023-06-09,Inactivo,Femenino,vcarreras@example.org
2733,"Valerio Torrens Berrocal",21,Cusco,"TikTok Ads",2024-06-24,Inactivo,Masculino,quintanillaconsuela@example.net
2734,"Abraham Escobar Borrell",29,Arequipa,"Google Ads",2022-10-15,Nuevo,"No especificado",yramon@example.net
2735,"Victoria Luz-Rico",58,Piura,Orgánico,2022-09-11,VIP,Masculino,vchacon@example.org
2736,"Nydia Castañeda Fábregas",49,Chiclayo,"Google Ads",2024-09-26,Inactivo,Masculino,merinopedro@example.org
2737,"Miguel Lillo Zabala",46,Piura,"TikTok Ads",2022-03-23,Nuevo,Femenino,finiesta@example.org
2738,"Guiomar Haro Díaz",18,Arequipa,Email,2024-01-15,Recurrente,Femenino,juan-bautistaquerol@example.org
2739,"Nydia Alma Escolano Valero",30,Lima,"TikTok Ads",2023-08-11,Recurrente,Masculino,pascualbilbao@example.com
2740,"Anunciación Maxi Mascaró Oliveras",60,Chiclayo,"TikTok Ads",2024-04-01,Recurrente,Femenino,hburgos@example.com
2741,"Adela Gutiérrez Fernandez",51,Cusco,Orgánico,2024-04-17,VIP,Femenino,barreracecilia@example.org
2742,"Juan Manuel Bustos Paredes",36,Cajamarca,"Google Ads",2022-09-22,VIP,Masculino,claudio20@example.net
2743,"Lilia de Simó",30,Huancayo,"Meta Ads",2024-06-21,VIP,"No especificado",acunanacho@example.com
2744,"Emiliano Baena",20,Arequipa,Referido,2024-01-22,Nuevo,Masculino,amaro99@example.com
2745,"Basilio Company",56,Arequipa,"Meta Ads",2024-11-15,Inactivo,Femenino,duquegonzalo@example.net
2746,"Leonor Egea Cuesta",50,Huancayo,Email,2023-10-05,Nuevo,Femenino,iespada@example.org
2747,"Amando Pascual López",51,Cajamarca,Email,2024-02-05,Recurrente,Masculino,cleto29@example.com
2748,"Isaac Iglesias",62,Tacna,"Google Ads",2022-06-20,Recurrente,Femenino,tatianasaez@example.net
2749,"María Manuela Santana Aroca",32,Lima,"Meta Ads",2024-04-26,Inactivo,"No especificado",anunciacioncomas@example.com
2750,"Raimundo Badía Echeverría",57,Tacna,"TikTok Ads",2024-11-02,Recurrente,Masculino,ariasbrigida@example.org
2751,"Rubén Andres Toro",28,Cajamarca,Orgánico,2024-07-10,Nuevo,Masculino,lupe15@example.net
2752,"Azahar Belda",61,Chiclayo,"Google Ads",2023-06-23,Recurrente,Masculino,domingavillegas@example.org
2753,"Poncio del Moreno",20,Trujillo,"Google Ads",2022-03-29,VIP,"No especificado",valencianoguadalupe@example.net
2754,"Chita Moreno Grau",41,Piura,"Meta Ads",2022-04-27,Inactivo,Masculino,emperatriznavas@example.com
2755,"Fermín Goñi Cabañas",33,Cuzco,Referido,2023-05-17,Nuevo,Femenino,hsamper@example.net
2756,"Rafa del Folch",59,Lima,Email,2022-01-17,VIP,"No especificado",neirajose-manuel@example.com
2757,"Violeta Giménez Beltrán",18,Cajamarca,"TikTok Ads",2022-11-13,Inactivo,"No especificado",josetudela@example.org
2758,"Marisol Tormo Ballester",28,Iquitos,Orgánico,2022-08-04,Recurrente,Femenino,warnaiz@example.org
2759,"Blanca Garzón Sanz",23,Chiclayo,Email,2023-08-19,Inactivo,Masculino,hcabeza@example.org
2760,"Guillermo Perea Cerezo",35,Cajamarca,"TikTok Ads",2024-02-09,Recurrente,Femenino,viviana89@example.net
2761,"Pacífica Ferrera Palmer",43,Cuzco,"Google Ads",2022-11-21,VIP,Masculino,sfont@example.com
2762,"Cosme Narváez-Castejón",NULL,Trujillo,Referido,2024-03-28,VIP,Masculino,victorinofiguerola@example.com
2763,"Osvaldo Barreda Lozano",60,Arequipa,"Google Ads",2022-05-30,Inactivo,"No especificado",bquintero@example.com
2764,"Bartolomé Solana Segarra",43,Tacna,Referido,2023-04-02,Inactivo,"No especificado",trujilloamado@example.com
2765,"Carlota Nuñez Gimeno",43,Iquitos,"Meta Ads",2024-03-06,Nuevo,Femenino,montoyachelo@example.com
2766,"Marciano Cayetano Domínguez Gras",55,Arequipa,"TikTok Ads",2024-08-04,VIP,"No especificado",fmaza@example.com
2767,"Hernán Vélez Torrijos",30,Tacna,Email,2022-07-11,Inactivo,Masculino,alamopaz@example.org
2768,"Manolo Sáenz",51,Tacna,"Google Ads",2023-12-16,Recurrente,Masculino,chuymelero@example.net
2769,"Eligia Alcaraz Roman",18,Tacna,Referido,2024-08-12,Recurrente,"No especificado",felipamir@example.net
2770,"Duilio del Rovira",65,Tacna,Referido,2024-08-17,Inactivo,Femenino,anayaasdrubal@example.com
2771,"Consuela Company-Adadia",63,Tacna,"Google Ads",2024-12-31,Nuevo,Masculino,wfabra@example.net
2772,"Amada Arjona Sosa",22,Lima,Email,2024-08-10,Inactivo,Masculino,rouramamen@example.net
2773,"Alexandra Roig",23,Cuzco,"TikTok Ads",2022-08-12,Nuevo,"No especificado",apoloniapelaez@example.net
2774,"Georgina Tello",53,Huancayo,"Meta Ads",2022-06-25,VIP,Masculino,garmendiaconrado@example.com
2775,"Jaime Valbuena Hernandez",36,Lima,"Meta Ads",2023-01-05,Nuevo,Femenino,teclagiralt@example.net
2776,"León Alberola Ramos",64,Cusco,Orgánico,2022-08-10,Inactivo,"No especificado",camilo37@example.org
2777,"Blas Palmer",53,Iquitos,Orgánico,2024-03-23,Nuevo,"No especificado",arrietaagata@example.com
2778,"Dimas Moisés Botella Alcázar",55,Piura,Orgánico,2024-06-06,Recurrente,Masculino,trinidadcarnero@example.com
2779,"Nayara Mayol Cáceres",40,Lima,Email,2023-02-13,VIP,"No especificado",hernandezgeorgina@example.com
2780,"Tecla Amador Sanz",40,Iquitos,"TikTok Ads",2024-04-02,Recurrente,"No especificado",rosariogracia@example.com
2781,"Reina Chacón Ramirez",35,Arequipa,"TikTok Ads",2023-11-05,Inactivo,Masculino,jarribas@example.org
2782,"Ruperto Pellicer Simó",32,Iquitos,Orgánico,2022-05-13,Inactivo,"No especificado",esterjorda@example.com
2783,"Tito Bejarano Plaza",56,Chiclayo,Orgánico,2023-10-12,Nuevo,Femenino,hernando46@example.net
2784,"Luisa Antúnez Martin",30,Arequipa,Email,2023-12-03,Inactivo,Femenino,ricartpalmira@example.com
2785,"Primitiva Lerma Galan",47,Cajamarca,Orgánico,2024-09-22,Inactivo,Masculino,mlobo@example.com
2786,"Martín Narváez Ballesteros",43,Iquitos,"Meta Ads",2023-03-12,Inactivo,Masculino,eli06@example.org
2787,"Yéssica Pascual",54,Trujillo,"Google Ads",2024-09-02,NULL,Masculino,qcastells@example.net
2788,"Bartolomé Piñol Pavón",18,Lima,"Meta Ads",2022-08-23,VIP,"No especificado",calistocarbo@example.org
2789,"María Pilar Armas Pavón",34,Iquitos,"Meta Ads",2023-07-25,Inactivo,Masculino,valeriatorres@example.org
2790,"Carmelita Bautista Fuentes",29,Tacna,Referido,2024-07-19,VIP,Masculino,brunildamoran@example.org
2791,"Florencio Gómez Carballo",44,Iquitos,"Google Ads",2022-03-20,Nuevo,Femenino,isa64@example.net
2792,"Paz Gallego Gomis",50,Trujillo,"Meta Ads",2022-11-15,Inactivo,Masculino,lucas94@example.org
2793,"Feliciana Lastra Vara",24,Huancayo,"Google Ads",2024-08-20,VIP,"No especificado",pratpacifica@example.org
2794,"Eliana Ballester Barroso",53,Huancayo,"Meta Ads",2022-10-26,Inactivo,Masculino,valencianoherberto@example.org
2795,"Fabiola Santamaria Torre",22,Trujillo,Email,2023-03-14,VIP,Femenino,somozaalejandra@example.org
2796,"Lucila Casado",50,Trujillo,Email,2023-10-18,VIP,"No especificado",granadosanselmo@example.com
2797,"Olimpia Manzano Sans",36,Arequipa,Orgánico,2022-03-06,Nuevo,Masculino,celsobauza@example.org
2798,"Flor Rosalía Bastida Fabra",39,Huancayo,Email,2024-02-18,Recurrente,Masculino,cpelaez@example.net
2799,"Antonia Bernat Portillo",25,Lima,"Google Ads",2022-05-08,Inactivo,"No especificado",vascoarmengol@example.net
2800,"Ernesto Benítez Canales",50,Piura,Referido,2024-01-11,Inactivo,Masculino,maria-jesusgallo@example.net
2801,"Emiliano Caparrós Colomer",34,Chiclayo,Orgánico,2024-05-30,Nuevo,"No especificado",armando90@example.org
2802,"Bárbara Fuente Viñas",52,Lima,"Meta Ads",2024-08-27,Recurrente,"No especificado",rosalina42@example.com
2803,"Eugenio Riera Catalán",54,Chiclayo,Email,2023-03-14,Nuevo,Masculino,pfonseca@example.org
2804,"Fanny Rivera Saldaña",34,Lima,Orgánico,2022-04-21,VIP,Masculino,jpinto@example.com
2805,"Esteban Fajardo Barros",62,Iquitos,Email,2023-03-10,VIP,"No especificado",gomisgeronimo@example.net
2806,"Tristán Guerra Vizcaíno",46,Piura,Orgánico,2022-02-16,Recurrente,Femenino,nicorodenas@example.org
2807,"Guiomar Novoa Morera",42,Tacna,"Google Ads",2024-05-16,Inactivo,"No especificado",pbanos@example.net
2808,"Martina Salgado Seco",54,Cuzco,"Google Ads",2023-07-07,NULL,"No especificado",cecilia22@example.net
2809,"Loreto Blas Medina Duarte",48,Tacna,"Meta Ads",2023-06-01,Nuevo,Femenino,baudelio11@example.com
2810,"Danilo Tomé-Peral",33,Huancayo,"TikTok Ads",2022-12-27,Inactivo,Femenino,domenechlourdes@example.com
2811,"Rogelio Telmo Arévalo Colomer",39,Piura,Orgánico,2022-06-21,VIP,"No especificado",antonio21@example.net
2812,"Elodia Sarmiento Delgado",47,NULL,"TikTok Ads",2022-10-18,Nuevo,"No especificado",adolfopiquer@example.org
2813,"Ángela Candelaria Machado Esparza",61,Chiclayo,"TikTok Ads",2022-05-22,Nuevo,Femenino,poncemaria-jose@example.net
2814,"Simón Corral Cuéllar",NULL,Piura,Referido,2023-07-15,Inactivo,Femenino,gomezmaria-belen@example.net
2815,"Bautista de Moliner",55,Iquitos,"Google Ads",2024-04-09,Inactivo,"No especificado",benaventalex@example.net
2816,"Begoña Saez-Juliá",19,Lima,"Meta Ads",2022-06-17,VIP,Masculino,spolo@example.net
2817,"Catalina Fuertes Arana",48,Iquitos,Orgánico,2023-09-03,Nuevo,"No especificado",vsancho@example.org
2818,"Fabiola Coloma Peralta",25,Piura,"Meta Ads",2024-07-13,VIP,Femenino,wibanez@example.net
2819,"Luz Cámara Mata",34,Arequipa,"Google Ads",2024-05-09,VIP,"No especificado",jtello@example.com
2820,"Édgar Amaya Quiroga",22,Iquitos,"TikTok Ads",2024-12-10,Inactivo,Femenino,jacobo24@example.net
2821,"Rebeca Codina Sedano",42,Cusco,"Meta Ads",2023-03-15,VIP,Femenino,romanjimenez@example.org
2822,"Calixta Acosta Vera",NULL,Cuzco,Orgánico,2023-06-16,VIP,"No especificado",manola06@example.com
2823,"Miriam Marqués Sáez",32,Huancayo,Email,2023-01-12,Nuevo,Femenino,aristidessegura@example.com
2824,"René Luciano Colom Salamanca",61,Cuzco,Referido,2022-04-21,VIP,Femenino,samucasares@example.net
2825,"Noemí Capdevila Tejero",NULL,Iquitos,"Google Ads",2022-07-09,Recurrente,Masculino,horacio66@example.com
2826,"Buenaventura Caro Mena",32,Trujillo,"TikTok Ads",2024-05-27,VIP,Femenino,csantamaria@example.com
2827,"Herberto Giménez Salmerón",38,Huancayo,Orgánico,2023-12-02,VIP,"No especificado",vparra@example.com
2828,"Araceli Morera Ballesteros",44,Huancayo,Orgánico,2023-09-01,Inactivo,Femenino,ucanas@example.net
2829,"Miguela Charo Zurita Girona",40,Iquitos,"Meta Ads",2022-12-03,Nuevo,Masculino,jose-luisgaya@example.net
2830,"Clímaco Alsina-Blanes",51,Tacna,"Google Ads",2023-02-11,Inactivo,Masculino,cloeferreras@example.net
2831,"Susana del Bonet",52,Piura,Email,2023-12-17,VIP,Femenino,trinidad78@example.com
2832,"Georgina Ferreras",18,Arequipa,Email,2024-05-08,VIP,"No especificado",fidela43@example.com
2833,"Ester Vidal Barba",62,Cuzco,Referido,2024-09-13,Nuevo,"No especificado",adoracioncamps@example.net
2834,"Gisela Coloma Roma",34,Arequipa,"TikTok Ads",2024-08-31,Nuevo,Masculino,xmas@example.net
2835,"Gabriela Peralta Albero",33,Cuzco,Referido,2022-11-26,VIP,Femenino,mazcona@example.org
2836,"Francisco Jose Gabino Mena Salinas",36,Cajamarca,"Meta Ads",2024-06-13,Nuevo,Femenino,carmen26@example.net
2837,"Antonia de Saldaña",23,Trujillo,"Google Ads",2023-12-28,Inactivo,Masculino,cescribano@example.org
2838,"Rosaura Salas Malo",43,Tacna,Email,2024-03-07,Recurrente,Femenino,rolandoduenas@example.com
2839,"Samuel Rodrigo Ribas",61,Piura,"Google Ads",2022-01-21,Recurrente,"No especificado",felipaquesada@example.net
2840,"Silvestre Boix Cobo",65,Iquitos,"Meta Ads",2023-02-11,Nuevo,Masculino,eutropioreina@example.com
2841,"Evaristo Taboada",39,Arequipa,"Google Ads",2022-06-09,Nuevo,Femenino,vhoyos@example.org
2842,"Eva María Batalla",22,Arequipa,"Google Ads",2022-10-24,Recurrente,Femenino,nmolina@example.net
2843,"Prudencia Peña-Borrego",53,NULL,"Google Ads",2023-10-26,Recurrente,Masculino,caballeromiriam@example.org
2844,"Hernando Llano Ribas",29,Piura,"Meta Ads",2023-10-11,Inactivo,Masculino,almazanadan@example.org
2845,"Leopoldo Sevilla Cerro",48,Piura,"Meta Ads",2022-01-30,Inactivo,Femenino,reyna15@example.com
2846,"Ciro Pizarro",38,Huancayo,"Meta Ads",2022-11-05,VIP,Femenino,marcontreras@example.org
2847,"Leonel Jose Luis Arnal Matas",40,Cajamarca,Email,2024-07-28,VIP,"No especificado",priscila15@example.net
2848,"Encarnacion Uribe-Silva",31,Cusco,Orgánico,2022-10-30,Inactivo,"No especificado",dalila77@example.com
2849,"Albert de Correa",54,Trujillo,"TikTok Ads",2024-10-19,Recurrente,Masculino,luis-miguelmateos@example.org
2850,"Eutimio Sureda-Casanova",35,Huancayo,"TikTok Ads",2023-10-11,Inactivo,Femenino,valentinacornejo@example.org
2851,"Horacio Chuy Téllez Hierro",29,Iquitos,"TikTok Ads",2022-08-21,Nuevo,Masculino,icarrasco@example.net
2852,"Benito Lluch Ureña",65,Huancayo,"Google Ads",2024-04-12,Nuevo,"No especificado",jcuadrado@example.net
2853,"Marcelino Pardo Terrón",61,Lima,Referido,2023-06-23,VIP,Femenino,slucas@example.org
2854,"Isa Jordá-Tamarit",30,Iquitos,Referido,2024-12-02,VIP,Masculino,colladovirginia@example.com
2855,"Glauco Vila Alemany",49,Cajamarca,Orgánico,2022-01-08,Nuevo,Femenino,arizaelpidio@example.com
2856,"Ceferino Barragán-Coll",65,Cusco,"Google Ads",2024-07-11,Recurrente,Femenino,epinilla@example.org
2857,"Joaquina Cerdá Palau",30,Piura,"Google Ads",2022-09-15,Nuevo,Femenino,parejavalero@example.net
2858,"Amando Llamas Paniagua",33,Lima,"Google Ads",2024-07-09,Inactivo,Femenino,victorinoaller@example.com
2859,"Mercedes Palacio Atienza",65,Arequipa,"Meta Ads",2022-07-19,Nuevo,"No especificado",sonia51@example.com
2860,"Esteban Juan Manuel Benítez Vilaplana",33,Cusco,"TikTok Ads",2022-03-16,VIP,Femenino,elorzaelpidio@example.net
2861,"Rodolfo Español",34,Iquitos,Email,2023-03-24,VIP,Femenino,ines62@example.org
2862,"Marcelino Diego Mora",31,Tacna,"Meta Ads",2023-01-20,Inactivo,Femenino,fabianamontes@example.com
2863,"Sarita Mascaró Linares",32,Trujillo,"Google Ads",2024-05-10,NULL,Femenino,pachecoelisa@example.com
2864,"Ariadna Ortiz Cobo",30,Lima,Orgánico,2022-12-07,Nuevo,Femenino,riosfortunato@example.com
2865,"Bruno Villegas Lucena",33,Trujillo,"Google Ads",2024-02-13,Recurrente,Femenino,gregorio84@example.net
2866,"Reyes Toro Requena",57,Cajamarca,"Google Ads",2023-03-19,VIP,Femenino,tovarmelchor@example.org
2867,"Águeda Cánovas Calatayud",40,Huancayo,Email,2023-12-14,Nuevo,"No especificado",harojuanita@example.com
2868,"Casemiro Vaquero",27,Lima,"Google Ads",2023-03-06,Inactivo,Femenino,vidal65@example.org
2869,"Severo de Zaragoza",24,Trujillo,"Meta Ads",2023-01-27,Nuevo,Masculino,maribel71@example.com
2870,"Olivia de Rincón",25,Arequipa,Referido,2022-01-30,Recurrente,"No especificado",castrillosalome@example.net
2871,"África Benito Carnero",23,Chiclayo,Email,2024-01-29,VIP,"No especificado",aliagamarciano@example.com
2872,"Íñigo Alemany Tena",61,Iquitos,"TikTok Ads",2024-01-16,VIP,Masculino,veronicasoriano@example.com
2873,"Esperanza Pareja Chamorro",60,Iquitos,Email,2022-02-03,Recurrente,Masculino,saraujo@example.net
2874,"Vilma Zabala Nogués",49,Cusco,Email,2023-09-11,Nuevo,Masculino,josefina65@example.com
2875,"Pedro Mayo Andrade",57,Cajamarca,"Google Ads",2023-09-21,VIP,"No especificado",tramirez@example.com
2876,"Dan Castells Cisneros",18,Lima,Email,2024-10-25,Inactivo,Masculino,osvaldojurado@example.net
2877,"Fabio de Gallego",52,Cajamarca,"TikTok Ads",2022-09-13,Recurrente,"No especificado",amayalucena@example.com
2878,"Aníbal Rodríguez Cantón",20,Trujillo,Email,2024-10-19,Inactivo,Masculino,sandovalzaida@example.net
2879,"Agapito Tomé Rosado",48,Huancayo,"Meta Ads",2024-07-22,VIP,"No especificado",montalbanrosalva@example.net
2880,"Clímaco Campos Aparicio",41,Iquitos,Orgánico,2024-04-27,Recurrente,"No especificado",alvaradoobdulia@example.org
2881,"Martina Barranco",57,Iquitos,"Meta Ads",2024-04-20,VIP,"No especificado",herrerocarlito@example.org
2882,"Azahara Isern Aroca",38,Huancayo,"Meta Ads",2023-12-22,Nuevo,Femenino,berto29@example.org
2883,"Eutropio Alarcón Bárcena",49,Arequipa,Orgánico,2023-12-23,Inactivo,Femenino,benetagapito@example.net
2884,"Édgar Fuertes Folch",54,Cajamarca,Orgánico,2024-05-22,Recurrente,"No especificado",nogueirasabina@example.net
2885,"Nico Ortega Andres",35,Trujillo,Email,2024-12-07,VIP,Femenino,costadafne@example.net
2886,"Camilo Lobato Oliveras",49,Tacna,"Meta Ads",2023-11-19,VIP,Femenino,ymuro@example.net
2887,"Candelaria Valle Herranz",NULL,Iquitos,"Google Ads",2022-08-21,Nuevo,"No especificado",carrobasilio@example.net
2888,"Mariana Bayo",50,Cusco,Referido,2022-12-27,Inactivo,Femenino,heracliobertran@example.org
2889,"Sebastián Alcalá Ángel",35,Iquitos,Referido,2024-07-28,Recurrente,Masculino,bravoabraham@example.com
2890,"Pepito Feliu",43,Piura,Referido,2024-05-27,Nuevo,Femenino,humbertoayllon@example.net
2891,"Che Virgilio Acosta Cabeza",32,Chiclayo,"Meta Ads",2024-02-04,Inactivo,Masculino,pombomiguel-angel@example.net
2892,"Édgar Varela",54,Arequipa,"TikTok Ads",2022-12-29,Recurrente,Femenino,albafigueroa@example.net
2893,"Flavia Esteve Sabater",26,Lima,Orgánico,2022-11-30,VIP,Masculino,eestrada@example.com
2894,"Cipriano Pacheco Pino",21,Trujillo,Email,2024-06-11,VIP,"No especificado",salasgil@example.net
2895,"Clotilde Vilar Goñi",51,Huancayo,Email,2024-02-21,Inactivo,"No especificado",bernadgabriel@example.org
2896,"Aurelia Miralles Casals",45,Tacna,Referido,2023-08-07,VIP,Femenino,ernesto89@example.org
2897,"Aura Vizcaíno Cerdán",48,Cusco,Email,2024-06-14,Nuevo,Femenino,benitezgodofredo@example.org
2898,"Rafaela Paniagua Maldonado",52,Tacna,"Google Ads",2023-08-04,Recurrente,"No especificado",maristela32@example.com
2899,"Palmira de Blanca",20,Arequipa,"Google Ads",2022-07-23,Recurrente,Femenino,eliana68@example.net
2900,"Leire Carlos Plaza",50,Piura,Orgánico,2022-06-29,Nuevo,Masculino,isaias64@example.com
2901,"Javier Marcelo Mesa Saldaña",40,Piura,Email,2022-08-01,VIP,Masculino,bernardaaguilar@example.net
2902,"Leonel del Manso",43,Huancayo,"Meta Ads",2022-07-03,Recurrente,Masculino,lope21@example.org
2903,"Cecilia Baños Tamarit",61,Chiclayo,Email,2022-02-03,Nuevo,Femenino,uribeomar@example.net
2904,"Carmina Alberto Tur",29,Cajamarca,"Meta Ads",2024-04-22,VIP,"No especificado",roperocebrian@example.net
2905,"Hector Ríos Yáñez",47,Piura,"TikTok Ads",2022-08-01,Inactivo,Masculino,valbero@example.net
2906,"Benito Clemente Prat",25,Huancayo,Referido,2024-10-13,Inactivo,"No especificado",montalbandionisia@example.com
2907,"Nélida Cal Domingo",62,Chiclayo,"Meta Ads",2022-07-24,VIP,Femenino,jaureguilucia@example.com
2908,"Germán Flor Nevado",51,Arequipa,"TikTok Ads",2024-06-28,Inactivo,"No especificado",vpalma@example.com
2909,"Manuel Quintero",47,Trujillo,Referido,2024-10-27,Inactivo,Femenino,angelina47@example.com
2910,"Demetrio Rodriguez Valera",38,Arequipa,"Google Ads",2022-03-08,Nuevo,Masculino,javierdonaire@example.org
2911,"Roberto Llano-Páez",62,NULL,Email,2023-08-17,VIP,Femenino,sebastian77@example.com
2912,"Juanita Quiroga Tormo",18,Trujillo,"TikTok Ads",2024-05-11,VIP,Masculino,dsilva@example.com
2913,"Eligia Colom",18,Huancayo,Orgánico,2023-03-10,VIP,"No especificado",erasmopol@example.com
2914,"Asunción Carvajal Iglesia",61,Arequipa,Email,2023-04-02,VIP,Masculino,chaparromodesta@example.com
2915,"Leonor Gual Cañizares",31,Iquitos,Referido,2024-07-20,Inactivo,Femenino,zcompany@example.com
2916,"Augusto Baena Bayo",42,Iquitos,Email,2024-02-20,Recurrente,"No especificado",roviramaxima@example.net
2917,"Nidia Amor Escamilla",55,Arequipa,Orgánico,2022-08-23,Inactivo,"No especificado",eutropioespejo@example.org
2918,"María Del Carmen Morillo Corominas",24,Tacna,Referido,2023-02-05,Inactivo,Masculino,alegrerosendo@example.com
2919,"María Mateo Bárcena Benito",38,Tacna,Referido,2024-08-19,Recurrente,Femenino,kikenavas@example.org
2920,"Raquel Ugarte",41,Piura,Orgánico,2022-09-12,Recurrente,"No especificado",valenciaruben@example.org
2921,"Cintia Marin Valenciano",57,Piura,Email,2023-12-20,Inactivo,"No especificado",paula84@example.org
2922,"Ligia Jurado Nuñez",34,Trujillo,Orgánico,2024-08-08,VIP,"No especificado",amandavalera@example.com
2923,"Magdalena de Angulo",29,Trujillo,"Meta Ads",2024-04-25,Inactivo,Masculino,fcuesta@example.net
2924,"Vanesa Carrera Pla",53,Iquitos,"Google Ads",2024-03-21,Nuevo,"No especificado",osunacurro@example.org
2925,"Estela Peñalver Salas",34,Tacna,Orgánico,2022-01-16,Nuevo,Femenino,julieta79@example.com
2926,"Alicia Aparicio Elorza",33,Chiclayo,Referido,2024-02-07,Inactivo,"No especificado",joelvillena@example.com
2927,"Mónica del Córdoba",NULL,Arequipa,"Meta Ads",2023-04-04,VIP,Masculino,sigfridotrujillo@example.org
2928,"Irene Cañizares Miguel",48,Chiclayo,"Google Ads",2024-11-05,Nuevo,Masculino,evangelina25@example.net
2929,"Lara Canals Trujillo",57,Trujillo,Orgánico,2023-08-04,Recurrente,Femenino,isaura96@example.net
2930,"Noa del Tamarit",39,Chiclayo,"Google Ads",2023-07-03,VIP,Femenino,castillabenita@example.com
2931,"Tania de Velázquez",41,Huancayo,Email,2023-06-26,NULL,Femenino,luciana52@example.com
2932,"Gustavo Lago Uría",29,Lima,Referido,2023-09-22,VIP,Masculino,bbarroso@example.com
2933,"Florinda Osorio-Luís",49,Iquitos,Orgánico,2024-04-29,VIP,"No especificado",silvestre33@example.com
2934,"Ana Anaya Arrieta",45,Tacna,Referido,2023-05-10,Inactivo,Masculino,virginiamilla@example.net
2935,"Silvio Pazos Oller",31,Cajamarca,"Meta Ads",2022-01-09,Inactivo,Femenino,jlozano@example.com
2936,"Alba Nogueira-Pintor",44,Iquitos,"Meta Ads",2024-04-29,Nuevo,Femenino,jovita32@example.com
2937,"Iker Ochoa Palau",62,Huancayo,"Google Ads",2022-03-08,Recurrente,"No especificado",leandragalvez@example.org
2938,"Felicia Barbero Hidalgo",41,Tacna,"Meta Ads",2022-02-01,Recurrente,"No especificado",bsoriano@example.com
2939,"Desiderio del Blazquez",41,Trujillo,"TikTok Ads",2022-02-23,VIP,"No especificado",planamaricela@example.org
2940,"Toño Mayol Carbó",43,Cajamarca,"Meta Ads",2022-11-11,Inactivo,"No especificado",ceferino87@example.com
2941,"Carla Aller Moreno",35,Arequipa,Orgánico,2024-02-06,Inactivo,"No especificado",bonifacio76@example.org
2942,"Jeremías Rocamora Villa",46,Arequipa,Referido,2024-11-28,Nuevo,Masculino,leonor25@example.org
2943,"Débora Almagro Soria",29,Piura,"TikTok Ads",2023-10-13,VIP,"No especificado",ohuerta@example.net
2944,"Ainoa Moliner-Pina",54,Cusco,"Google Ads",2023-11-18,Inactivo,Masculino,moranpelayo@example.net
2945,"Gema Mora-Cabañas",26,Huancayo,"Meta Ads",2022-12-16,NULL,Masculino,ycoll@example.com
2946,"Armida Fuster Navarrete",54,Tacna,Referido,2024-05-30,Inactivo,Masculino,amada59@example.net
2947,"Lidia Nicolás Diaz",61,Cusco,Email,2023-05-11,NULL,Masculino,palmirafabra@example.net
2948,"Emperatriz Filomena Ruano Franch",32,Cuzco,Orgánico,2024-03-12,Inactivo,Masculino,marquesmacarena@example.org
2949,"Mercedes Benet Gargallo",24,Cajamarca,"Meta Ads",2023-01-30,Nuevo,Masculino,azucenavarela@example.com
2950,"Eligio Amado Martinez Quesada",64,Arequipa,"Meta Ads",2024-03-16,Nuevo,Femenino,morenapenalver@example.com
2951,"Mateo de Bustamante",35,Trujillo,"Meta Ads",2022-04-16,Inactivo,Masculino,martijuan-carlos@example.org
2952,"Evangelina Llano-Bautista",33,Iquitos,Referido,2024-05-28,Recurrente,Femenino,manuamaya@example.org
2953,"Rosario Talavera-Roldán",53,Arequipa,Orgánico,2022-09-21,Recurrente,Femenino,xbermudez@example.com
2954,"Fulgencio Benítez",45,Huancayo,"TikTok Ads",2024-03-10,Nuevo,Masculino,victorianopina@example.net
2955,"José Antonio Samu Marín Roselló",42,NULL,"TikTok Ads",2022-12-22,VIP,"No especificado",doroteasaldana@example.com
2956,"Estefanía de Ribas",30,Tacna,Orgánico,2024-04-05,Recurrente,Masculino,llanosxavier@example.com
2957,"Dionisia Villalba Santana",27,Iquitos,Referido,2023-10-14,Recurrente,Masculino,larasantana@example.com
2958,"Carolina de Villalonga",65,Trujillo,"Google Ads",2024-11-25,Inactivo,Femenino,deliacastells@example.com
2959,"Luis Valera Garcés",27,Tacna,"TikTok Ads",2022-11-21,Inactivo,Masculino,casalsbaldomero@example.com
2960,"Edelmira Roura Barreda",48,Cajamarca,"TikTok Ads",2024-06-14,VIP,Femenino,jpeinado@example.com
2961,"Chus Pastor",NULL,Trujillo,Orgánico,2023-04-19,Recurrente,"No especificado",oamigo@example.com
2962,"Brunilda Hernandez Contreras",29,Trujillo,Referido,2022-07-23,Inactivo,Femenino,ruy25@example.net
2963,"Telmo Isaac Reguera Montalbán",44,Cusco,Referido,2022-09-16,VIP,"No especificado",lunamoises@example.net
2964,"Maximiliano Frutos Revilla",49,Tacna,"Meta Ads",2024-10-29,VIP,Femenino,vidalbasilio@example.net
2965,"Sergio Madrid-Cueto",26,Lima,Referido,2022-08-31,VIP,Femenino,anabelbartolome@example.org
2966,"Olegario Guzman-Ramis",58,Arequipa,"Meta Ads",2024-03-13,Nuevo,Femenino,evaristocalatayud@example.net
2967,"Baudelio de Fernandez",51,Tacna,Email,2023-06-17,VIP,"No especificado",leyregutierrez@example.org
2968,"Donato Menéndez Simó",52,Trujillo,Referido,2022-11-22,Inactivo,Masculino,pepe51@example.com
2969,"Manuelita Rubio Roca",64,Piura,Orgánico,2023-10-23,Recurrente,Femenino,maricela17@example.com
2970,"Cosme Cuervo Llamas",38,Trujillo,"Meta Ads",2023-02-22,Inactivo,Femenino,zamoranosigfrido@example.net
2971,"Alberto Jordán Lobato",49,Trujillo,Email,2022-07-10,Inactivo,Masculino,jcortina@example.org
2972,"Carmen de Torre",37,NULL,"Google Ads",2022-07-11,Inactivo,"No especificado",vidalcuenca@example.org
2973,"Amaro Blanes Mir",34,Chiclayo,"Google Ads",2022-02-22,VIP,Masculino,javi30@example.net
2974,"Emma Teresita Bartolomé Ramírez",53,Iquitos,"Google Ads",2024-06-14,Inactivo,Masculino,badiafernanda@example.net
2975,"Nazaret Bosch Puente",54,Tacna,"Meta Ads",2022-01-24,Recurrente,Masculino,alejandraarnal@example.org
2976,"Desiderio Caparrós Vall",21,Piura,Referido,2022-11-10,Recurrente,Femenino,martaguerrero@example.org
2977,"Juan Carlos Zapata Infante",43,Arequipa,"Meta Ads",2022-02-26,Inactivo,Masculino,angelitamontenegro@example.com
2978,"Verónica Bosch Gárate",NULL,Piura,"Google Ads",2022-06-11,VIP,"No especificado",bpriego@example.net
2979,"Azucena Reina Millán Mur",62,Chiclayo,Referido,2024-02-23,Nuevo,"No especificado",america06@example.net
2980,"Paz Porta-Guzman",28,Tacna,Email,2022-02-21,VIP,Femenino,arjonaheraclio@example.net
2981,"Concha Cobos Campillo",21,Piura,"Google Ads",2022-09-25,Inactivo,Masculino,gallardojeremias@example.net
2982,"Custodio Llobet Sabater",31,Trujillo,Orgánico,2024-07-18,Recurrente,"No especificado",waguilar@example.net
2983,"Dominga Barba Trujillo",34,Piura,Referido,2024-01-04,Nuevo,"No especificado",pedroaraceli@example.org
2984,"Florentina de Moliner",48,Cajamarca,"Meta Ads",2023-01-18,Inactivo,"No especificado",jgarcia@example.net
2985,"Ileana del Hoz",58,Tacna,"Meta Ads",2023-05-06,Inactivo,Femenino,lucenajuan-pablo@example.net
2986,"Valerio Coca-Parejo",24,Arequipa,Orgánico,2023-03-31,Inactivo,"No especificado",ariadna62@example.org
2987,"Otilia Pedro Mendez",46,Tacna,"TikTok Ads",2023-09-01,NULL,Femenino,nicanor35@example.com
2988,"Mohamed Arana Ballester",65,Trujillo,"Meta Ads",2023-02-01,Recurrente,"No especificado",pcarreras@example.com
2989,"Edmundo del Mendoza",39,Cajamarca,Orgánico,2023-05-18,Nuevo,Masculino,candres@example.net
2990,"Yaiza Carro Guzmán",34,Cajamarca,"Google Ads",2024-02-14,Recurrente,Masculino,lfuentes@example.org
2991,"Gala Aguiló Pozo",41,Trujillo,"Google Ads",2023-06-18,Recurrente,"No especificado",poncenilda@example.org
2992,"Eutropio Bosch-Gutiérrez",41,Trujillo,"Meta Ads",2022-04-16,Nuevo,Masculino,heracliomartin@example.net
2993,"Cruz Tito Cueto Ródenas",53,Cajamarca,Referido,2023-07-18,Inactivo,Femenino,sorayamateos@example.com
2994,"Vanesa Ramos Aragón",53,Cajamarca,"TikTok Ads",2022-06-19,Nuevo,Masculino,pballester@example.net
2995,"Toribio Bernat-Tur",34,Iquitos,"Meta Ads",2022-10-22,VIP,Masculino,claudiainiesta@example.org
2996,"Paz Rey Méndez",40,Cajamarca,"Google Ads",2022-02-17,Recurrente,Masculino,menendezalbano@example.org
2997,"Valentina Cabrera Cueto",19,Lima,Referido,2022-07-31,Recurrente,Femenino,rosalindamugica@example.org
2998,"José Luis Batalla-Ortiz",44,Lima,Orgánico,2022-08-16,Inactivo,Femenino,upont@example.com
2999,"María Cristina Morillo Santana",25,Arequipa,"Google Ads",2024-07-29,Nuevo,Femenino,mportillo@example.org
3000,"Rico Azorin Espejo",40,Lima,Orgánico,2022-09-09,VIP,Femenino,jtenorio@example.net
