detalle_id,pedido_id,producto_id,cantidad,precio_unitario,descuento_aplicado,subtotal
90001,7042,119,4,1998.83,0.00,7995.32
90002,8763,131,2,2336.91,0.00,4673.82
90003,8560,236,5,442.97,0.00,2214.85
90004,8461,266,2,1245.35,0.20,1992.56
90005,7200,204,5,226.11,0.25,847.91
90006,12205,294,2,2427.45,0.00,4854.90
90007,7495,161,2,1891.92,0.10,3405.46
90008,5747,180,4,943.48,0.00,3773.92
90009,7474,218,5,1133.43,0.15,4817.08
90010,11690,253,3,566.24,0.25,1274.04
90011,11388,118,1,406.89,0.25,305.17
90012,10273,103,3,1509.32,0.10,4075.16
90013,7978,280,3,1665.08,0.00,4995.24
90014,7111,150,4,397.61,0.00,1590.44
90015,5607,186,1,1700.97,0.05,1615.92
90016,11865,159,2,1740.36,0.00,3480.72
90017,10732,276,5,1758.07,0.00,8790.35
90018,7472,197,4,2202.77,0.00,8811.08
90019,8221,250,1,449.73,0.15,382.27
90020,12573,128,1,114.43,0.00,114.43
90021,5508,225,2,1270.62,0.20,2032.99
90022,5580,220,4,246.34,0.15,837.56
90023,10250,208,3,2078.25,0.00,6234.75
90024,12193,209,3,1581.90,0.00,4745.70
90025,12834,114,3,1566.37,0.10,4229.20
90026,10925,176,3,1657.31,0.00,4971.93
90027,8951,135,5,1777.26,0.00,8886.30
90028,11499,136,5,843.83,0.10,3797.24
90029,5903,141,5,993.39,0.00,4966.95
90030,11644,209,4,1581.90,0.10,5694.84
90031,10495,253,4,566.24,0.00,2264.96
90032,11515,170,5,2070.85,0.05,9836.54
90033,9058,140,3,1375.60,0.15,3507.78
90034,10095,177,5,36.22,0.15,153.94
90035,12497,128,2,114.43,0.05,217.42
90036,6832,228,3,694.03,0.05,1977.99
90037,11385,166,3,485.53,0.00,1456.59
90038,9114,154,5,2234.02,0.00,11170.10
90039,9842,226,1,181.96,0.20,145.57
90040,11276,165,4,2379.36,0.25,7138.08
90041,11148,189,4,885.16,0.00,3540.64
90042,10298,255,2,1463.05,0.10,2633.49
90043,8871,217,4,1763.03,0.00,7052.12
90044,10428,135,3,1777.26,0.25,3998.84
90045,11899,247,4,974.32,0.15,3312.69
90046,5762,262,1,338.59,0.05,321.66
90047,6538,183,3,2299.69,0.20,5519.26
90048,12826,209,4,1581.90,0.20,5062.08
90049,10618,139,1,1994.29,0.05,1894.58
90050,6209,212,1,850.02,0.20,680.02
90051,12660,258,3,2022.94,0.10,5461.94
90052,11456,169,4,525.57,0.00,2102.28
90053,7905,228,2,694.03,0.10,1249.25
90054,9912,183,4,2299.69,0.20,7359.01
90055,7561,251,5,947.97,0.25,3554.89
90056,9330,118,1,406.89,0.10,366.20
90057,10879,252,2,762.60,0.05,1448.94
90058,10055,157,4,1243.00,0.05,4723.40
90059,5550,245,4,1210.49,0.00,4841.96
90060,5929,180,3,943.48,0.25,2122.83
90061,9061,194,5,1926.75,0.25,7225.31
90062,12595,269,1,1773.91,0.10,1596.52
90063,10102,262,3,338.59,0.15,863.40
90064,5644,194,5,1926.75,0.20,7707.00
90065,8717,168,1,746.43,0.25,559.82
90066,5845,180,1,943.48,0.10,849.13
90067,11738,137,4,301.05,0.10,1083.78
90068,12894,108,3,1886.70,0.05,5377.10
90069,11904,193,2,1884.74,0.05,3581.01
90070,8324,145,2,1877.04,0.25,2815.56
90071,10700,251,4,947.97,0.05,3602.29
90072,11435,269,1,1773.91,0.15,1507.82
90073,9179,217,2,1763.03,0.00,3526.06
90074,11678,211,3,955.77,0.15,2437.21
90075,10386,274,2,93.41,0.00,186.82
90076,10063,212,1,850.02,0.20,680.02
90077,9692,120,4,357.32,0.10,1286.35
90078,7828,245,2,1210.49,0.10,2178.88
90079,8662,265,2,68.86,0.00,137.72
90080,9238,282,5,1272.66,0.00,6363.30
90081,11440,103,3,1509.32,0.15,3848.77
90082,5456,168,4,746.43,0.00,2985.72
90083,12883,282,4,1272.66,0.25,3817.98
90084,11642,161,1,1891.92,0.00,1891.92
90085,5204,245,4,1210.49,0.00,4841.96
90086,6906,189,4,885.16,0.05,3363.61
90087,11321,201,3,956.06,0.00,2868.18
90088,6202,249,4,1638.11,0.20,5241.95
90089,8632,293,5,1199.87,0.00,5999.35
90090,12583,122,2,522.39,0.00,1044.78
90091,6006,294,4,2427.45,0.05,9224.31
90092,11175,106,5,903.02,0.20,3612.08
90093,8063,240,4,1506.75,0.00,6027.00
90094,9038,177,1,36.22,0.25,27.16
90095,12874,298,3,108.90,0.00,326.70
90096,12632,207,5,620.94,0.00,3104.70
90097,6338,103,3,1509.32,0.05,4301.56
90098,8783,233,1,640.40,0.00,640.40
90099,11196,225,2,1270.62,0.00,2541.24
90100,10562,217,4,1763.03,0.10,6346.91
90101,6551,144,4,1446.74,0.10,5208.26
90102,6312,223,5,1691.32,0.25,6342.45
90103,7862,170,2,2070.85,0.25,3106.27
90104,5205,229,1,1416.93,0.10,1275.24
90105,11821,278,4,227.14,0.15,772.28
90106,11783,115,3,1500.95,0.00,4502.85
90107,6757,285,5,352.36,0.15,1497.53
90108,8615,128,4,114.43,0.10,411.95
90109,9505,113,3,2150.67,0.10,5806.81
90110,6565,243,4,2421.72,0.15,8233.85
90111,8957,280,3,1665.08,0.00,4995.24
90112,9404,266,2,1245.35,0.00,2490.70
90113,8081,263,3,2447.20,0.15,6240.36
90114,6177,240,5,1506.75,0.05,7157.06
90115,10222,136,5,843.83,0.00,4219.15
90116,9495,223,1,1691.32,0.00,1691.32
90117,9633,148,2,572.20,0.00,1144.40
90118,6663,169,1,525.57,0.05,499.29
90119,8748,166,5,485.53,0.25,1820.74
90120,6729,192,5,1996.58,0.05,9483.75
90121,7926,199,4,1715.24,0.05,6517.91
90122,7795,232,5,1813.56,0.10,8161.02
90123,10511,171,5,1704.37,0.00,8521.85
90124,10191,240,4,1506.75,0.25,4520.25
90125,9125,235,1,1296.63,0.05,1231.80
90126,10655,273,2,1052.32,0.05,1999.41
90127,10015,277,1,176.58,0.00,176.58
90128,10502,205,4,637.79,0.20,2040.93
90129,10460,172,4,176.79,0.15,601.09
90130,7918,234,2,302.91,0.05,575.53
90131,9248,197,4,2202.77,0.05,8370.53
90132,6483,233,2,640.40,0.00,1280.80
90133,12636,215,1,813.88,0.20,651.10
90134,9089,274,5,93.41,0.25,350.29
90135,5272,217,4,1763.03,0.05,6699.51
90136,9744,237,3,1134.74,0.00,3404.22
90137,8691,230,3,2005.24,0.00,6015.72
90138,6739,213,1,1512.95,0.00,1512.95
90139,10507,211,5,955.77,0.00,4778.85
90140,11426,114,3,1566.37,0.20,3759.29
90141,6159,160,4,773.25,0.05,2938.35
90142,12262,291,1,1369.29,0.00,1369.29
90143,5584,189,3,885.16,0.20,2124.38
90144,10992,134,1,574.61,0.10,517.15
90145,10242,251,1,947.97,0.00,947.97
90146,10545,147,5,2470.00,0.20,9880.00
90147,10437,215,2,813.88,0.00,1627.76
90148,11849,252,3,762.60,0.00,2287.80
90149,11674,264,5,1516.92,0.10,6826.14
90150,12545,247,2,974.32,0.20,1558.91
90151,5968,288,3,475.03,0.00,1425.09
90152,11886,237,3,1134.74,0.00,3404.22
90153,10320,146,1,1722.59,0.00,1722.59
90154,10169,155,1,2423.51,0.15,2059.98
90155,10466,300,2,757.78,0.00,1515.56
90156,9665,280,5,1665.08,0.00,8325.40
90157,7544,206,1,239.11,0.00,239.11
90158,12806,257,2,1787.40,0.00,3574.80
90159,11090,129,5,268.41,0.10,1207.85
90160,11422,160,3,773.25,0.25,1739.81
90161,8358,158,1,2290.44,0.00,2290.44
90162,8955,182,4,1551.91,0.00,6207.64
90163,5848,149,5,1613.28,0.00,8066.40
90164,11972,207,3,620.94,0.10,1676.54
90165,6494,193,4,1884.74,0.05,7162.01
90166,7361,275,3,1096.31,0.15,2795.59
90167,6854,291,1,1369.29,0.15,1163.90
90168,7681,211,1,955.77,0.20,764.62
90169,11166,209,5,1581.90,0.00,7909.50
90170,11804,183,3,2299.69,0.00,6899.07
90171,10606,254,5,2165.24,0.15,9202.27
90172,10762,141,1,993.39,0.25,745.04
90173,6066,221,2,1712.69,0.20,2740.30
90174,6859,139,5,1994.29,0.00,9971.45
90175,8938,285,3,352.36,0.20,845.66
90176,7230,128,5,114.43,0.10,514.94
90177,6554,207,1,620.94,0.25,465.71
90178,6993,136,4,843.83,0.10,3037.79
90179,10948,107,4,1171.67,0.20,3749.34
90180,11949,272,4,1363.23,0.25,4089.69
90181,12704,268,3,1080.58,0.00,3241.74
90182,8803,104,1,2213.07,0.10,1991.76
90183,9800,272,4,1363.23,0.20,4362.34
90184,7822,254,3,2165.24,0.05,6170.93
90185,8636,247,4,974.32,0.00,3897.28
90186,12395,123,2,1736.07,0.10,3124.93
90187,10498,114,5,1566.37,0.10,7048.66
90188,10740,222,4,1487.60,0.15,5057.84
90189,8126,140,1,1375.60,0.15,1169.26
90190,11239,145,2,1877.04,0.10,3378.67
90191,6537,217,1,1763.03,0.00,1763.03
90192,11604,264,5,1516.92,0.00,7584.60
90193,8738,261,3,419.36,0.05,1195.18
90194,10873,127,1,1258.40,0.10,1132.56
90195,8112,182,5,1551.91,0.00,7759.55
90196,11099,116,5,1355.08,0.20,5420.32
90197,7584,110,1,418.96,0.25,314.22
90198,7754,115,4,1500.95,0.25,4502.85
90199,11662,300,2,757.78,0.00,1515.56
90200,8382,119,4,1998.83,0.00,7995.32
90201,11781,205,4,637.79,0.25,1913.37
90202,9191,178,5,1497.89,0.00,7489.45
90203,10792,249,2,1638.11,0.00,3276.22
90204,6662,261,1,419.36,0.20,335.49
90205,6028,277,4,176.58,0.10,635.69
90206,8581,209,2,1581.90,0.05,3005.61
90207,12985,121,5,2042.46,0.00,10212.30
90208,12345,161,3,1891.92,0.15,4824.40
90209,8747,253,4,566.24,0.15,1925.22
90210,9506,142,4,1645.63,0.00,6582.52
90211,10384,227,5,461.19,0.00,2305.95
90212,10523,286,5,69.93,0.10,314.69
90213,8114,130,3,19.96,0.25,44.91
90214,6293,148,2,572.20,0.00,1144.40
90215,11417,201,4,956.06,0.00,3824.24
90216,5571,253,3,566.24,0.20,1358.98
90217,10557,243,4,2421.72,0.25,7265.16
90218,12218,224,1,80.21,0.20,64.17
90219,9252,296,3,1459.44,0.00,4378.32
90220,5426,132,3,1664.91,0.20,3995.78
90221,6240,166,5,485.53,0.00,2427.65
90222,12335,251,2,947.97,0.20,1516.75
90223,9250,152,2,1885.74,0.00,3771.48
90224,9923,108,2,1886.70,0.25,2830.05
90225,6741,231,1,1343.75,0.00,1343.75
90226,6237,296,3,1459.44,0.25,3283.74
90227,9015,292,1,1397.80,0.20,1118.24
90228,8173,163,5,530.94,0.20,2123.76
90229,10110,224,3,80.21,0.00,240.63
90230,8635,211,3,955.77,0.05,2723.94
90231,6986,200,4,2486.65,0.00,9946.60
90232,7472,260,2,298.97,0.25,448.46
90233,7433,259,5,2370.62,0.00,11853.10
90234,10055,160,5,773.25,0.05,3672.94
90235,7809,214,3,1178.45,0.00,3535.35
90236,6742,157,1,1243.00,0.05,1180.85
90237,7401,197,1,2202.77,0.00,2202.77
90238,7871,210,4,243.98,0.00,975.92
90239,12188,120,1,357.32,0.00,357.32
90240,6305,225,1,1270.62,0.05,1207.09
90241,10915,290,2,1653.02,0.10,2975.44
90242,6939,230,5,2005.24,0.00,10026.20
90243,12272,197,1,2202.77,0.10,1982.49
90244,7821,150,4,397.61,0.10,1431.40
90245,8575,195,4,1062.47,0.20,3399.90
90246,5146,299,2,514.01,0.10,925.22
90247,9070,238,1,2135.34,0.00,2135.34
90248,10808,185,5,1487.37,0.10,6693.16
90249,8611,234,2,302.91,0.25,454.37
90250,12404,195,5,1062.47,0.10,4781.12
90251,11960,216,5,1385.99,0.00,6929.95
90252,5681,144,4,1446.74,0.00,5786.96
90253,10351,252,2,762.60,0.10,1372.68
90254,10016,197,4,2202.77,0.15,7489.42
90255,6684,181,4,766.36,0.20,2452.35
90256,12610,163,4,530.94,0.00,2123.76
90257,7615,277,1,176.58,0.05,167.75
90258,9525,131,4,2336.91,0.00,9347.64
90259,7567,217,1,1763.03,0.20,1410.42
90260,8832,114,5,1566.37,0.00,7831.85
90261,8240,113,2,2150.67,0.25,3226.01
90262,6336,118,2,406.89,0.15,691.71
90263,8507,174,2,306.10,0.00,612.20
90264,6969,249,3,1638.11,0.15,4177.18
90265,7578,280,5,1665.08,0.10,7492.86
90266,10207,188,3,1254.94,0.00,3764.82
90267,7281,263,4,2447.20,0.00,9788.80
90268,11224,170,4,2070.85,0.15,7040.89
90269,10162,152,5,1885.74,0.25,7071.53
90270,10414,266,5,1245.35,0.00,6226.75
90271,12280,109,1,2155.87,0.10,1940.28
90272,6630,233,2,640.40,0.00,1280.80
90273,8008,224,5,80.21,0.00,401.05
90274,9373,274,5,93.41,0.20,373.64
90275,8109,206,3,239.11,0.00,717.33
90276,12007,207,1,620.94,0.00,620.94
90277,7759,122,4,522.39,0.15,1776.13
90278,5776,235,4,1296.63,0.15,4408.54
90279,6949,121,3,2042.46,0.00,6127.38
90280,9527,183,3,2299.69,0.15,5864.21
90281,10520,127,5,1258.40,0.00,6292.00
90282,8276,276,1,1758.07,0.20,1406.46
90283,8469,268,1,1080.58,0.15,918.49
90284,10394,276,4,1758.07,0.25,5274.21
90285,12895,148,1,572.20,0.05,543.59
90286,9404,212,1,850.02,0.00,850.02
90287,12513,170,2,2070.85,0.00,4141.70
90288,10904,107,4,1171.67,0.05,4452.35
90289,9048,256,5,1238.39,0.05,5882.35
90290,8457,236,2,442.97,0.05,841.64
90291,9943,250,1,449.73,0.00,449.73
90292,10428,274,5,93.41,0.25,350.29
90293,11787,235,4,1296.63,0.00,5186.52
90294,11643,117,5,2081.70,0.00,10408.50
90295,10638,199,2,1715.24,0.00,3430.48
90296,8540,270,5,2245.24,0.00,11226.20
90297,9453,185,1,1487.37,0.20,1189.90
90298,11761,111,1,116.37,0.10,104.73
90299,7676,224,2,80.21,0.00,160.42
90300,12289,151,3,1737.89,0.25,3910.25
90301,10021,271,1,926.97,0.00,926.97
90302,12180,154,3,2234.02,0.25,5026.55
90303,12371,121,4,2042.46,0.00,8169.84
90304,10409,148,1,572.20,0.00,572.20
90305,12710,287,3,224.99,0.15,573.72
90306,10347,270,3,2245.24,0.00,6735.72
90307,12723,128,5,114.43,0.25,429.11
90308,12435,236,5,442.97,0.00,2214.85
90309,9829,115,3,1500.95,0.00,4502.85
90310,6843,256,3,1238.39,0.00,3715.17
90311,10439,134,3,574.61,0.15,1465.26
90312,7111,168,2,746.43,0.05,1418.22
90313,6427,256,2,1238.39,0.05,2352.94
90314,10548,266,1,1245.35,0.00,1245.35
90315,6156,178,2,1497.89,0.00,2995.78
90316,7017,185,5,1487.37,0.05,7065.01
90317,8276,278,1,227.14,0.05,215.78
90318,6107,262,1,338.59,0.05,321.66
90319,11013,136,4,843.83,0.20,2700.26
90320,11736,249,1,1638.11,0.10,1474.30
90321,7443,267,4,1987.88,0.10,7156.37
90322,9957,228,2,694.03,0.00,1388.06
90323,5992,263,5,2447.20,0.00,12236.00
90324,11613,108,4,1886.70,0.00,7546.80
90325,8435,287,5,224.99,0.25,843.71
90326,7782,198,4,2373.31,0.10,8543.92
90327,10226,153,2,1793.31,0.10,3227.96
90328,7873,267,2,1987.88,0.05,3776.97
90329,6795,274,4,93.41,0.10,336.28
90330,10562,217,1,1763.03,0.00,1763.03
90331,6632,119,5,1998.83,0.00,9994.15
90332,6677,151,4,1737.89,0.00,6951.56
90333,10780,201,2,956.06,0.25,1434.09
90334,5180,184,1,1591.66,0.20,1273.33
90335,6994,181,1,766.36,0.05,728.04
90336,12360,285,3,352.36,0.00,1057.08
90337,11551,129,4,268.41,0.05,1019.96
90338,12106,287,4,224.99,0.10,809.96
90339,8380,191,4,1189.21,0.05,4519.00
90340,5106,144,3,1446.74,0.05,4123.21
90341,11611,163,3,530.94,0.00,1592.82
90342,8609,211,1,955.77,0.00,955.77
90343,8289,161,2,1891.92,0.00,3783.84
90344,12726,258,5,2022.94,0.00,10114.70
90345,5214,216,2,1385.99,0.25,2078.99
90346,11104,134,2,574.61,0.10,1034.30
90347,7706,104,1,2213.07,0.25,1659.80
90348,11381,121,1,2042.46,0.00,2042.46
90349,9960,148,5,572.20,0.05,2717.95
90350,9709,262,3,338.59,0.00,1015.77
90351,7884,300,5,757.78,0.20,3031.12
90352,10175,208,4,2078.25,0.15,7066.05
90353,9968,198,3,2373.31,0.15,6051.94
90354,11215,273,5,1052.32,0.00,5261.60
90355,12179,214,1,1178.45,0.05,1119.53
90356,12314,110,2,418.96,0.00,837.92
90357,7443,252,2,762.60,0.10,1372.68
90358,6737,145,2,1877.04,0.00,3754.08
90359,6783,240,3,1506.75,0.05,4294.24
90360,12196,133,1,420.02,0.05,399.02
90361,10297,159,1,1740.36,0.00,1740.36
90362,10090,113,3,2150.67,0.00,6452.01
90363,6556,185,4,1487.37,0.00,5949.48
90364,10592,108,2,1886.70,0.05,3584.73
90365,12134,101,5,907.15,0.15,3855.39
90366,5217,229,4,1416.93,0.00,5667.72
90367,7913,144,1,1446.74,0.25,1085.06
90368,11869,140,1,1375.60,0.00,1375.60
90369,7927,278,2,227.14,0.15,386.14
90370,5687,201,5,956.06,0.05,4541.28
90371,8565,231,4,1343.75,0.00,5375.00
90372,11685,281,2,1191.76,0.05,2264.34
90373,6981,264,1,1516.92,0.10,1365.23
90374,7472,235,4,1296.63,0.10,4667.87
90375,5058,160,4,773.25,0.05,2938.35
90376,10046,190,2,646.82,0.15,1099.59
90377,8389,208,2,2078.25,0.25,3117.38
90378,11027,161,1,1891.92,0.00,1891.92
90379,11263,251,4,947.97,0.20,3033.50
90380,6124,159,2,1740.36,0.15,2958.61
90381,12406,218,2,1133.43,0.25,1700.14
90382,9501,199,4,1715.24,0.10,6174.86
90383,12772,241,1,1072.50,0.05,1018.88
90384,6199,249,1,1638.11,0.10,1474.30
90385,7970,103,2,1509.32,0.25,2263.98
90386,5513,299,4,514.01,0.10,1850.44
90387,11849,180,2,943.48,0.00,1886.96
90388,6922,177,1,36.22,0.00,36.22
90389,10726,251,5,947.97,0.25,3554.89
90390,12924,244,3,201.19,0.00,603.57
90391,10819,257,3,1787.40,0.05,5094.09
90392,5847,300,2,757.78,0.25,1136.67
90393,12273,232,5,1813.56,0.10,8161.02
90394,5098,293,2,1199.87,0.10,2159.77
90395,8372,238,5,2135.34,0.15,9075.19
90396,6500,273,2,1052.32,0.00,2104.64
90397,6218,269,5,1773.91,0.15,7539.12
90398,5401,118,2,406.89,0.00,813.78
90399,7187,174,1,306.10,0.20,244.88
90400,12055,242,3,1720.12,0.00,5160.36
90401,7144,195,3,1062.47,0.20,2549.93
90402,6543,239,4,109.05,0.00,436.20
90403,5123,135,1,1777.26,0.25,1332.94
90404,10961,162,5,764.05,0.15,3247.21
90405,6349,111,5,116.37,0.10,523.67
90406,5072,160,3,773.25,0.10,2087.78
90407,9713,135,1,1777.26,0.20,1421.81
90408,9521,239,1,109.05,0.20,87.24
90409,10144,118,2,406.89,0.15,691.71
90410,12050,200,2,2486.65,0.20,3978.64
90411,10612,138,2,1832.29,0.10,3298.12
90412,12835,174,4,306.10,0.00,1224.40
90413,8372,210,3,243.98,0.15,622.15
90414,10381,132,3,1664.91,0.25,3746.05
90415,7769,216,2,1385.99,0.05,2633.38
90416,12995,269,3,1773.91,0.00,5321.73
90417,7299,223,2,1691.32,0.25,2536.98
90418,8731,277,5,176.58,0.10,794.61
90419,5352,253,2,566.24,0.25,849.36
90420,12572,191,5,1189.21,0.10,5351.45
90421,8685,172,4,176.79,0.00,707.16
90422,8289,158,3,2290.44,0.05,6527.75
90423,12736,115,4,1500.95,0.10,5403.42
90424,8459,175,4,2362.73,0.00,9450.92
90425,5039,286,4,69.93,0.10,251.75
90426,8159,256,1,1238.39,0.00,1238.39
90427,12511,108,2,1886.70,0.25,2830.05
90428,10946,264,1,1516.92,0.00,1516.92
90429,5212,215,1,813.88,0.00,813.88
90430,12298,210,3,243.98,0.00,731.94
90431,6188,296,2,1459.44,0.05,2772.94
90432,9614,192,5,1996.58,0.20,7986.32
90433,5508,260,5,298.97,0.00,1494.85
90434,7332,299,5,514.01,0.00,2570.05
90435,8174,235,3,1296.63,0.10,3500.90
90436,5604,276,3,1758.07,0.10,4746.79
90437,7272,280,1,1665.08,0.00,1665.08
90438,9904,284,2,2320.38,0.00,4640.76
90439,11275,206,1,239.11,0.20,191.29
90440,11444,259,1,2370.62,0.05,2252.09
90441,8884,243,2,2421.72,0.00,4843.44
90442,11744,283,2,615.57,0.15,1046.47
90443,8528,137,1,301.05,0.20,240.84
90444,6736,214,5,1178.45,0.00,5892.25
90445,8957,269,5,1773.91,0.20,7095.64
90446,8375,183,4,2299.69,0.25,6899.07
90447,10611,282,3,1272.66,0.10,3436.18
90448,8686,243,4,2421.72,0.05,9202.54
90449,7737,243,4,2421.72,0.15,8233.85
90450,12311,251,4,947.97,0.00,3791.88
90451,10696,121,5,2042.46,0.25,7659.22
90452,9344,134,3,574.61,0.00,1723.83
90453,12602,288,4,475.03,0.00,1900.12
90454,8919,211,2,955.77,0.05,1815.96
90455,7144,262,5,338.59,0.25,1269.71
90456,11288,214,2,1178.45,0.20,1885.52
90457,6345,299,4,514.01,0.05,1953.24
90458,6920,199,5,1715.24,0.00,8576.20
90459,12831,207,1,620.94,0.15,527.80
90460,8269,269,5,1773.91,0.05,8426.07
90461,10669,179,1,864.43,0.25,648.32
90462,10726,201,2,956.06,0.00,1912.12
90463,12778,262,2,338.59,0.00,677.18
90464,7519,283,1,615.57,0.25,461.68
90465,10817,262,5,338.59,0.15,1439.01
90466,11071,258,4,2022.94,0.00,8091.76
90467,12549,172,1,176.79,0.05,167.95
90468,7815,300,2,757.78,0.10,1364.00
90469,6968,254,1,2165.24,0.00,2165.24
90470,10410,274,1,93.41,0.10,84.07
90471,6388,275,1,1096.31,0.10,986.68
90472,7808,121,3,2042.46,0.00,6127.38
90473,7057,166,3,485.53,0.00,1456.59
90474,9439,157,3,1243.00,0.05,3542.55
90475,5464,138,3,1832.29,0.00,5496.87
90476,5293,235,4,1296.63,0.00,5186.52
90477,6584,190,1,646.82,0.00,646.82
90478,9852,165,1,2379.36,0.15,2022.46
90479,10883,178,5,1497.89,0.00,7489.45
90480,9751,240,2,1506.75,0.10,2712.15
90481,7889,173,2,1136.92,0.05,2160.15
90482,8435,135,4,1777.26,0.00,7109.04
90483,10301,103,4,1509.32,0.25,4527.96
90484,9919,287,1,224.99,0.10,202.49
90485,6170,223,4,1691.32,0.10,6088.75
90486,9037,160,4,773.25,0.00,3093.00
90487,11397,265,1,68.86,0.05,65.42
90488,6493,134,3,574.61,0.00,1723.83
90489,8765,159,3,1740.36,0.00,5221.08
90490,11250,268,4,1080.58,0.00,4322.32
90491,8752,277,1,176.58,0.00,176.58
90492,6333,116,1,1355.08,0.15,1151.82
90493,5110,174,3,306.10,0.20,734.64
90494,6305,260,1,298.97,0.00,298.97
90495,8944,293,4,1199.87,0.00,4799.48
90496,12430,144,1,1446.74,0.10,1302.07
90497,11351,105,2,838.62,0.25,1257.93
90498,6609,109,5,2155.87,0.10,9701.41
90499,5960,124,3,213.45,0.00,640.35
90500,6006,124,5,213.45,0.25,800.44
90501,10908,221,5,1712.69,0.20,6850.76
90502,10695,147,3,2470.00,0.20,5928.00
90503,6973,124,3,213.45,0.20,512.28
90504,7234,209,5,1581.90,0.20,6327.60
90505,10303,272,4,1363.23,0.15,4634.98
90506,8078,105,3,838.62,0.15,2138.48
90507,11273,248,4,1863.86,0.00,7455.44
90508,9242,292,4,1397.80,0.00,5591.20
90509,11704,190,2,646.82,0.20,1034.91
90510,9954,294,4,2427.45,0.10,8738.82
90511,9331,144,5,1446.74,0.00,7233.70
90512,11680,221,1,1712.69,0.00,1712.69
90513,6913,278,2,227.14,0.20,363.42
90514,12961,190,3,646.82,0.05,1843.44
90515,12780,131,2,2336.91,0.05,4440.13
90516,10627,131,1,2336.91,0.00,2336.91
90517,10905,226,1,181.96,0.20,145.57
90518,8934,174,3,306.10,0.10,826.47
90519,7287,236,2,442.97,0.00,885.94
90520,5149,249,4,1638.11,0.00,6552.44
90521,6849,162,1,764.05,0.05,725.85
90522,8315,222,5,1487.60,0.00,7438.00
90523,10867,119,5,1998.83,0.15,8495.03
90524,8267,101,2,907.15,0.25,1360.72
90525,7109,213,1,1512.95,0.20,1210.36
90526,11224,173,1,1136.92,0.05,1080.07
90527,8606,108,3,1886.70,0.25,4245.08
90528,12883,209,1,1581.90,0.10,1423.71
90529,8210,104,4,2213.07,0.00,8852.28
90530,7329,106,1,903.02,0.15,767.57
90531,6761,140,5,1375.60,0.20,5502.40
90532,5314,189,4,885.16,0.10,3186.58
90533,5876,243,5,2421.72,0.15,10292.31
90534,7433,214,3,1178.45,0.10,3181.82
90535,11243,175,1,2362.73,0.05,2244.59
90536,7589,235,5,1296.63,0.00,6483.15
90537,11356,239,2,109.05,0.05,207.19
90538,6185,270,3,2245.24,0.15,5725.36
90539,6685,201,2,956.06,0.25,1434.09
90540,11951,163,5,530.94,0.00,2654.70
90541,8923,199,1,1715.24,0.25,1286.43
90542,7314,259,5,2370.62,0.00,11853.10
90543,12483,295,2,1644.06,0.00,3288.12
90544,6768,114,1,1566.37,0.20,1253.10
90545,12727,128,1,114.43,0.15,97.27
90546,8782,253,3,566.24,0.00,1698.72
90547,5039,204,1,226.11,0.10,203.50
90548,9146,272,3,1363.23,0.20,3271.75
90549,9884,220,1,246.34,0.20,197.07
90550,12020,116,4,1355.08,0.05,5149.30
90551,11554,158,5,2290.44,0.00,11452.20
90552,5437,128,1,114.43,0.00,114.43
90553,5955,112,5,1270.77,0.00,6353.85
90554,5959,172,5,176.79,0.00,883.95
90555,12212,276,4,1758.07,0.15,5977.44
90556,8792,106,5,903.02,0.10,4063.59
90557,10503,260,2,298.97,0.05,568.04
90558,9932,199,3,1715.24,0.20,4116.58
90559,5115,103,4,1509.32,0.00,6037.28
90560,6810,257,4,1787.40,0.00,7149.60
90561,12535,160,5,773.25,0.00,3866.25
90562,9528,299,2,514.01,0.05,976.62
90563,6964,262,2,338.59,0.00,677.18
90564,7596,196,2,1471.90,0.25,2207.85
90565,8810,184,4,1591.66,0.00,6366.64
90566,10016,278,1,227.14,0.15,193.07
90567,10331,134,3,574.61,0.00,1723.83
90568,6243,117,5,2081.70,0.25,7806.38
90569,7949,112,4,1270.77,0.20,4066.46
90570,8328,298,4,108.90,0.25,326.70
90571,6007,225,4,1270.62,0.25,3811.86
90572,11695,149,1,1613.28,0.10,1451.95
90573,6074,229,2,1416.93,0.25,2125.39
90574,10761,101,1,907.15,0.20,725.72
90575,10057,209,2,1581.90,0.00,3163.80
90576,7899,186,4,1700.97,0.20,5443.10
90577,8283,213,3,1512.95,0.05,4311.91
90578,11139,220,1,246.34,0.20,197.07
90579,12520,117,5,2081.70,0.25,7806.38
90580,6784,192,1,1996.58,0.00,1996.58
90581,10310,235,1,1296.63,0.10,1166.97
90582,12169,115,3,1500.95,0.05,4277.71
90583,5724,243,5,2421.72,0.00,12108.60
90584,7894,191,2,1189.21,0.00,2378.42
90585,10683,102,1,1084.90,0.15,922.17
90586,10492,237,2,1134.74,0.15,1929.06
90587,10347,149,3,1613.28,0.15,4113.86
90588,7707,243,3,2421.72,0.00,7265.16
90589,7257,185,4,1487.37,0.00,5949.48
90590,6791,117,4,2081.70,0.10,7494.12
90591,5804,216,4,1385.99,0.00,5543.96
90592,6532,299,5,514.01,0.05,2441.55
90593,10565,300,3,757.78,0.25,1705.01
90594,12910,247,5,974.32,0.00,4871.60
90595,10704,280,4,1665.08,0.15,5661.27
90596,6225,271,2,926.97,0.15,1575.85
90597,11200,167,4,50.29,0.05,191.10
90598,7133,276,4,1758.07,0.00,7032.28
90599,9692,295,2,1644.06,0.15,2794.90
90600,11071,249,1,1638.11,0.10,1474.30
90601,10034,275,1,1096.31,0.00,1096.31
90602,10955,162,5,764.05,0.15,3247.21
90603,10791,244,5,201.19,0.00,1005.95
90604,6933,291,5,1369.29,0.10,6161.81
90605,11681,284,2,2320.38,0.10,4176.68
90606,10831,179,3,864.43,0.25,1944.97
90607,10319,180,2,943.48,0.10,1698.26
90608,10164,147,3,2470.00,0.15,6298.50
90609,9563,120,2,357.32,0.00,714.64
90610,6167,204,5,226.11,0.15,960.97
90611,5845,250,2,449.73,0.00,899.46
90612,9413,113,4,2150.67,0.00,8602.68
90613,6111,198,5,2373.31,0.15,10086.57
90614,10763,126,1,288.49,0.00,288.49
90615,9887,218,2,1133.43,0.15,1926.83
90616,6503,109,1,2155.87,0.05,2048.08
90617,5187,288,3,475.03,0.25,1068.82
90618,11541,266,3,1245.35,0.10,3362.44
90619,6217,122,3,522.39,0.00,1567.17
90620,6502,172,2,176.79,0.00,353.58
90621,9132,187,5,2442.76,0.15,10381.73
90622,12210,234,5,302.91,0.15,1287.37
90623,9867,184,4,1591.66,0.05,6048.31
90624,7192,157,5,1243.00,0.25,4661.25
90625,9453,144,4,1446.74,0.00,5786.96
90626,6111,192,3,1996.58,0.00,5989.74
90627,11234,270,4,2245.24,0.00,8980.96
90628,7178,196,5,1471.90,0.00,7359.50
90629,6784,295,2,1644.06,0.15,2794.90
90630,8337,247,3,974.32,0.15,2484.52
90631,6325,255,1,1463.05,0.25,1097.29
90632,7026,104,4,2213.07,0.00,8852.28
90633,8885,212,4,850.02,0.05,3230.08
90634,12361,150,4,397.61,0.05,1510.92
90635,12327,113,1,2150.67,0.15,1828.07
90636,12514,267,2,1987.88,0.25,2981.82
90637,7318,224,2,80.21,0.25,120.31
90638,6007,284,5,2320.38,0.00,11601.90
90639,9476,237,3,1134.74,0.10,3063.80
90640,7928,227,5,461.19,0.00,2305.95
90641,9446,139,5,1994.29,0.00,9971.45
90642,9663,173,3,1136.92,0.00,3410.76
90643,7803,106,1,903.02,0.00,903.02
90644,9183,183,5,2299.69,0.25,8623.84
90645,6631,140,3,1375.60,0.25,3095.10
90646,6469,129,2,268.41,0.00,536.82
90647,8709,141,1,993.39,0.05,943.72
90648,7470,295,2,1644.06,0.15,2794.90
90649,6647,111,3,116.37,0.05,331.65
90650,11574,276,3,1758.07,0.00,5274.21
90651,12966,125,4,1053.19,0.10,3791.48
90652,10443,276,4,1758.07,0.15,5977.44
90653,10115,116,4,1355.08,0.00,5420.32
90654,9092,285,2,352.36,0.05,669.48
90655,7893,118,5,406.89,0.20,1627.56
90656,5174,230,3,2005.24,0.00,6015.72
90657,8283,134,1,574.61,0.10,517.15
90658,9620,183,3,2299.69,0.00,6899.07
90659,12919,297,2,298.38,0.00,596.76
90660,12653,143,1,988.01,0.20,790.41
90661,10607,118,3,406.89,0.00,1220.67
90662,9913,182,1,1551.91,0.00,1551.91
90663,9932,121,4,2042.46,0.25,6127.38
90664,5172,231,4,1343.75,0.15,4568.75
90665,5094,177,4,36.22,0.00,144.88
90666,7642,203,2,1900.01,0.00,3800.02
90667,11669,112,1,1270.77,0.25,953.08
90668,8809,227,3,461.19,0.00,1383.57
90669,9917,276,3,1758.07,0.00,5274.21
90670,8349,146,2,1722.59,0.05,3272.92
90671,8972,105,3,838.62,0.10,2264.27
90672,8437,105,4,838.62,0.00,3354.48
90673,9039,211,1,955.77,0.15,812.40
90674,6049,258,4,2022.94,0.15,6878.00
90675,12933,221,2,1712.69,0.05,3254.11
90676,10993,119,1,1998.83,0.00,1998.83
90677,6141,184,5,1591.66,0.00,7958.30
90678,11477,122,5,522.39,0.25,1958.96
90679,12808,103,1,1509.32,0.20,1207.46
90680,7201,140,3,1375.60,0.10,3714.12
90681,9984,189,1,885.16,0.20,708.13
90682,9002,206,1,239.11,0.05,227.15
90683,5243,104,2,2213.07,0.10,3983.53
90684,9268,239,3,109.05,0.25,245.36
90685,7603,183,2,2299.69,0.00,4599.38
90686,12986,283,1,615.57,0.00,615.57
90687,6983,261,4,419.36,0.10,1509.70
90688,12021,245,2,1210.49,0.00,2420.98
90689,7887,245,1,1210.49,0.20,968.39
90690,12520,172,3,176.79,0.10,477.33
90691,6103,239,1,109.05,0.20,87.24
90692,11544,115,5,1500.95,0.15,6379.04
90693,9100,134,4,574.61,0.15,1953.67
90694,8680,263,4,2447.20,0.00,9788.80
90695,11889,141,3,993.39,0.00,2980.17
90696,10214,253,2,566.24,0.05,1075.86
90697,6216,271,2,926.97,0.00,1853.94
90698,11538,113,4,2150.67,0.00,8602.68
90699,6759,137,1,301.05,0.15,255.89
90700,11468,231,3,1343.75,0.15,3426.56
90701,6693,142,5,1645.63,0.00,8228.15
90702,9215,165,5,2379.36,0.25,8922.60
90703,12093,182,4,1551.91,0.15,5276.49
90704,8091,139,2,1994.29,0.00,3988.58
90705,6719,197,1,2202.77,0.00,2202.77
90706,5975,241,2,1072.50,0.00,2145.00
90707,5062,235,4,1296.63,0.00,5186.52
90708,10505,296,3,1459.44,0.00,4378.32
90709,5540,133,3,420.02,0.15,1071.05
90710,11725,163,1,530.94,0.20,424.75
90711,6476,145,5,1877.04,0.10,8446.68
90712,10267,271,4,926.97,0.10,3337.09
90713,5136,257,4,1787.40,0.25,5362.20
90714,7389,222,1,1487.60,0.05,1413.22
90715,5592,187,4,2442.76,0.00,9771.04
90716,6120,192,3,1996.58,0.15,5091.28
90717,12836,225,3,1270.62,0.00,3811.86
90718,9786,129,4,268.41,0.00,1073.64
90719,11698,192,4,1996.58,0.15,6788.37
90720,10431,246,3,630.04,0.00,1890.12
90721,7644,246,1,630.04,0.10,567.04
90722,8562,168,5,746.43,0.00,3732.15
90723,9310,183,3,2299.69,0.25,5174.30
90724,7464,291,2,1369.29,0.00,2738.58
90725,11548,115,5,1500.95,0.20,6003.80
90726,12601,210,4,243.98,0.00,975.92
90727,12151,269,1,1773.91,0.25,1330.43
90728,7208,115,1,1500.95,0.25,1125.71
90729,5110,257,5,1787.40,0.00,8937.00
90730,6253,207,1,620.94,0.00,620.94
90731,8061,109,2,2155.87,0.00,4311.74
90732,8784,195,4,1062.47,0.25,3187.41
90733,12207,182,2,1551.91,0.00,3103.82
90734,10075,206,2,239.11,0.15,406.49
90735,7468,141,3,993.39,0.10,2682.15
90736,8692,300,3,757.78,0.00,2273.34
90737,8740,212,3,850.02,0.10,2295.05
90738,11533,236,5,442.97,0.00,2214.85
90739,10102,182,3,1551.91,0.05,4422.94
90740,9024,238,5,2135.34,0.25,8007.53
90741,6093,193,1,1884.74,0.10,1696.27
90742,9074,182,5,1551.91,0.00,7759.55
90743,6300,291,3,1369.29,0.00,4107.87
90744,11398,130,2,19.96,0.00,39.92
90745,11538,150,4,397.61,0.05,1510.92
90746,5870,206,1,239.11,0.00,239.11
90747,12637,178,3,1497.89,0.00,4493.67
90748,6074,162,2,764.05,0.05,1451.69
90749,11215,295,5,1644.06,0.00,8220.30
90750,7164,174,2,306.10,0.00,612.20
90751,9820,293,1,1199.87,0.25,899.90
90752,6800,155,5,2423.51,0.15,10299.92
90753,5123,231,3,1343.75,0.05,3829.69
90754,8363,224,1,80.21,0.10,72.19
90755,6997,211,1,955.77,0.00,955.77
90756,10318,284,3,2320.38,0.00,6961.14
90757,10359,169,5,525.57,0.00,2627.85
90758,5796,154,2,2234.02,0.05,4244.64
90759,12259,164,5,1599.20,0.05,7596.20
90760,10716,198,1,2373.31,0.15,2017.31
90761,10568,222,2,1487.60,0.00,2975.20
90762,5583,216,2,1385.99,0.00,2771.98
90763,12063,193,4,1884.74,0.25,5654.22
90764,9120,206,2,239.11,0.05,454.31
90765,8319,210,3,243.98,0.00,731.94
90766,10798,160,1,773.25,0.00,773.25
90767,6548,197,1,2202.77,0.00,2202.77
90768,11644,109,2,2155.87,0.25,3233.80
90769,8260,249,3,1638.11,0.00,4914.33
90770,10997,155,3,2423.51,0.00,7270.53
90771,7931,191,3,1189.21,0.25,2675.72
90772,11872,196,1,1471.90,0.15,1251.12
90773,12678,294,4,2427.45,0.05,9224.31
90774,10753,141,2,993.39,0.00,1986.78
90775,9153,241,1,1072.50,0.00,1072.50
90776,11625,261,1,419.36,0.00,419.36
90777,8849,245,1,1210.49,0.25,907.87
90778,9714,279,1,2195.66,0.00,2195.66
90779,11860,277,5,176.58,0.00,882.90
90780,8741,225,4,1270.62,0.00,5082.48
90781,9066,252,3,762.60,0.20,1830.24
90782,11691,233,3,640.40,0.25,1440.90
90783,6267,202,4,2407.29,0.00,9629.16
90784,10853,121,4,2042.46,0.25,6127.38
90785,7545,289,3,499.25,0.10,1347.98
90786,7949,128,3,114.43,0.20,274.63
90787,12762,216,3,1385.99,0.05,3950.07
90788,7401,224,3,80.21,0.00,240.63
90789,6192,237,1,1134.74,0.05,1078.00
90790,11419,238,1,2135.34,0.00,2135.34
90791,7882,125,2,1053.19,0.15,1790.42
90792,7596,229,3,1416.93,0.10,3825.71
90793,6361,215,2,813.88,0.15,1383.60
90794,11573,200,3,2486.65,0.00,7459.95
90795,11969,215,1,813.88,0.10,732.49
90796,6620,261,5,419.36,0.00,2096.80
90797,8534,128,1,114.43,0.10,102.99
90798,9083,286,3,69.93,0.00,209.79
90799,7915,180,1,943.48,0.10,849.13
90800,7293,211,3,955.77,0.15,2437.21
90801,9711,155,1,2423.51,0.00,2423.51
90802,8460,115,2,1500.95,0.00,3001.90
90803,11199,182,1,1551.91,0.00,1551.91
90804,6520,251,3,947.97,0.25,2132.93
90805,8321,247,5,974.32,0.00,4871.60
90806,8683,298,2,108.90,0.05,206.91
90807,5994,109,1,2155.87,0.15,1832.49
90808,10564,118,2,406.89,0.00,813.78
90809,8606,148,2,572.20,0.00,1144.40
90810,7877,285,4,352.36,0.00,1409.44
90811,7844,242,3,1720.12,0.00,5160.36
90812,12455,279,1,2195.66,0.00,2195.66
90813,12617,239,4,109.05,0.10,392.58
90814,5984,147,2,2470.00,0.05,4693.00
90815,5718,244,3,201.19,0.05,573.39
90816,10105,279,2,2195.66,0.00,4391.32
90817,5216,224,3,80.21,0.25,180.47
90818,10104,152,3,1885.74,0.00,5657.22
90819,7194,214,1,1178.45,0.00,1178.45
90820,6875,237,3,1134.74,0.10,3063.80
90821,12831,203,2,1900.01,0.25,2850.01
90822,9598,268,3,1080.58,0.00,3241.74
90823,8923,219,2,1538.12,0.00,3076.24
90824,6105,286,5,69.93,0.15,297.20
90825,7381,252,4,762.60,0.20,2440.32
90826,10368,142,5,1645.63,0.10,7405.34
90827,6018,293,4,1199.87,0.15,4079.56
90828,5539,252,2,762.60,0.20,1220.16
90829,11819,225,3,1270.62,0.20,3049.49
90830,10750,254,2,2165.24,0.25,3247.86
90831,10387,283,3,615.57,0.00,1846.71
90832,6840,257,1,1787.40,0.00,1787.40
90833,5996,259,1,2370.62,0.20,1896.50
90834,5888,111,2,116.37,0.00,232.74
90835,5275,128,1,114.43,0.25,85.82
90836,10828,177,1,36.22,0.10,32.60
90837,6886,228,5,694.03,0.25,2602.61
90838,8061,222,3,1487.60,0.00,4462.80
90839,10966,135,1,1777.26,0.25,1332.94
90840,9093,101,2,907.15,0.00,1814.30
90841,11292,162,5,764.05,0.25,2865.19
90842,10562,115,1,1500.95,0.20,1200.76
90843,6063,159,1,1740.36,0.20,1392.29
90844,12528,249,3,1638.11,0.00,4914.33
90845,5917,114,4,1566.37,0.25,4699.11
90846,8558,249,4,1638.11,0.25,4914.33
90847,10621,226,3,181.96,0.00,545.88
90848,8319,204,4,226.11,0.00,904.44
90849,12159,169,5,525.57,0.15,2233.67
90850,11442,241,5,1072.50,0.10,4826.25
90851,10454,262,3,338.59,0.10,914.19
90852,5478,135,3,1777.26,0.15,4532.01
90853,7388,170,5,2070.85,0.20,8283.40
90854,9580,191,2,1189.21,0.20,1902.74
90855,5873,292,3,1397.80,0.15,3564.39
90856,12246,145,4,1877.04,0.15,6381.94
90857,8454,146,4,1722.59,0.20,5512.29
90858,7811,214,2,1178.45,0.00,2356.90
90859,11865,195,2,1062.47,0.15,1806.20
90860,11798,170,1,2070.85,0.25,1553.14
90861,5726,239,2,109.05,0.00,218.10
90862,12801,121,2,2042.46,0.20,3267.94
90863,9239,238,1,2135.34,0.20,1708.27
90864,6758,195,1,1062.47,0.20,849.98
90865,8414,177,3,36.22,0.15,92.36
90866,12526,292,5,1397.80,0.25,5241.75
90867,7367,225,1,1270.62,0.00,1270.62
90868,8558,195,4,1062.47,0.00,4249.88
90869,6447,279,2,2195.66,0.10,3952.19
90870,7946,178,2,1497.89,0.05,2845.99
90871,5095,258,2,2022.94,0.25,3034.41
90872,7861,105,3,838.62,0.00,2515.86
90873,6491,122,2,522.39,0.20,835.82
90874,9376,222,2,1487.60,0.15,2528.92
90875,5808,204,1,226.11,0.00,226.11
90876,10810,117,3,2081.70,0.00,6245.10
90877,7120,241,3,1072.50,0.25,2413.12
90878,7843,140,4,1375.60,0.00,5502.40
90879,5957,262,3,338.59,0.25,761.83
90880,12693,144,1,1446.74,0.20,1157.39
90881,8726,133,4,420.02,0.15,1428.07
90882,12392,262,2,338.59,0.05,643.32
90883,5201,282,2,1272.66,0.00,2545.32
90884,12089,208,1,2078.25,0.00,2078.25
90885,8562,266,5,1245.35,0.05,5915.41
90886,12654,242,5,1720.12,0.15,7310.51
90887,11374,140,5,1375.60,0.25,5158.50
90888,6383,173,5,1136.92,0.00,5684.60
90889,10202,284,2,2320.38,0.05,4408.72
90890,7614,192,2,1996.58,0.05,3793.50
90891,9895,233,3,640.40,0.15,1633.02
90892,12950,211,2,955.77,0.05,1815.96
90893,8206,271,5,926.97,0.10,4171.37
90894,9778,116,4,1355.08,0.10,4878.29
90895,7596,119,4,1998.83,0.00,7995.32
90896,5835,184,3,1591.66,0.20,3819.98
90897,11167,150,5,397.61,0.20,1590.44
90898,8871,279,1,2195.66,0.10,1976.09
90899,11998,266,3,1245.35,0.00,3736.05
90900,6513,263,1,2447.20,0.10,2202.48
90901,12874,169,2,525.57,0.15,893.47
90902,8067,243,3,2421.72,0.20,5812.13
90903,6640,233,5,640.40,0.05,3041.90
90904,5758,163,3,530.94,0.25,1194.62
90905,6575,215,4,813.88,0.15,2767.19
90906,5181,230,3,2005.24,0.10,5414.15
90907,8807,234,3,302.91,0.25,681.55
90908,6263,138,4,1832.29,0.25,5496.87
90909,9076,231,1,1343.75,0.00,1343.75
90910,5004,218,1,1133.43,0.10,1020.09
90911,12562,107,3,1171.67,0.20,2812.01
90912,9928,166,1,485.53,0.25,364.15
90913,6933,239,1,109.05,0.25,81.79
90914,8687,211,1,955.77,0.15,812.40
90915,7217,292,3,1397.80,0.00,4193.40
90916,8200,194,2,1926.75,0.00,3853.50
90917,10675,175,2,2362.73,0.00,4725.46
90918,9303,124,1,213.45,0.00,213.45
90919,7065,144,5,1446.74,0.15,6148.64
90920,6095,262,5,338.59,0.15,1439.01
90921,5922,122,1,522.39,0.00,522.39
90922,11444,278,3,227.14,0.10,613.28
90923,7026,209,2,1581.90,0.05,3005.61
90924,12933,244,1,201.19,0.25,150.89
90925,6209,246,5,630.04,0.10,2835.18
90926,5830,213,4,1512.95,0.00,6051.80
90927,12267,220,4,246.34,0.00,985.36
90928,10657,197,5,2202.77,0.00,11013.85
90929,8830,185,2,1487.37,0.05,2826.00
90930,8107,116,1,1355.08,0.05,1287.33
90931,11018,159,5,1740.36,0.20,6961.44
90932,10247,187,1,2442.76,0.10,2198.48
90933,8521,156,4,2001.82,0.10,7206.55
90934,10842,148,5,572.20,0.20,2288.80
90935,7825,279,5,2195.66,0.00,10978.30
90936,5612,180,3,943.48,0.00,2830.44
90937,8241,251,1,947.97,0.00,947.97
90938,12899,222,1,1487.60,0.00,1487.60
90939,5093,182,5,1551.91,0.10,6983.60
90940,11639,176,4,1657.31,0.20,5303.39
90941,11642,115,5,1500.95,0.05,7129.51
90942,7023,289,1,499.25,0.25,374.44
90943,5393,185,3,1487.37,0.20,3569.69
90944,10777,104,4,2213.07,0.25,6639.21
90945,11463,166,1,485.53,0.25,364.15
90946,11213,212,5,850.02,0.15,3612.59
90947,11855,198,3,2373.31,0.10,6407.94
90948,7565,294,5,2427.45,0.00,12137.25
90949,7023,187,5,2442.76,0.05,11603.11
90950,9652,165,5,2379.36,0.20,9517.44
90951,9478,182,3,1551.91,0.20,3724.58
90952,6451,116,1,1355.08,0.00,1355.08
90953,8457,104,5,2213.07,0.25,8299.01
90954,6650,171,4,1704.37,0.15,5794.86
90955,10636,118,4,406.89,0.15,1383.43
90956,6091,258,3,2022.94,0.20,4855.06
90957,6046,276,4,1758.07,0.10,6329.05
90958,12715,156,2,2001.82,0.10,3603.28
90959,9471,269,1,1773.91,0.00,1773.91
90960,11730,277,2,176.58,0.10,317.84
90961,6976,161,4,1891.92,0.00,7567.68
90962,8215,219,3,1538.12,0.00,4614.36
90963,8913,257,4,1787.40,0.15,6077.16
90964,8136,192,2,1996.58,0.00,3993.16
90965,6547,265,5,68.86,0.00,344.30
90966,9513,260,3,298.97,0.20,717.53
90967,6045,256,2,1238.39,0.05,2352.94
90968,12660,224,4,80.21,0.20,256.67
90969,10101,123,4,1736.07,0.05,6597.07
90970,11447,229,3,1416.93,0.00,4250.79
90971,11330,131,4,2336.91,0.00,9347.64
90972,5963,300,2,757.78,0.15,1288.23
90973,7498,145,3,1877.04,0.25,4223.34
90974,11419,233,1,640.40,0.15,544.34
90975,8547,154,2,2234.02,0.10,4021.24
90976,12010,263,1,2447.20,0.20,1957.76
90977,10128,159,5,1740.36,0.00,8701.80
90978,7875,235,1,1296.63,0.15,1102.14
90979,11341,170,2,2070.85,0.00,4141.70
90980,10000,201,1,956.06,0.05,908.26
90981,5452,261,4,419.36,0.00,1677.44
90982,9725,281,4,1191.76,0.10,4290.34
90983,11296,297,2,298.38,0.15,507.25
90984,12250,102,4,1084.90,0.00,4339.60
90985,12699,225,4,1270.62,0.00,5082.48
90986,5260,153,5,1793.31,0.00,8966.55
90987,5927,217,3,1763.03,0.00,5289.09
90988,7782,162,3,764.05,0.20,1833.72
90989,10788,216,5,1385.99,0.20,5543.96
90990,6996,243,1,2421.72,0.00,2421.72
90991,6338,148,1,572.20,0.00,572.20
90992,8988,167,1,50.29,0.00,50.29
90993,7615,157,2,1243.00,0.00,2486.00
90994,6713,257,3,1787.40,0.10,4825.98
90995,10196,117,2,2081.70,0.10,3747.06
90996,5078,205,4,637.79,0.10,2296.04
90997,5053,280,1,1665.08,0.10,1498.57
90998,9496,177,2,36.22,0.25,54.33
90999,5958,126,3,288.49,0.00,865.47
91000,10881,250,3,449.73,0.25,1011.89
91001,12187,158,4,2290.44,0.00,9161.76
91002,5328,206,2,239.11,0.10,430.40
91003,5299,196,1,1471.90,0.05,1398.31
91004,6525,112,3,1270.77,0.25,2859.23
91005,6688,160,5,773.25,0.15,3286.31
91006,9160,148,4,572.20,0.00,2288.80
91007,11711,144,2,1446.74,0.05,2748.81
91008,5973,132,4,1664.91,0.25,4994.73
91009,12993,208,2,2078.25,0.20,3325.20
91010,10400,289,5,499.25,0.00,2496.25
91011,9553,220,3,246.34,0.10,665.12
91012,11695,124,3,213.45,0.10,576.31
91013,7819,134,2,574.61,0.05,1091.76
91014,8322,140,1,1375.60,0.15,1169.26
91015,10500,113,2,2150.67,0.05,4086.27
91016,12231,263,2,2447.20,0.10,4404.96
91017,12781,227,3,461.19,0.20,1106.86
91018,12807,235,4,1296.63,0.00,5186.52
91019,7903,227,1,461.19,0.15,392.01
91020,8827,289,1,499.25,0.05,474.29
91021,10821,114,2,1566.37,0.15,2662.83
91022,12273,289,5,499.25,0.25,1872.19
91023,9578,254,4,2165.24,0.00,8660.96
91024,5821,227,5,461.19,0.10,2075.36
91025,12323,218,5,1133.43,0.20,4533.72
91026,10046,221,5,1712.69,0.05,8135.28
91027,9884,297,2,298.38,0.20,477.41
91028,11048,157,5,1243.00,0.10,5593.50
91029,11637,292,5,1397.80,0.15,5940.65
91030,6075,226,2,181.96,0.00,363.92
91031,6339,114,2,1566.37,0.15,2662.83
91032,9427,132,1,1664.91,0.10,1498.42
91033,12635,125,1,1053.19,0.10,947.87
91034,6986,207,5,620.94,0.00,3104.70
91035,6998,237,5,1134.74,0.05,5390.01
91036,6630,119,2,1998.83,0.20,3198.13
91037,6763,276,3,1758.07,0.00,5274.21
91038,9975,183,2,2299.69,0.10,4139.44
91039,5364,151,4,1737.89,0.00,6951.56
91040,8260,172,1,176.79,0.25,132.59
91041,11863,148,5,572.20,0.15,2431.85
91042,7048,280,1,1665.08,0.00,1665.08
91043,8374,267,1,1987.88,0.00,1987.88
91044,5209,171,1,1704.37,0.10,1533.93
91045,11174,159,5,1740.36,0.25,6526.35
91046,5946,269,4,1773.91,0.00,7095.64
91047,8578,129,5,268.41,0.00,1342.05
91048,7004,257,1,1787.40,0.10,1608.66
91049,5884,229,5,1416.93,0.00,7084.65
91050,5573,178,5,1497.89,0.00,7489.45
91051,6390,256,5,1238.39,0.00,6191.95
91052,11657,101,4,907.15,0.00,3628.60
91053,9327,165,3,2379.36,0.00,7138.08
91054,10475,181,1,766.36,0.00,766.36
91055,10483,207,4,620.94,0.10,2235.38
91056,9959,121,3,2042.46,0.00,6127.38
91057,11079,257,3,1787.40,0.25,4021.65
91058,5607,185,4,1487.37,0.00,5949.48
91059,6820,266,2,1245.35,0.10,2241.63
91060,11827,120,3,357.32,0.05,1018.36
91061,11910,148,5,572.20,0.05,2717.95
91062,9953,125,3,1053.19,0.05,3001.59
91063,11382,135,5,1777.26,0.00,8886.30
91064,10769,141,2,993.39,0.15,1688.76
91065,7272,257,4,1787.40,0.05,6792.12
91066,11330,283,4,615.57,0.00,2462.28
91067,11858,210,2,243.98,0.10,439.16
91068,9684,214,1,1178.45,0.05,1119.53
91069,12307,125,4,1053.19,0.15,3580.85
91070,12023,143,4,988.01,0.25,2964.03
91071,9458,292,2,1397.80,0.00,2795.60
91072,12189,222,2,1487.60,0.10,2677.68
91073,7350,103,2,1509.32,0.20,2414.91
91074,12250,235,1,1296.63,0.00,1296.63
91075,11745,277,2,176.58,0.15,300.19
91076,8535,270,3,2245.24,0.00,6735.72
91077,10483,282,3,1272.66,0.20,3054.38
91078,12751,217,4,1763.03,0.15,5994.30
91079,8967,117,4,2081.70,0.00,8326.80
91080,11189,291,4,1369.29,0.15,4655.59
91081,6080,157,2,1243.00,0.00,2486.00
91082,11028,153,4,1793.31,0.15,6097.25
91083,7118,186,4,1700.97,0.10,6123.49
91084,5037,128,3,114.43,0.05,326.13
91085,10054,108,1,1886.70,0.15,1603.69
91086,7081,101,2,907.15,0.00,1814.30
91087,9787,104,2,2213.07,0.00,4426.14
91088,11408,143,2,988.01,0.05,1877.22
91089,7227,180,2,943.48,0.20,1509.57
91090,8479,177,3,36.22,0.20,86.93
91091,8104,152,1,1885.74,0.00,1885.74
91092,9501,210,5,243.98,0.15,1036.91
91093,5155,114,3,1566.37,0.10,4229.20
91094,7551,201,4,956.06,0.10,3441.82
91095,7716,205,3,637.79,0.00,1913.37
91096,10432,219,1,1538.12,0.25,1153.59
91097,5413,248,2,1863.86,0.05,3541.33
91098,12701,104,2,2213.07,0.05,4204.83
91099,12470,172,5,176.79,0.00,883.95
91100,7718,238,3,2135.34,0.10,5765.42
91101,7541,184,1,1591.66,0.25,1193.75
91102,12143,266,2,1245.35,0.00,2490.70
91103,10832,240,1,1506.75,0.05,1431.41
91104,7196,225,5,1270.62,0.10,5717.79
91105,5531,108,1,1886.70,0.00,1886.70
91106,9346,101,3,907.15,0.20,2177.16
91107,9893,248,4,1863.86,0.25,5591.58
91108,11808,113,2,2150.67,0.20,3441.07
91109,7490,166,5,485.53,0.20,1942.12
91110,11842,178,2,1497.89,0.00,2995.78
91111,11803,130,4,19.96,0.20,63.87
91112,10695,275,5,1096.31,0.00,5481.55
91113,9780,229,4,1416.93,0.25,4250.79
91114,11889,217,5,1763.03,0.05,8374.39
91115,10077,176,5,1657.31,0.15,7043.57
91116,8881,211,2,955.77,0.15,1624.81
91117,10938,133,2,420.02,0.05,798.04
91118,11337,122,3,522.39,0.00,1567.17
91119,7951,273,4,1052.32,0.00,4209.28
91120,9481,277,4,176.58,0.10,635.69
91121,7614,118,3,406.89,0.25,915.50
91122,5293,236,1,442.97,0.00,442.97
91123,7527,120,3,357.32,0.10,964.76
91124,6472,218,3,1133.43,0.00,3400.29
91125,6926,167,3,50.29,0.25,113.15
91126,9187,223,5,1691.32,0.10,7610.94
91127,11575,110,1,418.96,0.00,418.96
91128,12004,102,2,1084.90,0.00,2169.80
91129,8620,233,4,640.40,0.00,2561.60
91130,10853,234,5,302.91,0.20,1211.64
91131,11532,118,4,406.89,0.05,1546.18
91132,10451,139,2,1994.29,0.15,3390.29
91133,11446,115,5,1500.95,0.00,7504.75
91134,6880,195,3,1062.47,0.25,2390.56
91135,6510,141,2,993.39,0.00,1986.78
91136,12244,163,2,530.94,0.20,849.50
91137,12388,110,1,418.96,0.25,314.22
91138,8223,192,3,1996.58,0.00,5989.74
91139,6369,260,5,298.97,0.05,1420.11
91140,6115,116,5,1355.08,0.00,6775.40
91141,7547,170,2,2070.85,0.05,3934.61
91142,10891,242,2,1720.12,0.00,3440.24
91143,11308,208,1,2078.25,0.10,1870.42
91144,6177,185,4,1487.37,0.25,4462.11
91145,8929,213,5,1512.95,0.15,6430.04
91146,10794,151,1,1737.89,0.00,1737.89
91147,9568,284,2,2320.38,0.10,4176.68
91148,5652,175,4,2362.73,0.25,7088.19
91149,6915,169,4,525.57,0.25,1576.71
91150,10102,153,5,1793.31,0.00,8966.55
91151,11125,140,1,1375.60,0.05,1306.82
91152,9277,214,1,1178.45,0.00,1178.45
91153,7149,155,2,2423.51,0.25,3635.27
91154,8580,103,2,1509.32,0.00,3018.64
91155,11540,252,3,762.60,0.25,1715.85
91156,5704,169,2,525.57,0.10,946.03
91157,12859,238,5,2135.34,0.00,10676.70
91158,10339,295,3,1644.06,0.25,3699.14
91159,8063,210,3,243.98,0.00,731.94
91160,9192,116,2,1355.08,0.00,2710.16
91161,9983,203,3,1900.01,0.15,4845.03
91162,9712,244,2,201.19,0.00,402.38
91163,5692,178,1,1497.89,0.15,1273.21
91164,9192,222,4,1487.60,0.05,5652.88
91165,9495,205,1,637.79,0.00,637.79
91166,10167,190,3,646.82,0.00,1940.46
91167,6176,158,1,2290.44,0.05,2175.92
91168,7644,192,2,1996.58,0.15,3394.19
91169,6605,185,5,1487.37,0.15,6321.32
91170,5091,253,4,566.24,0.00,2264.96
91171,5130,297,3,298.38,0.20,716.11
91172,11963,101,4,907.15,0.10,3265.74
91173,11983,136,1,843.83,0.00,843.83
91174,11627,137,3,301.05,0.25,677.36
91175,8800,164,5,1599.20,0.20,6396.80
91176,5350,113,4,2150.67,0.00,8602.68
91177,11089,200,1,2486.65,0.00,2486.65
91178,10171,294,1,2427.45,0.05,2306.08
91179,6329,102,2,1084.90,0.00,2169.80
91180,7907,155,2,2423.51,0.05,4604.67
91181,6629,282,3,1272.66,0.05,3627.08
91182,7611,277,4,176.58,0.10,635.69
91183,8270,154,4,2234.02,0.15,7595.67
91184,8896,110,2,418.96,0.20,670.34
91185,11996,281,3,1191.76,0.00,3575.28
91186,6807,145,1,1877.04,0.20,1501.63
91187,7575,231,2,1343.75,0.10,2418.75
91188,6374,250,4,449.73,0.00,1798.92
91189,6173,159,5,1740.36,0.25,6526.35
91190,6785,172,5,176.79,0.10,795.55
91191,9893,247,4,974.32,0.00,3897.28
91192,11517,251,4,947.97,0.00,3791.88
91193,9756,218,5,1133.43,0.05,5383.79
91194,12798,121,1,2042.46,0.15,1736.09
91195,11074,125,3,1053.19,0.00,3159.57
91196,12673,218,1,1133.43,0.00,1133.43
91197,11206,236,1,442.97,0.20,354.38
91198,9711,195,2,1062.47,0.15,1806.20
91199,10989,281,5,1191.76,0.15,5064.98
91200,10271,270,1,2245.24,0.15,1908.45
91201,10855,152,2,1885.74,0.00,3771.48
91202,10359,258,2,2022.94,0.05,3843.59
91203,6236,196,2,1471.90,0.10,2649.42
91204,5074,267,3,1987.88,0.15,5069.09
91205,12817,281,1,1191.76,0.15,1013.00
91206,5433,144,5,1446.74,0.00,7233.70
91207,11854,287,4,224.99,0.10,809.96
91208,12794,235,4,1296.63,0.00,5186.52
91209,10391,261,3,419.36,0.25,943.56
91210,12415,217,5,1763.03,0.05,8374.39
91211,8301,274,2,93.41,0.10,168.14
91212,10637,282,5,1272.66,0.20,5090.64
91213,12777,169,5,525.57,0.00,2627.85
91214,6648,234,5,302.91,0.20,1211.64
91215,9170,297,5,298.38,0.20,1193.52
91216,10820,103,1,1509.32,0.00,1509.32
91217,11814,208,4,2078.25,0.05,7897.35
91218,7551,114,1,1566.37,0.15,1331.41
91219,12934,215,4,813.88,0.10,2929.97
91220,7515,144,3,1446.74,0.10,3906.20
91221,11885,137,5,301.05,0.00,1505.25
91222,6267,239,1,109.05,0.05,103.60
91223,11736,187,3,2442.76,0.00,7328.28
91224,11480,141,4,993.39,0.20,3178.85
91225,8968,288,5,475.03,0.00,2375.15
91226,11897,266,5,1245.35,0.00,6226.75
91227,12066,213,2,1512.95,0.25,2269.43
91228,8554,148,1,572.20,0.05,543.59
91229,8507,258,1,2022.94,0.20,1618.35
91230,9802,105,2,838.62,0.00,1677.24
91231,8363,203,2,1900.01,0.00,3800.02
91232,10832,192,1,1996.58,0.00,1996.58
91233,7424,147,3,2470.00,0.00,7410.00
91234,7557,271,1,926.97,0.05,880.62
91235,5034,125,4,1053.19,0.20,3370.21
91236,5936,271,5,926.97,0.25,3476.14
91237,8935,152,4,1885.74,0.25,5657.22
91238,7439,260,2,298.97,0.20,478.35
91239,11729,106,3,903.02,0.25,2031.80
91240,5355,108,3,1886.70,0.00,5660.10
91241,11565,270,5,2245.24,0.20,8980.96
91242,11088,204,3,226.11,0.25,508.75
91243,7981,236,4,442.97,0.05,1683.29
91244,7042,279,5,2195.66,0.10,9880.47
91245,6061,104,1,2213.07,0.00,2213.07
91246,5966,200,5,2486.65,0.10,11189.93
91247,7060,184,2,1591.66,0.15,2705.82
91248,11640,151,1,1737.89,0.25,1303.42
91249,10087,104,3,2213.07,0.00,6639.21
91250,5535,241,2,1072.50,0.00,2145.00
91251,10926,294,4,2427.45,0.00,9709.80
91252,6422,196,5,1471.90,0.05,6991.52
91253,10788,147,3,2470.00,0.00,7410.00
91254,10200,300,5,757.78,0.10,3410.01
91255,9704,105,4,838.62,0.10,3019.03
91256,7171,151,5,1737.89,0.05,8254.98
91257,12212,121,4,2042.46,0.00,8169.84
91258,10297,163,2,530.94,0.15,902.60
91259,7264,294,2,2427.45,0.25,3641.17
91260,9665,179,1,864.43,0.00,864.43
91261,6115,129,2,268.41,0.05,509.98
91262,12021,139,4,1994.29,0.20,6381.73
91263,11519,106,2,903.02,0.00,1806.04
91264,12585,132,5,1664.91,0.00,8324.55
91265,8183,206,3,239.11,0.00,717.33
91266,11471,167,2,50.29,0.15,85.49
91267,10025,185,1,1487.37,0.00,1487.37
91268,8306,249,5,1638.11,0.20,6552.44
91269,9234,280,2,1665.08,0.00,3330.16
91270,9166,275,1,1096.31,0.15,931.86
91271,8201,163,1,530.94,0.25,398.21
91272,12688,250,1,449.73,0.10,404.76
91273,5190,197,2,2202.77,0.15,3744.71
91274,12850,228,4,694.03,0.05,2637.31
91275,12278,292,1,1397.80,0.15,1188.13
91276,8764,260,2,298.97,0.25,448.46
91277,7879,193,2,1884.74,0.05,3581.01
91278,9670,253,3,566.24,0.00,1698.72
91279,12456,181,2,766.36,0.05,1456.08
91280,6615,144,3,1446.74,0.05,4123.21
91281,8222,285,3,352.36,0.00,1057.08
91282,12078,248,5,1863.86,0.10,8387.37
91283,10992,178,2,1497.89,0.05,2845.99
91284,6316,233,5,640.40,0.00,3202.00
91285,11127,183,3,2299.69,0.25,5174.30
91286,12988,123,2,1736.07,0.25,2604.11
91287,8094,240,1,1506.75,0.20,1205.40
91288,10261,165,3,2379.36,0.15,6067.37
91289,9221,205,4,637.79,0.20,2040.93
91290,11135,253,2,566.24,0.20,905.98
91291,5903,229,3,1416.93,0.15,3613.17
91292,11062,138,4,1832.29,0.00,7329.16
91293,8450,125,1,1053.19,0.05,1000.53
91294,11548,115,4,1500.95,0.05,5703.61
91295,11442,286,4,69.93,0.00,279.72
91296,7522,279,3,2195.66,0.15,5598.93
91297,5852,192,4,1996.58,0.15,6788.37
91298,11857,186,3,1700.97,0.00,5102.91
91299,10721,172,2,176.79,0.05,335.90
91300,12968,238,4,2135.34,0.00,8541.36
91301,9980,179,3,864.43,0.00,2593.29
91302,10227,179,1,864.43,0.05,821.21
91303,6274,268,5,1080.58,0.00,5402.90
91304,7190,191,5,1189.21,0.00,5946.05
91305,10210,283,1,615.57,0.00,615.57
91306,9728,103,1,1509.32,0.00,1509.32
91307,10440,107,3,1171.67,0.00,3515.01
91308,10477,178,3,1497.89,0.00,4493.67
91309,7499,239,1,109.05,0.20,87.24
91310,10315,182,5,1551.91,0.00,7759.55
91311,5282,292,5,1397.80,0.00,6989.00
91312,12448,263,4,2447.20,0.05,9299.36
91313,9743,185,3,1487.37,0.00,4462.11
91314,6560,226,2,181.96,0.20,291.14
91315,7609,175,3,2362.73,0.15,6024.96
91316,7379,207,3,620.94,0.00,1862.82
91317,10655,227,4,461.19,0.00,1844.76
91318,7925,285,3,352.36,0.10,951.37
91319,6221,251,4,947.97,0.00,3791.88
91320,5992,113,3,2150.67,0.00,6452.01
91321,5178,276,1,1758.07,0.20,1406.46
91322,9247,106,2,903.02,0.20,1444.83
91323,8898,178,5,1497.89,0.20,5991.56
91324,11071,218,4,1133.43,0.20,3626.98
91325,5391,132,5,1664.91,0.00,8324.55
91326,8292,134,5,574.61,0.25,2154.79
91327,7797,164,4,1599.20,0.25,4797.60
91328,10103,189,3,885.16,0.25,1991.61
91329,10571,177,2,36.22,0.00,72.44
91330,11976,276,5,1758.07,0.05,8350.83
91331,12208,199,4,1715.24,0.25,5145.72
91332,6346,124,1,213.45,0.20,170.76
91333,6466,192,2,1996.58,0.15,3394.19
91334,12965,135,5,1777.26,0.05,8441.98
91335,6368,296,5,1459.44,0.20,5837.76
91336,10224,248,1,1863.86,0.25,1397.89
91337,7786,250,2,449.73,0.25,674.60
91338,10200,256,2,1238.39,0.25,1857.59
91339,12905,134,4,574.61,0.15,1953.67
91340,11387,126,2,288.49,0.00,576.98
91341,6169,300,3,757.78,0.20,1818.67
91342,12989,106,4,903.02,0.00,3612.08
91343,8900,153,5,1793.31,0.10,8069.89
91344,7454,271,4,926.97,0.15,3151.70
91345,9796,263,1,2447.20,0.25,1835.40
91346,10040,167,3,50.29,0.05,143.33
91347,5846,155,3,2423.51,0.00,7270.53
91348,7456,148,2,572.20,0.20,915.52
91349,5402,205,2,637.79,0.15,1084.24
91350,8738,197,5,2202.77,0.20,8811.08
91351,8255,277,2,176.58,0.00,353.16
91352,7520,295,3,1644.06,0.25,3699.14
91353,10801,102,3,1084.90,0.15,2766.50
91354,7586,105,2,838.62,0.25,1257.93
91355,5001,104,1,2213.07,0.20,1770.46
91356,11113,183,3,2299.69,0.25,5174.30
91357,9165,112,3,1270.77,0.25,2859.23
91358,6902,215,1,813.88,0.00,813.88
91359,10797,223,2,1691.32,0.25,2536.98
91360,8281,161,3,1891.92,0.25,4256.82
91361,7075,233,3,640.40,0.20,1536.96
91362,7848,139,5,1994.29,0.20,7977.16
91363,10079,155,5,2423.51,0.00,12117.55
91364,5669,181,3,766.36,0.25,1724.31
91365,12201,228,4,694.03,0.10,2498.51
91366,9311,287,1,224.99,0.20,179.99
91367,10644,209,4,1581.90,0.10,5694.84
91368,5975,172,5,176.79,0.20,707.16
91369,10385,277,3,176.58,0.00,529.74
91370,5143,268,4,1080.58,0.00,4322.32
91371,7328,243,1,2421.72,0.10,2179.55
91372,12071,153,3,1793.31,0.05,5110.93
91373,5387,188,1,1254.94,0.00,1254.94
91374,11475,207,4,620.94,0.00,2483.76
91375,5201,285,4,352.36,0.20,1127.55
91376,6820,164,3,1599.20,0.15,4077.96
91377,10216,105,1,838.62,0.25,628.97
91378,7947,149,3,1613.28,0.00,4839.84
91379,11201,140,4,1375.60,0.10,4952.16
91380,6159,270,2,2245.24,0.00,4490.48
91381,6646,238,1,2135.34,0.05,2028.57
91382,6975,116,5,1355.08,0.10,6097.86
91383,11183,235,1,1296.63,0.00,1296.63
91384,12163,241,1,1072.50,0.25,804.38
91385,8719,281,3,1191.76,0.05,3396.52
91386,10941,177,1,36.22,0.00,36.22
91387,12607,207,1,620.94,0.00,620.94
91388,7184,142,4,1645.63,0.25,4936.89
91389,5604,188,5,1254.94,0.20,5019.76
91390,6071,234,5,302.91,0.10,1363.10
91391,6233,294,1,2427.45,0.20,1941.96
91392,9113,176,5,1657.31,0.25,6214.91
91393,11148,134,1,574.61,0.00,574.61
91394,12993,244,2,201.19,0.15,342.02
91395,11515,150,4,397.61,0.15,1351.87
91396,5179,182,2,1551.91,0.00,3103.82
91397,11932,181,2,766.36,0.10,1379.45
91398,5068,235,1,1296.63,0.05,1231.80
91399,7819,145,3,1877.04,0.00,5631.12
91400,11785,220,1,246.34,0.20,197.07
91401,10856,117,5,2081.70,0.15,8847.23
91402,6241,177,4,36.22,0.25,108.66
91403,11234,149,5,1613.28,0.00,8066.40
91404,5871,269,3,1773.91,0.10,4789.56
91405,8640,240,3,1506.75,0.00,4520.25
91406,9120,118,1,406.89,0.05,386.55
91407,7132,152,3,1885.74,0.00,5657.22
91408,7381,212,2,850.02,0.15,1445.03
91409,9390,219,4,1538.12,0.15,5229.61
91410,12265,171,5,1704.37,0.15,7243.57
91411,6460,177,4,36.22,0.20,115.90
91412,10792,101,4,907.15,0.05,3447.17
91413,12656,266,3,1245.35,0.20,2988.84
91414,5140,225,2,1270.62,0.25,1905.93
91415,10791,274,2,93.41,0.00,186.82
91416,11514,253,4,566.24,0.20,1811.97
91417,6642,131,4,2336.91,0.10,8412.88
91418,10902,136,4,843.83,0.10,3037.79
91419,11556,122,4,522.39,0.00,2089.56
91420,7970,273,2,1052.32,0.15,1788.94
91421,9535,131,3,2336.91,0.15,5959.12
91422,6018,231,3,1343.75,0.00,4031.25
91423,10010,239,2,109.05,0.00,218.10
91424,5460,124,1,213.45,0.00,213.45
91425,12122,144,4,1446.74,0.05,5497.61
91426,10467,250,1,449.73,0.00,449.73
91427,8672,127,5,1258.40,0.00,6292.00
91428,9596,285,2,352.36,0.10,634.25
91429,7501,294,5,2427.45,0.05,11530.39
91430,8469,101,2,907.15,0.00,1814.30
91431,10378,274,1,93.41,0.25,70.06
91432,6442,222,1,1487.60,0.25,1115.70
91433,6553,253,4,566.24,0.00,2264.96
91434,10540,167,3,50.29,0.00,150.87
91435,10450,196,5,1471.90,0.00,7359.50
91436,7066,112,2,1270.77,0.10,2287.39
91437,10145,203,5,1900.01,0.10,8550.05
91438,7380,154,5,2234.02,0.25,8377.58
91439,9018,147,2,2470.00,0.15,4199.00
91440,5079,226,5,181.96,0.05,864.31
91441,7249,180,2,943.48,0.00,1886.96
91442,12605,183,2,2299.69,0.00,4599.38
91443,5743,151,2,1737.89,0.00,3475.78
91444,11915,156,1,2001.82,0.00,2001.82
91445,12304,252,2,762.60,0.20,1220.16
91446,6120,263,5,2447.20,0.00,12236.00
91447,7023,202,4,2407.29,0.00,9629.16
91448,5524,188,4,1254.94,0.00,5019.76
91449,8364,253,3,566.24,0.05,1613.78
91450,11666,126,3,288.49,0.25,649.10
91451,9805,184,4,1591.66,0.00,6366.64
91452,7025,215,5,813.88,0.00,4069.40
91453,12886,192,3,1996.58,0.05,5690.25
91454,7397,119,5,1998.83,0.10,8994.74
91455,7449,179,4,864.43,0.00,3457.72
91456,7752,232,5,1813.56,0.05,8614.41
91457,9004,201,2,956.06,0.10,1720.91
91458,5872,126,4,288.49,0.00,1153.96
91459,5475,221,4,1712.69,0.00,6850.76
91460,8005,240,4,1506.75,0.20,4821.60
91461,7968,167,1,50.29,0.20,40.23
91462,6617,107,1,1171.67,0.00,1171.67
91463,11395,195,4,1062.47,0.10,3824.89
91464,8862,122,3,522.39,0.00,1567.17
91465,12015,217,1,1763.03,0.10,1586.73
91466,7604,137,1,301.05,0.00,301.05
91467,11089,179,2,864.43,0.15,1469.53
91468,5822,122,2,522.39,0.25,783.59
91469,12302,230,2,2005.24,0.10,3609.43
91470,11453,252,4,762.60,0.00,3050.40
91471,5481,140,5,1375.60,0.00,6878.00
91472,8615,284,5,2320.38,0.00,11601.90
91473,12291,215,5,813.88,0.15,3458.99
91474,9994,272,5,1363.23,0.15,5793.73
91475,10558,261,5,419.36,0.00,2096.80
91476,5965,258,2,2022.94,0.00,4045.88
91477,11841,300,4,757.78,0.20,2424.90
91478,12679,251,4,947.97,0.00,3791.88
91479,7144,159,5,1740.36,0.05,8266.71
91480,6221,226,5,181.96,0.20,727.84
91481,11439,205,3,637.79,0.20,1530.70
91482,7719,122,4,522.39,0.00,2089.56
91483,9360,267,1,1987.88,0.00,1987.88
91484,5106,206,1,239.11,0.15,203.24
91485,12241,161,3,1891.92,0.00,5675.76
91486,12835,288,5,475.03,0.00,2375.15
91487,5561,268,4,1080.58,0.20,3457.86
91488,10614,125,3,1053.19,0.00,3159.57
91489,5167,219,4,1538.12,0.25,4614.36
91490,5169,160,3,773.25,0.25,1739.81
91491,8240,109,5,2155.87,0.00,10779.35
91492,10508,149,4,1613.28,0.10,5807.81
91493,6243,205,3,637.79,0.20,1530.70
91494,10257,135,3,1777.26,0.00,5331.78
91495,8567,215,3,813.88,0.25,1831.23
91496,12721,143,1,988.01,0.05,938.61
91497,11093,290,5,1653.02,0.05,7851.85
91498,5111,276,3,1758.07,0.05,5010.50
91499,9631,120,4,357.32,0.10,1286.35
91500,5542,214,1,1178.45,0.25,883.84
91501,7962,252,5,762.60,0.00,3813.00
91502,5847,224,3,80.21,0.00,240.63
91503,7422,218,1,1133.43,0.10,1020.09
91504,7339,278,1,227.14,0.05,215.78
91505,7615,146,5,1722.59,0.25,6459.71
91506,6650,262,4,338.59,0.25,1015.77
91507,11273,278,1,227.14,0.00,227.14
91508,8148,113,1,2150.67,0.25,1613.00
91509,8606,199,1,1715.24,0.00,1715.24
91510,8396,257,1,1787.40,0.00,1787.40
91511,5301,120,3,357.32,0.10,964.76
91512,8284,259,5,2370.62,0.15,10075.13
91513,6879,255,1,1463.05,0.00,1463.05
91514,9584,252,2,762.60,0.10,1372.68
91515,6986,132,1,1664.91,0.00,1664.91
91516,6722,149,3,1613.28,0.15,4113.86
91517,5907,297,5,298.38,0.05,1417.31
91518,10909,263,4,2447.20,0.10,8809.92
91519,8551,134,2,574.61,0.00,1149.22
91520,5696,193,5,1884.74,0.00,9423.70
91521,12689,193,4,1884.74,0.00,7538.96
91522,10456,151,4,1737.89,0.25,5213.67
91523,7026,234,5,302.91,0.15,1287.37
91524,9432,214,5,1178.45,0.00,5892.25
91525,10064,116,4,1355.08,0.05,5149.30
91526,7139,198,5,2373.31,0.00,11866.55
91527,11646,234,1,302.91,0.25,227.18
91528,5851,294,2,2427.45,0.25,3641.17
91529,10576,156,1,2001.82,0.00,2001.82
91530,7685,184,5,1591.66,0.00,7958.30
91531,11546,113,5,2150.67,0.10,9678.02
91532,5767,155,3,2423.51,0.00,7270.53
91533,5777,288,1,475.03,0.00,475.03
91534,9406,278,5,227.14,0.00,1135.70
91535,7125,235,2,1296.63,0.00,2593.26
91536,5359,190,3,646.82,0.25,1455.35
91537,12482,266,3,1245.35,0.10,3362.44
91538,5765,164,2,1599.20,0.00,3198.40
91539,10359,140,3,1375.60,0.15,3507.78
91540,12470,176,2,1657.31,0.00,3314.62
91541,10802,279,3,2195.66,0.10,5928.28
91542,6425,156,5,2001.82,0.00,10009.10
91543,11694,116,4,1355.08,0.00,5420.32
91544,11870,107,3,1171.67,0.00,3515.01
91545,10989,241,5,1072.50,0.10,4826.25
91546,8321,289,1,499.25,0.00,499.25
91547,7000,261,4,419.36,0.00,1677.44
91548,9792,296,2,1459.44,0.20,2335.10
91549,11045,163,3,530.94,0.00,1592.82
91550,9203,112,4,1270.77,0.05,4828.93
91551,11633,196,1,1471.90,0.15,1251.12
91552,7961,156,3,2001.82,0.05,5705.19
91553,5585,209,4,1581.90,0.10,5694.84
91554,12288,189,3,885.16,0.00,2655.48
91555,5783,258,3,2022.94,0.20,4855.06
91556,7615,214,3,1178.45,0.15,3005.05
91557,9552,205,2,637.79,0.25,956.68
91558,9263,296,1,1459.44,0.00,1459.44
91559,5735,225,1,1270.62,0.15,1080.03
91560,8245,159,1,1740.36,0.00,1740.36
91561,9851,149,3,1613.28,0.00,4839.84
91562,12200,208,1,2078.25,0.00,2078.25
91563,8089,266,5,1245.35,0.00,6226.75
91564,5903,139,2,1994.29,0.20,3190.86
91565,8598,240,1,1506.75,0.15,1280.74
91566,8331,252,4,762.60,0.25,2287.80
91567,8829,174,2,306.10,0.05,581.59
91568,5303,236,5,442.97,0.15,1882.62
91569,10251,216,5,1385.99,0.00,6929.95
91570,8065,263,3,2447.20,0.25,5506.20
91571,11195,190,2,646.82,0.05,1228.96
91572,10671,103,2,1509.32,0.05,2867.71
91573,5864,278,3,227.14,0.00,681.42
91574,9663,146,2,1722.59,0.00,3445.18
91575,11174,102,1,1084.90,0.00,1084.90
91576,10034,130,2,19.96,0.10,35.93
91577,10161,161,3,1891.92,0.00,5675.76
91578,6140,191,5,1189.21,0.00,5946.05
91579,11170,122,2,522.39,0.00,1044.78
91580,5358,195,1,1062.47,0.00,1062.47
91581,10741,242,5,1720.12,0.00,8600.60
91582,12585,255,5,1463.05,0.15,6217.96
91583,11569,113,4,2150.67,0.20,6882.14
91584,7802,196,5,1471.90,0.05,6991.52
91585,12104,202,1,2407.29,0.10,2166.56
91586,7469,115,1,1500.95,0.00,1500.95
91587,12297,273,3,1052.32,0.00,3156.96
91588,5093,265,5,68.86,0.20,275.44
91589,11613,204,5,226.11,0.00,1130.55
91590,7148,123,4,1736.07,0.10,6249.85
91591,7061,226,1,181.96,0.25,136.47
91592,6138,254,3,2165.24,0.00,6495.72
91593,10413,176,5,1657.31,0.10,7457.89
91594,8269,256,5,1238.39,0.25,4643.96
91595,8100,159,5,1740.36,0.00,8701.80
91596,8237,108,1,1886.70,0.25,1415.03
91597,10677,246,3,630.04,0.00,1890.12
91598,5217,208,3,2078.25,0.25,4676.06
91599,6033,292,1,1397.80,0.15,1188.13
91600,11203,259,3,2370.62,0.00,7111.86
91601,7433,207,2,620.94,0.15,1055.60
91602,9308,129,4,268.41,0.25,805.23
91603,5215,262,3,338.59,0.05,964.98
91604,8176,171,3,1704.37,0.15,4346.14
91605,9546,220,3,246.34,0.00,739.02
91606,11891,261,4,419.36,0.05,1593.57
91607,6629,135,3,1777.26,0.05,5065.19
91608,5736,182,1,1551.91,0.15,1319.12
91609,7129,130,2,19.96,0.25,29.94
91610,6169,232,1,1813.56,0.20,1450.85
91611,6422,208,5,2078.25,0.15,8832.56
91612,10456,107,3,1171.67,0.20,2812.01
91613,10686,206,1,239.11,0.15,203.24
91614,6199,248,5,1863.86,0.05,8853.33
91615,11289,265,1,68.86,0.25,51.64
91616,8230,170,4,2070.85,0.15,7040.89
91617,8048,153,5,1793.31,0.00,8966.55
91618,6290,205,5,637.79,0.00,3188.95
91619,10225,298,5,108.90,0.25,408.38
91620,10856,201,1,956.06,0.25,717.04
91621,6813,206,5,239.11,0.00,1195.55
91622,5177,230,5,2005.24,0.00,10026.20
91623,10864,134,1,574.61,0.25,430.96
91624,12796,180,1,943.48,0.00,943.48
91625,11863,237,5,1134.74,0.05,5390.01
91626,5347,208,3,2078.25,0.00,6234.75
91627,10000,289,2,499.25,0.00,998.50
91628,8742,106,5,903.02,0.15,3837.84
91629,7596,243,5,2421.72,0.00,12108.60
91630,6510,235,3,1296.63,0.00,3889.89
91631,7913,105,5,838.62,0.20,3354.48
91632,9083,133,1,420.02,0.25,315.01
91633,5396,175,5,2362.73,0.20,9450.92
91634,12323,147,3,2470.00,0.20,5928.00
91635,5736,160,4,773.25,0.00,3093.00
91636,10608,277,4,176.58,0.00,706.32
91637,12001,256,4,1238.39,0.00,4953.56
91638,10375,214,2,1178.45,0.00,2356.90
91639,11902,229,3,1416.93,0.15,3613.17
91640,9830,299,4,514.01,0.25,1542.03
91641,11115,222,3,1487.60,0.10,4016.52
91642,6351,101,5,907.15,0.15,3855.39
91643,5707,293,2,1199.87,0.20,1919.79
91644,8598,254,5,2165.24,0.00,10826.20
91645,8092,138,4,1832.29,0.00,7329.16
91646,9172,187,4,2442.76,0.20,7816.83
91647,8856,141,5,993.39,0.20,3973.56
91648,11713,138,5,1832.29,0.00,9161.45
91649,9108,179,1,864.43,0.25,648.32
91650,7156,287,4,224.99,0.00,899.96
91651,9188,144,5,1446.74,0.25,5425.27
91652,7681,275,5,1096.31,0.00,5481.55
91653,12275,246,5,630.04,0.20,2520.16
91654,5998,213,2,1512.95,0.10,2723.31
91655,12605,256,3,1238.39,0.10,3343.65
91656,5569,132,3,1664.91,0.25,3746.05
91657,8312,222,4,1487.60,0.00,5950.40
91658,11868,246,4,630.04,0.25,1890.12
91659,7947,145,5,1877.04,0.00,9385.20
91660,7722,225,4,1270.62,0.15,4320.11
91661,8530,187,1,2442.76,0.10,2198.48
91662,5534,193,5,1884.74,0.05,8952.51
91663,9872,169,2,525.57,0.00,1051.14
91664,6297,253,3,566.24,0.05,1613.78
91665,5868,127,5,1258.40,0.05,5977.40
91666,5383,266,3,1245.35,0.05,3549.25
91667,11276,184,5,1591.66,0.20,6366.64
91668,11658,195,3,1062.47,0.05,3028.04
91669,8484,160,5,773.25,0.00,3866.25
91670,9038,228,1,694.03,0.00,694.03
91671,12741,173,2,1136.92,0.15,1932.76
91672,10112,122,5,522.39,0.20,2089.56
91673,8098,220,3,246.34,0.20,591.22
91674,11823,272,4,1363.23,0.00,5452.92
91675,12099,299,4,514.01,0.15,1747.63
91676,12009,288,2,475.03,0.10,855.05
91677,10731,273,1,1052.32,0.25,789.24
91678,5886,190,5,646.82,0.20,2587.28
91679,7242,164,5,1599.20,0.05,7596.20
91680,11713,221,3,1712.69,0.15,4367.36
91681,7506,111,1,116.37,0.10,104.73
91682,10180,117,5,2081.70,0.15,8847.23
91683,5298,115,1,1500.95,0.20,1200.76
91684,12729,150,1,397.61,0.25,298.21
91685,6954,300,5,757.78,0.10,3410.01
91686,11881,294,4,2427.45,0.05,9224.31
91687,5677,171,5,1704.37,0.20,6817.48
91688,9468,183,4,2299.69,0.15,7818.95
91689,7393,231,4,1343.75,0.05,5106.25
91690,9954,108,3,1886.70,0.20,4528.08
91691,5586,289,2,499.25,0.10,898.65
91692,8625,152,4,1885.74,0.00,7542.96
91693,6876,234,4,302.91,0.00,1211.64
91694,11272,269,2,1773.91,0.00,3547.82
91695,5919,123,3,1736.07,0.00,5208.21
91696,10174,230,2,2005.24,0.20,3208.38
91697,11374,115,4,1500.95,0.00,6003.80
91698,12610,200,5,2486.65,0.00,12433.25
91699,10073,283,1,615.57,0.25,461.68
91700,11832,213,4,1512.95,0.10,5446.62
91701,5166,265,4,68.86,0.25,206.58
91702,11533,299,3,514.01,0.25,1156.52
91703,7820,177,2,36.22,0.00,72.44
91704,12225,109,1,2155.87,0.00,2155.87
91705,9329,103,1,1509.32,0.00,1509.32
91706,12698,268,2,1080.58,0.20,1728.93
91707,5510,102,4,1084.90,0.00,4339.60
91708,11483,131,1,2336.91,0.00,2336.91
91709,12233,199,5,1715.24,0.25,6432.15
91710,9772,102,5,1084.90,0.00,5424.50
91711,7015,114,3,1566.37,0.00,4699.11
91712,6831,139,4,1994.29,0.20,6381.73
91713,8285,281,3,1191.76,0.15,3038.99
91714,10200,180,3,943.48,0.00,2830.44
91715,10763,261,3,419.36,0.00,1258.08
91716,11589,223,5,1691.32,0.10,7610.94
91717,6031,138,3,1832.29,0.00,5496.87
91718,12855,104,2,2213.07,0.00,4426.14
91719,11417,159,5,1740.36,0.15,7396.53
91720,11724,134,1,574.61,0.25,430.96
91721,7816,206,3,239.11,0.05,681.46
91722,7993,246,2,630.04,0.00,1260.08
91723,10642,208,1,2078.25,0.05,1974.34
91724,11423,221,1,1712.69,0.00,1712.69
91725,7508,188,4,1254.94,0.25,3764.82
91726,12497,180,1,943.48,0.20,754.78
91727,7346,209,2,1581.90,0.00,3163.80
91728,10565,280,3,1665.08,0.10,4495.72
91729,8931,268,5,1080.58,0.10,4862.61
91730,10248,266,1,1245.35,0.20,996.28
91731,8452,293,5,1199.87,0.05,5699.38
91732,10542,287,1,224.99,0.25,168.74
91733,10505,183,4,2299.69,0.00,9198.76
91734,12200,263,4,2447.20,0.00,9788.80
91735,12711,297,3,298.38,0.00,895.14
91736,12522,194,3,1926.75,0.00,5780.25
91737,12166,123,3,1736.07,0.15,4426.98
91738,7310,217,1,1763.03,0.00,1763.03
91739,8975,273,1,1052.32,0.00,1052.32
91740,7737,149,2,1613.28,0.25,2419.92
91741,10217,250,1,449.73,0.00,449.73
91742,10730,144,5,1446.74,0.20,5786.96
91743,11242,120,2,357.32,0.00,714.64
91744,10004,234,5,302.91,0.05,1438.82
91745,5294,187,3,2442.76,0.25,5496.21
91746,5797,124,4,213.45,0.00,853.80
91747,11739,210,1,243.98,0.15,207.38
91748,7847,247,3,974.32,0.00,2922.96
91749,11160,278,2,227.14,0.15,386.14
91750,8685,136,3,843.83,0.05,2404.92
91751,6273,104,5,2213.07,0.10,9958.82
91752,10109,108,4,1886.70,0.15,6414.78
91753,10337,250,5,449.73,0.15,1911.35
91754,5030,269,3,1773.91,0.10,4789.56
91755,9586,241,1,1072.50,0.15,911.62
91756,11699,256,2,1238.39,0.00,2476.78
91757,12024,130,3,19.96,0.10,53.89
91758,5095,249,4,1638.11,0.05,6224.82
91759,8917,230,2,2005.24,0.25,3007.86
91760,9439,136,3,843.83,0.00,2531.49
91761,9594,229,2,1416.93,0.05,2692.17
91762,6998,262,5,338.59,0.15,1439.01
91763,5278,178,5,1497.89,0.00,7489.45
91764,9894,146,4,1722.59,0.05,6545.84
91765,9852,240,4,1506.75,0.10,5424.30
91766,7114,157,3,1243.00,0.10,3356.10
91767,5100,252,5,762.60,0.25,2859.75
91768,7379,215,3,813.88,0.15,2075.39
91769,6277,193,2,1884.74,0.00,3769.48
91770,9632,162,3,764.05,0.00,2292.15
91771,11347,131,4,2336.91,0.00,9347.64
91772,12399,229,5,1416.93,0.15,6021.95
91773,9311,225,3,1270.62,0.05,3621.27
91774,9333,137,4,301.05,0.25,903.15
91775,8612,139,5,1994.29,0.00,9971.45
91776,8084,191,5,1189.21,0.25,4459.54
91777,9712,235,1,1296.63,0.25,972.47
91778,11861,242,1,1720.12,0.00,1720.12
91779,5893,192,1,1996.58,0.05,1896.75
91780,9762,179,4,864.43,0.00,3457.72
91781,10137,260,2,298.97,0.05,568.04
91782,7172,229,4,1416.93,0.05,5384.33
91783,6391,192,5,1996.58,0.25,7487.17
91784,10356,158,4,2290.44,0.05,8703.67
91785,11138,197,2,2202.77,0.15,3744.71
91786,12325,282,5,1272.66,0.10,5726.97
91787,5867,266,5,1245.35,0.00,6226.75
91788,8990,264,3,1516.92,0.15,3868.15
91789,6831,193,5,1884.74,0.25,7067.78
91790,8007,237,4,1134.74,0.00,4538.96
91791,7565,113,4,2150.67,0.10,7742.41
91792,6459,125,1,1053.19,0.15,895.21
91793,12960,176,4,1657.31,0.00,6629.24
91794,11633,235,4,1296.63,0.00,5186.52
91795,11216,105,1,838.62,0.00,838.62
91796,7011,151,1,1737.89,0.00,1737.89
91797,7659,188,2,1254.94,0.25,1882.41
91798,9342,126,4,288.49,0.00,1153.96
91799,7289,201,2,956.06,0.00,1912.12
91800,12193,260,3,298.97,0.25,672.68
91801,8475,300,5,757.78,0.05,3599.45
91802,12342,294,1,2427.45,0.00,2427.45
91803,10898,138,5,1832.29,0.10,8245.31
91804,11005,265,3,68.86,0.15,175.59
91805,7423,240,2,1506.75,0.00,3013.50
91806,8815,293,4,1199.87,0.00,4799.48
91807,5255,289,2,499.25,0.25,748.88
91808,6718,122,5,522.39,0.00,2611.95
91809,11393,232,5,1813.56,0.25,6800.85
91810,10526,133,1,420.02,0.25,315.01
91811,8300,134,5,574.61,0.05,2729.40
91812,8460,101,4,907.15,0.20,2902.88
91813,11397,238,5,2135.34,0.10,9609.03
91814,9800,165,5,2379.36,0.25,8922.60
91815,5713,174,5,306.10,0.05,1453.97
91816,12612,216,2,1385.99,0.05,2633.38
91817,8342,135,2,1777.26,0.00,3554.52
91818,8798,145,3,1877.04,0.00,5631.12
91819,6777,142,4,1645.63,0.10,5924.27
91820,8151,186,5,1700.97,0.15,7229.12
91821,9118,247,2,974.32,0.00,1948.64
91822,12306,226,3,181.96,0.05,518.59
91823,12131,297,3,298.38,0.00,895.14
91824,6335,114,3,1566.37,0.00,4699.11
91825,7892,174,1,306.10,0.00,306.10
91826,10823,111,5,116.37,0.05,552.76
91827,5466,280,3,1665.08,0.15,4245.95
91828,8056,151,4,1737.89,0.05,6603.98
91829,12242,104,5,2213.07,0.00,11065.35
91830,7810,267,4,1987.88,0.00,7951.52
91831,5557,279,2,2195.66,0.20,3513.06
91832,8003,221,3,1712.69,0.00,5138.07
91833,12252,166,1,485.53,0.00,485.53
91834,5263,282,2,1272.66,0.25,1908.99
91835,12070,115,2,1500.95,0.00,3001.90
91836,6771,156,4,2001.82,0.00,8007.28
91837,6707,255,5,1463.05,0.00,7315.25
91838,11808,140,2,1375.60,0.25,2063.40
91839,7690,284,3,2320.38,0.10,6265.03
91840,8827,125,2,1053.19,0.00,2106.38
91841,11659,208,1,2078.25,0.25,1558.69
91842,5062,237,4,1134.74,0.20,3631.17
91843,7365,215,4,813.88,0.10,2929.97
91844,12480,267,2,1987.88,0.00,3975.76
91845,9008,217,1,1763.03,0.25,1322.27
91846,10528,127,2,1258.40,0.15,2139.28
91847,10900,247,5,974.32,0.00,4871.60
91848,6434,161,2,1891.92,0.00,3783.84
91849,5958,241,5,1072.50,0.15,4558.12
91850,11021,123,5,1736.07,0.20,6944.28
91851,7203,274,1,93.41,0.15,79.40
91852,12190,133,2,420.02,0.00,840.04
91853,12478,126,2,288.49,0.20,461.58
91854,7217,136,3,843.83,0.25,1898.62
91855,8240,232,5,1813.56,0.10,8161.02
91856,8166,203,4,1900.01,0.10,6840.04
91857,5198,284,3,2320.38,0.15,5916.97
91858,10381,193,4,1884.74,0.15,6408.12
91859,6902,117,5,2081.70,0.10,9367.65
91860,7268,166,2,485.53,0.15,825.40
91861,10452,229,2,1416.93,0.15,2408.78
91862,11079,103,5,1509.32,0.15,6414.61
91863,7953,293,1,1199.87,0.00,1199.87
91864,8690,179,5,864.43,0.10,3889.93
91865,10626,277,3,176.58,0.00,529.74
91866,6766,176,4,1657.31,0.15,5634.85
91867,7461,166,2,485.53,0.15,825.40
91868,11227,268,2,1080.58,0.00,2161.16
91869,10360,229,5,1416.93,0.00,7084.65
91870,5024,159,2,1740.36,0.20,2784.58
91871,10303,144,5,1446.74,0.25,5425.27
91872,11671,290,3,1653.02,0.00,4959.06
91873,10667,183,4,2299.69,0.20,7359.01
91874,10483,263,5,2447.20,0.25,9177.00
91875,6336,151,2,1737.89,0.15,2954.41
91876,8233,110,1,418.96,0.25,314.22
91877,10607,124,1,213.45,0.00,213.45
91878,12970,254,4,2165.24,0.20,6928.77
91879,11745,152,1,1885.74,0.00,1885.74
91880,12138,233,4,640.40,0.20,2049.28
91881,7988,285,3,352.36,0.05,1004.23
91882,9507,280,5,1665.08,0.00,8325.40
91883,11712,249,5,1638.11,0.15,6961.97
91884,10389,219,5,1538.12,0.00,7690.60
91885,7176,214,2,1178.45,0.00,2356.90
91886,10210,234,4,302.91,0.00,1211.64
91887,7826,161,5,1891.92,0.15,8040.66
91888,5239,131,3,2336.91,0.00,7010.73
91889,12322,299,5,514.01,0.05,2441.55
91890,8590,165,4,2379.36,0.20,7613.95
91891,7130,161,1,1891.92,0.00,1891.92
91892,6414,239,1,109.05,0.00,109.05
91893,11950,288,4,475.03,0.00,1900.12
91894,5116,227,3,461.19,0.20,1106.86
91895,5730,111,1,116.37,0.00,116.37
91896,6929,194,4,1926.75,0.20,6165.60
91897,5216,262,1,338.59,0.00,338.59
91898,9462,288,5,475.03,0.10,2137.63
91899,10755,195,3,1062.47,0.25,2390.56
91900,11828,256,2,1238.39,0.05,2352.94
91901,7049,233,1,640.40,0.00,640.40
91902,9024,105,1,838.62,0.10,754.76
91903,7264,204,4,226.11,0.20,723.55
91904,5714,241,3,1072.50,0.20,2574.00
91905,5224,185,5,1487.37,0.00,7436.85
91906,6380,130,3,19.96,0.15,50.90
91907,8734,247,4,974.32,0.00,3897.28
91908,7242,270,2,2245.24,0.00,4490.48
91909,6556,149,1,1613.28,0.00,1613.28
91910,5059,230,4,2005.24,0.15,6817.82
91911,10216,245,2,1210.49,0.00,2420.98
91912,8948,101,4,907.15,0.00,3628.60
91913,10445,158,3,2290.44,0.15,5840.62
91914,6006,259,5,2370.62,0.25,8889.82
91915,6283,223,4,1691.32,0.25,5073.96
91916,7368,130,4,19.96,0.20,63.87
91917,12963,116,1,1355.08,0.20,1084.06
91918,6605,146,3,1722.59,0.15,4392.60
91919,8726,166,3,485.53,0.10,1310.93
91920,9376,257,4,1787.40,0.00,7149.60
91921,9055,292,1,1397.80,0.05,1327.91
91922,11686,140,3,1375.60,0.15,3507.78
91923,10909,210,1,243.98,0.20,195.18
91924,11969,237,5,1134.74,0.05,5390.01
91925,5868,228,3,694.03,0.00,2082.09
91926,11176,179,5,864.43,0.00,4322.15
91927,9074,273,1,1052.32,0.00,1052.32
91928,12158,108,2,1886.70,0.20,3018.72
91929,10747,171,4,1704.37,0.15,5794.86
91930,11076,222,4,1487.60,0.00,5950.40
91931,6148,262,1,338.59,0.15,287.80
91932,10597,228,2,694.03,0.05,1318.66
91933,12490,228,3,694.03,0.10,1873.88
91934,8869,151,3,1737.89,0.10,4692.30
91935,5975,224,5,80.21,0.00,401.05
91936,11699,182,2,1551.91,0.20,2483.06
91937,7432,269,1,1773.91,0.25,1330.43
91938,7760,237,4,1134.74,0.05,4312.01
91939,9674,232,5,1813.56,0.05,8614.41
91940,8667,225,5,1270.62,0.10,5717.79
91941,12372,254,1,2165.24,0.20,1732.19
91942,7322,203,3,1900.01,0.00,5700.03
91943,5140,178,3,1497.89,0.15,3819.62
91944,6012,158,2,2290.44,0.05,4351.84
91945,11249,139,3,1994.29,0.00,5982.87
91946,7167,166,2,485.53,0.25,728.29
91947,7949,133,3,420.02,0.00,1260.06
91948,7456,254,4,2165.24,0.15,7361.82
91949,11588,185,5,1487.37,0.00,7436.85
91950,10752,224,2,80.21,0.25,120.31
91951,5938,148,1,572.20,0.10,514.98
91952,9991,212,5,850.02,0.05,4037.60
91953,7181,278,3,227.14,0.00,681.42
91954,12644,131,5,2336.91,0.15,9931.87
91955,5094,105,3,838.62,0.00,2515.86
91956,9033,200,1,2486.65,0.20,1989.32
91957,8267,104,5,2213.07,0.25,8299.01
91958,9165,133,3,420.02,0.00,1260.06
91959,12732,133,5,420.02,0.05,1995.09
91960,10520,156,1,2001.82,0.00,2001.82
91961,6791,248,2,1863.86,0.25,2795.79
91962,6255,160,5,773.25,0.15,3286.31
91963,11932,243,5,2421.72,0.00,12108.60
91964,11766,182,4,1551.91,0.00,6207.64
91965,6293,137,4,301.05,0.25,903.15
91966,7889,118,5,406.89,0.00,2034.45
91967,8707,226,1,181.96,0.15,154.67
91968,12812,226,2,181.96,0.00,363.92
91969,11501,223,3,1691.32,0.05,4820.26
91970,9416,204,2,226.11,0.25,339.17
91971,6808,298,4,108.90,0.00,435.60
91972,6965,201,1,956.06,0.10,860.45
91973,6310,258,4,2022.94,0.00,8091.76
91974,12933,250,5,449.73,0.05,2136.22
91975,9804,154,4,2234.02,0.00,8936.08
91976,8900,187,4,2442.76,0.00,9771.04
91977,5420,241,2,1072.50,0.00,2145.00
91978,10153,278,2,227.14,0.00,454.28
91979,7061,195,4,1062.47,0.10,3824.89
91980,9493,121,3,2042.46,0.20,4901.90
91981,9269,249,4,1638.11,0.10,5897.20
91982,7600,139,5,1994.29,0.25,7478.59
91983,12499,265,5,68.86,0.05,327.08
91984,9475,276,2,1758.07,0.00,3516.14
91985,11109,268,2,1080.58,0.00,2161.16
91986,7676,292,2,1397.80,0.00,2795.60
91987,11663,281,4,1191.76,0.05,4528.69
91988,9378,264,2,1516.92,0.00,3033.84
91989,12000,154,4,2234.02,0.00,8936.08
91990,6164,285,4,352.36,0.00,1409.44
91991,8871,229,4,1416.93,0.10,5100.95
91992,12038,160,1,773.25,0.00,773.25
91993,5481,104,5,2213.07,0.00,11065.35
91994,8330,176,5,1657.31,0.00,8286.55
91995,7047,125,1,1053.19,0.05,1000.53
91996,8920,210,2,243.98,0.15,414.77
91997,8053,265,1,68.86,0.00,68.86
91998,8871,240,5,1506.75,0.20,6027.00
91999,7854,128,5,114.43,0.20,457.72
92000,11982,141,4,993.39,0.05,3774.88
92001,10495,281,1,1191.76,0.00,1191.76
92002,11484,205,4,637.79,0.00,2551.16
92003,10898,153,2,1793.31,0.25,2689.97
92004,8560,154,5,2234.02,0.20,8936.08
92005,9730,199,2,1715.24,0.00,3430.48
92006,12680,118,2,406.89,0.25,610.34
92007,9466,173,1,1136.92,0.00,1136.92
92008,10380,154,5,2234.02,0.00,11170.10
92009,8978,214,3,1178.45,0.20,2828.28
92010,10595,155,3,2423.51,0.00,7270.53
92011,10684,237,2,1134.74,0.00,2269.48
92012,10391,103,3,1509.32,0.25,3395.97
92013,5780,273,2,1052.32,0.00,2104.64
92014,9717,252,2,762.60,0.10,1372.68
92015,7291,273,1,1052.32,0.25,789.24
92016,7280,231,5,1343.75,0.00,6718.75
92017,10250,126,5,288.49,0.05,1370.33
92018,8829,156,3,2001.82,0.20,4804.37
92019,10565,138,1,1832.29,0.25,1374.22
92020,5896,275,1,1096.31,0.00,1096.31
92021,11004,170,4,2070.85,0.05,7869.23
92022,6418,171,2,1704.37,0.25,2556.55
92023,9405,145,1,1877.04,0.15,1595.48
92024,10379,276,1,1758.07,0.00,1758.07
92025,8800,127,3,1258.40,0.00,3775.20
92026,6086,173,5,1136.92,0.20,4547.68
92027,9395,133,1,420.02,0.20,336.02
92028,8360,208,4,2078.25,0.05,7897.35
92029,5523,171,2,1704.37,0.10,3067.87
92030,7039,297,3,298.38,0.00,895.14
92031,10285,192,5,1996.58,0.00,9982.90
92032,5575,116,2,1355.08,0.00,2710.16
92033,12267,201,4,956.06,0.15,3250.60
92034,8794,128,3,114.43,0.00,343.29
92035,12922,168,4,746.43,0.25,2239.29
92036,10496,294,2,2427.45,0.05,4612.15
92037,8220,173,2,1136.92,0.20,1819.07
92038,8590,261,4,419.36,0.10,1509.70
92039,10183,260,5,298.97,0.10,1345.37
92040,6781,211,3,955.77,0.00,2867.31
92041,7182,162,3,764.05,0.00,2292.15
92042,10759,199,5,1715.24,0.00,8576.20
92043,8672,127,3,1258.40,0.00,3775.20
92044,10115,204,3,226.11,0.00,678.33
92045,5303,201,1,956.06,0.05,908.26
92046,8347,217,3,1763.03,0.15,4495.73
92047,12376,256,2,1238.39,0.20,1981.42
92048,9819,160,2,773.25,0.00,1546.50
92049,10915,260,1,298.97,0.10,269.07
92050,12378,263,3,2447.20,0.25,5506.20
92051,6791,197,2,2202.77,0.10,3964.99
92052,5569,164,5,1599.20,0.25,5997.00
92053,6806,145,2,1877.04,0.20,3003.26
92054,9973,110,4,418.96,0.00,1675.84
92055,10288,158,4,2290.44,0.25,6871.32
92056,10028,116,4,1355.08,0.00,5420.32
92057,12674,230,4,2005.24,0.00,8020.96
92058,11576,265,1,68.86,0.25,51.64
92059,12214,273,1,1052.32,0.20,841.86
92060,7188,199,5,1715.24,0.05,8147.39
92061,7702,267,1,1987.88,0.00,1987.88
92062,11264,188,4,1254.94,0.25,3764.82
92063,6050,274,2,93.41,0.10,168.14
92064,5285,216,3,1385.99,0.00,4157.97
92065,6461,264,4,1516.92,0.10,5460.91
92066,11242,263,4,2447.20,0.00,9788.80
92067,8598,218,1,1133.43,0.05,1076.76
92068,9564,188,4,1254.94,0.10,4517.78
92069,7160,208,4,2078.25,0.00,8313.00
92070,12637,157,4,1243.00,0.10,4474.80
92071,11912,237,5,1134.74,0.05,5390.01
92072,7579,197,1,2202.77,0.25,1652.08
92073,10650,254,1,2165.24,0.25,1623.93
92074,8021,104,1,2213.07,0.00,2213.07
92075,9571,128,5,114.43,0.00,572.15
92076,6370,129,4,268.41,0.00,1073.64
92077,6932,293,3,1199.87,0.05,3419.63
92078,11969,168,3,746.43,0.00,2239.29
92079,6407,298,1,108.90,0.00,108.90
92080,6834,145,1,1877.04,0.00,1877.04
92081,8369,245,2,1210.49,0.00,2420.98
92082,6219,107,5,1171.67,0.00,5858.35
92083,8757,236,5,442.97,0.05,2104.11
92084,12592,101,5,907.15,0.25,3401.81
92085,6974,145,4,1877.04,0.05,7132.75
92086,12494,139,5,1994.29,0.05,9472.88
92087,6253,157,1,1243.00,0.00,1243.00
92088,6336,153,2,1793.31,0.15,3048.63
92089,5069,131,2,2336.91,0.10,4206.44
92090,6069,111,4,116.37,0.00,465.48
92091,12857,170,1,2070.85,0.25,1553.14
92092,5359,178,5,1497.89,0.20,5991.56
92093,11555,106,4,903.02,0.10,3250.87
92094,7054,252,5,762.60,0.00,3813.00
92095,10212,217,4,1763.03,0.00,7052.12
92096,12082,144,5,1446.74,0.00,7233.70
92097,8286,289,2,499.25,0.25,748.88
92098,11779,250,5,449.73,0.00,2248.65
92099,10509,169,3,525.57,0.00,1576.71
92100,11859,243,2,2421.72,0.00,4843.44
92101,10913,263,2,2447.20,0.20,3915.52
92102,9515,260,2,298.97,0.25,448.46
92103,6321,143,5,988.01,0.25,3705.04
92104,9725,289,3,499.25,0.05,1422.86
92105,7373,235,2,1296.63,0.25,1944.95
92106,7184,181,2,766.36,0.25,1149.54
92107,8151,114,1,1566.37,0.00,1566.37
92108,12487,239,3,109.05,0.00,327.15
92109,7397,238,3,2135.34,0.20,5124.82
92110,8370,151,2,1737.89,0.00,3475.78
92111,5964,185,5,1487.37,0.05,7065.01
92112,11233,138,3,1832.29,0.05,5222.03
92113,12959,297,5,298.38,0.00,1491.90
92114,8199,216,5,1385.99,0.00,6929.95
92115,7762,262,3,338.59,0.10,914.19
92116,10501,216,2,1385.99,0.10,2494.78
92117,5968,243,3,2421.72,0.10,6538.64
92118,8572,156,2,2001.82,0.05,3803.46
92119,6502,198,1,2373.31,0.20,1898.65
92120,5264,195,2,1062.47,0.05,2018.69
92121,9894,270,5,2245.24,0.00,11226.20
92122,10612,272,4,1363.23,0.05,5180.27
92123,10040,292,2,1397.80,0.10,2516.04
92124,11328,177,3,36.22,0.00,108.66
92125,11370,104,3,2213.07,0.15,5643.33
92126,10375,138,3,1832.29,0.00,5496.87
92127,8388,116,3,1355.08,0.00,4065.24
92128,9247,275,4,1096.31,0.05,4165.98
92129,10284,266,5,1245.35,0.00,6226.75
92130,7037,216,4,1385.99,0.00,5543.96
92131,10747,131,5,2336.91,0.25,8763.41
92132,7379,199,2,1715.24,0.15,2915.91
92133,11649,284,1,2320.38,0.00,2320.38
92134,10789,144,2,1446.74,0.00,2893.48
92135,9580,141,4,993.39,0.25,2980.17
92136,5841,243,4,2421.72,0.15,8233.85
92137,11915,141,4,993.39,0.00,3973.56
92138,10830,181,4,766.36,0.00,3065.44
92139,10185,141,4,993.39,0.05,3774.88
92140,12428,106,2,903.02,0.00,1806.04
92141,10491,116,1,1355.08,0.00,1355.08
92142,11894,110,2,418.96,0.00,837.92
92143,9581,123,1,1736.07,0.00,1736.07
92144,11707,113,1,2150.67,0.00,2150.67
92145,11332,244,2,201.19,0.00,402.38
92146,9192,101,2,907.15,0.25,1360.72
92147,12297,127,3,1258.40,0.00,3775.20
92148,9127,175,1,2362.73,0.25,1772.05
92149,8007,249,2,1638.11,0.20,2620.98
92150,12150,174,1,306.10,0.00,306.10
92151,12089,201,2,956.06,0.10,1720.91
92152,12557,136,5,843.83,0.15,3586.28
92153,12507,274,3,93.41,0.15,238.20
92154,5405,157,5,1243.00,0.25,4661.25
92155,7600,247,4,974.32,0.00,3897.28
92156,12971,270,3,2245.24,0.00,6735.72
92157,9498,145,1,1877.04,0.15,1595.48
92158,10806,270,2,2245.24,0.00,4490.48
92159,5514,234,2,302.91,0.25,454.37
92160,7699,279,3,2195.66,0.25,4940.23
92161,6757,180,3,943.48,0.20,2264.35
92162,7387,147,3,2470.00,0.00,7410.00
92163,7557,201,4,956.06,0.00,3824.24
92164,9184,225,2,1270.62,0.10,2287.12
92165,12345,169,2,525.57,0.00,1051.14
92166,5120,107,5,1171.67,0.00,5858.35
92167,11407,128,3,114.43,0.05,326.13
92168,8555,126,1,288.49,0.00,288.49
92169,10959,265,1,68.86,0.25,51.64
92170,10320,107,4,1171.67,0.25,3515.01
92171,5091,112,3,1270.77,0.05,3621.69
92172,12773,142,3,1645.63,0.00,4936.89
92173,5257,258,2,2022.94,0.15,3439.00
92174,7185,229,1,1416.93,0.15,1204.39
92175,11345,145,2,1877.04,0.05,3566.38
92176,5613,190,4,646.82,0.10,2328.55
92177,11146,192,1,1996.58,0.00,1996.58
92178,10613,161,3,1891.92,0.00,5675.76
92179,7968,239,5,109.05,0.00,545.25
92180,11012,122,3,522.39,0.25,1175.38
92181,7670,162,5,764.05,0.00,3820.25
92182,10884,158,4,2290.44,0.00,9161.76
92183,6225,189,3,885.16,0.25,1991.61
92184,9507,242,4,1720.12,0.20,5504.38
92185,8472,178,1,1497.89,0.00,1497.89
92186,8178,133,5,420.02,0.00,2100.10
92187,6168,130,2,19.96,0.20,31.94
92188,10436,167,2,50.29,0.10,90.52
92189,8795,131,5,2336.91,0.00,11684.55
92190,9628,272,2,1363.23,0.15,2317.49
92191,12186,159,2,1740.36,0.15,2958.61
92192,7745,179,3,864.43,0.00,2593.29
92193,11383,287,3,224.99,0.10,607.47
92194,10620,262,4,338.59,0.05,1286.64
92195,8634,136,1,843.83,0.00,843.83
92196,11355,106,1,903.02,0.20,722.42
92197,9536,291,2,1369.29,0.20,2190.86
92198,9573,208,1,2078.25,0.00,2078.25
92199,12089,300,3,757.78,0.10,2046.01
92200,10240,221,4,1712.69,0.00,6850.76
92201,10607,226,4,181.96,0.20,582.27
92202,9083,141,5,993.39,0.20,3973.56
92203,6623,175,2,2362.73,0.05,4489.19
92204,11718,283,5,615.57,0.15,2616.17
92205,11213,299,2,514.01,0.15,873.82
92206,7514,243,5,2421.72,0.00,12108.60
92207,7918,247,4,974.32,0.00,3897.28
92208,12223,143,3,988.01,0.15,2519.43
92209,10767,243,1,2421.72,0.05,2300.63
92210,9949,129,3,268.41,0.05,764.97
92211,5531,292,3,1397.80,0.05,3983.73
92212,6738,287,2,224.99,0.00,449.98
92213,7480,192,2,1996.58,0.00,3993.16
92214,10423,286,5,69.93,0.15,297.20
92215,8687,224,3,80.21,0.00,240.63
92216,9969,169,2,525.57,0.00,1051.14
92217,5644,148,4,572.20,0.00,2288.80
92218,5857,251,4,947.97,0.05,3602.29
92219,6483,177,3,36.22,0.25,81.50
92220,6527,210,3,243.98,0.10,658.75
92221,11041,183,5,2299.69,0.20,9198.76
92222,9671,201,1,956.06,0.00,956.06
92223,12355,276,3,1758.07,0.20,4219.37
92224,8472,278,1,227.14,0.00,227.14
92225,11680,101,5,907.15,0.00,4535.75
92226,10463,105,4,838.62,0.10,3019.03
92227,7493,187,2,2442.76,0.15,4152.69
92228,5965,264,5,1516.92,0.20,6067.68
92229,12593,266,3,1245.35,0.00,3736.05
92230,5910,236,3,442.97,0.15,1129.57
92231,12067,124,1,213.45,0.00,213.45
92232,10625,150,1,397.61,0.20,318.09
92233,8920,130,3,19.96,0.10,53.89
92234,8793,124,1,213.45,0.15,181.43
92235,7031,238,4,2135.34,0.00,8541.36
92236,6686,261,4,419.36,0.00,1677.44
92237,12449,293,1,1199.87,0.00,1199.87
92238,10237,296,5,1459.44,0.10,6567.48
92239,5366,135,4,1777.26,0.00,7109.04
92240,11710,116,2,1355.08,0.20,2168.13
92241,8557,199,4,1715.24,0.00,6860.96
92242,10075,154,2,2234.02,0.25,3351.03
92243,11236,235,5,1296.63,0.00,6483.15
92244,10835,190,5,646.82,0.10,2910.69
92245,12943,272,3,1363.23,0.20,3271.75
92246,9687,290,1,1653.02,0.20,1322.42
92247,10322,263,3,2447.20,0.15,6240.36
92248,7707,284,5,2320.38,0.00,11601.90
92249,8884,146,3,1722.59,0.00,5167.77
92250,9980,278,3,227.14,0.00,681.42
92251,11591,108,1,1886.70,0.20,1509.36
92252,6616,264,1,1516.92,0.15,1289.38
92253,7285,261,4,419.36,0.10,1509.70
92254,8124,299,2,514.01,0.00,1028.02
92255,5214,143,2,988.01,0.00,1976.02
92256,7523,164,1,1599.20,0.00,1599.20
92257,12102,273,3,1052.32,0.00,3156.96
92258,6662,112,5,1270.77,0.00,6353.85
92259,9202,181,1,766.36,0.20,613.09
92260,5547,237,5,1134.74,0.05,5390.01
92261,6623,123,3,1736.07,0.20,4166.57
92262,9059,277,5,176.58,0.20,706.32
92263,12467,205,5,637.79,0.10,2870.05
92264,10391,168,3,746.43,0.00,2239.29
92265,12146,299,2,514.01,0.00,1028.02
92266,11265,253,1,566.24,0.25,424.68
92267,12133,114,4,1566.37,0.00,6265.48
92268,9445,137,1,301.05,0.25,225.79
92269,12416,250,3,449.73,0.00,1349.19
92270,6611,296,4,1459.44,0.00,5837.76
92271,11184,139,1,1994.29,0.00,1994.29
92272,6307,285,2,352.36,0.00,704.72
92273,7536,260,1,298.97,0.15,254.12
92274,10737,135,3,1777.26,0.10,4798.60
92275,11350,140,5,1375.60,0.05,6534.10
92276,5903,250,5,449.73,0.00,2248.65
92277,7748,137,1,301.05,0.00,301.05
92278,12377,252,4,762.60,0.00,3050.40
92279,10528,122,2,522.39,0.10,940.30
92280,8250,172,2,176.79,0.05,335.90
92281,8402,102,2,1084.90,0.15,1844.33
92282,10714,226,2,181.96,0.00,363.92
92283,8700,144,5,1446.74,0.00,7233.70
92284,10975,127,2,1258.40,0.05,2390.96
92285,11779,148,1,572.20,0.15,486.37
92286,10087,185,3,1487.37,0.00,4462.11
92287,12373,150,3,397.61,0.05,1133.19
92288,9693,197,5,2202.77,0.20,8811.08
92289,6761,128,3,114.43,0.00,343.29
92290,8049,108,4,1886.70,0.20,6037.44
92291,5162,202,5,2407.29,0.05,11434.63
92292,7029,287,1,224.99,0.00,224.99
92293,10253,231,4,1343.75,0.15,4568.75
92294,8150,185,4,1487.37,0.25,4462.11
92295,6492,121,2,2042.46,0.10,3676.43
92296,6582,243,2,2421.72,0.05,4601.27
92297,11727,171,3,1704.37,0.05,4857.45
92298,5739,106,3,903.02,0.25,2031.80
92299,6091,179,2,864.43,0.25,1296.64
92300,5662,287,1,224.99,0.15,191.24
92301,7336,289,2,499.25,0.15,848.73
92302,11201,126,3,288.49,0.00,865.47
92303,5649,209,1,1581.90,0.00,1581.90
92304,6206,139,5,1994.29,0.10,8974.31
92305,12894,182,4,1551.91,0.00,6207.64
92306,12311,253,4,566.24,0.00,2264.96
92307,11098,162,2,764.05,0.20,1222.48
92308,8011,237,4,1134.74,0.00,4538.96
92309,8907,123,2,1736.07,0.25,2604.11
92310,10474,137,4,301.05,0.20,963.36
92311,7962,254,1,2165.24,0.15,1840.45
92312,12120,192,5,1996.58,0.00,9982.90
92313,5882,232,3,1813.56,0.05,5168.65
92314,7538,104,2,2213.07,0.10,3983.53
92315,6765,205,5,637.79,0.10,2870.05
92316,12670,115,4,1500.95,0.10,5403.42
92317,5388,253,5,566.24,0.00,2831.20
92318,9116,256,4,1238.39,0.20,3962.85
92319,9200,120,2,357.32,0.25,535.98
92320,12315,229,5,1416.93,0.00,7084.65
92321,6204,293,1,1199.87,0.00,1199.87
92322,5724,204,5,226.11,0.15,960.97
92323,6392,256,1,1238.39,0.20,990.71
92324,6168,256,3,1238.39,0.10,3343.65
92325,12348,107,3,1171.67,0.00,3515.01
92326,8457,106,2,903.02,0.00,1806.04
92327,12287,289,3,499.25,0.25,1123.31
92328,7903,127,2,1258.40,0.25,1887.60
92329,10444,284,2,2320.38,0.05,4408.72
92330,10329,174,5,306.10,0.00,1530.50
92331,5608,299,5,514.01,0.00,2570.05
92332,11711,151,4,1737.89,0.00,6951.56
92333,9059,179,5,864.43,0.10,3889.93
92334,7265,167,2,50.29,0.00,100.58
92335,11056,146,3,1722.59,0.10,4650.99
92336,8717,278,5,227.14,0.00,1135.70
92337,7411,126,5,288.49,0.00,1442.45
92338,9782,182,4,1551.91,0.20,4966.11
92339,6281,146,2,1722.59,0.20,2756.14
92340,11240,192,5,1996.58,0.10,8984.61
92341,10616,222,1,1487.60,0.25,1115.70
92342,12094,140,1,1375.60,0.25,1031.70
92343,10116,210,5,243.98,0.15,1036.91
92344,5375,115,3,1500.95,0.05,4277.71
92345,11305,168,3,746.43,0.05,2127.33
92346,7461,123,5,1736.07,0.25,6510.26
92347,12699,115,4,1500.95,0.05,5703.61
92348,10087,266,5,1245.35,0.15,5292.74
92349,12193,113,4,2150.67,0.00,8602.68
92350,12640,111,5,116.37,0.25,436.39
92351,12206,174,1,306.10,0.25,229.58
92352,6782,163,2,530.94,0.25,796.41
92353,11387,184,1,1591.66,0.00,1591.66
92354,10445,249,1,1638.11,0.05,1556.20
92355,10672,154,1,2234.02,0.20,1787.22
92356,9714,232,2,1813.56,0.15,3083.05
92357,10071,117,3,2081.70,0.20,4996.08
92358,12874,163,4,530.94,0.20,1699.01
92359,9780,285,4,352.36,0.05,1338.97
92360,5346,118,5,406.89,0.00,2034.45
92361,12277,250,1,449.73,0.00,449.73
92362,11290,223,2,1691.32,0.00,3382.64
92363,6016,125,5,1053.19,0.15,4476.06
92364,10667,170,1,2070.85,0.25,1553.14
92365,5264,153,3,1793.31,0.20,4303.94
92366,11188,216,1,1385.99,0.25,1039.49
92367,7378,288,4,475.03,0.15,1615.10
92368,10221,194,1,1926.75,0.25,1445.06
92369,9123,287,3,224.99,0.20,539.98
92370,7415,269,4,1773.91,0.00,7095.64
92371,12650,300,4,757.78,0.25,2273.34
92372,11398,279,5,2195.66,0.00,10978.30
92373,11640,283,1,615.57,0.00,615.57
92374,9722,262,2,338.59,0.15,575.60
92375,12637,214,5,1178.45,0.25,4419.19
92376,7048,119,5,1998.83,0.00,9994.15
92377,5964,260,2,298.97,0.00,597.94
92378,9759,225,1,1270.62,0.15,1080.03
92379,9831,176,4,1657.31,0.20,5303.39
92380,12787,200,1,2486.65,0.10,2237.99
92381,10483,272,4,1363.23,0.25,4089.69
92382,8207,245,2,1210.49,0.00,2420.98
92383,6852,253,3,566.24,0.00,1698.72
92384,12819,271,2,926.97,0.15,1575.85
92385,11043,133,5,420.02,0.15,1785.08
92386,7864,172,1,176.79,0.00,176.79
92387,6902,292,3,1397.80,0.15,3564.39
92388,12229,108,3,1886.70,0.00,5660.10
92389,11717,128,3,114.43,0.05,326.13
92390,7860,122,4,522.39,0.20,1671.65
92391,5201,130,5,19.96,0.10,89.82
92392,5369,151,4,1737.89,0.10,6256.40
92393,8549,136,5,843.83,0.00,4219.15
92394,6739,230,4,2005.24,0.05,7619.91
92395,6003,148,4,572.20,0.00,2288.80
92396,10495,105,1,838.62,0.05,796.69
92397,8898,239,3,109.05,0.10,294.44
92398,11859,134,5,574.61,0.00,2873.05
92399,7631,185,3,1487.37,0.00,4462.11
92400,9821,271,2,926.97,0.00,1853.94
92401,10724,236,2,442.97,0.20,708.75
92402,9389,137,2,301.05,0.00,602.10
92403,10820,121,4,2042.46,0.00,8169.84
92404,8523,202,1,2407.29,0.25,1805.47
92405,6055,123,2,1736.07,0.10,3124.93
92406,5623,113,3,2150.67,0.10,5806.81
92407,11928,186,4,1700.97,0.00,6803.88
92408,6266,287,1,224.99,0.25,168.74
92409,9683,224,5,80.21,0.10,360.94
92410,12035,278,5,227.14,0.10,1022.13
92411,10844,262,1,338.59,0.00,338.59
92412,8155,233,5,640.40,0.00,3202.00
92413,11189,209,2,1581.90,0.05,3005.61
92414,7064,294,4,2427.45,0.25,7282.35
92415,8013,115,5,1500.95,0.20,6003.80
92416,11508,205,1,637.79,0.00,637.79
92417,11190,143,2,988.01,0.15,1679.62
92418,6829,281,4,1191.76,0.00,4767.04
92419,7840,177,5,36.22,0.05,172.04
92420,7213,292,3,1397.80,0.05,3983.73
92421,5485,131,4,2336.91,0.20,7478.11
92422,8223,223,5,1691.32,0.25,6342.45
92423,12276,222,5,1487.60,0.05,7066.10
92424,12591,208,5,2078.25,0.00,10391.25
92425,5363,254,3,2165.24,0.00,6495.72
92426,8083,251,5,947.97,0.10,4265.87
92427,9031,279,2,2195.66,0.10,3952.19
92428,5860,214,4,1178.45,0.10,4242.42
92429,12167,189,3,885.16,0.20,2124.38
92430,10572,151,2,1737.89,0.10,3128.20
92431,5720,177,1,36.22,0.00,36.22
92432,6461,146,5,1722.59,0.00,8612.95
92433,6647,249,1,1638.11,0.10,1474.30
92434,11288,248,3,1863.86,0.00,5591.58
92435,9105,114,4,1566.37,0.10,5638.93
92436,7947,115,1,1500.95,0.15,1275.81
92437,5465,255,4,1463.05,0.00,5852.20
92438,6119,189,4,885.16,0.15,3009.54
92439,9954,144,4,1446.74,0.00,5786.96
92440,8802,136,4,843.83,0.00,3375.32
92441,9675,196,1,1471.90,0.00,1471.90
92442,9202,200,4,2486.65,0.00,9946.60
92443,8513,161,2,1891.92,0.00,3783.84
92444,11345,245,4,1210.49,0.05,4599.86
92445,9154,151,5,1737.89,0.00,8689.45
92446,10613,224,5,80.21,0.00,401.05
92447,12710,214,2,1178.45,0.05,2239.05
92448,7915,187,2,2442.76,0.00,4885.52
92449,9883,125,2,1053.19,0.20,1685.10
92450,9144,299,5,514.01,0.00,2570.05
92451,5193,228,1,694.03,0.00,694.03
92452,12012,146,2,1722.59,0.25,2583.88
92453,6811,216,1,1385.99,0.10,1247.39
92454,7908,118,2,406.89,0.10,732.40
92455,8339,299,3,514.01,0.00,1542.03
92456,6462,153,5,1793.31,0.05,8518.22
92457,10561,230,5,2005.24,0.25,7519.65
92458,8034,286,1,69.93,0.00,69.93
92459,10657,219,3,1538.12,0.10,4152.92
92460,5948,258,5,2022.94,0.00,10114.70
92461,10042,120,5,357.32,0.00,1786.60
92462,8576,244,1,201.19,0.20,160.95
92463,10864,276,1,1758.07,0.00,1758.07
92464,7455,131,2,2336.91,0.00,4673.82
92465,6947,224,1,80.21,0.10,72.19
92466,5880,242,3,1720.12,0.00,5160.36
92467,5239,124,3,213.45,0.10,576.31
92468,12652,276,2,1758.07,0.05,3340.33
92469,11880,188,5,1254.94,0.20,5019.76
92470,12206,250,1,449.73,0.00,449.73
92471,7572,218,1,1133.43,0.15,963.42
92472,12173,153,1,1793.31,0.20,1434.65
92473,5679,135,4,1777.26,0.25,5331.78
92474,9390,242,4,1720.12,0.20,5504.38
92475,8642,151,1,1737.89,0.00,1737.89
92476,8324,227,4,461.19,0.00,1844.76
92477,11009,114,5,1566.37,0.10,7048.66
92478,10555,260,2,298.97,0.25,448.46
92479,8850,179,3,864.43,0.05,2463.63
92480,10063,254,3,2165.24,0.20,5196.58
92481,8246,207,5,620.94,0.00,3104.70
92482,9947,277,1,176.58,0.20,141.26
92483,7515,137,5,301.05,0.00,1505.25
92484,9554,131,4,2336.91,0.15,7945.49
92485,6944,238,2,2135.34,0.00,4270.68
92486,5224,158,3,2290.44,0.00,6871.32
92487,8223,156,4,2001.82,0.20,6405.82
92488,11772,111,1,116.37,0.00,116.37
92489,5495,233,3,640.40,0.15,1633.02
92490,10559,154,5,2234.02,0.10,10053.09
92491,12997,213,1,1512.95,0.00,1512.95
92492,6585,208,5,2078.25,0.25,7793.44
92493,7029,300,1,757.78,0.25,568.34
92494,7041,211,4,955.77,0.00,3823.08
92495,12618,279,1,2195.66,0.00,2195.66
92496,10105,273,1,1052.32,0.00,1052.32
92497,7908,175,3,2362.73,0.25,5316.14
92498,5251,270,1,2245.24,0.05,2132.98
92499,11900,128,2,114.43,0.00,228.86
92500,11864,228,2,694.03,0.00,1388.06
92501,6641,240,1,1506.75,0.20,1205.40
92502,5679,174,5,306.10,0.00,1530.50
92503,6102,106,3,903.02,0.00,2709.06
92504,12792,298,4,108.90,0.00,435.60
92505,12898,185,4,1487.37,0.25,4462.11
92506,5684,300,2,757.78,0.20,1212.45
92507,11385,255,3,1463.05,0.10,3950.23
92508,10738,163,4,530.94,0.00,2123.76
92509,12394,142,4,1645.63,0.05,6253.39
92510,11547,190,5,646.82,0.15,2748.99
92511,6596,240,2,1506.75,0.10,2712.15
92512,6169,177,5,36.22,0.00,181.10
92513,8670,235,1,1296.63,0.15,1102.14
92514,8153,198,2,2373.31,0.05,4509.29
92515,8358,144,2,1446.74,0.00,2893.48
92516,11085,284,1,2320.38,0.05,2204.36
92517,7544,187,1,2442.76,0.00,2442.76
92518,11408,237,3,1134.74,0.15,2893.59
92519,8203,294,2,2427.45,0.15,4126.66
92520,9304,232,4,1813.56,0.00,7254.24
92521,10702,238,1,2135.34,0.20,1708.27
92522,11427,153,3,1793.31,0.25,4034.95
92523,5355,137,5,301.05,0.00,1505.25
92524,6961,189,3,885.16,0.00,2655.48
92525,10039,220,2,246.34,0.00,492.68
92526,5685,125,2,1053.19,0.25,1579.79
92527,5906,203,3,1900.01,0.05,5415.03
92528,12582,261,4,419.36,0.15,1425.82
92529,5495,265,5,68.86,0.00,344.30
92530,5611,206,5,239.11,0.10,1076.00
92531,5280,295,1,1644.06,0.20,1315.25
92532,6384,143,1,988.01,0.00,988.01
92533,7911,138,1,1832.29,0.00,1832.29
92534,11286,239,3,109.05,0.25,245.36
92535,11654,140,2,1375.60,0.25,2063.40
92536,9149,180,5,943.48,0.10,4245.66
92537,9673,247,2,974.32,0.20,1558.91
92538,6368,230,1,2005.24,0.00,2005.24
92539,6777,187,1,2442.76,0.00,2442.76
92540,6764,196,4,1471.90,0.00,5887.60
92541,11613,221,3,1712.69,0.00,5138.07
92542,7595,128,3,114.43,0.00,343.29
92543,9651,293,4,1199.87,0.00,4799.48
92544,12066,255,3,1463.05,0.00,4389.15
92545,8306,132,1,1664.91,0.10,1498.42
92546,8313,102,3,1084.90,0.00,3254.70
92547,10515,131,1,2336.91,0.00,2336.91
92548,11095,177,3,36.22,0.25,81.50
92549,10759,272,4,1363.23,0.00,5452.92
92550,6636,174,5,306.10,0.10,1377.45
92551,5511,176,1,1657.31,0.15,1408.71
92552,12634,121,2,2042.46,0.20,3267.94
92553,12014,229,1,1416.93,0.10,1275.24
92554,11585,274,3,93.41,0.25,210.17
92555,6377,181,3,766.36,0.15,1954.22
92556,11170,157,3,1243.00,0.15,3169.65
92557,6029,232,5,1813.56,0.25,6800.85
92558,5026,250,3,449.73,0.15,1146.81
92559,7297,190,3,646.82,0.00,1940.46
92560,9256,118,1,406.89,0.00,406.89
92561,7503,225,1,1270.62,0.15,1080.03
92562,6414,103,5,1509.32,0.00,7546.60
92563,8353,259,2,2370.62,0.10,4267.12
92564,6308,203,2,1900.01,0.25,2850.01
92565,7892,194,3,1926.75,0.05,5491.24
92566,8722,171,3,1704.37,0.15,4346.14
92567,7464,148,4,572.20,0.05,2174.36
92568,10412,233,3,640.40,0.15,1633.02
92569,7046,103,1,1509.32,0.00,1509.32
92570,12714,276,1,1758.07,0.25,1318.55
92571,10605,141,5,993.39,0.20,3973.56
92572,9439,217,5,1763.03,0.00,8815.15
92573,9693,202,4,2407.29,0.00,9629.16
92574,10111,230,2,2005.24,0.15,3408.91
92575,8432,107,3,1171.67,0.00,3515.01
92576,12063,133,1,420.02,0.10,378.02
92577,5087,157,3,1243.00,0.00,3729.00
92578,5868,139,2,1994.29,0.00,3988.58
92579,11080,270,2,2245.24,0.00,4490.48
92580,6137,129,1,268.41,0.05,254.99
92581,9897,200,2,2486.65,0.05,4724.64
92582,9218,238,5,2135.34,0.20,8541.36
92583,8491,177,5,36.22,0.20,144.88
92584,8954,207,5,620.94,0.20,2483.76
92585,12122,152,3,1885.74,0.00,5657.22
92586,6499,192,2,1996.58,0.00,3993.16
92587,7082,144,1,1446.74,0.00,1446.74
92588,12464,150,4,397.61,0.00,1590.44
92589,7194,182,4,1551.91,0.00,6207.64
92590,11464,295,2,1644.06,0.20,2630.50
92591,7108,280,3,1665.08,0.10,4495.72
92592,7478,286,4,69.93,0.10,251.75
92593,5115,136,1,843.83,0.00,843.83
92594,10042,206,4,239.11,0.00,956.44
92595,6711,257,1,1787.40,0.15,1519.29
92596,6402,263,1,2447.20,0.05,2324.84
92597,5770,205,1,637.79,0.15,542.12
92598,5841,262,5,338.59,0.25,1269.71
92599,10542,109,3,2155.87,0.00,6467.61
92600,7144,179,3,864.43,0.20,2074.63
92601,9353,295,4,1644.06,0.05,6247.43
92602,6155,248,5,1863.86,0.00,9319.30
92603,5538,233,3,640.40,0.00,1921.20
92604,9681,179,3,864.43,0.25,1944.97
92605,12832,112,3,1270.77,0.25,2859.23
92606,9150,265,2,68.86,0.15,117.06
92607,5898,116,3,1355.08,0.10,3658.72
92608,9189,211,2,955.77,0.00,1911.54
92609,12570,255,2,1463.05,0.25,2194.57
92610,8387,192,1,1996.58,0.00,1996.58
92611,5841,269,5,1773.91,0.00,8869.55
92612,10592,186,2,1700.97,0.00,3401.94
92613,10795,104,3,2213.07,0.00,6639.21
92614,11288,207,4,620.94,0.10,2235.38
92615,10031,229,1,1416.93,0.25,1062.70
92616,6652,294,5,2427.45,0.00,12137.25
92617,12203,274,2,93.41,0.00,186.82
92618,8954,162,5,764.05,0.05,3629.24
92619,11357,192,5,1996.58,0.00,9982.90
92620,11880,156,1,2001.82,0.00,2001.82
92621,5189,135,1,1777.26,0.25,1332.94
92622,7322,257,5,1787.40,0.10,8043.30
92623,5574,251,3,947.97,0.25,2132.93
92624,7087,238,1,2135.34,0.05,2028.57
92625,12045,130,1,19.96,0.00,19.96
92626,5961,253,1,566.24,0.20,452.99
92627,11788,200,5,2486.65,0.00,12433.25
92628,6744,282,5,1272.66,0.15,5408.81
92629,8395,207,1,620.94,0.00,620.94
92630,8245,228,1,694.03,0.25,520.52
92631,5053,251,4,947.97,0.25,2843.91
92632,11942,148,3,572.20,0.00,1716.60
92633,8852,134,4,574.61,0.00,2298.44
92634,8260,224,2,80.21,0.00,160.42
92635,9378,238,3,2135.34,0.25,4804.52
92636,11438,296,1,1459.44,0.00,1459.44
92637,5514,189,2,885.16,0.10,1593.29
92638,11535,205,5,637.79,0.20,2551.16
92639,8044,160,1,773.25,0.15,657.26
92640,8754,133,3,420.02,0.20,1008.05
92641,10000,197,4,2202.77,0.25,6608.31
92642,12375,270,1,2245.24,0.15,1908.45
92643,12458,290,3,1653.02,0.00,4959.06
92644,9884,121,4,2042.46,0.20,6535.87
92645,6699,124,1,213.45,0.15,181.43
92646,6185,174,1,306.10,0.15,260.19
92647,8478,297,3,298.38,0.00,895.14
92648,10421,255,5,1463.05,0.20,5852.20
92649,8369,250,4,449.73,0.25,1349.19
92650,5417,233,4,640.40,0.00,2561.60
92651,9123,220,5,246.34,0.00,1231.70
92652,7143,131,4,2336.91,0.00,9347.64
92653,9836,130,2,19.96,0.25,29.94
92654,10493,282,4,1272.66,0.10,4581.58
92655,5350,111,3,116.37,0.25,261.83
92656,7499,154,5,2234.02,0.05,10611.59
92657,5576,125,1,1053.19,0.05,1000.53
92658,7920,126,1,288.49,0.15,245.22
92659,5570,225,4,1270.62,0.00,5082.48
92660,12627,238,2,2135.34,0.00,4270.68
92661,10018,276,4,1758.07,0.10,6329.05
92662,11146,106,5,903.02,0.00,4515.10
92663,5113,165,3,2379.36,0.20,5710.46
92664,12540,276,5,1758.07,0.10,7911.32
92665,5978,160,2,773.25,0.00,1546.50
92666,11465,151,1,1737.89,0.00,1737.89
92667,10321,133,2,420.02,0.05,798.04
92668,7021,189,3,885.16,0.00,2655.48
92669,6910,196,4,1471.90,0.00,5887.60
92670,12903,151,5,1737.89,0.10,7820.51
92671,10132,165,4,2379.36,0.00,9517.44
92672,6072,220,5,246.34,0.00,1231.70
92673,12455,129,5,268.41,0.20,1073.64
92674,6902,267,3,1987.88,0.25,4472.73
92675,10382,195,1,1062.47,0.15,903.10
92676,5395,174,5,306.10,0.20,1224.40
92677,5508,273,4,1052.32,0.20,3367.42
92678,7182,215,4,813.88,0.20,2604.42
92679,7232,225,1,1270.62,0.00,1270.62
92680,10258,154,3,2234.02,0.20,5361.65
92681,9317,244,2,201.19,0.10,362.14
92682,7793,184,3,1591.66,0.25,3581.24
92683,9884,128,3,114.43,0.25,257.47
92684,7570,234,1,302.91,0.00,302.91
92685,8460,231,2,1343.75,0.00,2687.50
92686,10212,265,5,68.86,0.25,258.23
92687,8557,161,4,1891.92,0.00,7567.68
92688,8597,160,1,773.25,0.00,773.25
92689,11710,256,5,1238.39,0.00,6191.95
92690,10037,284,1,2320.38,0.00,2320.38
92691,9092,187,5,2442.76,0.00,12213.80
92692,6472,242,2,1720.12,0.05,3268.23
92693,11752,237,3,1134.74,0.20,2723.38
92694,7608,244,2,201.19,0.10,362.14
92695,11924,130,1,19.96,0.20,15.97
92696,11761,279,1,2195.66,0.00,2195.66
92697,7570,199,3,1715.24,0.00,5145.72
92698,9221,268,1,1080.58,0.05,1026.55
92699,8402,139,2,1994.29,0.00,3988.58
92700,8105,140,5,1375.60,0.05,6534.10
92701,11690,296,3,1459.44,0.05,4159.40
92702,11932,171,5,1704.37,0.20,6817.48
92703,5273,113,3,2150.67,0.00,6452.01
92704,12274,285,3,352.36,0.00,1057.08
92705,11706,182,2,1551.91,0.20,2483.06
92706,11039,274,4,93.41,0.00,373.64
92707,5747,150,5,397.61,0.15,1689.84
92708,9726,191,5,1189.21,0.20,4756.84
92709,11828,173,1,1136.92,0.10,1023.23
92710,9330,232,4,1813.56,0.00,7254.24
92711,10202,236,2,442.97,0.00,885.94
92712,12362,220,5,246.34,0.00,1231.70
92713,8436,297,4,298.38,0.20,954.82
92714,7929,126,3,288.49,0.10,778.92
92715,10385,281,5,1191.76,0.00,5958.80
92716,12526,262,4,338.59,0.00,1354.36
92717,5224,234,4,302.91,0.00,1211.64
92718,7571,121,2,2042.46,0.20,3267.94
92719,5069,118,2,406.89,0.00,813.78
92720,7958,117,4,2081.70,0.05,7910.46
92721,6964,215,4,813.88,0.00,3255.52
92722,6495,204,3,226.11,0.25,508.75
92723,8129,276,3,1758.07,0.15,4483.08
92724,11646,240,3,1506.75,0.00,4520.25
92725,9195,126,2,288.49,0.00,576.98
92726,6705,255,5,1463.05,0.15,6217.96
92727,11703,297,3,298.38,0.10,805.63
92728,5303,127,3,1258.40,0.05,3586.44
92729,6464,125,5,1053.19,0.10,4739.36
92730,8273,202,4,2407.29,0.05,9147.70
92731,12359,150,2,397.61,0.15,675.94
92732,5747,128,3,114.43,0.05,326.13
92733,5189,112,3,1270.77,0.05,3621.69
92734,7626,239,1,109.05,0.10,98.14
92735,11326,157,1,1243.00,0.00,1243.00
92736,9995,110,2,418.96,0.15,712.23
92737,8048,112,3,1270.77,0.25,2859.23
92738,9893,176,4,1657.31,0.20,5303.39
92739,12810,123,4,1736.07,0.00,6944.28
92740,5553,157,3,1243.00,0.15,3169.65
92741,8381,265,5,68.86,0.10,309.87
92742,6229,249,1,1638.11,0.25,1228.58
92743,11744,231,3,1343.75,0.25,3023.44
92744,5915,122,2,522.39,0.25,783.59
92745,9008,257,5,1787.40,0.00,8937.00
92746,9956,144,3,1446.74,0.00,4340.22
92747,11658,239,4,109.05,0.05,414.39
92748,5454,162,2,764.05,0.05,1451.69
92749,12907,209,3,1581.90,0.15,4033.85
92750,11317,269,5,1773.91,0.25,6652.16
92751,7915,202,1,2407.29,0.05,2286.93
92752,5038,188,2,1254.94,0.00,2509.88
92753,12539,279,2,2195.66,0.00,4391.32
92754,5814,214,5,1178.45,0.20,4713.80
92755,12789,269,4,1773.91,0.25,5321.73
92756,5716,271,1,926.97,0.00,926.97
92757,9515,145,5,1877.04,0.00,9385.20
92758,8710,189,3,885.16,0.00,2655.48
92759,9474,147,5,2470.00,0.10,11115.00
92760,6816,241,5,1072.50,0.05,5094.38
92761,9616,281,1,1191.76,0.00,1191.76
92762,9512,231,5,1343.75,0.20,5375.00
92763,5277,163,3,530.94,0.10,1433.54
92764,10263,195,2,1062.47,0.15,1806.20
92765,11076,202,3,2407.29,0.00,7221.87
92766,8248,199,1,1715.24,0.15,1457.95
92767,12192,179,2,864.43,0.00,1728.86
92768,9185,256,1,1238.39,0.00,1238.39
92769,12762,241,5,1072.50,0.15,4558.12
92770,7737,103,5,1509.32,0.00,7546.60
92771,12649,228,2,694.03,0.25,1041.05
92772,10759,184,1,1591.66,0.20,1273.33
92773,6250,164,4,1599.20,0.00,6396.80
92774,12089,255,5,1463.05,0.00,7315.25
92775,5100,297,2,298.38,0.15,507.25
92776,7620,189,2,885.16,0.20,1416.26
92777,6604,149,1,1613.28,0.00,1613.28
92778,9252,181,5,766.36,0.10,3448.62
92779,5500,278,3,227.14,0.00,681.42
92780,9290,247,3,974.32,0.00,2922.96
92781,8534,170,3,2070.85,0.10,5591.29
92782,7194,283,2,615.57,0.00,1231.14
92783,11013,148,3,572.20,0.15,1459.11
92784,6530,228,5,694.03,0.25,2602.61
92785,11541,215,2,813.88,0.00,1627.76
92786,11766,163,5,530.94,0.00,2654.70
92787,10267,282,1,1272.66,0.00,1272.66
92788,10441,231,1,1343.75,0.00,1343.75
92789,8751,252,2,762.60,0.00,1525.20
92790,11275,171,2,1704.37,0.15,2897.43
92791,9982,266,4,1245.35,0.00,4981.40
92792,5689,112,2,1270.77,0.00,2541.54
92793,12190,269,4,1773.91,0.15,6031.29
92794,8498,132,3,1664.91,0.15,4245.52
92795,11065,264,4,1516.92,0.05,5764.30
92796,5598,149,4,1613.28,0.20,5162.50
92797,11484,113,4,2150.67,0.00,8602.68
92798,10966,213,4,1512.95,0.25,4538.85
92799,6926,207,3,620.94,0.25,1397.12
92800,5221,139,3,1994.29,0.20,4786.30
92801,7864,195,4,1062.47,0.00,4249.88
92802,5780,105,2,838.62,0.00,1677.24
92803,5087,254,2,2165.24,0.15,3680.91
92804,8248,285,3,352.36,0.05,1004.23
92805,7698,283,5,615.57,0.00,3077.85
92806,11309,298,1,108.90,0.25,81.68
92807,12526,113,2,2150.67,0.10,3871.21
92808,10317,267,3,1987.88,0.15,5069.09
92809,12484,138,4,1832.29,0.25,5496.87
92810,12878,166,4,485.53,0.05,1845.01
92811,6462,174,3,306.10,0.05,872.38
92812,9513,294,2,2427.45,0.00,4854.90
92813,11783,150,4,397.61,0.00,1590.44
92814,6517,120,2,357.32,0.00,714.64
92815,6528,273,4,1052.32,0.05,3998.82
92816,7482,133,1,420.02,0.10,378.02
92817,10264,241,3,1072.50,0.00,3217.50
92818,7911,107,1,1171.67,0.10,1054.50
92819,7248,156,3,2001.82,0.10,5404.91
92820,9096,201,2,956.06,0.00,1912.12
92821,9099,286,5,69.93,0.00,349.65
92822,8966,119,4,1998.83,0.00,7995.32
92823,6618,146,3,1722.59,0.05,4909.38
92824,6372,168,4,746.43,0.25,2239.29
92825,12074,275,1,1096.31,0.10,986.68
92826,6964,237,3,1134.74,0.10,3063.80
92827,10227,226,4,181.96,0.00,727.84
92828,10560,242,2,1720.12,0.15,2924.20
92829,11536,195,5,1062.47,0.10,4781.12
92830,11121,243,3,2421.72,0.00,7265.16
92831,7987,228,3,694.03,0.20,1665.67
92832,8553,195,5,1062.47,0.25,3984.26
92833,12819,298,5,108.90,0.10,490.05
92834,5026,128,2,114.43,0.00,228.86
92835,5435,230,4,2005.24,0.00,8020.96
92836,7751,209,2,1581.90,0.05,3005.61
92837,8230,297,5,298.38,0.00,1491.90
92838,9137,245,2,1210.49,0.00,2420.98
92839,11847,148,3,572.20,0.10,1544.94
92840,9757,296,4,1459.44,0.10,5253.98
92841,10502,183,4,2299.69,0.20,7359.01
92842,10719,270,3,2245.24,0.20,5388.58
92843,10442,207,1,620.94,0.00,620.94
92844,10301,108,4,1886.70,0.20,6037.44
92845,5652,137,3,301.05,0.15,767.68
92846,5917,161,1,1891.92,0.20,1513.54
92847,11001,293,2,1199.87,0.25,1799.80
92848,11756,158,3,2290.44,0.15,5840.62
92849,10119,224,5,80.21,0.10,360.94
92850,10639,177,1,36.22,0.10,32.60
92851,7625,177,2,36.22,0.20,57.95
92852,6826,274,3,93.41,0.15,238.20
92853,8861,213,1,1512.95,0.15,1286.01
92854,5675,190,3,646.82,0.10,1746.41
92855,7517,185,5,1487.37,0.25,5577.64
92856,7794,170,5,2070.85,0.00,10354.25
92857,6153,271,1,926.97,0.00,926.97
92858,5551,141,5,993.39,0.15,4221.91
92859,10425,290,5,1653.02,0.15,7025.34
92860,12683,244,5,201.19,0.25,754.46
92861,5613,197,5,2202.77,0.00,11013.85
92862,5045,198,3,2373.31,0.15,6051.94
92863,7541,279,5,2195.66,0.00,10978.30
92864,8458,253,1,566.24,0.25,424.68
92865,11644,255,5,1463.05,0.00,7315.25
92866,9542,196,4,1471.90,0.10,5298.84
92867,7476,294,1,2427.45,0.00,2427.45
92868,12679,287,5,224.99,0.20,899.96
92869,9302,298,5,108.90,0.00,544.50
92870,8088,270,1,2245.24,0.00,2245.24
92871,6319,228,5,694.03,0.00,3470.15
92872,11009,166,5,485.53,0.00,2427.65
92873,6076,255,2,1463.05,0.10,2633.49
92874,12403,300,4,757.78,0.10,2728.01
92875,8746,255,4,1463.05,0.10,5266.98
92876,9131,183,2,2299.69,0.00,4599.38
92877,5635,117,3,2081.70,0.15,5308.33
92878,11840,181,4,766.36,0.00,3065.44
92879,11059,264,3,1516.92,0.05,4323.22
92880,11582,226,2,181.96,0.15,309.33
92881,7233,286,2,69.93,0.00,139.86
92882,8317,153,1,1793.31,0.00,1793.31
92883,11820,115,3,1500.95,0.00,4502.85
92884,8033,207,2,620.94,0.25,931.41
92885,10660,260,5,298.97,0.25,1121.14
92886,8199,290,2,1653.02,0.10,2975.44
92887,9168,261,5,419.36,0.15,1782.28
92888,12887,188,4,1254.94,0.20,4015.81
92889,10393,108,3,1886.70,0.00,5660.10
92890,9882,183,4,2299.69,0.15,7818.95
92891,7953,296,5,1459.44,0.25,5472.90
92892,11692,283,2,615.57,0.00,1231.14
92893,10093,246,1,630.04,0.00,630.04
92894,7298,166,1,485.53,0.15,412.70
92895,10948,229,3,1416.93,0.20,3400.63
92896,10755,192,2,1996.58,0.00,3993.16
92897,7957,237,5,1134.74,0.05,5390.01
92898,9475,234,1,302.91,0.15,257.47
92899,8158,151,1,1737.89,0.25,1303.42
92900,12407,240,2,1506.75,0.00,3013.50
92901,8265,182,3,1551.91,0.00,4655.73
92902,7258,107,2,1171.67,0.10,2109.01
92903,8962,133,1,420.02,0.00,420.02
92904,10034,284,2,2320.38,0.10,4176.68
92905,7148,199,2,1715.24,0.25,2572.86
92906,9438,164,4,1599.20,0.10,5757.12
92907,5182,194,1,1926.75,0.25,1445.06
92908,6140,118,2,406.89,0.10,732.40
92909,10946,145,2,1877.04,0.15,3190.97
92910,7511,182,1,1551.91,0.10,1396.72
92911,9095,279,1,2195.66,0.15,1866.31
92912,11754,285,1,352.36,0.00,352.36
92913,5265,270,4,2245.24,0.00,8980.96
92914,5025,231,1,1343.75,0.00,1343.75
92915,7103,130,1,19.96,0.00,19.96
92916,9178,123,2,1736.07,0.15,2951.32
92917,7392,230,4,2005.24,0.00,8020.96
92918,6118,253,4,566.24,0.00,2264.96
92919,5364,265,2,68.86,0.15,117.06
92920,6018,260,2,298.97,0.00,597.94
92921,7753,127,5,1258.40,0.15,5348.20
92922,9013,142,4,1645.63,0.00,6582.52
92923,9011,136,5,843.83,0.00,4219.15
92924,12726,111,2,116.37,0.20,186.19
92925,9621,131,2,2336.91,0.15,3972.75
92926,12279,133,4,420.02,0.25,1260.06
92927,5373,204,1,226.11,0.10,203.50
92928,9366,147,4,2470.00,0.00,9880.00
92929,11494,277,2,176.58,0.00,353.16
92930,9224,130,1,19.96,0.00,19.96
92931,6201,272,3,1363.23,0.15,3476.24
92932,12071,188,3,1254.94,0.00,3764.82
92933,10480,103,2,1509.32,0.15,2565.84
92934,7272,129,5,268.41,0.05,1274.95
92935,8149,292,3,1397.80,0.25,3145.05
92936,8626,173,5,1136.92,0.10,5116.14
92937,10087,230,5,2005.24,0.25,7519.65
92938,5683,140,4,1375.60,0.00,5502.40
92939,10688,204,1,226.11,0.20,180.89
92940,8130,271,3,926.97,0.20,2224.73
92941,8568,201,2,956.06,0.00,1912.12
92942,9202,211,2,955.77,0.00,1911.54
92943,9125,239,2,109.05,0.25,163.57
92944,9449,265,4,68.86,0.20,220.35
92945,8035,279,2,2195.66,0.10,3952.19
92946,5707,234,3,302.91,0.15,772.42
92947,12671,201,4,956.06,0.00,3824.24
92948,8603,210,2,243.98,0.15,414.77
92949,7704,183,3,2299.69,0.10,6209.16
92950,11773,145,3,1877.04,0.00,5631.12
92951,8384,189,3,885.16,0.00,2655.48
92952,5985,238,2,2135.34,0.05,4057.15
92953,10485,168,2,746.43,0.00,1492.86
92954,6460,284,3,2320.38,0.25,5220.86
92955,12093,268,2,1080.58,0.00,2161.16
92956,5406,149,2,1613.28,0.25,2419.92
92957,7284,184,3,1591.66,0.10,4297.48
92958,12746,103,2,1509.32,0.25,2263.98
92959,7049,176,1,1657.31,0.00,1657.31
92960,12851,158,2,2290.44,0.00,4580.88
92961,5241,290,3,1653.02,0.00,4959.06
92962,10288,285,4,352.36,0.00,1409.44
92963,12646,167,2,50.29,0.20,80.46
92964,10559,274,4,93.41,0.00,373.64
92965,10320,290,2,1653.02,0.20,2644.83
92966,7514,220,4,246.34,0.05,936.09
92967,6085,261,5,419.36,0.15,1782.28
92968,9987,238,3,2135.34,0.00,6406.02
92969,6701,181,5,766.36,0.00,3831.80
92970,5211,279,1,2195.66,0.00,2195.66
92971,11082,129,2,268.41,0.00,536.82
92972,9200,224,5,80.21,0.20,320.84
92973,7640,187,3,2442.76,0.20,5862.62
92974,11063,262,2,338.59,0.00,677.18
92975,12157,123,4,1736.07,0.25,5208.21
92976,5093,285,5,352.36,0.00,1761.80
92977,12089,143,5,988.01,0.00,4940.05
92978,9953,115,3,1500.95,0.05,4277.71
92979,8095,106,2,903.02,0.00,1806.04
92980,9092,180,1,943.48,0.20,754.78
92981,11123,271,1,926.97,0.00,926.97
92982,11590,122,3,522.39,0.00,1567.17
92983,11525,261,5,419.36,0.00,2096.80
92984,7260,220,5,246.34,0.05,1170.12
92985,8784,101,1,907.15,0.00,907.15
92986,10543,218,2,1133.43,0.15,1926.83
92987,11628,104,2,2213.07,0.00,4426.14
92988,9783,112,5,1270.77,0.15,5400.77
92989,10637,156,1,2001.82,0.20,1601.46
92990,6614,101,5,907.15,0.10,4082.18
92991,6997,231,2,1343.75,0.00,2687.50
92992,12030,196,2,1471.90,0.10,2649.42
92993,6170,124,1,213.45,0.25,160.09
92994,12792,220,3,246.34,0.00,739.02
92995,11530,256,2,1238.39,0.05,2352.94
92996,8543,122,4,522.39,0.15,1776.13
92997,6623,118,2,406.89,0.20,651.02
92998,9851,130,1,19.96,0.15,16.97
92999,10137,198,5,2373.31,0.15,10086.57
93000,11017,193,3,1884.74,0.00,5654.22
93001,12774,218,5,1133.43,0.00,5667.15
93002,12467,240,5,1506.75,0.15,6403.69
93003,6933,188,4,1254.94,0.20,4015.81
93004,6507,168,1,746.43,0.20,597.14
93005,12383,196,2,1471.90,0.00,2943.80
93006,10306,210,3,243.98,0.00,731.94
93007,6904,145,2,1877.04,0.25,2815.56
93008,10897,247,2,974.32,0.00,1948.64
93009,12927,169,3,525.57,0.25,1182.53
93010,10039,172,1,176.79,0.00,176.79
93011,11004,243,4,2421.72,0.00,9686.88
93012,8934,270,2,2245.24,0.25,3367.86
93013,7123,245,1,1210.49,0.15,1028.92
93014,12732,140,3,1375.60,0.05,3920.46
93015,12809,122,4,522.39,0.00,2089.56
93016,12414,134,4,574.61,0.25,1723.83
93017,12681,225,2,1270.62,0.00,2541.24
93018,10950,262,4,338.59,0.25,1015.77
93019,9166,140,5,1375.60,0.25,5158.50
93020,5075,140,4,1375.60,0.15,4677.04
93021,11084,113,2,2150.67,0.00,4301.34
93022,12131,144,2,1446.74,0.15,2459.46
93023,8563,173,5,1136.92,0.05,5400.37
93024,6862,208,2,2078.25,0.15,3533.03
93025,5924,259,4,2370.62,0.25,7111.86
93026,11380,241,2,1072.50,0.00,2145.00
93027,6618,156,5,2001.82,0.15,8507.74
93028,7799,102,2,1084.90,0.00,2169.80
93029,6525,187,5,2442.76,0.15,10381.73
93030,12684,140,2,1375.60,0.05,2613.64
93031,12880,128,3,114.43,0.00,343.29
93032,9460,109,3,2155.87,0.00,6467.61
93033,10366,287,3,224.99,0.00,674.97
93034,11446,224,5,80.21,0.25,300.79
93035,5407,133,2,420.02,0.00,840.04
93036,9572,288,5,475.03,0.00,2375.15
93037,5068,278,5,227.14,0.25,851.77
93038,5398,233,5,640.40,0.15,2721.70
93039,9321,111,1,116.37,0.05,110.55
93040,5831,241,5,1072.50,0.00,5362.50
93041,12315,291,2,1369.29,0.00,2738.58
93042,5180,109,2,2155.87,0.20,3449.39
93043,6567,245,4,1210.49,0.00,4841.96
93044,9615,159,4,1740.36,0.10,6265.30
93045,8293,203,1,1900.01,0.00,1900.01
93046,6084,249,1,1638.11,0.25,1228.58
93047,12580,286,5,69.93,0.00,349.65
93048,10691,221,5,1712.69,0.05,8135.28
93049,9962,174,3,306.10,0.20,734.64
93050,10233,197,5,2202.77,0.00,11013.85
93051,6281,249,1,1638.11,0.00,1638.11
93052,8627,156,1,2001.82,0.05,1901.73
93053,7217,249,5,1638.11,0.00,8190.55
93054,5045,169,4,525.57,0.00,2102.28
93055,12213,227,5,461.19,0.00,2305.95
93056,6767,255,3,1463.05,0.00,4389.15
93057,5493,185,5,1487.37,0.00,7436.85
93058,12773,146,4,1722.59,0.05,6545.84
93059,11991,271,1,926.97,0.10,834.27
93060,9339,248,5,1863.86,0.25,6989.47
93061,11299,109,3,2155.87,0.15,5497.47
93062,12567,112,1,1270.77,0.10,1143.69
93063,5806,172,2,176.79,0.00,353.58
93064,8987,127,1,1258.40,0.20,1006.72
93065,6125,108,3,1886.70,0.00,5660.10
93066,8885,276,1,1758.07,0.00,1758.07
93067,6619,181,2,766.36,0.15,1302.81
93068,11099,191,3,1189.21,0.00,3567.63
93069,10484,164,4,1599.20,0.15,5437.28
93070,8052,154,4,2234.02,0.15,7595.67
93071,6028,237,3,1134.74,0.00,3404.22
93072,8145,263,5,2447.20,0.00,12236.00
93073,9649,180,2,943.48,0.10,1698.26
93074,12014,121,3,2042.46,0.15,5208.27
93075,9155,259,4,2370.62,0.00,9482.48
93076,7641,258,3,2022.94,0.20,4855.06
93077,7084,268,5,1080.58,0.15,4592.46
93078,11729,288,4,475.03,0.05,1805.11
93079,10315,259,5,2370.62,0.05,11260.44
93080,5975,104,1,2213.07,0.20,1770.46
93081,7442,146,4,1722.59,0.00,6890.36
93082,12481,147,4,2470.00,0.00,9880.00
93083,11765,232,1,1813.56,0.00,1813.56
93084,5986,183,1,2299.69,0.25,1724.77
93085,12862,208,5,2078.25,0.00,10391.25
93086,12330,153,2,1793.31,0.00,3586.62
93087,7287,225,1,1270.62,0.00,1270.62
93088,6716,197,4,2202.77,0.15,7489.42
93089,11378,109,1,2155.87,0.15,1832.49
93090,7910,225,1,1270.62,0.15,1080.03
93091,7256,215,1,813.88,0.00,813.88
93092,11278,163,1,530.94,0.00,530.94
93093,10358,214,4,1178.45,0.25,3535.35
93094,10497,259,5,2370.62,0.00,11853.10
93095,11292,231,2,1343.75,0.10,2418.75
93096,12905,171,1,1704.37,0.10,1533.93
93097,6053,137,5,301.05,0.05,1429.99
93098,5338,165,2,2379.36,0.00,4758.72
93099,5669,255,3,1463.05,0.10,3950.23
93100,6036,110,5,418.96,0.10,1885.32
93101,8882,254,4,2165.24,0.20,6928.77
93102,8367,201,3,956.06,0.00,2868.18
93103,12952,164,2,1599.20,0.05,3038.48
93104,7923,132,2,1664.91,0.00,3329.82
93105,12215,207,2,620.94,0.00,1241.88
93106,5679,145,4,1877.04,0.10,6757.34
93107,10814,286,3,69.93,0.00,209.79
93108,8556,186,3,1700.97,0.00,5102.91
93109,8828,272,2,1363.23,0.25,2044.85
93110,8316,139,5,1994.29,0.00,9971.45
93111,12618,132,4,1664.91,0.05,6326.66
93112,5715,172,5,176.79,0.20,707.16
93113,7066,218,3,1133.43,0.20,2720.23
93114,5462,241,4,1072.50,0.00,4290.00
93115,10962,221,5,1712.69,0.15,7278.93
93116,9085,282,2,1272.66,0.00,2545.32
93117,7178,187,4,2442.76,0.00,9771.04
93118,9362,261,4,419.36,0.10,1509.70
93119,5659,274,2,93.41,0.25,140.12
93120,6579,182,2,1551.91,0.00,3103.82
93121,10567,225,4,1270.62,0.05,4828.36
93122,11627,129,4,268.41,0.10,966.28
93123,8756,230,1,2005.24,0.20,1604.19
93124,11494,165,2,2379.36,0.00,4758.72
93125,8766,138,1,1832.29,0.00,1832.29
93126,8724,139,3,1994.29,0.20,4786.30
93127,7600,158,3,2290.44,0.25,5153.49
93128,11539,149,1,1613.28,0.25,1209.96
93129,12974,244,3,201.19,0.00,603.57
93130,12284,209,3,1581.90,0.25,3559.28
93131,5191,288,3,475.03,0.20,1140.07
93132,8837,256,1,1238.39,0.15,1052.63
93133,5857,287,3,224.99,0.10,607.47
93134,5984,196,4,1471.90,0.20,4710.08
93135,9582,270,3,2245.24,0.00,6735.72
93136,6127,147,2,2470.00,0.10,4446.00
93137,5490,280,5,1665.08,0.00,8325.40
93138,6025,259,4,2370.62,0.20,7585.98
93139,11974,140,2,1375.60,0.15,2338.52
93140,6228,159,3,1740.36,0.00,5221.08
93141,10824,131,2,2336.91,0.00,4673.82
93142,10682,243,4,2421.72,0.25,7265.16
93143,6345,250,4,449.73,0.05,1708.97
93144,5424,184,5,1591.66,0.20,6366.64
93145,12117,257,5,1787.40,0.05,8490.15
93146,9049,299,5,514.01,0.10,2313.05
93147,10077,192,5,1996.58,0.15,8485.47
93148,7476,230,5,2005.24,0.05,9524.89
93149,11036,167,2,50.29,0.00,100.58
93150,9882,232,1,1813.56,0.00,1813.56
93151,7993,166,1,485.53,0.10,436.98
93152,9849,119,4,1998.83,0.25,5996.49
93153,5610,106,1,903.02,0.25,677.26
93154,9640,189,3,885.16,0.10,2389.93
93155,8056,288,3,475.03,0.00,1425.09
93156,12566,164,4,1599.20,0.00,6396.80
93157,8619,162,4,764.05,0.00,3056.20
93158,12105,207,5,620.94,0.00,3104.70
93159,7323,211,2,955.77,0.25,1433.65
93160,9115,280,1,1665.08,0.20,1332.06
93161,7052,284,3,2320.38,0.20,5568.91
93162,11654,206,3,239.11,0.00,717.33
93163,12208,118,3,406.89,0.25,915.50
93164,8121,138,3,1832.29,0.15,4672.34
93165,12871,284,4,2320.38,0.15,7889.29
93166,6760,172,4,176.79,0.10,636.44
93167,10623,253,5,566.24,0.25,2123.40
93168,11022,254,2,2165.24,0.00,4330.48
93169,7304,213,1,1512.95,0.00,1512.95
93170,5486,202,4,2407.29,0.20,7703.33
93171,6093,285,3,352.36,0.00,1057.08
93172,11812,280,4,1665.08,0.00,6660.32
93173,5913,135,3,1777.26,0.25,3998.84
93174,6319,151,1,1737.89,0.15,1477.21
93175,10815,101,4,907.15,0.10,3265.74
93176,10078,107,5,1171.67,0.00,5858.35
93177,11051,266,1,1245.35,0.25,934.01
93178,9609,104,4,2213.07,0.20,7081.82
93179,9178,159,3,1740.36,0.10,4698.97
93180,12088,256,1,1238.39,0.00,1238.39
93181,7173,142,1,1645.63,0.00,1645.63
93182,7575,288,1,475.03,0.00,475.03
93183,8286,181,5,766.36,0.00,3831.80
93184,6901,226,2,181.96,0.05,345.72
93185,5016,254,5,2165.24,0.25,8119.65
93186,7617,175,5,2362.73,0.05,11222.97
93187,8894,205,2,637.79,0.00,1275.58
93188,8324,221,1,1712.69,0.05,1627.06
93189,6226,118,5,406.89,0.05,1932.73
93190,7798,230,5,2005.24,0.25,7519.65
93191,8500,136,3,843.83,0.25,1898.62
93192,12630,240,4,1506.75,0.15,5122.95
93193,7179,269,2,1773.91,0.20,2838.26
93194,12547,164,4,1599.20,0.25,4797.60
93195,11014,282,5,1272.66,0.25,4772.48
93196,7491,187,2,2442.76,0.15,4152.69
93197,5741,134,1,574.61,0.25,430.96
93198,8404,296,5,1459.44,0.00,7297.20
93199,9660,235,3,1296.63,0.15,3306.41
93200,6785,243,2,2421.72,0.20,3874.75
93201,10349,300,3,757.78,0.10,2046.01
93202,7669,181,5,766.36,0.00,3831.80
93203,7991,279,2,2195.66,0.25,3293.49
93204,7258,300,3,757.78,0.00,2273.34
93205,11246,255,3,1463.05,0.00,4389.15
93206,12331,117,3,2081.70,0.00,6245.10
93207,9526,103,1,1509.32,0.00,1509.32
93208,11671,258,5,2022.94,0.25,7586.03
93209,9679,265,2,68.86,0.20,110.18
93210,12298,275,1,1096.31,0.15,931.86
93211,5796,259,3,2370.62,0.25,5333.89
93212,9849,152,4,1885.74,0.05,7165.81
93213,8487,133,4,420.02,0.20,1344.06
93214,10321,251,3,947.97,0.00,2843.91
93215,10876,236,2,442.97,0.25,664.46
93216,9057,102,2,1084.90,0.10,1952.82
93217,11348,290,2,1653.02,0.00,3306.04
93218,10098,148,3,572.20,0.10,1544.94
93219,7873,227,1,461.19,0.25,345.89
93220,8436,125,3,1053.19,0.25,2369.68
93221,5470,227,3,461.19,0.00,1383.57
93222,8977,140,5,1375.60,0.20,5502.40
93223,11498,165,1,2379.36,0.20,1903.49
93224,11234,108,4,1886.70,0.05,7169.46
93225,5371,124,5,213.45,0.15,907.16
93226,11969,170,4,2070.85,0.00,8283.40
93227,10625,187,3,2442.76,0.20,5862.62
93228,12206,208,1,2078.25,0.00,2078.25
93229,5403,239,2,109.05,0.10,196.29
93230,10996,234,2,302.91,0.25,454.37
93231,10232,294,2,2427.45,0.25,3641.17
93232,8097,295,3,1644.06,0.00,4932.18
93233,9364,180,4,943.48,0.00,3773.92
93234,7089,235,4,1296.63,0.00,5186.52
93235,10288,175,5,2362.73,0.00,11813.65
93236,10750,205,1,637.79,0.25,478.34
93237,8927,149,1,1613.28,0.00,1613.28
93238,9811,279,3,2195.66,0.25,4940.23
93239,11079,166,2,485.53,0.00,971.06
93240,5249,103,3,1509.32,0.00,4527.96
93241,10489,110,5,418.96,0.10,1885.32
93242,9895,156,4,2001.82,0.15,6806.19
93243,7764,210,1,243.98,0.25,182.98
93244,10854,172,3,176.79,0.10,477.33
93245,6733,275,2,1096.31,0.00,2192.62
93246,8413,155,4,2423.51,0.00,9694.04
93247,6578,297,5,298.38,0.10,1342.71
93248,6097,299,3,514.01,0.25,1156.52
93249,6290,250,4,449.73,0.05,1708.97
93250,9703,127,3,1258.40,0.00,3775.20
93251,9699,280,5,1665.08,0.15,7076.59
93252,10131,202,1,2407.29,0.25,1805.47
93253,11673,110,5,418.96,0.15,1780.58
93254,9586,169,5,525.57,0.00,2627.85
93255,7185,231,2,1343.75,0.20,2150.00
93256,5691,255,1,1463.05,0.10,1316.74
93257,12282,280,2,1665.08,0.15,2830.64
93258,7442,179,4,864.43,0.00,3457.72
93259,5275,209,2,1581.90,0.05,3005.61
93260,7782,295,2,1644.06,0.10,2959.31
93261,9809,238,3,2135.34,0.00,6406.02
93262,5343,269,3,1773.91,0.05,5055.64
93263,7023,230,5,2005.24,0.10,9023.58
93264,8443,264,4,1516.92,0.20,4854.14
93265,12052,282,3,1272.66,0.25,2863.49
93266,7537,273,1,1052.32,0.15,894.47
93267,11502,276,4,1758.07,0.00,7032.28
93268,5966,249,5,1638.11,0.20,6552.44
93269,9885,158,1,2290.44,0.20,1832.35
93270,8862,193,4,1884.74,0.00,7538.96
93271,11112,132,2,1664.91,0.00,3329.82
93272,10399,229,1,1416.93,0.00,1416.93
93273,9351,268,5,1080.58,0.25,4052.17
93274,10686,182,2,1551.91,0.25,2327.87
93275,12851,135,3,1777.26,0.10,4798.60
93276,6570,108,4,1886.70,0.15,6414.78
93277,5658,195,1,1062.47,0.25,796.85
93278,9539,220,1,246.34,0.00,246.34
93279,5636,231,2,1343.75,0.00,2687.50
93280,6191,164,1,1599.20,0.25,1199.40
93281,6673,160,4,773.25,0.00,3093.00
93282,5175,133,5,420.02,0.00,2100.10
93283,9981,112,1,1270.77,0.15,1080.15
93284,7071,177,1,36.22,0.25,27.16
93285,6785,259,3,2370.62,0.00,7111.86
93286,8636,153,3,1793.31,0.20,4303.94
93287,12275,108,3,1886.70,0.25,4245.08
93288,10489,215,2,813.88,0.20,1302.21
93289,5493,169,1,525.57,0.10,473.01
93290,9949,145,2,1877.04,0.20,3003.26
93291,11098,190,4,646.82,0.00,2587.28
93292,9176,102,5,1084.90,0.10,4882.05
93293,11298,173,4,1136.92,0.00,4547.68
93294,6217,287,5,224.99,0.00,1124.95
93295,11547,235,5,1296.63,0.00,6483.15
93296,6584,156,5,2001.82,0.10,9008.19
93297,12865,222,4,1487.60,0.00,5950.40
93298,10178,127,1,1258.40,0.05,1195.48
93299,12293,266,1,1245.35,0.15,1058.55
93300,10356,122,4,522.39,0.15,1776.13
93301,6357,162,1,764.05,0.25,573.04
93302,9099,276,1,1758.07,0.10,1582.26
93303,9489,282,4,1272.66,0.00,5090.64
93304,12455,139,1,1994.29,0.10,1794.86
93305,7706,119,2,1998.83,0.00,3997.66
93306,6457,111,4,116.37,0.05,442.21
93307,7993,117,3,2081.70,0.10,5620.59
93308,12246,270,4,2245.24,0.20,7184.77
93309,8355,156,1,2001.82,0.10,1801.64
93310,7262,243,4,2421.72,0.00,9686.88
93311,7977,291,1,1369.29,0.00,1369.29
93312,9783,131,4,2336.91,0.20,7478.11
93313,9997,187,3,2442.76,0.05,6961.87
93314,11939,135,1,1777.26,0.00,1777.26
93315,12914,277,1,176.58,0.00,176.58
93316,10383,174,4,306.10,0.10,1101.96
93317,8688,234,5,302.91,0.00,1514.55
93318,9092,238,5,2135.34,0.00,10676.70
93319,6924,114,4,1566.37,0.25,4699.11
93320,10069,106,5,903.02,0.05,4289.35
93321,9313,143,2,988.01,0.00,1976.02
93322,6132,138,1,1832.29,0.00,1832.29
93323,6605,131,3,2336.91,0.00,7010.73
93324,12178,169,5,525.57,0.10,2365.07
93325,9639,132,4,1664.91,0.00,6659.64
93326,7713,161,2,1891.92,0.00,3783.84
93327,8712,215,1,813.88,0.25,610.41
93328,5350,254,1,2165.24,0.15,1840.45
93329,9868,203,3,1900.01,0.00,5700.03
93330,6069,217,4,1763.03,0.05,6699.51
93331,5104,107,2,1171.67,0.20,1874.67
93332,9737,223,1,1691.32,0.10,1522.19
93333,5310,282,5,1272.66,0.25,4772.48
93334,11366,153,4,1793.31,0.10,6455.92
93335,10216,172,3,176.79,0.25,397.78
93336,12847,285,4,352.36,0.25,1057.08
93337,11131,212,2,850.02,0.00,1700.04
93338,10525,173,1,1136.92,0.05,1080.07
93339,10057,126,5,288.49,0.00,1442.45
93340,6455,255,2,1463.05,0.00,2926.10
93341,11135,288,2,475.03,0.10,855.05
93342,11749,227,5,461.19,0.00,2305.95
93343,5248,111,1,116.37,0.15,98.91
93344,5943,297,4,298.38,0.25,895.14
93345,6722,193,4,1884.74,0.20,6031.17
93346,8526,199,5,1715.24,0.15,7289.77
93347,11499,233,5,640.40,0.00,3202.00
93348,11355,117,1,2081.70,0.25,1561.27
93349,10074,153,3,1793.31,0.00,5379.93
93350,5088,113,3,2150.67,0.15,5484.21
93351,6047,193,4,1884.74,0.05,7162.01
93352,6627,290,4,1653.02,0.20,5289.66
93353,6246,116,3,1355.08,0.20,3252.19
93354,6211,276,3,1758.07,0.25,3955.66
93355,5199,134,2,574.61,0.25,861.91
93356,7547,249,1,1638.11,0.10,1474.30
93357,12979,141,5,993.39,0.10,4470.26
93358,5765,187,5,2442.76,0.05,11603.11
93359,7366,276,4,1758.07,0.00,7032.28
93360,10114,254,4,2165.24,0.00,8660.96
93361,5069,128,2,114.43,0.05,217.42
93362,12177,227,4,461.19,0.00,1844.76
93363,9140,201,2,956.06,0.00,1912.12
93364,12588,217,3,1763.03,0.00,5289.09
93365,11523,176,3,1657.31,0.05,4723.33
93366,11764,296,2,1459.44,0.00,2918.88
93367,11619,178,5,1497.89,0.15,6366.03
93368,6144,274,5,93.41,0.00,467.05
93369,8314,284,3,2320.38,0.25,5220.86
93370,9200,260,5,298.97,0.15,1270.62
93371,6269,250,2,449.73,0.25,674.60
93372,9390,189,1,885.16,0.00,885.16
93373,7436,254,4,2165.24,0.20,6928.77
93374,9476,123,4,1736.07,0.00,6944.28
93375,10613,279,5,2195.66,0.15,9331.55
93376,10354,195,1,1062.47,0.15,903.10
93377,7838,184,2,1591.66,0.10,2864.99
93378,6379,152,3,1885.74,0.15,4808.64
93379,6387,154,5,2234.02,0.15,9494.59
93380,12123,129,3,268.41,0.20,644.18
93381,5476,132,1,1664.91,0.00,1664.91
93382,9873,285,3,352.36,0.15,898.52
93383,6514,284,4,2320.38,0.10,8353.37
93384,5855,144,2,1446.74,0.10,2604.13
93385,6323,163,2,530.94,0.10,955.69
93386,8080,206,2,239.11,0.05,454.31
93387,8379,182,1,1551.91,0.15,1319.12
93388,10666,183,3,2299.69,0.15,5864.21
93389,6852,294,4,2427.45,0.00,9709.80
93390,6004,190,4,646.82,0.20,2069.82
93391,9718,260,4,298.97,0.05,1136.09
93392,11619,287,5,224.99,0.20,899.96
93393,12678,167,1,50.29,0.25,37.72
93394,8830,293,4,1199.87,0.15,4079.56
93395,12898,102,4,1084.90,0.25,3254.70
93396,6410,253,3,566.24,0.00,1698.72
93397,6065,101,1,907.15,0.05,861.79
93398,8083,195,5,1062.47,0.20,4249.88
93399,6448,150,4,397.61,0.00,1590.44
93400,5226,121,4,2042.46,0.25,6127.38
93401,12395,245,1,1210.49,0.00,1210.49
93402,10733,281,4,1191.76,0.20,3813.63
93403,6780,219,1,1538.12,0.25,1153.59
93404,6681,242,2,1720.12,0.05,3268.23
93405,5788,221,5,1712.69,0.25,6422.59
93406,10186,155,1,2423.51,0.00,2423.51
93407,5724,224,1,80.21,0.15,68.18
93408,8538,156,2,2001.82,0.00,4003.64
93409,9450,250,1,449.73,0.00,449.73
93410,7012,226,2,181.96,0.20,291.14
93411,8947,228,4,694.03,0.00,2776.12
93412,5389,297,3,298.38,0.00,895.14
93413,5308,239,4,109.05,0.00,436.20
93414,12509,146,1,1722.59,0.00,1722.59
93415,8312,139,3,1994.29,0.00,5982.87
93416,10296,265,3,68.86,0.10,185.92
93417,12089,217,5,1763.03,0.20,7052.12
93418,7097,234,5,302.91,0.00,1514.55
93419,6087,240,5,1506.75,0.05,7157.06
93420,12997,151,1,1737.89,0.25,1303.42
93421,10594,261,3,419.36,0.10,1132.27
93422,5924,230,4,2005.24,0.10,7218.86
93423,11381,196,2,1471.90,0.00,2943.80
93424,8807,154,1,2234.02,0.10,2010.62
93425,11509,196,3,1471.90,0.00,4415.70
93426,7494,198,1,2373.31,0.25,1779.98
93427,11036,226,2,181.96,0.05,345.72
93428,8999,202,4,2407.29,0.10,8666.24
93429,12425,129,5,268.41,0.05,1274.95
93430,8135,173,3,1136.92,0.15,2899.15
93431,7905,176,4,1657.31,0.00,6629.24
93432,7589,194,2,1926.75,0.20,3082.80
93433,8202,276,3,1758.07,0.15,4483.08
93434,6553,102,3,1084.90,0.00,3254.70
93435,7622,152,5,1885.74,0.00,9428.70
93436,12103,128,4,114.43,0.00,457.72
93437,9444,159,1,1740.36,0.20,1392.29
93438,9869,158,1,2290.44,0.00,2290.44
93439,5284,136,5,843.83,0.15,3586.28
93440,6580,162,3,764.05,0.00,2292.15
93441,9094,185,5,1487.37,0.00,7436.85
93442,8809,291,1,1369.29,0.20,1095.43
93443,7615,123,3,1736.07,0.00,5208.21
93444,6490,141,3,993.39,0.20,2384.14
93445,5122,129,4,268.41,0.00,1073.64
93446,6591,230,4,2005.24,0.00,8020.96
93447,5770,289,2,499.25,0.00,998.50
93448,12890,129,1,268.41,0.00,268.41
93449,5503,265,4,68.86,0.10,247.90
93450,9031,195,5,1062.47,0.00,5312.35
93451,9934,160,3,773.25,0.15,1971.79
93452,7906,257,5,1787.40,0.20,7149.60
93453,10506,282,5,1272.66,0.00,6363.30
93454,9295,115,5,1500.95,0.15,6379.04
93455,11534,147,3,2470.00,0.15,6298.50
93456,10131,186,1,1700.97,0.05,1615.92
93457,11782,125,4,1053.19,0.05,4002.12
93458,6701,112,4,1270.77,0.05,4828.93
93459,8721,189,5,885.16,0.15,3761.93
93460,6084,261,3,419.36,0.00,1258.08
93461,11751,284,2,2320.38,0.15,3944.65
93462,10262,152,4,1885.74,0.20,6034.37
93463,9279,251,5,947.97,0.10,4265.87
93464,10505,137,5,301.05,0.00,1505.25
93465,10704,167,1,50.29,0.00,50.29
93466,10401,170,2,2070.85,0.00,4141.70
93467,5720,215,1,813.88,0.00,813.88
93468,6816,292,3,1397.80,0.20,3354.72
93469,9285,157,5,1243.00,0.00,6215.00
93470,7852,290,1,1653.02,0.25,1239.76
93471,10273,280,4,1665.08,0.20,5328.26
93472,10432,172,3,176.79,0.05,503.85
93473,6541,145,2,1877.04,0.05,3566.38
93474,6331,109,4,2155.87,0.10,7761.13
93475,5730,149,2,1613.28,0.05,3065.23
93476,9703,298,1,108.90,0.10,98.01
93477,8436,296,5,1459.44,0.00,7297.20
93478,5304,245,3,1210.49,0.10,3268.32
93479,6134,205,2,637.79,0.25,956.68
93480,8525,120,2,357.32,0.20,571.71
93481,9962,296,1,1459.44,0.15,1240.52
93482,6484,145,5,1877.04,0.00,9385.20
93483,7012,170,5,2070.85,0.20,8283.40
93484,11651,234,2,302.91,0.15,514.95
93485,5780,197,5,2202.77,0.25,8260.39
93486,8715,207,5,620.94,0.00,3104.70
93487,11677,182,3,1551.91,0.10,4190.16
93488,5262,123,2,1736.07,0.05,3298.53
93489,10540,232,1,1813.56,0.15,1541.53
93490,5253,118,1,406.89,0.05,386.55
93491,12581,110,1,418.96,0.00,418.96
93492,5883,291,3,1369.29,0.00,4107.87
93493,7452,165,3,2379.36,0.05,6781.18
93494,9715,294,2,2427.45,0.10,4369.41
93495,12694,270,3,2245.24,0.00,6735.72
93496,6584,187,4,2442.76,0.00,9771.04
93497,8087,193,3,1884.74,0.20,4523.38
93498,8614,151,5,1737.89,0.00,8689.45
93499,7756,150,5,397.61,0.25,1491.04
93500,5992,212,3,850.02,0.20,2040.05
93501,11401,245,1,1210.49,0.00,1210.49
93502,10309,145,5,1877.04,0.10,8446.68
93503,7427,262,5,338.59,0.00,1692.95
93504,6180,292,1,1397.80,0.00,1397.80
93505,10615,223,2,1691.32,0.10,3044.38
93506,7894,129,5,268.41,0.25,1006.54
93507,6623,108,2,1886.70,0.25,2830.05
93508,8641,163,5,530.94,0.00,2654.70
93509,10052,168,3,746.43,0.10,2015.36
93510,6480,238,3,2135.34,0.20,5124.82
93511,8886,220,3,246.34,0.25,554.26
93512,6377,216,4,1385.99,0.05,5266.76
93513,8710,119,5,1998.83,0.20,7995.32
93514,6216,153,2,1793.31,0.25,2689.97
93515,10603,198,3,2373.31,0.20,5695.94
93516,6391,235,2,1296.63,0.25,1944.95
93517,7578,114,1,1566.37,0.10,1409.73
93518,7921,117,4,2081.70,0.15,7077.78
93519,5568,257,1,1787.40,0.15,1519.29
93520,8602,221,5,1712.69,0.00,8563.45
93521,5438,160,2,773.25,0.15,1314.52
93522,6341,148,1,572.20,0.10,514.98
93523,5717,126,4,288.49,0.00,1153.96
93524,6801,258,5,2022.94,0.00,10114.70
93525,6245,279,4,2195.66,0.00,8782.64
93526,6611,166,2,485.53,0.00,971.06
93527,10096,176,3,1657.31,0.00,4971.93
93528,5989,275,1,1096.31,0.25,822.23
93529,5252,145,2,1877.04,0.05,3566.38
93530,10482,141,3,993.39,0.05,2831.16
93531,12987,104,1,2213.07,0.25,1659.80
93532,7333,140,2,1375.60,0.00,2751.20
93533,12233,240,3,1506.75,0.10,4068.22
93534,12452,166,3,485.53,0.00,1456.59
93535,10425,187,1,2442.76,0.05,2320.62
93536,5458,215,3,813.88,0.25,1831.23
93537,11525,192,3,1996.58,0.10,5390.77
93538,7930,236,1,442.97,0.00,442.97
93539,11272,220,2,246.34,0.15,418.78
93540,7510,140,5,1375.60,0.10,6190.20
93541,12787,258,2,2022.94,0.00,4045.88
93542,11516,247,5,974.32,0.00,4871.60
93543,12291,151,2,1737.89,0.00,3475.78
93544,12431,123,3,1736.07,0.05,4947.80
93545,11353,271,2,926.97,0.00,1853.94
93546,11406,156,2,2001.82,0.00,4003.64
93547,10836,113,1,2150.67,0.20,1720.54
93548,8242,128,4,114.43,0.00,457.72
93549,8167,264,3,1516.92,0.15,3868.15
93550,8750,114,5,1566.37,0.00,7831.85
93551,10335,234,4,302.91,0.00,1211.64
93552,10373,123,1,1736.07,0.05,1649.27
93553,8984,299,5,514.01,0.10,2313.05
93554,5446,263,1,2447.20,0.10,2202.48
93555,7145,147,2,2470.00,0.25,3705.00
93556,10603,259,2,2370.62,0.00,4741.24
93557,11508,114,2,1566.37,0.00,3132.74
93558,6855,258,3,2022.94,0.15,5158.50
93559,7846,198,2,2373.31,0.00,4746.62
93560,8736,286,4,69.93,0.05,265.73
93561,8694,112,2,1270.77,0.15,2160.31
93562,5032,214,2,1178.45,0.20,1885.52
93563,6546,297,2,298.38,0.05,566.92
93564,6589,197,1,2202.77,0.20,1762.22
93565,11421,189,5,885.16,0.00,4425.80
93566,6120,199,4,1715.24,0.00,6860.96
93567,11294,157,1,1243.00,0.25,932.25
93568,5135,185,1,1487.37,0.00,1487.37
93569,6109,183,2,2299.69,0.15,3909.47
93570,6050,127,4,1258.40,0.00,5033.60
93571,6082,248,4,1863.86,0.15,6337.12
93572,12807,141,1,993.39,0.00,993.39
93573,7560,247,5,974.32,0.20,3897.28
93574,5685,289,3,499.25,0.25,1123.31
93575,5695,150,2,397.61,0.10,715.70
93576,9913,233,1,640.40,0.00,640.40
93577,12321,126,4,288.49,0.20,923.17
93578,7664,114,4,1566.37,0.00,6265.48
93579,11919,155,4,2423.51,0.00,9694.04
93580,12664,153,5,1793.31,0.00,8966.55
93581,9307,233,3,640.40,0.25,1440.90
93582,8807,198,4,2373.31,0.25,7119.93
93583,12136,119,1,1998.83,0.00,1998.83
93584,12793,249,1,1638.11,0.05,1556.20
93585,12753,151,2,1737.89,0.00,3475.78
93586,7984,216,4,1385.99,0.00,5543.96
93587,8163,224,2,80.21,0.00,160.42
93588,12653,255,3,1463.05,0.20,3511.32
93589,9611,139,5,1994.29,0.15,8475.73
93590,10024,270,1,2245.24,0.20,1796.19
93591,11464,118,3,406.89,0.00,1220.67
93592,5139,107,5,1171.67,0.00,5858.35
93593,8539,103,2,1509.32,0.20,2414.91
93594,10196,220,3,246.34,0.00,739.02
93595,6882,239,2,109.05,0.25,163.57
93596,9878,157,4,1243.00,0.25,3729.00
93597,5578,257,4,1787.40,0.05,6792.12
93598,8326,281,3,1191.76,0.05,3396.52
93599,10259,184,4,1591.66,0.10,5729.98
93600,9269,233,3,640.40,0.20,1536.96
93601,10737,187,5,2442.76,0.25,9160.35
93602,8901,159,2,1740.36,0.15,2958.61
93603,6823,176,3,1657.31,0.05,4723.33
93604,12862,238,4,2135.34,0.00,8541.36
93605,11214,149,3,1613.28,0.00,4839.84
93606,9728,165,2,2379.36,0.05,4520.78
93607,9689,258,1,2022.94,0.00,2022.94
93608,6528,283,4,615.57,0.20,1969.82
93609,9009,129,1,268.41,0.05,254.99
93610,7310,194,5,1926.75,0.20,7707.00
93611,11135,229,5,1416.93,0.25,5313.49
93612,9067,145,1,1877.04,0.20,1501.63
93613,6636,256,4,1238.39,0.00,4953.56
93614,9198,244,3,201.19,0.00,603.57
93615,8254,298,1,108.90,0.00,108.90
93616,10512,276,5,1758.07,0.15,7471.80
93617,5497,174,5,306.10,0.00,1530.50
93618,12436,120,1,357.32,0.05,339.45
93619,6471,235,1,1296.63,0.00,1296.63
93620,12340,125,5,1053.19,0.00,5265.95
93621,11132,166,3,485.53,0.20,1165.27
93622,6391,154,2,2234.02,0.00,4468.04
93623,11802,247,4,974.32,0.05,3702.42
93624,9804,247,5,974.32,0.15,4140.86
93625,11136,248,2,1863.86,0.25,2795.79
93626,6863,179,1,864.43,0.05,821.21
93627,6910,256,2,1238.39,0.00,2476.78
93628,11847,139,5,1994.29,0.05,9472.88
93629,10723,256,1,1238.39,0.20,990.71
93630,11684,291,5,1369.29,0.10,6161.81
93631,5750,111,1,116.37,0.15,98.91
93632,9679,184,4,1591.66,0.05,6048.31
93633,11697,157,3,1243.00,0.00,3729.00
93634,9984,161,1,1891.92,0.05,1797.32
93635,11016,255,3,1463.05,0.00,4389.15
93636,12101,111,1,116.37,0.05,110.55
93637,6677,297,2,298.38,0.00,596.76
93638,9447,180,2,943.48,0.00,1886.96
93639,10746,247,5,974.32,0.15,4140.86
93640,11752,125,5,1053.19,0.00,5265.95
93641,8030,175,2,2362.73,0.00,4725.46
93642,10817,199,3,1715.24,0.00,5145.72
93643,8354,248,3,1863.86,0.10,5032.42
93644,7955,280,3,1665.08,0.15,4245.95
93645,6754,208,5,2078.25,0.00,10391.25
93646,7292,150,4,397.61,0.15,1351.87
93647,10221,182,2,1551.91,0.00,3103.82
93648,7014,188,4,1254.94,0.10,4517.78
93649,8036,177,4,36.22,0.25,108.66
93650,6268,208,3,2078.25,0.05,5923.01
93651,6264,222,2,1487.60,0.05,2826.44
93652,5449,250,5,449.73,0.20,1798.92
93653,5495,172,2,176.79,0.00,353.58
93654,11509,266,4,1245.35,0.00,4981.40
93655,12877,124,2,213.45,0.00,426.90
93656,11244,217,1,1763.03,0.10,1586.73
93657,11249,155,4,2423.51,0.20,7755.23
93658,6640,190,1,646.82,0.10,582.14
93659,7052,149,4,1613.28,0.00,6453.12
93660,9818,128,4,114.43,0.10,411.95
93661,9507,112,5,1270.77,0.25,4765.39
93662,9977,142,4,1645.63,0.20,5266.02
93663,10630,240,1,1506.75,0.25,1130.06
93664,6189,129,4,268.41,0.10,966.28
93665,6851,114,4,1566.37,0.10,5638.93
93666,10497,220,3,246.34,0.00,739.02
93667,9173,218,4,1133.43,0.25,3400.29
93668,5964,179,2,864.43,0.15,1469.53
93669,8546,112,5,1270.77,0.00,6353.85
93670,9581,187,5,2442.76,0.25,9160.35
93671,9680,214,1,1178.45,0.00,1178.45
93672,10449,201,4,956.06,0.10,3441.82
93673,11848,226,4,181.96,0.15,618.66
93674,6210,156,1,2001.82,0.20,1601.46
93675,5350,270,4,2245.24,0.25,6735.72
93676,7876,211,4,955.77,0.15,3249.62
93677,5489,122,3,522.39,0.10,1410.45
93678,12230,164,2,1599.20,0.00,3198.40
93679,8718,212,2,850.02,0.10,1530.04
93680,12731,186,2,1700.97,0.20,2721.55
93681,6334,206,4,239.11,0.00,956.44
93682,8356,243,5,2421.72,0.10,10897.74
93683,7597,126,3,288.49,0.15,735.65
93684,12067,170,3,2070.85,0.00,6212.55
93685,7606,129,4,268.41,0.15,912.59
93686,9222,300,5,757.78,0.15,3220.56
93687,5765,156,5,2001.82,0.00,10009.10
93688,9853,190,4,646.82,0.00,2587.28
93689,8130,193,4,1884.74,0.10,6785.06
93690,12954,136,5,843.83,0.15,3586.28
93691,6758,204,4,226.11,0.00,904.44
93692,7634,101,5,907.15,0.15,3855.39
93693,11014,171,3,1704.37,0.05,4857.45
93694,9778,206,3,239.11,0.10,645.60
93695,11241,158,4,2290.44,0.10,8245.58
93696,10679,224,5,80.21,0.00,401.05
93697,11089,243,5,2421.72,0.25,9081.45
93698,9207,283,4,615.57,0.05,2339.17
93699,8515,294,3,2427.45,0.00,7282.35
93700,11084,249,4,1638.11,0.00,6552.44
93701,11104,194,4,1926.75,0.20,6165.60
93702,9561,280,2,1665.08,0.10,2997.14
93703,10875,108,4,1886.70,0.05,7169.46
93704,11580,156,3,2001.82,0.00,6005.46
93705,6157,299,5,514.01,0.20,2056.04
93706,8837,283,4,615.57,0.10,2216.05
93707,9706,226,5,181.96,0.00,909.80
93708,8131,153,4,1793.31,0.25,5379.93
93709,8743,207,1,620.94,0.25,465.71
93710,6364,145,1,1877.04,0.00,1877.04
93711,9950,159,1,1740.36,0.05,1653.34
93712,5180,112,2,1270.77,0.00,2541.54
93713,5257,124,3,213.45,0.15,544.30
93714,7313,120,4,357.32,0.00,1429.28
93715,11538,177,3,36.22,0.00,108.66
93716,6868,107,5,1171.67,0.00,5858.35
93717,7485,220,2,246.34,0.00,492.68
93718,6232,218,2,1133.43,0.10,2040.17
93719,7885,178,2,1497.89,0.00,2995.78
93720,12739,203,5,1900.01,0.20,7600.04
93721,10290,276,1,1758.07,0.15,1494.36
93722,11635,238,1,2135.34,0.00,2135.34
93723,8265,152,1,1885.74,0.00,1885.74
93724,10585,220,5,246.34,0.00,1231.70
93725,6643,229,3,1416.93,0.20,3400.63
93726,7798,249,3,1638.11,0.15,4177.18
93727,6188,198,3,2373.31,0.00,7119.93
93728,12637,201,1,956.06,0.00,956.06
93729,10758,215,3,813.88,0.25,1831.23
93730,12783,101,1,907.15,0.00,907.15
93731,11873,247,1,974.32,0.00,974.32
93732,9757,172,4,176.79,0.10,636.44
93733,5715,297,1,298.38,0.15,253.62
93734,9236,196,5,1471.90,0.10,6623.55
93735,12315,234,5,302.91,0.00,1514.55
93736,12279,196,5,1471.90,0.00,7359.50
93737,12800,148,1,572.20,0.00,572.20
93738,11609,220,2,246.34,0.15,418.78
93739,10276,293,5,1199.87,0.00,5999.35
93740,8521,119,3,1998.83,0.00,5996.49
93741,5305,232,5,1813.56,0.15,7707.63
93742,12333,297,4,298.38,0.15,1014.49
93743,6881,214,2,1178.45,0.00,2356.90
93744,5725,145,5,1877.04,0.15,7977.42
93745,9623,185,3,1487.37,0.00,4462.11
93746,9263,220,3,246.34,0.00,739.02
93747,8836,201,4,956.06,0.25,2868.18
93748,6424,130,5,19.96,0.00,99.80
93749,9592,150,2,397.61,0.20,636.18
93750,9345,139,5,1994.29,0.25,7478.59
93751,5205,288,1,475.03,0.25,356.27
93752,9025,228,5,694.03,0.10,3123.13
93753,12396,141,1,993.39,0.15,844.38
93754,11003,135,5,1777.26,0.00,8886.30
93755,10249,227,4,461.19,0.15,1568.05
93756,6885,109,5,2155.87,0.20,8623.48
93757,8745,259,2,2370.62,0.25,3555.93
93758,11521,284,4,2320.38,0.10,8353.37
93759,5891,285,2,352.36,0.00,704.72
93760,10010,143,3,988.01,0.00,2964.03
93761,11636,269,5,1773.91,0.20,7095.64
93762,7012,272,1,1363.23,0.10,1226.91
93763,9044,203,4,1900.01,0.15,6460.03
93764,5864,105,3,838.62,0.00,2515.86
93765,7675,233,3,640.40,0.05,1825.14
93766,6871,209,3,1581.90,0.00,4745.70
93767,6449,119,4,1998.83,0.10,7195.79
93768,6988,277,1,176.58,0.20,141.26
93769,10589,297,3,298.38,0.20,716.11
93770,10541,292,1,1397.80,0.00,1397.80
93771,7617,271,5,926.97,0.25,3476.14
93772,5198,276,5,1758.07,0.20,7032.28
93773,12660,215,5,813.88,0.20,3255.52
93774,6364,161,5,1891.92,0.00,9459.60
93775,8932,173,1,1136.92,0.15,966.38
93776,12121,283,5,615.57,0.00,3077.85
93777,10657,199,5,1715.24,0.00,8576.20
93778,8871,294,3,2427.45,0.05,6918.23
93779,5428,186,1,1700.97,0.20,1360.78
93780,5380,201,1,956.06,0.10,860.45
93781,5671,269,2,1773.91,0.15,3015.65
93782,6818,251,3,947.97,0.25,2132.93
93783,7397,110,1,418.96,0.25,314.22
93784,7284,206,3,239.11,0.00,717.33
93785,9434,234,2,302.91,0.10,545.24
93786,12270,150,1,397.61,0.00,397.61
93787,12999,180,3,943.48,0.00,2830.44
93788,6912,203,3,1900.01,0.15,4845.03
93789,8340,155,3,2423.51,0.15,6179.95
93790,5106,251,2,947.97,0.10,1706.35
93791,9916,127,2,1258.40,0.15,2139.28
93792,8443,244,4,201.19,0.10,724.28
93793,10750,236,3,442.97,0.00,1328.91
93794,12630,230,3,2005.24,0.00,6015.72
93795,7469,140,5,1375.60,0.00,6878.00
93796,10211,232,4,1813.56,0.10,6528.82
93797,8378,149,2,1613.28,0.05,3065.23
93798,7567,143,5,988.01,0.00,4940.05
93799,10283,253,5,566.24,0.15,2406.52
93800,12813,185,1,1487.37,0.00,1487.37
93801,8082,295,3,1644.06,0.00,4932.18
93802,5114,234,3,302.91,0.00,908.73
93803,8883,295,1,1644.06,0.20,1315.25
93804,10714,253,3,566.24,0.25,1274.04
93805,12805,125,5,1053.19,0.00,5265.95
93806,5549,139,1,1994.29,0.00,1994.29
93807,10623,294,1,2427.45,0.20,1941.96
93808,12133,291,2,1369.29,0.00,2738.58
93809,8042,277,1,176.58,0.15,150.09
93810,5950,290,4,1653.02,0.10,5950.87
93811,10340,253,5,566.24,0.00,2831.20
93812,5079,280,2,1665.08,0.25,2497.62
93813,11103,290,5,1653.02,0.25,6198.83
93814,10011,297,1,298.38,0.10,268.54
93815,5119,137,2,301.05,0.00,602.10
93816,10377,185,4,1487.37,0.00,5949.48
93817,10686,142,1,1645.63,0.25,1234.22
93818,12108,190,2,646.82,0.15,1099.59
93819,8609,165,4,2379.36,0.00,9517.44
93820,7984,237,5,1134.74,0.05,5390.01
93821,7230,260,5,298.97,0.10,1345.37
93822,5807,217,2,1763.03,0.15,2997.15
93823,5167,134,1,574.61,0.00,574.61
93824,10736,241,4,1072.50,0.15,3646.50
93825,8922,183,1,2299.69,0.00,2299.69
93826,6733,110,1,418.96,0.10,377.06
93827,8647,101,3,907.15,0.10,2449.30
93828,12252,122,4,522.39,0.05,1985.08
93829,7609,172,3,176.79,0.00,530.37
93830,11556,128,2,114.43,0.20,183.09
93831,11720,125,2,1053.19,0.10,1895.74
93832,12598,109,2,2155.87,0.20,3449.39
93833,8849,107,1,1171.67,0.00,1171.67
93834,8753,266,5,1245.35,0.00,6226.75
93835,9022,102,5,1084.90,0.00,5424.50
93836,12515,210,1,243.98,0.00,243.98
93837,6075,276,3,1758.07,0.00,5274.21
93838,12901,277,4,176.58,0.05,671.00
93839,9497,278,3,227.14,0.20,545.14
93840,7794,240,4,1506.75,0.15,5122.95
93841,5271,141,5,993.39,0.00,4966.95
93842,11504,115,4,1500.95,0.00,6003.80
93843,9917,253,1,566.24,0.20,452.99
93844,9356,211,4,955.77,0.00,3823.08
93845,9448,150,2,397.61,0.05,755.46
93846,11903,218,5,1133.43,0.00,5667.15
93847,10562,191,1,1189.21,0.05,1129.75
93848,5696,176,1,1657.31,0.00,1657.31
93849,8673,221,1,1712.69,0.10,1541.42
93850,5100,203,3,1900.01,0.00,5700.03
93851,8077,164,5,1599.20,0.00,7996.00
93852,6577,113,4,2150.67,0.00,8602.68
93853,12042,137,4,301.05,0.00,1204.20
93854,6595,148,3,572.20,0.10,1544.94
93855,11905,158,4,2290.44,0.10,8245.58
93856,9148,246,3,630.04,0.20,1512.10
93857,12660,232,5,1813.56,0.20,7254.24
93858,12059,230,2,2005.24,0.25,3007.86
93859,5353,158,3,2290.44,0.25,5153.49
93860,8548,214,2,1178.45,0.10,2121.21
93861,9790,147,3,2470.00,0.25,5557.50
93862,9319,233,5,640.40,0.20,2561.60
93863,7760,208,2,2078.25,0.00,4156.50
93864,8100,270,3,2245.24,0.00,6735.72
93865,6891,224,2,80.21,0.00,160.42
93866,7763,200,1,2486.65,0.05,2362.32
93867,9861,144,2,1446.74,0.05,2748.81
93868,6134,121,5,2042.46,0.20,8169.84
93869,11395,267,4,1987.88,0.25,5963.64
93870,9555,283,1,615.57,0.00,615.57
93871,9415,227,3,461.19,0.00,1383.57
93872,11307,282,2,1272.66,0.05,2418.05
93873,10530,127,2,1258.40,0.00,2516.80
93874,6128,250,4,449.73,0.00,1798.92
93875,10161,162,1,764.05,0.20,611.24
93876,6619,190,3,646.82,0.05,1843.44
93877,12262,191,1,1189.21,0.25,891.91
93878,10700,177,5,36.22,0.20,144.88
93879,10154,176,4,1657.31,0.10,5966.32
93880,11077,211,4,955.77,0.00,3823.08
93881,12228,255,3,1463.05,0.25,3291.86
93882,10400,127,3,1258.40,0.05,3586.44
93883,5745,270,5,2245.24,0.15,9542.27
93884,10319,269,4,1773.91,0.00,7095.64
93885,11319,226,2,181.96,0.10,327.53
93886,9728,102,3,1084.90,0.05,3091.97
93887,6193,165,4,2379.36,0.25,7138.08
93888,6855,264,2,1516.92,0.00,3033.84
93889,5810,159,2,1740.36,0.20,2784.58
93890,10265,173,2,1136.92,0.10,2046.46
93891,9362,182,4,1551.91,0.10,5586.88
93892,5628,289,4,499.25,0.25,1497.75
93893,6537,266,1,1245.35,0.15,1058.55
93894,12838,252,3,762.60,0.25,1715.85
93895,6711,158,1,2290.44,0.05,2175.92
93896,5094,166,1,485.53,0.20,388.42
93897,9776,178,4,1497.89,0.00,5991.56
93898,9949,113,4,2150.67,0.00,8602.68
93899,11255,188,1,1254.94,0.00,1254.94
93900,7590,172,2,176.79,0.25,265.19
93901,6921,194,2,1926.75,0.20,3082.80
93902,11365,194,3,1926.75,0.00,5780.25
93903,5673,186,4,1700.97,0.00,6803.88
93904,7036,286,2,69.93,0.20,111.89
93905,12465,144,3,1446.74,0.05,4123.21
93906,8789,239,3,109.05,0.15,278.08
93907,11204,123,3,1736.07,0.20,4166.57
93908,11795,206,5,239.11,0.00,1195.55
93909,7799,175,5,2362.73,0.00,11813.65
93910,5653,115,3,1500.95,0.20,3602.28
93911,5631,203,1,1900.01,0.25,1425.01
93912,12160,156,2,2001.82,0.25,3002.73
93913,5885,129,3,268.41,0.25,603.92
93914,8189,122,5,522.39,0.15,2220.16
93915,9609,162,1,764.05,0.20,611.24
93916,10276,113,4,2150.67,0.20,6882.14
93917,6482,122,2,522.39,0.00,1044.78
93918,12739,130,2,19.96,0.25,29.94
93919,11948,166,4,485.53,0.20,1553.70
93920,5838,233,2,640.40,0.15,1088.68
93921,6096,290,4,1653.02,0.00,6612.08
93922,11670,287,2,224.99,0.10,404.98
93923,9711,210,1,243.98,0.00,243.98
93924,6686,135,4,1777.26,0.05,6753.59
93925,9762,253,2,566.24,0.00,1132.48
93926,12959,110,4,418.96,0.15,1424.46
93927,9600,234,2,302.91,0.00,605.82
93928,9724,159,1,1740.36,0.00,1740.36
93929,7480,169,4,525.57,0.05,1997.17
93930,12735,236,1,442.97,0.20,354.38
93931,9766,250,3,449.73,0.15,1146.81
93932,12315,267,4,1987.88,0.00,7951.52
93933,7181,212,5,850.02,0.00,4250.10
93934,10679,287,5,224.99,0.00,1124.95
93935,5517,241,5,1072.50,0.00,5362.50
93936,11091,144,1,1446.74,0.05,1374.40
93937,10614,261,1,419.36,0.00,419.36
93938,11694,218,2,1133.43,0.20,1813.49
93939,8387,152,4,1885.74,0.15,6411.52
93940,9814,221,3,1712.69,0.20,4110.46
93941,6475,199,3,1715.24,0.10,4631.15
93942,9539,109,5,2155.87,0.15,9162.45
93943,10344,140,2,1375.60,0.25,2063.40
93944,7354,182,1,1551.91,0.10,1396.72
93945,8686,208,3,2078.25,0.20,4987.80
93946,11341,109,1,2155.87,0.20,1724.70
93947,12286,137,5,301.05,0.15,1279.46
93948,8322,240,3,1506.75,0.00,4520.25
93949,9846,192,5,1996.58,0.10,8984.61
93950,5928,117,3,2081.70,0.10,5620.59
93951,5149,198,5,2373.31,0.20,9493.24
93952,11904,189,2,885.16,0.15,1504.77
93953,9956,213,2,1512.95,0.10,2723.31
93954,5097,245,5,1210.49,0.15,5144.58
93955,9129,156,1,2001.82,0.05,1901.73
93956,7207,260,2,298.97,0.10,538.15
93957,5069,282,5,1272.66,0.00,6363.30
93958,12103,254,1,2165.24,0.15,1840.45
93959,6337,287,3,224.99,0.00,674.97
93960,6618,121,5,2042.46,0.10,9191.07
93961,10518,278,2,227.14,0.05,431.57
93962,12244,102,4,1084.90,0.10,3905.64
93963,11957,229,4,1416.93,0.10,5100.95
93964,7188,281,3,1191.76,0.05,3396.52
93965,5453,270,1,2245.24,0.00,2245.24
93966,9664,272,4,1363.23,0.10,4907.63
93967,11023,262,1,338.59,0.00,338.59
93968,6559,265,3,68.86,0.25,154.94
93969,10137,279,3,2195.66,0.25,4940.23
93970,7476,142,5,1645.63,0.00,8228.15
93971,7416,201,4,956.06,0.25,2868.18
93972,6101,207,3,620.94,0.05,1769.68
93973,7548,192,1,1996.58,0.20,1597.26
93974,7105,252,5,762.60,0.25,2859.75
93975,12309,148,4,572.20,0.00,2288.80
93976,11057,119,5,1998.83,0.25,7495.61
93977,9237,141,2,993.39,0.15,1688.76
93978,8287,217,5,1763.03,0.00,8815.15
93979,7616,212,4,850.02,0.15,2890.07
93980,6830,138,3,1832.29,0.15,4672.34
93981,8503,109,2,2155.87,0.10,3880.57
93982,6693,242,4,1720.12,0.25,5160.36
93983,12530,107,3,1171.67,0.00,3515.01
93984,10114,269,1,1773.91,0.00,1773.91
93985,7851,195,2,1062.47,0.20,1699.95
93986,6633,266,4,1245.35,0.25,3736.05
93987,8386,228,2,694.03,0.00,1388.06
93988,5588,230,4,2005.24,0.20,6416.77
93989,7226,284,2,2320.38,0.10,4176.68
93990,8014,129,3,268.41,0.00,805.23
93991,5152,160,2,773.25,0.20,1237.20
93992,9936,144,5,1446.74,0.20,5786.96
93993,8932,106,5,903.02,0.25,3386.33
93994,6631,181,4,766.36,0.25,2299.08
93995,11425,196,5,1471.90,0.10,6623.55
93996,12980,175,4,2362.73,0.05,8978.37
93997,12602,170,2,2070.85,0.15,3520.44
93998,7530,159,3,1740.36,0.25,3915.81
93999,12694,297,4,298.38,0.00,1193.52
94000,7795,113,4,2150.67,0.20,6882.14
94001,7703,140,4,1375.60,0.05,5227.28
94002,7650,283,5,615.57,0.20,2462.28
94003,11266,192,2,1996.58,0.00,3993.16
94004,10799,114,1,1566.37,0.25,1174.78
94005,12754,203,5,1900.01,0.20,7600.04
94006,10811,201,4,956.06,0.25,2868.18
94007,10503,132,3,1664.91,0.20,3995.78
94008,10193,262,2,338.59,0.00,677.18
94009,9697,292,4,1397.80,0.15,4752.52
94010,12558,136,3,843.83,0.25,1898.62
94011,10310,260,4,298.97,0.25,896.91
94012,11337,199,4,1715.24,0.00,6860.96
94013,8674,109,1,2155.87,0.00,2155.87
94014,8811,154,1,2234.02,0.05,2122.32
94015,5577,136,4,843.83,0.15,2869.02
94016,9596,135,3,1777.26,0.15,4532.01
94017,12195,188,4,1254.94,0.00,5019.76
94018,7163,196,2,1471.90,0.05,2796.61
94019,11753,262,1,338.59,0.00,338.59
94020,9932,277,1,176.58,0.00,176.58
94021,7345,257,1,1787.40,0.20,1429.92
94022,8751,154,4,2234.02,0.25,6702.06
94023,7105,290,5,1653.02,0.10,7438.59
94024,11667,217,4,1763.03,0.10,6346.91
94025,12145,253,2,566.24,0.00,1132.48
94026,5842,190,1,646.82,0.05,614.48
94027,12097,244,2,201.19,0.25,301.78
94028,5868,161,4,1891.92,0.00,7567.68
94029,10899,256,1,1238.39,0.20,990.71
94030,5680,295,4,1644.06,0.25,4932.18
94031,8232,108,5,1886.70,0.20,7546.80
94032,9929,248,3,1863.86,0.25,4193.68
94033,6046,164,5,1599.20,0.00,7996.00
94034,12331,243,2,2421.72,0.00,4843.44
94035,10837,219,5,1538.12,0.00,7690.60
94036,10507,221,5,1712.69,0.15,7278.93
94037,12366,145,4,1877.04,0.20,6006.53
94038,5250,248,1,1863.86,0.05,1770.67
94039,7827,263,1,2447.20,0.10,2202.48
94040,11604,125,2,1053.19,0.25,1579.79
94041,12550,258,5,2022.94,0.00,10114.70
94042,5762,289,4,499.25,0.25,1497.75
94043,8940,200,1,2486.65,0.05,2362.32
94044,5800,110,1,418.96,0.00,418.96
94045,11938,106,4,903.02,0.05,3431.48
94046,11906,190,3,646.82,0.00,1940.46
94047,8010,227,5,461.19,0.10,2075.36
94048,8630,282,1,1272.66,0.00,1272.66
94049,8034,288,1,475.03,0.00,475.03
94050,7528,269,2,1773.91,0.05,3370.43
94051,12911,295,5,1644.06,0.25,6165.22
94052,5896,273,4,1052.32,0.10,3788.35
94053,9856,189,4,885.16,0.25,2655.48
94054,9147,214,5,1178.45,0.00,5892.25
94055,8815,212,5,850.02,0.10,3825.09
94056,10704,205,2,637.79,0.15,1084.24
94057,8687,288,5,475.03,0.20,1900.12
94058,7507,143,2,988.01,0.05,1877.22
94059,9191,199,1,1715.24,0.25,1286.43
94060,8905,246,1,630.04,0.25,472.53
94061,5496,122,1,522.39,0.00,522.39
94062,7117,153,4,1793.31,0.20,5738.59
94063,8709,129,1,268.41,0.10,241.57
94064,8750,170,4,2070.85,0.00,8283.40
94065,9316,245,5,1210.49,0.05,5749.83
94066,9378,236,4,442.97,0.10,1594.69
94067,11181,225,5,1270.62,0.20,5082.48
94068,7212,164,5,1599.20,0.00,7996.00
94069,5741,200,5,2486.65,0.25,9324.94
94070,11271,262,4,338.59,0.15,1151.21
94071,5697,190,1,646.82,0.05,614.48
94072,6749,142,4,1645.63,0.25,4936.89
94073,11521,121,3,2042.46,0.00,6127.38
94074,9978,238,1,2135.34,0.15,1815.04
94075,8327,101,3,907.15,0.05,2585.38
94076,9863,264,1,1516.92,0.00,1516.92
94077,10556,127,3,1258.40,0.00,3775.20
94078,7789,200,2,2486.65,0.10,4475.97
94079,10709,122,2,522.39,0.15,888.06
94080,6587,233,5,640.40,0.00,3202.00
94081,11124,295,1,1644.06,0.00,1644.06
94082,11431,228,5,694.03,0.00,3470.15
94083,6175,131,3,2336.91,0.25,5258.05
94084,7369,168,5,746.43,0.05,3545.54
94085,8853,161,1,1891.92,0.20,1513.54
94086,12671,176,1,1657.31,0.20,1325.85
94087,6931,226,1,181.96,0.00,181.96
94088,12803,252,5,762.60,0.00,3813.00
94089,10015,155,5,2423.51,0.25,9088.16
94090,9194,200,5,2486.65,0.25,9324.94
94091,11410,258,5,2022.94,0.25,7586.03
94092,11770,146,3,1722.59,0.05,4909.38
94093,10682,227,2,461.19,0.10,830.14
94094,11080,264,2,1516.92,0.20,2427.07
94095,6661,220,3,246.34,0.00,739.02
94096,6981,288,3,475.03,0.20,1140.07
94097,10440,220,1,246.34,0.00,246.34
94098,6564,263,5,2447.20,0.25,9177.00
94099,12781,152,3,1885.74,0.20,4525.78
94100,9361,120,2,357.32,0.00,714.64
94101,9076,186,2,1700.97,0.10,3061.75
94102,11903,120,5,357.32,0.15,1518.61
94103,5367,159,3,1740.36,0.05,4960.03
94104,11315,291,4,1369.29,0.25,4107.87
94105,5871,134,1,574.61,0.25,430.96
94106,7566,197,2,2202.77,0.10,3964.99
94107,9206,266,4,1245.35,0.10,4483.26
94108,7376,160,5,773.25,0.25,2899.69
94109,6907,131,2,2336.91,0.15,3972.75
94110,10579,132,2,1664.91,0.05,3163.33
94111,12552,167,4,50.29,0.00,201.16
94112,12166,285,5,352.36,0.25,1321.35
94113,11389,232,2,1813.56,0.25,2720.34
94114,7295,113,1,2150.67,0.00,2150.67
94115,11867,226,1,181.96,0.00,181.96
94116,9176,124,1,213.45,0.05,202.78
94117,5685,162,2,764.05,0.05,1451.69
94118,12410,121,2,2042.46,0.25,3063.69
94119,11832,256,4,1238.39,0.10,4458.20
94120,8978,166,3,485.53,0.00,1456.59
94121,12574,263,4,2447.20,0.20,7831.04
94122,6230,198,2,2373.31,0.10,4271.96
94123,9001,231,2,1343.75,0.05,2553.12
94124,8678,212,4,850.02,0.05,3230.08
94125,5727,231,5,1343.75,0.05,6382.81
94126,8450,158,1,2290.44,0.20,1832.35
94127,10186,224,1,80.21,0.00,80.21
94128,9541,153,4,1793.31,0.20,5738.59
94129,6645,245,3,1210.49,0.05,3449.90
94130,11081,244,2,201.19,0.20,321.90
94131,10423,282,3,1272.66,0.15,3245.28
94132,8636,180,5,943.48,0.00,4717.40
94133,7118,163,5,530.94,0.15,2256.50
94134,8258,241,1,1072.50,0.20,858.00
94135,11834,125,3,1053.19,0.25,2369.68
94136,9220,279,1,2195.66,0.00,2195.66
94137,9138,290,2,1653.02,0.20,2644.83
94138,7551,264,2,1516.92,0.00,3033.84
94139,9812,267,3,1987.88,0.00,5963.64
94140,5883,169,4,525.57,0.00,2102.28
94141,6942,188,3,1254.94,0.20,3011.86
94142,8063,137,3,301.05,0.00,903.15
94143,10307,231,5,1343.75,0.15,5710.94
94144,12437,231,2,1343.75,0.00,2687.50
94145,6174,137,3,301.05,0.00,903.15
94146,7050,155,5,2423.51,0.00,12117.55
94147,9887,106,3,903.02,0.00,2709.06
94148,5707,238,4,2135.34,0.05,8114.29
94149,10434,159,2,1740.36,0.00,3480.72
94150,11361,140,3,1375.60,0.20,3301.44
94151,9813,280,5,1665.08,0.00,8325.40
94152,9116,199,2,1715.24,0.10,3087.43
94153,7790,255,2,1463.05,0.20,2340.88
94154,10138,248,3,1863.86,0.15,4752.84
94155,5018,280,3,1665.08,0.25,3746.43
94156,8865,121,4,2042.46,0.00,8169.84
94157,11600,231,3,1343.75,0.05,3829.69
94158,7146,247,5,974.32,0.25,3653.70
94159,6740,286,3,69.93,0.25,157.34
94160,7058,211,3,955.77,0.00,2867.31
94161,7307,254,2,2165.24,0.20,3464.38
94162,9580,270,1,2245.24,0.00,2245.24
94163,5665,299,1,514.01,0.00,514.01
94164,12213,269,2,1773.91,0.00,3547.82
94165,5228,113,2,2150.67,0.00,4301.34
94166,10350,214,5,1178.45,0.20,4713.80
94167,9976,163,4,530.94,0.20,1699.01
94168,7742,101,2,907.15,0.00,1814.30
94169,6513,125,1,1053.19,0.05,1000.53
94170,5853,288,5,475.03,0.00,2375.15
94171,9591,146,3,1722.59,0.00,5167.77
94172,11104,190,3,646.82,0.00,1940.46
94173,11418,107,2,1171.67,0.00,2343.34
94174,9529,156,3,2001.82,0.00,6005.46
94175,9251,267,2,1987.88,0.05,3776.97
94176,7612,236,2,442.97,0.15,753.05
94177,8914,273,4,1052.32,0.20,3367.42
94178,10976,258,4,2022.94,0.05,7687.17
94179,11837,114,2,1566.37,0.05,2976.10
94180,5013,191,5,1189.21,0.20,4756.84
94181,5158,115,1,1500.95,0.00,1500.95
94182,7943,172,4,176.79,0.05,671.80
94183,10277,137,3,301.05,0.00,903.15
94184,8433,187,1,2442.76,0.25,1832.07
94185,11067,192,2,1996.58,0.05,3793.50
94186,5379,152,3,1885.74,0.25,4242.91
94187,8433,285,1,352.36,0.00,352.36
94188,9906,182,1,1551.91,0.00,1551.91
94189,11832,234,1,302.91,0.20,242.33
94190,7872,279,3,2195.66,0.00,6586.98
94191,5772,135,4,1777.26,0.00,7109.04
94192,7262,268,2,1080.58,0.25,1620.87
94193,12657,101,1,907.15,0.00,907.15
94194,12673,253,4,566.24,0.25,1698.72
94195,7180,207,3,620.94,0.00,1862.82
94196,12402,254,3,2165.24,0.10,5846.15
94197,5695,226,4,181.96,0.25,545.88
94198,11767,250,2,449.73,0.00,899.46
94199,6357,177,4,36.22,0.00,144.88
94200,7837,131,2,2336.91,0.00,4673.82
94201,11945,240,5,1506.75,0.00,7533.75
94202,10577,228,4,694.03,0.00,2776.12
94203,12144,133,5,420.02,0.00,2100.10
94204,10447,223,1,1691.32,0.20,1353.06
94205,12616,196,2,1471.90,0.20,2355.04
94206,11252,202,1,2407.29,0.00,2407.29
94207,11476,280,1,1665.08,0.00,1665.08
94208,12737,136,2,843.83,0.25,1265.75
94209,7174,254,2,2165.24,0.00,4330.48
94210,6272,277,5,176.58,0.00,882.90
94211,10909,143,5,988.01,0.05,4693.05
94212,7161,290,3,1653.02,0.25,3719.29
94213,6007,217,3,1763.03,0.10,4760.18
94214,5130,268,2,1080.58,0.10,1945.04
94215,6532,172,2,176.79,0.10,318.22
94216,6964,283,5,615.57,0.05,2923.96
94217,7887,190,1,646.82,0.00,646.82
94218,11095,239,2,109.05,0.25,163.57
94219,10159,103,2,1509.32,0.10,2716.78
94220,9277,280,3,1665.08,0.00,4995.24
94221,6802,195,5,1062.47,0.00,5312.35
94222,11569,175,3,2362.73,0.20,5670.55
94223,5746,159,2,1740.36,0.00,3480.72
94224,8944,120,1,357.32,0.10,321.59
94225,9054,109,1,2155.87,0.00,2155.87
94226,6825,138,2,1832.29,0.20,2931.66
94227,12421,264,1,1516.92,0.00,1516.92
94228,8753,275,1,1096.31,0.00,1096.31
94229,6922,262,4,338.59,0.00,1354.36
94230,7833,226,5,181.96,0.15,773.33
94231,6401,210,4,243.98,0.00,975.92
94232,8569,156,1,2001.82,0.00,2001.82
94233,5276,228,3,694.03,0.05,1977.99
94234,5235,140,1,1375.60,0.00,1375.60
94235,6395,212,4,850.02,0.05,3230.08
94236,12421,290,4,1653.02,0.25,4959.06
94237,12828,160,5,773.25,0.15,3286.31
94238,9206,234,5,302.91,0.10,1363.10
94239,7435,163,2,530.94,0.20,849.50
94240,6024,277,4,176.58,0.10,635.69
94241,7034,133,4,420.02,0.20,1344.06
94242,9144,108,3,1886.70,0.20,4528.08
94243,9297,265,2,68.86,0.00,137.72
94244,5524,139,2,1994.29,0.05,3789.15
94245,12085,223,4,1691.32,0.25,5073.96
94246,11150,160,4,773.25,0.10,2783.70
94247,7593,252,2,762.60,0.05,1448.94
94248,9511,280,3,1665.08,0.20,3996.19
94249,11762,123,4,1736.07,0.15,5902.64
94250,12613,268,3,1080.58,0.25,2431.30
94251,10323,260,3,298.97,0.25,672.68
94252,8095,241,1,1072.50,0.20,858.00
94253,11204,230,4,2005.24,0.20,6416.77
94254,10337,114,5,1566.37,0.20,6265.48
94255,8963,242,3,1720.12,0.00,5160.36
94256,6719,195,4,1062.47,0.20,3399.90
94257,6853,238,4,2135.34,0.00,8541.36
94258,5624,150,5,397.61,0.10,1789.25
94259,8827,298,1,108.90,0.00,108.90
94260,12681,247,3,974.32,0.00,2922.96
94261,8402,278,3,227.14,0.15,579.21
94262,6787,271,4,926.97,0.00,3707.88
94263,12287,181,4,766.36,0.00,3065.44
94264,6262,150,5,397.61,0.00,1988.05
94265,8939,187,3,2442.76,0.15,6229.04
94266,9847,242,1,1720.12,0.25,1290.09
94267,6232,174,4,306.10,0.05,1163.18
94268,5959,271,5,926.97,0.15,3939.62
94269,7536,172,4,176.79,0.25,530.37
94270,6670,217,1,1763.03,0.00,1763.03
94271,12187,220,3,246.34,0.20,591.22
94272,7051,273,1,1052.32,0.00,1052.32
94273,10222,148,3,572.20,0.10,1544.94
94274,11062,267,4,1987.88,0.00,7951.52
94275,8489,295,3,1644.06,0.00,4932.18
94276,9722,283,4,615.57,0.10,2216.05
94277,11401,219,3,1538.12,0.15,3922.21
94278,5358,241,2,1072.50,0.20,1716.00
94279,11577,168,5,746.43,0.05,3545.54
94280,12427,294,1,2427.45,0.00,2427.45
94281,9474,295,1,1644.06,0.00,1644.06
94282,5261,132,3,1664.91,0.15,4245.52
94283,9743,209,1,1581.90,0.25,1186.43
94284,7076,250,4,449.73,0.05,1708.97
94285,8341,269,3,1773.91,0.00,5321.73
94286,7543,281,1,1191.76,0.00,1191.76
94287,10352,221,5,1712.69,0.00,8563.45
94288,9361,137,2,301.05,0.25,451.58
94289,8656,153,1,1793.31,0.00,1793.31
94290,10870,247,2,974.32,0.00,1948.64
94291,11109,257,2,1787.40,0.00,3574.80
94292,11996,232,3,1813.56,0.15,4624.58
94293,9068,158,2,2290.44,0.25,3435.66
94294,5270,275,4,1096.31,0.25,3288.93
94295,12497,192,3,1996.58,0.00,5989.74
94296,12445,154,4,2234.02,0.00,8936.08
94297,6171,238,1,2135.34,0.20,1708.27
94298,8343,179,4,864.43,0.20,2766.18
94299,7773,275,3,1096.31,0.00,3288.93
94300,7913,152,3,1885.74,0.25,4242.91
94301,7682,213,3,1512.95,0.10,4084.97
94302,10171,120,1,357.32,0.00,357.32
94303,7785,273,3,1052.32,0.10,2841.26
94304,7739,193,3,1884.74,0.10,5088.80
94305,6435,207,2,620.94,0.05,1179.79
94306,7253,118,4,406.89,0.00,1627.56
94307,11790,278,1,227.14,0.00,227.14
94308,6556,233,4,640.40,0.10,2305.44
94309,5612,284,3,2320.38,0.25,5220.86
94310,5122,205,1,637.79,0.25,478.34
94311,11305,138,5,1832.29,0.25,6871.09
94312,5452,146,4,1722.59,0.00,6890.36
94313,7942,135,5,1777.26,0.10,7997.67
94314,9726,188,3,1254.94,0.20,3011.86
94315,8530,292,4,1397.80,0.00,5591.20
94316,7202,123,3,1736.07,0.00,5208.21
94317,12609,179,5,864.43,0.05,4106.04
94318,11039,259,3,2370.62,0.00,7111.86
94319,6315,216,3,1385.99,0.25,3118.48
94320,5549,156,1,2001.82,0.20,1601.46
94321,12447,275,2,1096.31,0.20,1754.10
94322,8139,251,3,947.97,0.10,2559.52
94323,8809,190,3,646.82,0.00,1940.46
94324,6100,291,2,1369.29,0.25,2053.93
94325,10527,164,3,1599.20,0.00,4797.60
94326,6657,160,5,773.25,0.00,3866.25
94327,7733,240,5,1506.75,0.00,7533.75
94328,8538,205,3,637.79,0.10,1722.03
94329,10785,198,2,2373.31,0.25,3559.97
94330,9321,205,5,637.79,0.00,3188.95
94331,10246,221,3,1712.69,0.00,5138.07
94332,6627,181,5,766.36,0.10,3448.62
94333,9655,223,2,1691.32,0.15,2875.24
94334,7866,264,1,1516.92,0.00,1516.92
94335,9825,230,1,2005.24,0.10,1804.72
94336,9023,276,5,1758.07,0.10,7911.32
94337,8960,210,4,243.98,0.00,975.92
94338,6072,158,5,2290.44,0.25,8589.15
94339,6562,168,5,746.43,0.20,2985.72
94340,6487,182,5,1551.91,0.00,7759.55
94341,6840,129,4,268.41,0.05,1019.96
94342,8328,227,3,461.19,0.05,1314.39
94343,6407,122,3,522.39,0.05,1488.81
94344,6786,201,5,956.06,0.15,4063.25
94345,7385,221,4,1712.69,0.00,6850.76
94346,9943,114,5,1566.37,0.00,7831.85
94347,12043,169,1,525.57,0.00,525.57
94348,11081,142,5,1645.63,0.15,6993.93
94349,6990,174,4,306.10,0.00,1224.40
94350,11455,166,5,485.53,0.05,2306.27
94351,8279,123,5,1736.07,0.00,8680.35
94352,9532,278,3,227.14,0.00,681.42
94353,12206,294,5,2427.45,0.00,12137.25
94354,11397,123,4,1736.07,0.10,6249.85
94355,7934,174,5,306.10,0.10,1377.45
94356,8956,257,5,1787.40,0.20,7149.60
94357,11063,156,5,2001.82,0.00,10009.10
94358,5899,125,1,1053.19,0.00,1053.19
94359,9265,247,4,974.32,0.00,3897.28
94360,5490,220,2,246.34,0.00,492.68
94361,9910,119,1,1998.83,0.00,1998.83
94362,9411,148,4,572.20,0.00,2288.80
94363,9754,136,2,843.83,0.00,1687.66
94364,11130,178,3,1497.89,0.20,3594.94
94365,12885,226,3,181.96,0.00,545.88
94366,12029,225,3,1270.62,0.00,3811.86
94367,11770,294,3,2427.45,0.20,5825.88
94368,7068,119,2,1998.83,0.00,3997.66
94369,5665,227,1,461.19,0.10,415.07
94370,6678,120,4,357.32,0.25,1071.96
94371,7792,257,4,1787.40,0.10,6434.64
94372,11854,112,4,1270.77,0.25,3812.31
94373,8322,211,1,955.77,0.10,860.19
94374,8724,296,1,1459.44,0.00,1459.44
94375,12526,300,4,757.78,0.20,2424.90
94376,9782,287,5,224.99,0.20,899.96
94377,5921,154,5,2234.02,0.00,11170.10
94378,10658,108,5,1886.70,0.05,8961.82
94379,12126,261,5,419.36,0.25,1572.60
94380,6263,287,2,224.99,0.15,382.48
94381,8937,218,2,1133.43,0.20,1813.49
94382,5375,177,1,36.22,0.05,34.41
94383,5008,283,3,615.57,0.15,1569.70
94384,11072,167,4,50.29,0.10,181.04
94385,6557,171,2,1704.37,0.10,3067.87
94386,11494,235,2,1296.63,0.25,1944.95
94387,11579,162,5,764.05,0.00,3820.25
94388,6005,287,1,224.99,0.25,168.74
94389,10687,269,2,1773.91,0.20,2838.26
94390,10146,182,5,1551.91,0.00,7759.55
94391,9305,115,4,1500.95,0.00,6003.80
94392,7127,153,3,1793.31,0.15,4572.94
94393,7292,255,4,1463.05,0.10,5266.98
94394,8871,220,1,246.34,0.00,246.34
94395,11688,267,5,1987.88,0.00,9939.40
94396,7630,162,3,764.05,0.15,1948.33
94397,6355,131,1,2336.91,0.25,1752.68
94398,8725,185,3,1487.37,0.15,3792.79
94399,10557,102,2,1084.90,0.25,1627.35
94400,10633,244,5,201.19,0.00,1005.95
94401,12878,270,5,2245.24,0.00,11226.20
94402,8117,129,3,268.41,0.25,603.92
94403,10635,134,2,574.61,0.00,1149.22
94404,6621,172,2,176.79,0.00,353.58
94405,11505,126,1,288.49,0.10,259.64
94406,7855,210,1,243.98,0.25,182.98
94407,12932,247,2,974.32,0.20,1558.91
94408,9209,181,5,766.36,0.05,3640.21
94409,9589,262,4,338.59,0.15,1151.21
94410,9244,240,2,1506.75,0.00,3013.50
94411,8142,243,5,2421.72,0.20,9686.88
94412,5919,217,2,1763.03,0.25,2644.55
94413,10451,233,3,640.40,0.00,1921.20
94414,8471,229,1,1416.93,0.10,1275.24
94415,9488,164,3,1599.20,0.00,4797.60
94416,9845,104,3,2213.07,0.25,4979.41
94417,6952,120,4,357.32,0.05,1357.82
94418,10256,266,5,1245.35,0.00,6226.75
94419,10016,263,5,2447.20,0.00,12236.00
94420,9321,235,1,1296.63,0.00,1296.63
94421,10812,200,2,2486.65,0.10,4475.97
94422,10717,154,5,2234.02,0.00,11170.10
94423,10851,297,1,298.38,0.00,298.38
94424,10911,230,1,2005.24,0.05,1904.98
94425,5374,236,4,442.97,0.15,1506.10
94426,10208,153,1,1793.31,0.20,1434.65
94427,10336,298,4,108.90,0.20,348.48
94428,7783,187,3,2442.76,0.25,5496.21
94429,10782,126,5,288.49,0.10,1298.21
94430,7514,134,2,574.61,0.00,1149.22
94431,8299,258,1,2022.94,0.00,2022.94
94432,12925,204,4,226.11,0.05,859.22
94433,8007,293,2,1199.87,0.00,2399.74
94434,5039,240,1,1506.75,0.20,1205.40
94435,6698,295,2,1644.06,0.00,3288.12
94436,7893,223,4,1691.32,0.10,6088.75
94437,12379,115,3,1500.95,0.10,4052.57
94438,6365,278,5,227.14,0.15,965.34
94439,7074,281,2,1191.76,0.00,2383.52
94440,12905,262,5,338.59,0.20,1354.36
94441,6311,219,5,1538.12,0.10,6921.54
94442,10613,137,1,301.05,0.15,255.89
94443,11438,230,3,2005.24,0.00,6015.72
94444,12246,226,4,181.96,0.15,618.66
94445,5050,299,1,514.01,0.05,488.31
94446,10528,265,5,68.86,0.05,327.08
94447,11703,225,2,1270.62,0.00,2541.24
94448,9635,245,4,1210.49,0.00,4841.96
94449,11370,123,3,1736.07,0.00,5208.21
94450,11894,147,2,2470.00,0.20,3952.00
94451,7363,230,1,2005.24,0.00,2005.24
94452,7703,202,2,2407.29,0.15,4092.39
94453,10328,299,1,514.01,0.20,411.21
94454,7321,210,4,243.98,0.15,829.53
94455,6982,112,4,1270.77,0.00,5083.08
94456,7743,298,4,108.90,0.00,435.60
94457,11385,221,1,1712.69,0.00,1712.69
94458,10334,160,2,773.25,0.25,1159.88
94459,7611,274,2,93.41,0.05,177.48
94460,10170,209,4,1581.90,0.00,6327.60
94461,6520,184,4,1591.66,0.05,6048.31
94462,9327,289,1,499.25,0.20,399.40
94463,11565,174,3,306.10,0.15,780.56
94464,6277,201,3,956.06,0.15,2437.95
94465,6630,114,1,1566.37,0.05,1488.05
94466,9011,144,1,1446.74,0.15,1229.73
94467,5867,298,2,108.90,0.25,163.35
94468,5332,279,5,2195.66,0.10,9880.47
94469,5915,145,1,1877.04,0.25,1407.78
94470,9066,146,4,1722.59,0.25,5167.77
94471,5473,130,5,19.96,0.00,99.80
94472,10332,126,4,288.49,0.10,1038.56
94473,11776,200,1,2486.65,0.00,2486.65
94474,12813,291,5,1369.29,0.00,6846.45
94475,8646,129,5,268.41,0.00,1342.05
94476,10411,136,4,843.83,0.15,2869.02
94477,6417,218,3,1133.43,0.15,2890.25
94478,9009,257,2,1787.40,0.00,3574.80
94479,6690,211,4,955.77,0.05,3631.93
94480,12867,262,1,338.59,0.00,338.59
94481,11708,145,5,1877.04,0.05,8915.94
94482,12686,101,5,907.15,0.10,4082.18
94483,10597,239,3,109.05,0.00,327.15
94484,5238,123,1,1736.07,0.20,1388.86
94485,10291,233,5,640.40,0.20,2561.60
94486,7380,134,1,574.61,0.20,459.69
94487,5159,257,3,1787.40,0.00,5362.20
94488,9181,137,4,301.05,0.00,1204.20
94489,7660,277,2,176.58,0.00,353.16
94490,9393,145,3,1877.04,0.10,5068.01
94491,9093,189,2,885.16,0.00,1770.32
94492,12819,146,4,1722.59,0.00,6890.36
94493,8352,121,3,2042.46,0.15,5208.27
94494,12612,225,1,1270.62,0.00,1270.62
94495,7133,103,1,1509.32,0.00,1509.32
94496,5934,229,3,1416.93,0.10,3825.71
94497,7350,214,1,1178.45,0.15,1001.68
94498,5541,178,2,1497.89,0.20,2396.62
94499,9007,237,5,1134.74,0.00,5673.70
94500,5551,280,5,1665.08,0.05,7909.13
94501,7077,181,2,766.36,0.05,1456.08
94502,10612,245,5,1210.49,0.05,5749.83
94503,8377,266,4,1245.35,0.00,4981.40
94504,5810,251,5,947.97,0.15,4028.87
94505,6530,248,1,1863.86,0.05,1770.67
94506,6752,104,3,2213.07,0.15,5643.33
94507,11482,296,4,1459.44,0.10,5253.98
94508,7150,236,3,442.97,0.00,1328.91
94509,8254,235,2,1296.63,0.25,1944.95
94510,12706,264,3,1516.92,0.00,4550.76
94511,9739,151,2,1737.89,0.20,2780.62
94512,11842,153,5,1793.31,0.00,8966.55
94513,10928,254,1,2165.24,0.10,1948.72
94514,5088,220,2,246.34,0.00,492.68
94515,6121,244,1,201.19,0.00,201.19
94516,9072,194,4,1926.75,0.05,7321.65
94517,5977,263,5,2447.20,0.00,12236.00
94518,8764,112,3,1270.77,0.20,3049.85
94519,12767,286,2,69.93,0.05,132.87
94520,8150,232,1,1813.56,0.20,1450.85
94521,8374,185,2,1487.37,0.15,2528.53
94522,7809,290,4,1653.02,0.00,6612.08
94523,7413,292,3,1397.80,0.05,3983.73
94524,7970,150,3,397.61,0.05,1133.19
94525,6142,203,3,1900.01,0.00,5700.03
94526,5669,294,4,2427.45,0.25,7282.35
94527,10940,182,2,1551.91,0.10,2793.44
94528,11437,181,3,766.36,0.25,1724.31
94529,7416,287,3,224.99,0.00,674.97
94530,8940,166,5,485.53,0.00,2427.65
94531,10407,122,1,522.39,0.00,522.39
94532,9637,232,2,1813.56,0.25,2720.34
94533,9712,116,5,1355.08,0.25,5081.55
94534,7154,275,5,1096.31,0.00,5481.55
94535,7986,117,5,2081.70,0.20,8326.80
94536,9490,210,4,243.98,0.05,927.12
94537,10456,194,4,1926.75,0.10,6936.30
94538,10961,234,5,302.91,0.00,1514.55
94539,7663,107,1,1171.67,0.00,1171.67
94540,7802,287,2,224.99,0.00,449.98
94541,12219,156,2,2001.82,0.00,4003.64
94542,6602,192,5,1996.58,0.20,7986.32
94543,5004,207,1,620.94,0.10,558.85
94544,12799,278,2,227.14,0.10,408.85
94545,12391,190,1,646.82,0.25,485.12
94546,9666,122,5,522.39,0.10,2350.76
94547,9113,171,3,1704.37,0.00,5113.11
94548,6875,161,1,1891.92,0.15,1608.13
94549,5092,162,5,764.05,0.20,3056.20
94550,6424,127,1,1258.40,0.15,1069.64
94551,8602,241,2,1072.50,0.00,2145.00
94552,7261,271,3,926.97,0.05,2641.86
94553,7916,245,3,1210.49,0.25,2723.60
94554,10857,207,4,620.94,0.10,2235.38
94555,8301,270,3,2245.24,0.05,6398.93
94556,11605,154,2,2234.02,0.00,4468.04
94557,6184,183,1,2299.69,0.05,2184.71
94558,8707,277,3,176.58,0.20,423.79
94559,9096,223,5,1691.32,0.00,8456.60
94560,6031,262,2,338.59,0.00,677.18
94561,5665,202,3,2407.29,0.25,5416.40
94562,9224,121,3,2042.46,0.00,6127.38
94563,11134,224,2,80.21,0.10,144.38
94564,8817,277,4,176.58,0.25,529.74
94565,8115,232,3,1813.56,0.00,5440.68
94566,9930,181,5,766.36,0.25,2873.85
94567,8105,233,3,640.40,0.05,1825.14
94568,5566,299,2,514.01,0.00,1028.02
94569,5612,223,1,1691.32,0.00,1691.32
94570,5470,166,2,485.53,0.05,922.51
94571,9561,291,5,1369.29,0.00,6846.45
94572,11921,159,4,1740.36,0.00,6961.44
94573,11106,297,4,298.38,0.00,1193.52
94574,8274,268,2,1080.58,0.10,1945.04
94575,9219,151,1,1737.89,0.25,1303.42
94576,7030,258,1,2022.94,0.00,2022.94
94577,10180,204,4,226.11,0.05,859.22
94578,8568,252,4,762.60,0.05,2897.88
94579,9982,249,5,1638.11,0.20,6552.44
94580,11081,132,4,1664.91,0.25,4994.73
94581,12266,110,1,418.96,0.00,418.96
94582,6659,218,3,1133.43,0.15,2890.25
94583,6081,238,5,2135.34,0.05,10142.86
94584,12029,139,1,1994.29,0.25,1495.72
94585,9171,180,1,943.48,0.00,943.48
94586,8302,138,2,1832.29,0.00,3664.58
94587,6808,169,2,525.57,0.00,1051.14
94588,5639,191,5,1189.21,0.00,5946.05
94589,12918,241,1,1072.50,0.00,1072.50
94590,10161,105,2,838.62,0.00,1677.24
94591,6493,113,3,2150.67,0.00,6452.01
94592,6353,183,2,2299.69,0.00,4599.38
94593,7341,275,1,1096.31,0.10,986.68
94594,11642,207,5,620.94,0.25,2328.53
94595,10061,255,3,1463.05,0.15,3730.78
94596,7753,164,4,1599.20,0.20,5117.44
94597,12331,167,3,50.29,0.15,128.24
94598,11861,300,2,757.78,0.00,1515.56
94599,12278,236,1,442.97,0.15,376.52
94600,11726,249,3,1638.11,0.10,4422.90
94601,6934,168,5,746.43,0.20,2985.72
94602,5517,177,5,36.22,0.25,135.82
94603,9861,232,2,1813.56,0.00,3627.12
94604,10406,186,1,1700.97,0.20,1360.78
94605,12243,107,5,1171.67,0.00,5858.35
94606,11704,113,5,2150.67,0.10,9678.02
94607,8396,184,2,1591.66,0.25,2387.49
94608,6423,123,5,1736.07,0.00,8680.35
94609,7185,168,2,746.43,0.25,1119.64
94610,11072,155,3,2423.51,0.00,7270.53
94611,12298,235,3,1296.63,0.00,3889.89
94612,10911,169,2,525.57,0.15,893.47
94613,12208,105,3,838.62,0.00,2515.86
94614,6904,300,3,757.78,0.15,1932.34
94615,5673,254,4,2165.24,0.05,8227.91
94616,7291,241,3,1072.50,0.00,3217.50
94617,8813,259,2,2370.62,0.10,4267.12
94618,7617,158,4,2290.44,0.00,9161.76
94619,6611,300,4,757.78,0.25,2273.34
94620,9514,105,4,838.62,0.05,3186.76
94621,5558,196,3,1471.90,0.20,3532.56
94622,9423,272,5,1363.23,0.00,6816.15
94623,10179,115,4,1500.95,0.05,5703.61
94624,9491,179,2,864.43,0.15,1469.53
94625,8596,222,5,1487.60,0.25,5578.50
94626,7809,142,4,1645.63,0.00,6582.52
94627,6273,265,4,68.86,0.20,220.35
94628,9110,134,5,574.61,0.25,2154.79
94629,9507,142,3,1645.63,0.00,4936.89
94630,12727,136,3,843.83,0.15,2151.77
94631,6407,193,2,1884.74,0.25,2827.11
94632,12741,172,2,176.79,0.00,353.58
94633,12850,115,5,1500.95,0.00,7504.75
94634,10181,276,5,1758.07,0.20,7032.28
94635,6277,265,5,68.86,0.15,292.66
94636,12790,238,1,2135.34,0.25,1601.51
94637,5565,110,4,418.96,0.25,1256.88
94638,7791,234,5,302.91,0.00,1514.55
94639,6211,236,3,442.97,0.00,1328.91
94640,7963,218,5,1133.43,0.05,5383.79
94641,7933,202,2,2407.29,0.15,4092.39
94642,7716,252,1,762.60,0.20,610.08
94643,10021,180,2,943.48,0.10,1698.26
94644,12659,288,4,475.03,0.25,1425.09
94645,6878,115,5,1500.95,0.25,5628.56
94646,10178,230,5,2005.24,0.05,9524.89
94647,11256,247,1,974.32,0.00,974.32
94648,5851,139,5,1994.29,0.00,9971.45
94649,11652,105,1,838.62,0.00,838.62
94650,7966,123,2,1736.07,0.00,3472.14
94651,8405,265,2,68.86,0.00,137.72
94652,6131,150,3,397.61,0.25,894.62
94653,7406,269,3,1773.91,0.05,5055.64
94654,12010,169,1,525.57,0.10,473.01
94655,6461,281,5,1191.76,0.00,5958.80
94656,6444,123,4,1736.07,0.25,5208.21
94657,12037,116,4,1355.08,0.10,4878.29
94658,12014,177,4,36.22,0.00,144.88
94659,8564,268,2,1080.58,0.25,1620.87
94660,9692,268,3,1080.58,0.05,3079.65
94661,6479,117,1,2081.70,0.25,1561.27
94662,11281,143,5,988.01,0.05,4693.05
94663,5981,292,4,1397.80,0.15,4752.52
94664,11775,249,5,1638.11,0.00,8190.55
94665,5065,264,5,1516.92,0.25,5688.45
94666,9897,298,3,108.90,0.15,277.70
94667,9317,189,5,885.16,0.05,4204.51
94668,6239,245,4,1210.49,0.25,3631.47
94669,12425,197,1,2202.77,0.20,1762.22
94670,10901,249,4,1638.11,0.00,6552.44
94671,10757,203,5,1900.01,0.25,7125.04
94672,12785,228,3,694.03,0.10,1873.88
94673,9225,287,1,224.99,0.00,224.99
94674,6369,176,4,1657.31,0.20,5303.39
94675,9695,252,4,762.60,0.10,2745.36
94676,11096,165,5,2379.36,0.25,8922.60
94677,10903,257,1,1787.40,0.20,1429.92
94678,11321,130,4,19.96,0.00,79.84
94679,8521,101,2,907.15,0.25,1360.72
94680,9835,266,2,1245.35,0.00,2490.70
94681,8995,113,1,2150.67,0.15,1828.07
94682,7938,158,1,2290.44,0.10,2061.40
94683,9826,138,2,1832.29,0.00,3664.58
94684,10427,126,2,288.49,0.10,519.28
94685,11696,154,4,2234.02,0.15,7595.67
94686,11938,224,3,80.21,0.20,192.50
94687,7613,226,4,181.96,0.20,582.27
94688,12264,177,2,36.22,0.00,72.44
94689,8095,255,5,1463.05,0.20,5852.20
94690,12857,201,3,956.06,0.15,2437.95
94691,9054,116,4,1355.08,0.00,5420.32
94692,7512,151,1,1737.89,0.00,1737.89
94693,5214,169,2,525.57,0.00,1051.14
94694,12971,141,1,993.39,0.00,993.39
94695,8878,262,1,338.59,0.20,270.87
94696,8119,174,3,306.10,0.05,872.38
94697,7664,279,1,2195.66,0.05,2085.88
94698,9200,151,5,1737.89,0.15,7386.03
94699,5106,294,2,2427.45,0.10,4369.41
94700,9547,211,5,955.77,0.15,4062.02
94701,10670,244,5,201.19,0.05,955.65
94702,7738,234,1,302.91,0.05,287.76
94703,8284,299,2,514.01,0.10,925.22
94704,12366,148,3,572.20,0.25,1287.45
94705,10540,111,2,116.37,0.00,232.74
94706,6053,224,4,80.21,0.00,320.84
94707,10568,185,2,1487.37,0.05,2826.00
94708,11343,210,5,243.98,0.25,914.92
94709,11946,216,5,1385.99,0.00,6929.95
94710,10421,105,5,838.62,0.00,4193.10
94711,9689,134,1,574.61,0.20,459.69
94712,12103,194,5,1926.75,0.00,9633.75
94713,8865,262,3,338.59,0.00,1015.77
94714,7178,281,3,1191.76,0.00,3575.28
94715,7926,195,3,1062.47,0.00,3187.41
94716,5078,149,3,1613.28,0.20,3871.87
94717,5774,186,5,1700.97,0.00,8504.85
94718,6818,252,3,762.60,0.00,2287.80
94719,6948,286,4,69.93,0.00,279.72
94720,6979,226,4,181.96,0.15,618.66
94721,7882,177,2,36.22,0.10,65.20
94722,12194,258,1,2022.94,0.00,2022.94
94723,9373,192,2,1996.58,0.20,3194.53
94724,10612,189,5,885.16,0.20,3540.64
94725,5938,169,2,525.57,0.05,998.58
94726,11485,131,3,2336.91,0.15,5959.12
94727,9726,295,5,1644.06,0.05,7809.28
94728,11284,278,2,227.14,0.00,454.28
94729,5508,262,4,338.59,0.25,1015.77
94730,11887,236,2,442.97,0.15,753.05
94731,8537,268,3,1080.58,0.00,3241.74
94732,8074,164,3,1599.20,0.00,4797.60
94733,11120,108,5,1886.70,0.10,8490.15
94734,10657,124,3,213.45,0.15,544.30
94735,5429,165,5,2379.36,0.05,11301.96
94736,5506,290,2,1653.02,0.20,2644.83
94737,10753,289,4,499.25,0.15,1697.45
94738,9389,196,1,1471.90,0.00,1471.90
94739,12822,131,2,2336.91,0.00,4673.82
94740,8986,236,3,442.97,0.00,1328.91
94741,7046,200,4,2486.65,0.25,7459.95
94742,7394,280,5,1665.08,0.00,8325.40
94743,9484,247,1,974.32,0.25,730.74
94744,6590,146,3,1722.59,0.05,4909.38
94745,5016,203,1,1900.01,0.20,1520.01
94746,5511,289,4,499.25,0.05,1897.15
94747,12507,145,3,1877.04,0.05,5349.56
94748,10511,200,4,2486.65,0.00,9946.60
94749,12725,173,1,1136.92,0.20,909.54
94750,11779,296,2,1459.44,0.05,2772.94
94751,5543,174,4,306.10,0.20,979.52
94752,12564,128,4,114.43,0.10,411.95
94753,9304,260,3,298.97,0.05,852.06
94754,9664,214,4,1178.45,0.25,3535.35
94755,10166,234,5,302.91,0.25,1135.91
94756,6697,206,3,239.11,0.10,645.60
94757,7568,160,1,773.25,0.00,773.25
94758,8118,171,4,1704.37,0.15,5794.86
94759,5170,105,5,838.62,0.00,4193.10
94760,10574,217,5,1763.03,0.05,8374.39
94761,6483,221,4,1712.69,0.00,6850.76
94762,12476,173,1,1136.92,0.10,1023.23
94763,10993,261,1,419.36,0.00,419.36
94764,5140,114,2,1566.37,0.15,2662.83
94765,6541,227,5,461.19,0.15,1960.06
94766,7671,213,2,1512.95,0.05,2874.61
94767,8537,102,2,1084.90,0.00,2169.80
94768,10490,223,2,1691.32,0.05,3213.51
94769,9333,241,2,1072.50,0.25,1608.75
94770,9892,127,3,1258.40,0.20,3020.16
94771,8846,200,4,2486.65,0.20,7957.28
94772,9519,121,3,2042.46,0.05,5821.01
94773,9266,202,3,2407.29,0.25,5416.40
94774,10786,277,5,176.58,0.25,662.18
94775,11916,294,2,2427.45,0.00,4854.90
94776,8077,140,5,1375.60,0.10,6190.20
94777,12600,195,4,1062.47,0.20,3399.90
94778,7239,270,1,2245.24,0.00,2245.24
94779,12338,252,1,762.60,0.00,762.60
94780,6341,179,4,864.43,0.00,3457.72
94781,11285,194,5,1926.75,0.20,7707.00
94782,8488,237,1,1134.74,0.20,907.79
94783,8990,178,1,1497.89,0.00,1497.89
94784,12527,169,5,525.57,0.00,2627.85
94785,10821,252,1,762.60,0.00,762.60
94786,12668,157,1,1243.00,0.00,1243.00
94787,12547,244,4,201.19,0.05,764.52
94788,11549,151,2,1737.89,0.00,3475.78
94789,7520,210,4,243.98,0.00,975.92
94790,12875,210,4,243.98,0.00,975.92
94791,9187,150,1,397.61,0.00,397.61
94792,10626,206,5,239.11,0.00,1195.55
94793,7293,164,2,1599.20,0.00,3198.40
94794,7833,227,3,461.19,0.00,1383.57
94795,12119,147,5,2470.00,0.10,11115.00
94796,6600,158,5,2290.44,0.20,9161.76
94797,12850,148,2,572.20,0.00,1144.40
94798,10486,119,4,1998.83,0.00,7995.32
94799,12768,190,1,646.82,0.25,485.12
94800,7187,186,4,1700.97,0.00,6803.88
94801,5529,224,5,80.21,0.10,360.94
94802,6047,141,4,993.39,0.10,3576.20
94803,9646,243,5,2421.72,0.25,9081.45
94804,11053,216,1,1385.99,0.15,1178.09
94805,11351,161,2,1891.92,0.20,3027.07
94806,8806,232,4,1813.56,0.20,5803.39
94807,8395,253,1,566.24,0.00,566.24
94808,9455,233,4,640.40,0.00,2561.60
94809,12315,126,3,288.49,0.25,649.10
94810,6377,198,2,2373.31,0.00,4746.62
94811,10515,123,3,1736.07,0.25,3906.16
94812,6059,121,1,2042.46,0.15,1736.09
94813,6537,205,4,637.79,0.15,2168.49
94814,11697,152,1,1885.74,0.20,1508.59
94815,10075,213,4,1512.95,0.05,5749.21
94816,7104,288,3,475.03,0.10,1282.58
94817,12848,222,3,1487.60,0.15,3793.38
94818,12227,209,5,1581.90,0.00,7909.50
94819,8838,184,3,1591.66,0.00,4774.98
94820,12212,272,4,1363.23,0.00,5452.92
94821,5638,244,3,201.19,0.15,513.03
94822,8988,211,5,955.77,0.25,3584.14
94823,11613,111,1,116.37,0.00,116.37
94824,7930,243,3,2421.72,0.10,6538.64
94825,6833,211,3,955.77,0.00,2867.31
94826,11047,195,4,1062.47,0.25,3187.41
94827,7833,209,1,1581.90,0.00,1581.90
94828,7596,207,3,620.94,0.00,1862.82
94829,7546,238,4,2135.34,0.05,8114.29
94830,7944,146,2,1722.59,0.00,3445.18
94831,12570,149,5,1613.28,0.20,6453.12
94832,12901,130,5,19.96,0.00,99.80
94833,7062,214,2,1178.45,0.00,2356.90
94834,10967,159,1,1740.36,0.00,1740.36
94835,9180,145,1,1877.04,0.20,1501.63
94836,8506,120,5,357.32,0.05,1697.27
94837,7051,255,1,1463.05,0.00,1463.05
94838,11499,233,5,640.40,0.25,2401.50
94839,6760,126,2,288.49,0.25,432.74
94840,10664,244,5,201.19,0.25,754.46
94841,11197,140,3,1375.60,0.00,4126.80
94842,7445,278,1,227.14,0.00,227.14
94843,5050,162,2,764.05,0.10,1375.29
94844,9715,188,1,1254.94,0.10,1129.45
94845,11479,123,1,1736.07,0.05,1649.27
94846,10260,237,1,1134.74,0.00,1134.74
94847,8873,243,1,2421.72,0.05,2300.63
94848,12701,247,4,974.32,0.00,3897.28
94849,7086,172,1,176.79,0.25,132.59
94850,12823,147,2,2470.00,0.20,3952.00
94851,5927,182,3,1551.91,0.15,3957.37
94852,12227,114,1,1566.37,0.00,1566.37
94853,11509,133,1,420.02,0.00,420.02
94854,12830,157,2,1243.00,0.10,2237.40
94855,7166,111,4,116.37,0.00,465.48
94856,7027,146,4,1722.59,0.20,5512.29
94857,9643,145,4,1877.04,0.15,6381.94
94858,7625,149,3,1613.28,0.25,3629.88
94859,10440,194,2,1926.75,0.15,3275.47
94860,9420,188,5,1254.94,0.25,4706.03
94861,6992,299,4,514.01,0.20,1644.83
94862,8495,141,2,993.39,0.20,1589.42
94863,10428,177,2,36.22,0.25,54.33
94864,7300,167,2,50.29,0.00,100.58
94865,12973,180,1,943.48,0.25,707.61
94866,11992,190,2,646.82,0.20,1034.91
94867,6799,224,4,80.21,0.15,272.71
94868,11158,206,2,239.11,0.00,478.22
94869,6868,102,2,1084.90,0.25,1627.35
94870,5495,292,3,1397.80,0.00,4193.40
94871,6225,213,5,1512.95,0.00,7564.75
94872,8351,176,4,1657.31,0.15,5634.85
94873,12162,223,1,1691.32,0.25,1268.49
94874,6516,270,4,2245.24,0.00,8980.96
94875,8948,300,1,757.78,0.10,682.00
94876,11906,167,3,50.29,0.15,128.24
94877,11076,109,1,2155.87,0.10,1940.28
94878,11561,242,2,1720.12,0.05,3268.23
94879,6007,171,4,1704.37,0.05,6476.61
94880,10456,237,3,1134.74,0.15,2893.59
94881,7315,278,4,227.14,0.15,772.28
94882,5459,149,1,1613.28,0.25,1209.96
94883,8168,210,4,243.98,0.05,927.12
94884,10577,225,4,1270.62,0.00,5082.48
94885,9260,201,5,956.06,0.20,3824.24
94886,11391,289,4,499.25,0.00,1997.00
94887,10840,233,4,640.40,0.05,2433.52
94888,7637,114,5,1566.37,0.00,7831.85
94889,5153,300,2,757.78,0.00,1515.56
94890,5520,190,3,646.82,0.05,1843.44
94891,7208,197,4,2202.77,0.00,8811.08
94892,6362,113,3,2150.67,0.00,6452.01
94893,12045,143,3,988.01,0.00,2964.03
94894,10848,269,4,1773.91,0.20,5676.51
94895,7071,208,1,2078.25,0.20,1662.60
94896,8139,112,4,1270.77,0.10,4574.77
94897,8335,142,4,1645.63,0.20,5266.02
94898,5037,152,5,1885.74,0.00,9428.70
94899,6581,153,2,1793.31,0.00,3586.62
94900,9352,298,4,108.90,0.15,370.26
94901,8778,277,4,176.58,0.00,706.32
94902,8608,216,4,1385.99,0.25,4157.97
94903,5902,271,3,926.97,0.05,2641.86
94904,9820,153,1,1793.31,0.00,1793.31
94905,12809,226,5,181.96,0.15,773.33
94906,7168,186,2,1700.97,0.20,2721.55
94907,9825,235,5,1296.63,0.05,6158.99
94908,6024,241,5,1072.50,0.20,4290.00
94909,9826,281,1,1191.76,0.05,1132.17
94910,6885,192,3,1996.58,0.10,5390.77
94911,7194,174,1,306.10,0.15,260.19
94912,11768,269,1,1773.91,0.20,1419.13
94913,12739,269,2,1773.91,0.15,3015.65
94914,11455,193,5,1884.74,0.00,9423.70
94915,11911,232,1,1813.56,0.25,1360.17
94916,9893,280,5,1665.08,0.20,6660.32
94917,11189,225,4,1270.62,0.00,5082.48
94918,11282,241,5,1072.50,0.25,4021.88
94919,7982,158,4,2290.44,0.00,9161.76
94920,10528,127,1,1258.40,0.00,1258.40
94921,7922,152,3,1885.74,0.05,5374.36
94922,6093,244,2,201.19,0.15,342.02
94923,5429,183,5,2299.69,0.00,11498.45
94924,6585,107,5,1171.67,0.20,4686.68
94925,11400,122,5,522.39,0.00,2611.95
94926,6992,293,1,1199.87,0.20,959.90
94927,8195,151,1,1737.89,0.20,1390.31
94928,12987,189,5,885.16,0.05,4204.51
94929,5414,216,2,1385.99,0.15,2356.18
94930,9255,124,1,213.45,0.05,202.78
94931,5780,111,1,116.37,0.20,93.10
94932,9103,277,5,176.58,0.15,750.47
94933,5060,295,4,1644.06,0.05,6247.43
94934,11763,132,5,1664.91,0.00,8324.55
94935,12898,177,3,36.22,0.00,108.66
94936,6955,243,5,2421.72,0.00,12108.60
94937,6246,172,5,176.79,0.00,883.95
94938,5687,145,3,1877.04,0.25,4223.34
94939,7612,190,3,646.82,0.00,1940.46
94940,9203,124,3,213.45,0.00,640.35
94941,10056,193,3,1884.74,0.15,4806.09
94942,5729,234,4,302.91,0.00,1211.64
94943,6034,260,4,298.97,0.00,1195.88
94944,9446,131,2,2336.91,0.20,3739.06
94945,12941,202,1,2407.29,0.00,2407.29
94946,9628,286,5,69.93,0.05,332.17
94947,11391,179,5,864.43,0.25,3241.61
94948,12882,183,2,2299.69,0.25,3449.53
94949,9760,274,1,93.41,0.00,93.41
94950,6295,273,1,1052.32,0.10,947.09
94951,9079,174,1,306.10,0.00,306.10
94952,10006,173,4,1136.92,0.00,4547.68
94953,11734,236,1,442.97,0.20,354.38
94954,6691,180,3,943.48,0.05,2688.92
94955,5199,264,4,1516.92,0.05,5764.30
94956,9839,256,1,1238.39,0.00,1238.39
94957,10070,109,4,2155.87,0.00,8623.48
94958,9987,254,1,2165.24,0.05,2056.98
94959,5109,113,3,2150.67,0.00,6452.01
94960,8200,266,3,1245.35,0.00,3736.05
94961,7300,160,2,773.25,0.00,1546.50
94962,6660,220,4,246.34,0.25,739.02
94963,8326,106,1,903.02,0.00,903.02
94964,12057,175,4,2362.73,0.00,9450.92
94965,9601,258,1,2022.94,0.15,1719.50
94966,12298,278,3,227.14,0.05,647.35
94967,12148,110,5,418.96,0.20,1675.84
94968,6993,220,3,246.34,0.20,591.22
94969,7813,120,5,357.32,0.10,1607.94
94970,10951,298,2,108.90,0.05,206.91
94971,9978,210,2,243.98,0.00,487.96
94972,5612,103,2,1509.32,0.20,2414.91
94973,7201,284,4,2320.38,0.15,7889.29
94974,7077,158,5,2290.44,0.10,10306.98
94975,6845,131,2,2336.91,0.20,3739.06
94976,6890,142,4,1645.63,0.00,6582.52
94977,7207,223,4,1691.32,0.05,6427.02
94978,11723,184,5,1591.66,0.20,6366.64
94979,12325,142,4,1645.63,0.05,6253.39
94980,11502,195,2,1062.47,0.15,1806.20
94981,10760,133,2,420.02,0.25,630.03
94982,8971,218,3,1133.43,0.00,3400.29
94983,12428,209,4,1581.90,0.20,5062.08
94984,7616,297,1,298.38,0.20,238.70
94985,10217,179,3,864.43,0.00,2593.29
94986,7328,261,3,419.36,0.10,1132.27
94987,8711,248,3,1863.86,0.00,5591.58
94988,12700,211,3,955.77,0.00,2867.31
94989,6497,177,5,36.22,0.05,172.04
94990,9353,223,2,1691.32,0.10,3044.38
94991,5609,240,4,1506.75,0.20,4821.60
94992,10104,102,1,1084.90,0.15,922.17
94993,12786,165,5,2379.36,0.00,11896.80
94994,9891,222,1,1487.60,0.20,1190.08
94995,10349,110,5,418.96,0.25,1571.10
94996,11082,129,2,268.41,0.00,536.82
94997,12432,258,4,2022.94,0.00,8091.76
94998,6247,231,3,1343.75,0.00,4031.25
94999,5387,101,5,907.15,0.00,4535.75
95000,8171,298,4,108.90,0.10,392.04
