pedido_id,cliente_id,fecha_pedido,total_pedido,estado,canal,ciudad_entrega,metodo_pago
5001,1212,2024-05-07,6149.83,Devuelto,Web,Cajamarca,Yape
5002,1218,2024-06-21,7138.08,"En camino",Web,Tacna,Efectivo
5003,2560,2023-04-12,546.14,"En camino",Web,Cajamarca,Yape
5004,1154,2022-07-24,1714.72,Devuelto,Web,Tacna,"Tarjeta de débito"
5005,2712,2022-12-21,894.05,"En camino",App,Chiclayo,"Tarjeta de débito"
5006,1952,2023-03-17,4532.71,Cancelado,"Tienda física",Lima,"Tarjeta de crédito"
5007,2701,2023-07-29,11666.19,Entregado,App,Cusco,"Tarjeta de crédito"
5008,1760,2023-04-15,1569.70,"En camino",Web,Iquitos,Yape
5009,2334,2024-12-23,6736.65,Entregado,Web,Lima,Efectivo
5010,2817,2024-12-22,2299.08,"En camino","Tienda física",Chiclayo,Yape
5011,2004,2022-03-20,3187.41,"En camino",App,Arequipa,Efectivo
5012,1873,2023-09-24,14066.63,Cancelado,App,Trujillo,"Tarjeta de débito"
5013,2243,2024-10-25,8366.03,Cancelado,"Tienda física",Arequipa,Yape
5014,1248,2023-12-06,1778.81,Cancelado,App,Cajamarca,"Tarjeta de débito"
5015,2984,2022-07-05,9960.87,Entregado,App,Tacna,"Tarjeta de débito"
5016,2008,2023-08-21,14505.47,Entregado,Web,Lima,Efectivo
5017,1219,2022-11-08,5106.25,Devuelto,Web,Piura,"Tarjeta de crédito"
5018,1867,2022-04-28,5254.69,"En camino","Tienda física",Arequipa,"Tarjeta de débito"
5019,1337,2022-10-25,8419.65,Cancelado,Web,Tacna,Efectivo
5020,1118,2024-01-27,2921.06,Entregado,Web,Piura,"Tarjeta de débito"
5021,2597,2023-05-12,2709.06,Cancelado,Web,Huancayo,Efectivo
5022,1604,2024-03-31,425.27,Cancelado,Web,Trujillo,Efectivo
5023,1323,2023-09-02,674.77,Devuelto,App,Piura,Efectivo
5024,2264,2024-01-21,13690.31,Devuelto,App,Trujillo,Yape
5025,2809,2022-04-05,1343.75,"En camino","Tienda física",Cusco,"Tarjeta de débito"
5026,2113,2022-10-24,1375.67,"En camino","Tienda física",Piura,Efectivo
5027,1762,2022-12-26,13596.36,"En camino","Tienda física",Trujillo,Yape
5028,1234,2023-05-02,39.10,Cancelado,Web,Chiclayo,Efectivo
5029,1592,2022-08-08,2266.86,Cancelado,App,Cusco,Efectivo
5030,1550,2023-05-20,8564.76,Cancelado,"Tienda física",Piura,"Tarjeta de crédito"
5031,2715,2023-06-07,8313.00,"En camino",Web,Trujillo,Yape
5032,2132,2022-09-29,12450.65,"En camino",App,Tacna,Yape
5033,1828,2024-08-23,10388.25,Devuelto,"Tienda física",Arequipa,"Tarjeta de crédito"
5034,2182,2024-01-11,3370.21,Devuelto,App,Chiclayo,Efectivo
5035,2134,2024-01-30,5205.91,Devuelto,"Tienda física",Arequipa,Yape
5036,1477,2024-06-23,2313.05,"En camino",App,Cajamarca,"Tarjeta de crédito"
5037,1067,2024-02-15,16287.97,Entregado,"Tienda física",Lima,Efectivo
5038,1768,2024-08-13,3406.54,"En camino",App,Cajamarca,"Tarjeta de débito"
5039,1360,2023-01-14,3453.96,Devuelto,App,Trujillo,"Tarjeta de débito"
5040,2926,2022-05-11,4699.11,Devuelto,App,Piura,"Tarjeta de crédito"
5041,1213,2022-08-14,2346.21,Cancelado,"Tienda física",Tacna,Efectivo
5042,2712,2023-11-10,3404.22,"En camino",Web,Huancayo,Efectivo
5043,1871,2023-08-23,14009.80,Devuelto,App,Cusco,"Tarjeta de crédito"
5044,2957,2022-02-19,7000.95,"En camino","Tienda física",Trujillo,Yape
5045,2185,2023-08-08,8154.22,Devuelto,"Tienda física",Chiclayo,Yape
5046,1017,2023-06-14,7785.88,Cancelado,App,Lima,Yape
5047,1425,2023-02-02,2509.88,Cancelado,Web,Chiclayo,Efectivo
5048,2198,2022-06-24,5957.78,"En camino","Tienda física",Cajamarca,Efectivo
5049,2755,2024-12-03,10094.74,Entregado,"Tienda física",Arequipa,"Tarjeta de crédito"
5050,2652,2023-02-20,11119.66,Entregado,App,Arequipa,Yape
5051,1367,2023-09-05,2776.10,Devuelto,Web,Arequipa,Yape
5052,1384,2023-05-25,6504.90,Devuelto,"Tienda física",Piura,"Tarjeta de crédito"
5053,1061,2024-06-11,8295.85,Entregado,"Tienda física",Trujillo,Yape
5054,2841,2024-02-02,5725.36,Entregado,App,Tacna,Yape
5055,1370,2023-04-06,9887.97,Entregado,Web,Arequipa,Efectivo
5056,2530,2022-06-23,1769.02,Devuelto,App,Huancayo,"Tarjeta de débito"
5057,1847,2022-03-20,13221.85,"En camino","Tienda física",Tacna,"Tarjeta de crédito"
5058,2969,2022-11-18,20818.84,"En camino","Tienda física",Iquitos,"Tarjeta de crédito"
5059,2165,2024-09-17,8632.12,Cancelado,App,Trujillo,Efectivo
5060,2628,2024-09-17,6725.77,Cancelado,App,Trujillo,"Tarjeta de débito"
5061,2126,2022-09-01,3962.21,Cancelado,App,Tacna,Efectivo
5062,1029,2022-08-08,26727.03,Entregado,App,Trujillo,"Tarjeta de crédito"
5063,1196,2023-10-19,1150.90,Devuelto,"Tienda física",Chiclayo,"Tarjeta de débito"
5064,2824,2022-02-02,31.94,"En camino",App,Lima,Efectivo
5065,1546,2024-04-15,12006.58,Cancelado,Web,Iquitos,Efectivo
5066,1378,2022-10-29,3640.26,Entregado,Web,Trujillo,Yape
5067,2390,2022-08-23,9050.53,Cancelado,Web,Piura,"Tarjeta de débito"
5068,1815,2024-08-15,4303.63,Cancelado,Web,Tacna,Yape
5069,1551,2022-09-17,18303.69,Devuelto,Web,Lima,"Tarjeta de débito"
5070,2015,2024-03-09,603.57,"En camino","Tienda física",Tacna,Efectivo
5071,2698,2023-11-27,9023.21,"En camino",Web,Tacna,Efectivo
5072,1159,2022-05-12,4487.52,Devuelto,App,Lima,Efectivo
5073,1125,2024-07-14,648.21,Entregado,"Tienda física",Cuzco,"Tarjeta de crédito"
5074,1865,2023-03-14,14124.34,Cancelado,Web,Trujillo,Efectivo
5075,2119,2022-11-28,7419.71,"En camino",Web,Trujillo,"Tarjeta de débito"
5076,1052,2024-11-08,11366.44,Entregado,"Tienda física",Lima,Yape
5077,2779,2022-08-17,2070.85,Entregado,"Tienda física",Huancayo,Yape
5078,1147,2024-05-25,17381.96,"En camino",Web,Trujillo,"Tarjeta de crédito"
5079,1923,2022-10-17,15517.05,"En camino","Tienda física",Trujillo,"Tarjeta de crédito"
5080,1952,2022-06-20,1724.30,Devuelto,"Tienda física",Chiclayo,"Tarjeta de débito"
5081,2810,2022-04-20,11973.91,Entregado,"Tienda física",Cajamarca,Yape
5082,2817,2024-10-28,8412.88,"En camino",Web,Iquitos,Yape
5083,2556,2024-09-28,1743.94,"En camino","Tienda física",Cajamarca,Efectivo
5084,1040,2023-04-14,8515.67,Cancelado,"Tienda física",Piura,Efectivo
5085,2888,2022-11-15,1763.03,"En camino","Tienda física",Huancayo,"Tarjeta de débito"
5086,1443,2022-11-17,331.87,"En camino",Web,Chiclayo,"Tarjeta de crédito"
5087,2652,2022-07-20,14918.07,Devuelto,Web,Huancayo,Yape
5088,1165,2023-05-20,11709.77,"En camino","Tienda física",Trujillo,"Tarjeta de crédito"
5089,1820,2024-03-24,910.03,Entregado,"Tienda física",Arequipa,Efectivo
5090,2893,2022-06-04,2958.38,Cancelado,"Tienda física",Chiclayo,"Tarjeta de crédito"
5091,1398,2023-10-22,5886.65,Cancelado,"Tienda física",Trujillo,"Tarjeta de crédito"
5092,1913,2024-06-25,12757.37,"En camino",Web,Cajamarca,"Tarjeta de débito"
5093,2817,2023-03-23,9020.84,Cancelado,"Tienda física",Lima,Efectivo
5094,2595,2024-08-01,12259.71,"En camino","Tienda física",Arequipa,Efectivo
5095,1081,2024-06-10,18891.23,"En camino",Web,Cusco,Efectivo
5096,2819,2024-09-18,13930.85,Entregado,Web,Trujillo,"Tarjeta de crédito"
5097,1702,2022-08-22,7879.46,Devuelto,"Tienda física",Lima,Efectivo
5098,2404,2022-02-25,4676.57,Entregado,"Tienda física",Piura,"Tarjeta de crédito"
5099,1023,2024-01-06,333.81,Entregado,Web,Huancayo,"Tarjeta de débito"
5100,2928,2022-10-08,16613.83,Devuelto,App,Tacna,Yape
5101,1068,2024-11-18,12372.98,Cancelado,App,Huancayo,Efectivo
5102,1597,2024-07-13,5557.11,Entregado,Web,Cuzco,Efectivo
5103,2195,2024-09-25,7787.23,Cancelado,"Tienda física",Tacna,"Tarjeta de crédito"
5104,1407,2022-01-03,11951.68,"En camino",App,Tacna,Efectivo
5105,1428,2024-06-24,1805.01,"En camino",Web,Cuzco,Efectivo
5106,1379,2023-08-22,19125.75,Cancelado,"Tienda física",Tacna,"Tarjeta de crédito"
5107,1847,2023-12-11,1211.64,"En camino",Web,Huancayo,Efectivo
5108,2711,2022-06-15,6946.99,Devuelto,Web,Tacna,"Tarjeta de crédito"
5109,1940,2024-02-04,8498.02,"En camino",App,Iquitos,"Tarjeta de crédito"
5110,1376,2023-02-07,15399.43,"En camino","Tienda física",Cajamarca,"Tarjeta de débito"
5111,1520,2022-04-26,15798.28,Entregado,"Tienda física",Cajamarca,Yape
5112,2878,2023-06-05,1118.59,Devuelto,App,Cuzco,Yape
5113,1573,2023-07-16,5710.46,Cancelado,Web,Piura,Yape
5114,1772,2023-10-13,10342.33,Entregado,"Tienda física",Tacna,Efectivo
5115,2183,2022-04-15,11151.20,Cancelado,"Tienda física",Cuzco,"Tarjeta de crédito"
5116,1459,2022-01-22,23156.04,Cancelado,App,Trujillo,Yape
5117,2747,2022-12-30,2664.90,Entregado,App,Tacna,Yape
5118,1232,2022-01-13,9231.99,Entregado,"Tienda física",Huancayo,"Tarjeta de débito"
5119,2768,2022-09-26,11280.28,Entregado,"Tienda física",Trujillo,Efectivo
5120,2656,2024-02-12,5858.35,Cancelado,"Tienda física",Lima,"Tarjeta de crédito"
5121,1903,2024-12-02,8125.61,Devuelto,Web,Chiclayo,"Tarjeta de crédito"
5122,1328,2023-05-15,11699.04,"En camino",App,Arequipa,"Tarjeta de crédito"
5123,2154,2024-10-09,9660.00,Cancelado,App,Cajamarca,Yape
5124,1571,2022-03-12,1195.93,Entregado,"Tienda física",Iquitos,Yape
5125,2603,2023-03-13,3506.04,Entregado,"Tienda física",Piura,Yape
5126,1909,2023-09-27,4062.02,"En camino","Tienda física",Arequipa,Yape
5127,1888,2023-12-11,9056.23,"En camino","Tienda física",Cajamarca,Yape
5128,1495,2022-04-24,869.58,"En camino",App,Cusco,"Tarjeta de crédito"
5129,2876,2022-12-15,2910.69,Devuelto,App,Cuzco,Yape
5130,2138,2023-10-10,2661.15,Cancelado,Web,Cuzco,"Tarjeta de débito"
5131,1011,2024-10-27,3445.18,Devuelto,"Tienda física",Piura,"Tarjeta de débito"
5132,2106,2024-03-29,916.14,Devuelto,"Tienda física",Iquitos,Yape
5133,1456,2024-07-15,2001.06,Entregado,Web,Lima,"Tarjeta de débito"
5134,2962,2024-03-23,12051.75,Devuelto,Web,Iquitos,Efectivo
5135,2153,2022-04-07,11412.13,Entregado,"Tienda física",Huancayo,"Tarjeta de débito"
5136,1067,2023-05-02,16516.48,"En camino",Web,Chiclayo,"Tarjeta de crédito"
5137,2519,2022-04-08,2519.51,Entregado,"Tienda física",Lima,Efectivo
5138,1815,2023-07-12,4705.88,Devuelto,"Tienda física",Chiclayo,Yape
5139,2549,2022-01-18,5858.35,Entregado,"Tienda física",Cuzco,Efectivo
5140,2904,2023-02-26,10766.80,"En camino","Tienda física",Trujillo,Yape
5141,1666,2023-07-14,7554.14,Entregado,"Tienda física",Huancayo,Efectivo
5142,1533,2024-04-15,5543.96,Devuelto,Web,Cajamarca,"Tarjeta de crédito"
5143,1125,2024-07-29,14467.71,Cancelado,App,Trujillo,Yape
5144,1321,2023-12-14,11023.74,Devuelto,App,Piura,Yape
5145,2805,2023-09-02,445.10,Cancelado,App,Cusco,"Tarjeta de crédito"
5146,1717,2022-05-21,14183.64,Cancelado,App,Chiclayo,Efectivo
5147,2262,2022-10-27,4307.03,Devuelto,App,Trujillo,"Tarjeta de débito"
5148,2493,2023-05-07,6400.67,Devuelto,Web,Lima,"Tarjeta de crédito"
5149,2255,2024-05-18,18348.82,Cancelado,Web,Chiclayo,Efectivo
5150,2675,2024-10-31,10009.10,"En camino",App,Huancayo,"Tarjeta de crédito"
5151,2127,2022-07-17,749.67,Cancelado,"Tienda física",Piura,"Tarjeta de crédito"
5152,1666,2022-04-02,1237.20,Cancelado,App,Huancayo,"Tarjeta de crédito"
5153,1223,2022-06-04,1515.56,Devuelto,App,Cusco,"Tarjeta de débito"
5154,2432,2023-05-14,7452.68,"En camino",Web,Huancayo,"Tarjeta de débito"
5155,2237,2022-09-28,8445.47,Devuelto,App,Huancayo,Efectivo
5156,1449,2024-07-03,7697.64,Cancelado,Web,Iquitos,Yape
5157,2512,2022-12-20,19834.21,Entregado,App,Chiclayo,Yape
5158,2239,2022-05-27,11202.23,Devuelto,App,Huancayo,"Tarjeta de crédito"
5159,1461,2022-04-10,5362.20,Entregado,Web,Trujillo,"Tarjeta de crédito"
5160,1261,2023-10-05,17267.77,"En camino",App,Cusco,Efectivo
5161,1947,2022-07-25,7230.16,Devuelto,App,Lima,"Tarjeta de débito"
5162,2436,2023-05-15,16247.25,Entregado,"Tienda física",Chiclayo,Efectivo
5163,1324,2023-05-16,1260.10,Devuelto,Web,Trujillo,"Tarjeta de débito"
5164,2553,2023-07-30,2868.13,Cancelado,Web,Arequipa,Efectivo
5165,2011,2024-02-08,15144.36,Devuelto,Web,Piura,Yape
5166,1370,2022-05-04,1180.90,Devuelto,App,Iquitos,"Tarjeta de débito"
5167,2108,2022-07-25,10985.69,Devuelto,App,Lima,"Tarjeta de crédito"
5168,2764,2023-09-28,6764.56,"En camino",App,Iquitos,Efectivo
5169,1179,2022-11-24,2696.25,Cancelado,Web,Huancayo,Yape
5170,1328,2022-11-01,7375.09,Cancelado,App,Cuzco,Efectivo
5171,2833,2022-01-06,6138.35,Devuelto,"Tienda física",Cusco,"Tarjeta de crédito"
5172,2173,2022-07-21,4568.75,Cancelado,Web,Arequipa,"Tarjeta de débito"
5173,1242,2023-04-27,5870.89,Devuelto,"Tienda física",Cajamarca,Efectivo
5174,2684,2022-12-13,22227.08,Entregado,Web,Piura,"Tarjeta de crédito"
5175,1794,2024-01-11,11801.78,"En camino",Web,Iquitos,"Tarjeta de débito"
5176,1456,2023-04-29,1275.81,"En camino",Web,Tacna,"Tarjeta de débito"
5177,1713,2022-12-22,14134.07,"En camino",App,Tacna,Efectivo
5178,2336,2022-03-06,8906.35,"En camino",App,Huancayo,"Tarjeta de débito"
5179,1098,2023-02-08,16823.27,Entregado,"Tienda física",Lima,"Tarjeta de débito"
5180,1612,2022-06-07,9637.36,Cancelado,"Tienda física",Huancayo,"Tarjeta de crédito"
5181,2997,2024-03-03,10038.73,"En camino","Tienda física",Arequipa,Efectivo
5182,2582,2024-12-07,3007.52,Devuelto,Web,Iquitos,Efectivo
5183,2154,2022-09-06,1946.87,Cancelado,"Tienda física",Iquitos,Yape
5184,2674,2024-04-21,1938.20,Cancelado,App,Chiclayo,"Tarjeta de crédito"
5185,1880,2023-04-01,217.42,Devuelto,App,Piura,"Tarjeta de crédito"
5186,1122,2024-04-30,2918.88,Cancelado,"Tienda física",Tacna,"Tarjeta de débito"
5187,1257,2022-01-19,15422.92,Entregado,Web,Trujillo,"Tarjeta de crédito"
5188,2701,2023-05-02,11420.78,Entregado,"Tienda física",Lima,"Tarjeta de crédito"
5189,1882,2022-06-26,4954.63,Devuelto,"Tienda física",Arequipa,Efectivo
5190,2472,2024-09-07,3744.71,"En camino","Tienda física",Trujillo,Efectivo
5191,1860,2023-05-18,1856.18,Entregado,App,Tacna,Yape
5192,1927,2024-02-19,378.71,"En camino","Tienda física",Piura,"Tarjeta de crédito"
5193,1810,2022-01-26,694.03,"En camino","Tienda física",Lima,Efectivo
5194,2323,2024-08-12,603.22,Cancelado,Web,Lima,Efectivo
5195,1679,2024-11-11,5967.96,Devuelto,App,Tacna,"Tarjeta de crédito"
5196,2688,2023-09-20,8250.43,"En camino",Web,Chiclayo,"Tarjeta de crédito"
5197,1352,2024-09-22,6765.28,Devuelto,Web,Tacna,Efectivo
5198,1930,2024-05-27,23417.88,Devuelto,App,Iquitos,"Tarjeta de crédito"
5199,2768,2024-09-14,9941.59,Entregado,"Tienda física",Lima,"Tarjeta de crédito"
5200,1341,2023-01-13,11673.80,"En camino",Web,Huancayo,Efectivo
5201,2133,2022-04-05,12222.34,"En camino","Tienda física",Cusco,"Tarjeta de débito"
5202,2320,2022-03-29,996.29,Cancelado,Web,Iquitos,"Tarjeta de débito"
5203,1623,2022-02-17,10806.34,Cancelado,Web,Cajamarca,Yape
5204,1729,2023-12-26,16302.73,Cancelado,App,Huancayo,"Tarjeta de crédito"
5205,1421,2022-09-23,8856.78,Entregado,App,Iquitos,Efectivo
5206,2205,2022-06-15,861.91,Devuelto,"Tienda física",Cajamarca,Efectivo
5207,2002,2023-06-11,3119.16,Cancelado,"Tienda física",Iquitos,Efectivo
5208,1543,2022-07-24,9350.89,Entregado,Web,Piura,Efectivo
5209,2277,2022-04-14,3873.10,Cancelado,Web,Iquitos,Yape
5210,2534,2024-08-28,5435.86,"En camino",Web,Lima,"Tarjeta de crédito"
5211,2284,2022-01-19,2195.66,Devuelto,Web,Tacna,"Tarjeta de crédito"
5212,2201,2024-07-24,11296.38,"En camino",App,Cajamarca,"Tarjeta de débito"
5213,1766,2022-08-22,5085.44,Devuelto,App,Arequipa,"Tarjeta de débito"
5214,1048,2024-06-07,9640.33,Entregado,"Tienda física",Huancayo,Yape
5215,1928,2023-05-10,1568.55,Devuelto,App,Huancayo,Yape
5216,2481,2023-07-05,718.36,Entregado,Web,Cuzco,Efectivo
5217,1002,2024-01-18,10343.78,Devuelto,Web,Tacna,Yape
5218,2036,2022-02-26,13879.87,Devuelto,"Tienda física",Lima,Efectivo
5219,2760,2024-12-27,98.91,"En camino",Web,Tacna,Efectivo
5220,2119,2023-10-19,2061.44,Entregado,Web,Cajamarca,Yape
5221,1891,2022-08-02,6242.09,Cancelado,App,Tacna,"Tarjeta de débito"
5222,1618,2023-01-05,1146.07,Entregado,Web,Arequipa,Yape
5223,2672,2023-03-20,1754.95,Entregado,"Tienda física",Trujillo,"Tarjeta de débito"
5224,1006,2024-07-28,15519.81,Entregado,App,Cusco,Efectivo
5225,1858,2022-01-14,4366.93,Entregado,App,Iquitos,Yape
5226,2533,2024-12-19,6127.38,Cancelado,Web,Huancayo,Efectivo
5227,2015,2024-01-31,863.47,Devuelto,"Tienda física",Piura,Yape
5228,1745,2022-06-15,11470.61,Devuelto,App,Trujillo,"Tarjeta de crédito"
5229,2544,2022-08-14,4599.38,"En camino","Tienda física",Trujillo,Efectivo
5230,1846,2022-06-14,10099.74,"En camino","Tienda física",Chiclayo,Efectivo
5231,2734,2023-06-27,4422.90,Devuelto,"Tienda física",Arequipa,Efectivo
5232,2784,2023-09-15,12979.34,Entregado,App,Cajamarca,Efectivo
5233,1045,2024-01-11,8228.97,Entregado,"Tienda física",Cuzco,Efectivo
5234,1348,2023-06-16,8098.31,"En camino",Web,Piura,"Tarjeta de débito"
5235,1092,2024-01-15,1794.96,Entregado,"Tienda física",Cusco,"Tarjeta de crédito"
5236,2118,2024-05-10,3824.24,Cancelado,"Tienda física",Chiclayo,Efectivo
5237,1021,2024-08-25,21442.50,"En camino","Tienda física",Lima,Efectivo
5238,2363,2022-10-18,11604.48,Cancelado,"Tienda física",Lima,"Tarjeta de crédito"
5239,2465,2024-03-20,13995.30,Entregado,"Tienda física",Piura,Yape
5240,2890,2023-12-06,8869.80,Devuelto,Web,Lima,Efectivo
5241,1212,2023-11-25,7094.40,Cancelado,App,Trujillo,"Tarjeta de débito"
5242,2158,2024-03-08,2159.67,Entregado,App,Chiclayo,Efectivo
5243,2966,2022-08-24,13064.98,Entregado,App,Cusco,Efectivo
5244,2726,2023-01-17,6228.48,"En camino",App,Cajamarca,"Tarjeta de crédito"
5245,2730,2024-07-17,5652.15,Cancelado,App,Chiclayo,"Tarjeta de crédito"
5246,1352,2024-05-26,209.47,Devuelto,"Tienda física",Cuzco,Yape
5247,2219,2024-10-17,2707.98,Devuelto,Web,Trujillo,"Tarjeta de crédito"
5248,1096,2022-06-10,98.91,Cancelado,"Tienda física",Cuzco,Efectivo
5249,1340,2023-04-29,10601.15,Cancelado,App,Tacna,"Tarjeta de débito"
5250,1382,2024-06-18,13011.00,Devuelto,Web,Cajamarca,Efectivo
5251,2581,2024-07-02,11395.59,Cancelado,App,Piura,Yape
5252,1160,2022-08-27,5565.79,Devuelto,App,Chiclayo,Efectivo
5253,2852,2024-10-23,14847.78,"En camino",App,Lima,Yape
5254,1761,2024-10-21,1522.19,Devuelto,Web,Arequipa,Yape
5255,2591,2024-04-30,7996.07,Cancelado,App,Trujillo,Yape
5256,2691,2022-10-17,1548.11,Cancelado,"Tienda física",Lima,Efectivo
5257,2935,2024-05-21,3983.30,Devuelto,Web,Piura,"Tarjeta de débito"
5258,1613,2023-05-08,5379.93,Devuelto,App,Huancayo,Efectivo
5259,2807,2023-12-27,7405.34,"En camino",App,Arequipa,"Tarjeta de crédito"
5260,2667,2024-03-31,8966.55,Cancelado,Web,Chiclayo,Efectivo
5261,1488,2022-08-07,25196.21,Entregado,"Tienda física",Huancayo,Yape
5262,2270,2022-10-03,4103.76,Entregado,Web,Trujillo,"Tarjeta de crédito"
5263,1067,2024-04-02,4442.01,"En camino",App,Huancayo,Efectivo
5264,1573,2024-02-21,11058.07,Cancelado,App,Arequipa,"Tarjeta de débito"
5265,1531,2024-06-21,10701.94,"En camino",Web,Arequipa,Efectivo
5266,2111,2023-03-25,2855.66,Cancelado,"Tienda física",Huancayo,"Tarjeta de débito"
5267,2173,2022-02-21,9458.86,Devuelto,App,Iquitos,"Tarjeta de débito"
5268,2872,2024-02-02,228.60,Cancelado,App,Cajamarca,Efectivo
5269,1071,2024-01-15,2154.74,Entregado,App,Iquitos,"Tarjeta de débito"
5270,2198,2024-10-09,6284.71,Devuelto,App,Huancayo,Efectivo
5271,1462,2023-03-01,4966.95,"En camino",Web,Piura,"Tarjeta de crédito"
5272,1356,2024-07-28,6699.51,Devuelto,"Tienda física",Cajamarca,"Tarjeta de débito"
5273,2841,2022-07-21,12435.94,Cancelado,App,Tacna,Yape
5274,1322,2023-02-05,19026.67,Entregado,Web,Tacna,"Tarjeta de crédito"
5275,1714,2024-12-10,20633.81,"En camino",App,Iquitos,Yape
5276,2961,2024-09-05,8238.36,"En camino",Web,Iquitos,Yape
5277,1395,2023-08-10,3637.81,"En camino","Tienda física",Tacna,"Tarjeta de débito"
5278,1507,2022-04-06,7489.45,"En camino",Web,Trujillo,Efectivo
5279,1423,2022-12-06,584.20,Entregado,App,Cajamarca,Efectivo
5280,1355,2022-10-14,1315.25,Devuelto,"Tienda física",Tacna,"Tarjeta de crédito"
5281,1014,2023-03-22,8043.58,"En camino","Tienda física",Piura,Efectivo
5282,2961,2023-08-15,27399.66,"En camino",Web,Cajamarca,"Tarjeta de crédito"
5283,1344,2024-02-19,848.35,Devuelto,Web,Chiclayo,Yape
5284,1502,2022-05-21,7398.59,Cancelado,App,Chiclayo,Efectivo
5285,1733,2023-09-11,11257.32,"En camino",App,Lima,"Tarjeta de crédito"
5286,1138,2023-09-01,1323.89,Cancelado,Web,Cuzco,Efectivo
5287,1084,2024-03-11,6353.10,"En camino",Web,Huancayo,Efectivo
5288,1316,2024-02-20,880.11,Entregado,"Tienda física",Piura,"Tarjeta de débito"
5289,2659,2022-12-27,23236.65,Cancelado,"Tienda física",Iquitos,Efectivo
5290,1767,2024-10-09,7715.85,Devuelto,"Tienda física",Tacna,Efectivo
5291,2856,2024-05-18,6769.20,Devuelto,"Tienda física",Piura,"Tarjeta de crédito"
5292,2336,2023-02-24,7806.22,Entregado,Web,Huancayo,"Tarjeta de crédito"
5293,2650,2023-03-24,5629.49,"En camino","Tienda física",Cuzco,Efectivo
5294,1679,2022-01-02,5496.21,Devuelto,App,Lima,Efectivo
5295,1705,2023-08-31,5440.68,Cancelado,"Tienda física",Cajamarca,Yape
5296,2748,2022-08-15,5968.73,Devuelto,"Tienda física",Piura,Yape
5297,2994,2022-05-27,14350.08,"En camino",App,Piura,Efectivo
5298,1122,2024-07-25,3541.98,Entregado,App,Arequipa,"Tarjeta de débito"
5299,1233,2024-05-02,14033.65,Devuelto,App,Trujillo,Efectivo
5300,2267,2022-07-18,1894.75,Entregado,App,Tacna,"Tarjeta de débito"
5301,2812,2023-09-03,3234.24,"En camino",Web,Chiclayo,"Tarjeta de crédito"
5302,2494,2022-12-23,5758.30,Entregado,App,Chiclayo,"Tarjeta de débito"
5303,1464,2022-07-29,33546.50,Cancelado,Web,Chiclayo,"Tarjeta de crédito"
5304,1692,2024-02-07,9850.84,"En camino",Web,Huancayo,Efectivo
5305,1581,2023-01-16,12212.53,Entregado,"Tienda física",Trujillo,"Tarjeta de crédito"
5306,1673,2023-08-29,947.97,Entregado,App,Arequipa,Efectivo
5307,2631,2024-11-13,18385.64,Entregado,App,Tacna,Efectivo
5308,2471,2023-04-10,6599.27,Cancelado,"Tienda física",Tacna,"Tarjeta de débito"
5309,2399,2022-08-19,12127.69,Entregado,Web,Iquitos,"Tarjeta de débito"
5310,2839,2024-03-23,14552.40,Devuelto,App,Cuzco,Yape
5311,1069,2024-12-25,132.47,Devuelto,Web,Cusco,Efectivo
5312,1463,2024-05-13,13453.32,Cancelado,Web,Cuzco,"Tarjeta de débito"
5313,2752,2023-03-01,1163.82,Entregado,App,Cajamarca,"Tarjeta de crédito"
5314,1830,2024-05-01,8388.81,Devuelto,"Tienda física",Iquitos,Efectivo
5315,2190,2023-06-21,6608.31,"En camino",Web,Piura,Efectivo
5316,2033,2024-09-08,2757.36,Entregado,"Tienda física",Arequipa,"Tarjeta de crédito"
5317,2666,2022-02-25,3585.85,"En camino","Tienda física",Chiclayo,Efectivo
5318,2136,2023-05-28,201.16,"En camino",Web,Trujillo,Efectivo
5319,2656,2024-03-06,11483.86,"En camino",App,Cajamarca,Efectivo
5320,2148,2023-10-04,4106.04,Devuelto,App,Huancayo,"Tarjeta de débito"
5321,1584,2024-02-12,3449.90,Devuelto,App,Arequipa,Efectivo
5322,2424,2024-03-04,10742.92,Entregado,App,Iquitos,"Tarjeta de crédito"
5323,2605,2024-11-11,7552.97,Devuelto,Web,Lima,Efectivo
5324,1427,2024-09-16,7214.02,Devuelto,"Tienda física",Cusco,Yape
5325,2278,2022-02-14,5726.97,Devuelto,App,Cusco,"Tarjeta de débito"
5326,1397,2023-03-20,2731.22,Devuelto,"Tienda física",Cuzco,"Tarjeta de crédito"
5327,2547,2024-02-12,917.62,Entregado,"Tienda física",Trujillo,Yape
5328,2589,2023-04-19,430.40,Entregado,Web,Cusco,Efectivo
5329,1503,2022-01-07,5868.85,"En camino","Tienda física",Huancayo,"Tarjeta de débito"
5330,1395,2022-02-27,11009.29,Entregado,Web,Lima,"Tarjeta de débito"
5331,2793,2023-07-24,8673.56,"En camino",App,Iquitos,"Tarjeta de crédito"
5332,1333,2023-03-27,9880.47,Cancelado,"Tienda física",Iquitos,Efectivo
5333,1604,2024-09-23,1060.61,"En camino",Web,Arequipa,Yape
5334,2741,2023-04-12,2574.00,Entregado,"Tienda física",Piura,Yape
5335,1505,2024-04-02,2721.55,Entregado,"Tienda física",Chiclayo,Efectivo
5336,1808,2023-04-10,2527.66,Entregado,"Tienda física",Huancayo,Efectivo
5337,2883,2022-06-11,21400.49,Cancelado,Web,Huancayo,Yape
5338,1335,2023-12-07,4758.72,Devuelto,App,Cusco,Yape
5339,2213,2023-01-06,8341.83,"En camino","Tienda física",Cajamarca,"Tarjeta de débito"
5340,1874,2022-10-24,667.71,"En camino",Web,Chiclayo,Efectivo
5341,1271,2022-08-21,7282.35,Devuelto,Web,Cusco,Yape
5342,1015,2022-12-10,2698.89,Devuelto,App,Cuzco,"Tarjeta de crédito"
5343,2663,2024-09-15,5055.64,"En camino",Web,Chiclayo,"Tarjeta de débito"
5344,2101,2022-04-29,5944.35,Devuelto,App,Piura,Yape
5345,1055,2024-02-25,2024.54,"En camino",Web,Chiclayo,Efectivo
5346,1711,2023-11-07,12202.75,Devuelto,Web,Cajamarca,"Tarjeta de débito"
5347,2156,2023-04-02,6234.75,Devuelto,Web,Trujillo,Efectivo
5348,2530,2023-07-28,2590.89,"En camino",App,Iquitos,"Tarjeta de débito"
5349,2517,2022-05-12,2900.09,Devuelto,Web,Trujillo,"Tarjeta de débito"
5350,2103,2022-03-31,24968.77,Cancelado,Web,Cajamarca,Yape
5351,2322,2023-06-26,2181.16,Cancelado,"Tienda física",Iquitos,Yape
5352,1473,2022-04-13,11965.16,Devuelto,"Tienda física",Cajamarca,"Tarjeta de crédito"
5353,1251,2024-02-12,5153.49,Devuelto,"Tienda física",Cusco,"Tarjeta de crédito"
5354,1259,2022-10-25,1637.64,"En camino",Web,Arequipa,Yape
5355,2704,2022-07-12,8068.50,Entregado,"Tienda física",Arequipa,"Tarjeta de crédito"
5356,2979,2022-06-17,1936.45,Entregado,Web,Arequipa,"Tarjeta de débito"
5357,2616,2024-07-14,4828.93,"En camino",App,Arequipa,Efectivo
5358,1552,2022-12-15,9835.38,Entregado,App,Lima,Yape
5359,2542,2022-09-20,18957.39,Devuelto,Web,Trujillo,"Tarjeta de crédito"
5360,1554,2024-11-17,4698.58,"En camino","Tienda física",Tacna,Efectivo
5361,1186,2022-11-18,2017.67,Entregado,Web,Cuzco,Efectivo
5362,1332,2023-07-30,582.14,Cancelado,"Tienda física",Huancayo,Efectivo
5363,2802,2024-09-09,10313.70,Cancelado,Web,Arequipa,Efectivo
5364,2188,2022-09-12,12296.92,Cancelado,Web,Trujillo,"Tarjeta de débito"
5365,1118,2024-11-28,2261.08,Entregado,App,Lima,"Tarjeta de débito"
5366,1910,2023-01-30,9172.44,"En camino","Tienda física",Lima,"Tarjeta de crédito"
5367,2598,2022-02-11,5303.32,Devuelto,Web,Huancayo,Yape
5368,1683,2022-06-29,2183.52,Cancelado,App,Trujillo,Efectivo
5369,2539,2022-08-22,6675.36,Entregado,App,Lima,Efectivo
5370,2226,2024-07-03,1627.76,"En camino",App,Trujillo,"Tarjeta de crédito"
5371,1805,2024-03-31,2358.60,Devuelto,"Tienda física",Piura,Efectivo
5372,1642,2022-04-20,4276.65,Entregado,"Tienda física",Iquitos,"Tarjeta de débito"
5373,2859,2024-09-10,4485.16,Devuelto,"Tienda física",Iquitos,Efectivo
5374,2792,2023-11-17,3509.47,Entregado,App,Cajamarca,Efectivo
5375,2253,2024-07-06,9486.21,Devuelto,"Tienda física",Arequipa,Efectivo
5376,2232,2024-12-12,4803.04,"En camino","Tienda física",Lima,"Tarjeta de débito"
5377,2260,2024-12-02,2724.89,Cancelado,"Tienda física",Trujillo,Efectivo
5378,1275,2023-06-01,16055.33,Devuelto,App,Piura,"Tarjeta de crédito"
5379,2949,2024-09-04,4242.91,Cancelado,Web,Iquitos,"Tarjeta de débito"
5380,1116,2023-08-07,6048.97,Entregado,Web,Arequipa,Efectivo
5381,1242,2024-07-08,3059.67,"En camino","Tienda física",Lima,Efectivo
5382,1293,2022-04-27,1386.37,Cancelado,"Tienda física",Cajamarca,Yape
5383,1498,2023-10-09,11290.59,"En camino",Web,Arequipa,"Tarjeta de débito"
5384,2981,2022-11-27,1555.18,Cancelado,App,Lima,Efectivo
5385,2017,2022-10-04,9318.83,Entregado,"Tienda física",Cajamarca,"Tarjeta de crédito"
5386,1823,2022-08-07,2007.49,Devuelto,Web,Lima,Efectivo
5387,1406,2024-10-01,5790.69,Entregado,"Tienda física",Chiclayo,Efectivo
5388,1155,2022-09-12,11721.02,Devuelto,App,Trujillo,Efectivo
5389,1986,2022-08-15,13787.53,Cancelado,App,Cusco,"Tarjeta de débito"
5390,1942,2023-07-26,3832.27,Cancelado,App,Huancayo,Yape
5391,1633,2024-04-18,8870.43,Entregado,App,Arequipa,"Tarjeta de crédito"
5392,2205,2023-11-19,5374.36,Devuelto,"Tienda física",Piura,"Tarjeta de débito"
5393,1762,2024-05-05,11621.43,Entregado,Web,Cajamarca,Efectivo
5394,1570,2023-12-30,3814.19,"En camino","Tienda física",Piura,Efectivo
5395,1328,2024-11-24,1224.40,Entregado,Web,Cajamarca,Efectivo
5396,1135,2022-07-14,9450.92,Devuelto,App,Tacna,Efectivo
5397,2857,2024-12-30,6174.29,Entregado,"Tienda física",Arequipa,Efectivo
5398,1031,2022-07-28,14015.67,Entregado,Web,Cajamarca,"Tarjeta de débito"
5399,1787,2022-01-20,2890.12,Devuelto,Web,Piura,"Tarjeta de crédito"
5400,1374,2024-06-05,976.41,Devuelto,Web,Trujillo,Yape
5401,2220,2022-06-07,23847.12,Entregado,App,Arequipa,"Tarjeta de débito"
5402,2587,2024-10-05,5302.67,Devuelto,Web,Huancayo,Yape
5403,2776,2023-03-09,13366.30,Entregado,"Tienda física",Cajamarca,"Tarjeta de crédito"
5404,1550,2023-10-04,966.46,Cancelado,Web,Piura,"Tarjeta de crédito"
5405,2313,2024-04-12,12071.25,Devuelto,App,Trujillo,Efectivo
5406,1191,2023-05-14,24073.22,Devuelto,App,Tacna,"Tarjeta de débito"
5407,2160,2022-07-13,10768.70,Entregado,"Tienda física",Arequipa,Efectivo
5408,1417,2024-04-15,4157.70,"En camino",App,Huancayo,"Tarjeta de débito"
5409,2847,2023-02-14,1415.81,Entregado,App,Cajamarca,Efectivo
5410,1918,2022-07-12,5707.13,"En camino","Tienda física",Chiclayo,Efectivo
5411,1701,2022-12-11,5576.45,Entregado,"Tienda física",Piura,Yape
5412,2275,2024-08-02,1494.42,Entregado,Web,Lima,Yape
5413,2632,2024-01-21,11675.00,Devuelto,"Tienda física",Cusco,"Tarjeta de débito"
5414,1201,2023-12-23,7778.10,Devuelto,"Tienda física",Iquitos,Yape
5415,2201,2024-07-07,1661.46,Devuelto,App,Trujillo,Yape
5416,1272,2022-12-31,2326.36,Devuelto,Web,Huancayo,"Tarjeta de débito"
5417,1371,2024-04-28,16838.38,Cancelado,Web,Huancayo,"Tarjeta de débito"
5418,1811,2022-07-31,12021.78,Entregado,Web,Iquitos,Efectivo
5419,1915,2024-05-07,21076.82,"En camino",Web,Tacna,"Tarjeta de débito"
5420,1156,2023-09-17,11531.00,Devuelto,"Tienda física",Piura,Efectivo
5421,2440,2024-04-20,9193.14,Devuelto,Web,Piura,Efectivo
5422,1470,2023-03-23,605.49,Entregado,"Tienda física",Cuzco,Yape
5423,1205,2024-09-26,3736.36,Devuelto,"Tienda física",Cusco,Efectivo
5424,1987,2024-11-04,15026.06,Entregado,App,Chiclayo,"Tarjeta de débito"
5425,1763,2022-05-26,7783.59,Devuelto,"Tienda física",Piura,Efectivo
5426,1476,2022-07-01,13935.57,"En camino","Tienda física",Iquitos,Yape
5427,2480,2023-03-09,6152.48,Devuelto,Web,Chiclayo,"Tarjeta de crédito"
5428,1821,2024-12-12,9981.74,Entregado,"Tienda física",Chiclayo,Efectivo
5429,1263,2022-04-20,22800.41,Cancelado,"Tienda física",Huancayo,"Tarjeta de débito"
5430,2934,2024-03-13,1014.49,Cancelado,"Tienda física",Trujillo,Efectivo
5431,1868,2024-12-22,3013.50,Cancelado,Web,Trujillo,Efectivo
5432,2751,2022-12-08,1742.72,Entregado,"Tienda física",Lima,"Tarjeta de crédito"
5433,2948,2022-04-07,13846.64,Devuelto,"Tienda física",Arequipa,"Tarjeta de débito"
5434,1562,2022-08-22,6818.29,"En camino","Tienda física",Lima,Efectivo
5435,1970,2023-03-01,10230.05,Devuelto,Web,Cajamarca,Efectivo
5436,1653,2022-01-27,10652.63,Devuelto,"Tienda física",Arequipa,"Tarjeta de débito"
5437,1310,2024-10-20,16686.19,Cancelado,Web,Trujillo,Efectivo
5438,2368,2022-06-07,8655.01,"En camino","Tienda física",Arequipa,Efectivo
5439,2748,2024-05-22,501.21,Cancelado,"Tienda física",Huancayo,"Tarjeta de crédito"
5440,2042,2024-10-08,1121.80,Devuelto,App,Trujillo,Efectivo
5441,2290,2023-12-14,3997.66,"En camino","Tienda física",Trujillo,Yape
5442,2880,2023-01-22,68.82,Devuelto,App,Arequipa,"Tarjeta de débito"
5443,1817,2022-12-18,6901.90,Devuelto,App,Piura,"Tarjeta de débito"
5444,1516,2022-08-24,2476.04,Devuelto,App,Iquitos,Yape
5445,1785,2024-03-07,6901.90,Cancelado,"Tienda física",Iquitos,"Tarjeta de débito"
5446,1211,2023-03-31,2202.48,Devuelto,"Tienda física",Cajamarca,"Tarjeta de crédito"
5447,2838,2023-02-03,4976.33,"En camino",App,Chiclayo,"Tarjeta de crédito"
5448,2855,2024-05-13,6414.61,Cancelado,App,Huancayo,Efectivo
5449,1291,2022-09-04,2755.36,Cancelado,Web,Cuzco,"Tarjeta de débito"
5450,2437,2023-05-11,2305.95,Entregado,"Tienda física",Cuzco,Yape
5451,1053,2022-06-07,580.33,Entregado,Web,Arequipa,Efectivo
5452,2824,2024-08-20,9895.71,Devuelto,"Tienda física",Tacna,"Tarjeta de crédito"
5453,2272,2024-12-15,2245.24,Entregado,Web,Cajamarca,Yape
5454,1872,2023-11-06,3405.90,"En camino",App,Piura,"Tarjeta de crédito"
5455,1247,2020-06-10,4062.02,"En camino","Tienda física",Chiclayo,"Tarjeta de crédito"
5456,1919,2022-03-17,17121.19,Devuelto,"Tienda física",Huancayo,"Tarjeta de débito"
5457,2657,2022-04-03,1487.72,"En camino",App,Lima,"Tarjeta de débito"
5458,2570,2023-09-28,2075.21,"En camino",Web,Iquitos,Efectivo
5459,1469,2022-04-26,3843.45,Entregado,Web,Trujillo,Efectivo
5460,1055,2023-05-12,3644.93,Entregado,Web,Cusco,Yape
5461,1010,2024-09-02,16434.52,Cancelado,"Tienda física",Chiclayo,Yape
5462,2170,2022-12-01,6061.88,Cancelado,Web,Iquitos,"Tarjeta de crédito"
5463,2215,2024-01-02,2127.33,Devuelto,"Tienda física",Arequipa,"Tarjeta de crédito"
5464,1325,2023-08-29,23150.61,Devuelto,Web,Lima,Efectivo
5465,2352,2024-01-31,10195.60,Cancelado,Web,Lima,Efectivo
5466,2520,2024-11-22,5089.78,Entregado,Web,Piura,Efectivo
5467,2801,2023-11-13,11838.83,Entregado,Web,Cusco,Efectivo
5468,2092,2024-10-28,2205.91,"En camino","Tienda física",Trujillo,Efectivo
5469,2849,2023-04-06,5940.65,Devuelto,"Tienda física",Huancayo,Yape
5470,1551,2023-12-01,2306.08,Devuelto,Web,Huancayo,Efectivo
5471,1646,2024-05-12,4911.36,Entregado,Web,Cuzco,Yape
5472,2792,2023-04-26,2057.83,"En camino",App,Iquitos,"Tarjeta de crédito"
5473,1282,2022-09-11,5876.70,Entregado,App,Huancayo,"Tarjeta de crédito"
5474,1554,2022-11-10,723.21,Cancelado,"Tienda física",Trujillo,Efectivo
5475,1126,2024-09-13,7568.09,Cancelado,App,Iquitos,Yape
5476,1392,2023-07-25,9622.19,"En camino",Web,Cusco,Yape
5477,1341,2023-03-23,3093.00,Devuelto,"Tienda física",Iquitos,Efectivo
5478,2445,2022-11-12,19673.01,"En camino",Web,Cajamarca,"Tarjeta de débito"
5479,1217,2022-10-25,1900.12,Entregado,Web,Trujillo,"Tarjeta de crédito"
5480,1129,2023-10-22,436.20,Cancelado,App,Lima,"Tarjeta de crédito"
5481,1725,2023-12-02,17943.35,Devuelto,App,Trujillo,Efectivo
5482,2416,2022-08-05,8217.29,Entregado,"Tienda física",Piura,Efectivo
5483,1472,2024-06-15,608.19,Devuelto,App,Cuzco,Efectivo
5484,2762,2023-07-12,3337.09,"En camino",App,Arequipa,"Tarjeta de crédito"
5485,1680,2022-05-23,9911.63,Entregado,App,Huancayo,Efectivo
5486,1727,2023-01-13,13878.19,"En camino",App,Iquitos,Efectivo
5487,1021,2023-10-23,11600.55,Cancelado,App,Trujillo,Efectivo
5488,1651,2022-05-17,349.43,Cancelado,Web,Lima,Efectivo
5489,1193,2023-06-05,11201.44,Entregado,Web,Trujillo,"Tarjeta de débito"
5490,1555,2024-10-07,8818.08,"En camino",Web,Chiclayo,Efectivo
5491,1430,2024-05-12,14018.52,Devuelto,App,Tacna,"Tarjeta de crédito"
5492,2475,2023-01-03,4006.73,Cancelado,Web,Cajamarca,Efectivo
5493,2581,2022-08-06,9416.61,Devuelto,App,Huancayo,Efectivo
5494,1286,2023-01-09,8356.49,Entregado,App,Piura,Efectivo
5495,1206,2023-01-20,6749.29,Cancelado,App,Chiclayo,Yape
5496,2192,2024-04-11,7462.53,Entregado,Web,Trujillo,Efectivo
5497,2311,2022-03-18,2115.29,Entregado,Web,Cuzco,"Tarjeta de débito"
5498,1216,2022-09-06,10765.34,"En camino",Web,Lima,Yape
5499,1614,2024-03-20,7851.85,Entregado,App,Lima,"Tarjeta de débito"
5500,1487,2023-04-23,681.42,Entregado,"Tienda física",Iquitos,Yape
5501,2365,2023-06-19,6081.82,Cancelado,Web,Iquitos,"Tarjeta de débito"
5502,2724,2024-01-04,2293.85,Devuelto,"Tienda física",Cajamarca,Efectivo
5503,1102,2023-06-13,1049.54,Entregado,App,Iquitos,Yape
5504,2060,2022-07-20,904.44,Entregado,"Tienda física",Iquitos,Efectivo
5505,2744,2023-03-02,4119.02,"En camino",Web,Lima,Efectivo
5506,1905,2023-05-31,2644.83,Devuelto,Web,Arequipa,Efectivo
5507,1994,2023-10-14,12112.10,Entregado,Web,Huancayo,Efectivo
5508,2879,2023-04-24,13979.85,"En camino","Tienda física",Tacna,"Tarjeta de crédito"
5509,2211,2022-07-12,12153.16,Devuelto,"Tienda física",Chiclayo,Efectivo
5510,1945,2023-10-05,8028.79,"En camino","Tienda física",Chiclayo,"Tarjeta de crédito"
5511,2307,2024-03-08,9368.20,"En camino",Web,Trujillo,Efectivo
5512,1287,2023-03-22,2088.34,"En camino",App,Iquitos,Efectivo
5513,1535,2022-04-18,10986.47,Entregado,App,Tacna,Efectivo
5514,1955,2023-05-12,7935.90,"En camino",Web,Piura,Efectivo
5515,2240,2022-01-18,2862.60,Entregado,"Tienda física",Tacna,Efectivo
5516,2995,2020-06-10,6407.94,"En camino",App,Cusco,Efectivo
5517,1260,2024-03-30,12325.84,Entregado,"Tienda física",Tacna,Efectivo
5518,1767,2024-12-03,10366.99,Cancelado,Web,Cajamarca,Efectivo
5519,2419,2023-11-23,8360.81,"En camino",Web,Cajamarca,"Tarjeta de crédito"
5520,2519,2022-04-05,1843.44,Cancelado,App,Cajamarca,Efectivo
5521,1515,2024-05-27,15163.16,Devuelto,App,Chiclayo,Yape
5522,2762,2023-09-19,9341.22,Entregado,"Tienda física",Cuzco,Yape
5523,1269,2024-01-13,10754.78,Entregado,Web,Lima,Efectivo
5524,1315,2024-08-09,11581.19,Cancelado,Web,Huancayo,Efectivo
5525,2989,2022-10-05,13368.08,Devuelto,Web,Cajamarca,Efectivo
5526,1192,2023-07-23,1453.97,Entregado,Web,Tacna,"Tarjeta de débito"
5527,2028,2022-03-07,18583.29,Entregado,App,Piura,Efectivo
5528,2117,2022-12-27,3769.48,Devuelto,App,Tacna,"Tarjeta de crédito"
5529,1484,2022-08-09,5138.14,Entregado,"Tienda física",Huancayo,Efectivo
5530,2451,2024-08-01,12117.55,Devuelto,App,Lima,"Tarjeta de crédito"
5531,2677,2024-09-17,6408.43,Entregado,"Tienda física",Piura,"Tarjeta de crédito"
5532,1521,2023-01-21,14331.38,"En camino","Tienda física",Iquitos,"Tarjeta de crédito"
5533,2287,2023-11-05,2406.48,"En camino",App,Lima,Efectivo
5534,2635,2022-07-10,15856.08,Entregado,Web,Cusco,"Tarjeta de débito"
5535,2384,2024-05-07,6284.44,Devuelto,App,Cajamarca,Efectivo
5536,1659,2024-03-31,1648.22,Devuelto,App,Arequipa,Efectivo
5537,2435,2024-11-06,60.16,Devuelto,App,Huancayo,"Tarjeta de débito"
5538,2909,2022-05-12,5147.21,Entregado,App,Cuzco,Efectivo
5539,2106,2022-05-17,6972.70,Entregado,Web,Huancayo,"Tarjeta de débito"
5540,2621,2023-02-27,4481.81,Devuelto,Web,Cajamarca,Yape
5541,1225,2023-03-18,2396.62,Devuelto,"Tienda física",Cajamarca,"Tarjeta de débito"
5542,2210,2024-08-21,3481.18,Cancelado,"Tienda física",Chiclayo,Yape
5543,1370,2023-01-29,10030.35,"En camino","Tienda física",Iquitos,Efectivo
5544,2508,2024-05-28,769.69,Cancelado,"Tienda física",Cajamarca,"Tarjeta de débito"
5545,2900,2024-07-16,5090.66,Entregado,Web,Chiclayo,Efectivo
5546,2985,2022-02-28,1257.93,Devuelto,Web,Huancayo,Yape
5547,1016,2024-09-06,10643.99,Devuelto,App,Piura,Yape
5548,1620,2022-10-06,5693.07,Entregado,"Tienda física",Piura,Efectivo
5549,2581,2022-09-05,14910.53,Entregado,Web,Lima,Efectivo
5550,2112,2024-09-07,13679.57,"En camino","Tienda física",Chiclayo,Yape
5551,1990,2023-04-09,21470.71,"En camino","Tienda física",Cajamarca,Efectivo
5552,2009,2023-08-25,6871.32,Cancelado,App,Piura,"Tarjeta de débito"
5553,1085,2022-01-23,4201.44,"En camino","Tienda física",Cusco,Yape
5554,1884,2023-01-05,7206.55,Entregado,"Tienda física",Piura,"Tarjeta de débito"
5555,2010,2023-09-18,9046.66,"En camino",Web,Lima,Efectivo
5556,2299,2022-09-29,206.73,Devuelto,"Tienda física",Tacna,"Tarjeta de crédito"
5557,1783,2022-12-18,13284.10,Devuelto,Web,Chiclayo,Efectivo
5558,2699,2022-12-16,5771.85,"En camino","Tienda física",Lima,Efectivo
5559,2177,2023-07-08,10788.07,Devuelto,App,Chiclayo,Yape
5560,1407,2022-07-12,1192.83,Cancelado,"Tienda física",Huancayo,"Tarjeta de débito"
5561,2970,2024-12-11,17001.72,"En camino","Tienda física",Chiclayo,Yape
5562,1428,2023-04-16,7567.58,Entregado,App,Cuzco,Efectivo
5563,2804,2022-05-06,5604.07,Entregado,"Tienda física",Lima,"Tarjeta de débito"
5564,1481,2024-04-23,14936.67,Cancelado,App,Cuzco,Efectivo
5565,2552,2023-05-19,18244.68,Entregado,App,Lima,Efectivo
5566,1349,2023-01-14,1028.02,Cancelado,"Tienda física",Arequipa,Efectivo
5567,2207,2023-04-26,9067.69,Entregado,App,Piura,Efectivo
5568,2208,2024-06-07,3765.01,"En camino","Tienda física",Tacna,"Tarjeta de crédito"
5569,2144,2023-10-03,15811.87,Entregado,App,Tacna,Efectivo
5570,1881,2020-06-10,18995.96,Devuelto,"Tienda física",Cusco,Yape
5571,1726,2022-01-30,1358.98,Entregado,Web,Lima,Yape
5572,1196,2022-07-12,213.03,Devuelto,Web,Tacna,Yape
5573,1734,2022-07-24,11052.22,"En camino","Tienda física",Piura,Efectivo
5574,2788,2023-09-27,9252.86,Devuelto,"Tienda física",Cajamarca,"Tarjeta de crédito"
5575,2265,2023-08-18,7289.73,Cancelado,App,Lima,"Tarjeta de crédito"
5576,2931,2023-07-04,3550.59,Cancelado,"Tienda física",Huancayo,"Tarjeta de crédito"
5577,1118,2022-12-11,13334.89,"En camino","Tienda física",Cajamarca,Efectivo
5578,1340,2023-08-31,23879.13,"En camino",Web,Chiclayo,"Tarjeta de débito"
5579,1697,2023-07-09,3507.55,Devuelto,"Tienda física",Tacna,Efectivo
5580,1957,2022-11-15,11672.51,Devuelto,"Tienda física",Tacna,Efectivo
5581,2468,2022-03-05,802.72,"En camino","Tienda física",Piura,Efectivo
5582,2112,2022-11-19,899.46,Entregado,App,Arequipa,"Tarjeta de crédito"
5583,2363,2023-07-27,4017.33,"En camino",Web,Chiclayo,Efectivo
5584,1594,2023-05-17,18578.17,"En camino","Tienda física",Cusco,Yape
5585,2967,2024-01-24,16688.06,Cancelado,App,Tacna,Efectivo
5586,1888,2022-01-15,12172.38,Cancelado,Web,Iquitos,Efectivo
5587,1564,2023-09-23,272.71,"En camino",App,Trujillo,"Tarjeta de crédito"
5588,1118,2024-06-18,10454.90,Entregado,"Tienda física",Tacna,Yape
5589,2810,2024-04-22,10662.20,Entregado,"Tienda física",Chiclayo,Efectivo
5590,2065,2023-12-20,3631.85,Entregado,Web,Lima,"Tarjeta de débito"
5591,1684,2020-06-10,1590.44,Entregado,"Tienda física",Cusco,"Tarjeta de crédito"
5592,2304,2022-08-30,24013.92,Cancelado,App,Arequipa,Efectivo
5593,2032,2024-11-20,10214.66,Devuelto,Web,Iquitos,Efectivo
5594,2609,2024-05-22,2986.65,Cancelado,Web,Chiclayo,Efectivo
5595,2607,2022-05-14,3806.59,Cancelado,App,Huancayo,"Tarjeta de débito"
5596,1736,2023-11-20,20231.12,"En camino","Tienda física",Lima,"Tarjeta de débito"
5597,2506,2024-05-03,16675.11,Cancelado,App,Arequipa,"Tarjeta de crédito"
5598,2080,2023-07-16,18915.48,Cancelado,App,Trujillo,Efectivo
5599,2087,2022-01-17,6877.67,Devuelto,Web,Piura,"Tarjeta de crédito"
5600,1394,2023-08-07,6015.72,Devuelto,App,Trujillo,"Tarjeta de débito"
5601,2699,2022-07-31,2547.97,Devuelto,Web,Piura,Efectivo
5602,2514,2023-09-25,7012.90,Entregado,"Tienda física",Piura,Efectivo
5603,2109,2024-10-10,1293.64,"En camino","Tienda física",Cusco,Efectivo
5604,1352,2023-12-21,16234.21,"En camino","Tienda física",Trujillo,"Tarjeta de débito"
5605,2993,2023-01-30,6938.32,Cancelado,"Tienda física",Cusco,Efectivo
5606,2587,2022-05-14,9641.96,Devuelto,"Tienda física",Chiclayo,Efectivo
5607,1657,2023-01-30,10176.05,Cancelado,App,Trujillo,"Tarjeta de crédito"
5608,2433,2024-08-15,5583.55,Cancelado,Web,Iquitos,"Tarjeta de débito"
5609,1896,2022-03-21,16245.47,"En camino","Tienda física",Arequipa,Efectivo
5610,2456,2023-10-18,8280.51,"En camino",Web,Piura,Efectivo
5611,2626,2023-09-30,13758.79,"En camino",App,Piura,Efectivo
5612,1979,2022-10-02,14154.53,Cancelado,"Tienda física",Tacna,Efectivo
5613,1277,2023-09-07,13342.40,"En camino","Tienda física",Tacna,Efectivo
5614,1829,2023-10-28,2234.02,"En camino",Web,Arequipa,"Tarjeta de crédito"
5615,2615,2022-07-11,15612.51,Cancelado,App,Arequipa,Yape
5616,1353,2022-04-25,5583.51,Entregado,App,Trujillo,Efectivo
5617,1037,2024-11-07,413.82,Cancelado,"Tienda física",Arequipa,Yape
5618,2515,2023-01-02,4624.58,Entregado,"Tienda física",Lima,Yape
5619,2041,2024-02-29,6833.09,Entregado,"Tienda física",Chiclayo,Efectivo
5620,1546,2022-06-05,1575.07,Entregado,App,Arequipa,Yape
5621,1815,2022-05-25,1013.89,"En camino",Web,Piura,"Tarjeta de débito"
5622,1988,2022-02-25,2355.04,"En camino","Tienda física",Trujillo,Efectivo
5623,1257,2023-02-13,6646.51,Devuelto,Web,Arequipa,Efectivo
5624,2349,2023-10-14,8774.89,Devuelto,"Tienda física",Huancayo,Yape
5625,2198,2024-02-25,1527.44,"En camino",Web,Iquitos,Yape
5626,2596,2023-10-17,1232.80,Entregado,App,Arequipa,Efectivo
5627,1345,2023-07-02,5461.78,"En camino","Tienda física",Tacna,"Tarjeta de crédito"
5628,1743,2023-01-07,4204.32,Entregado,App,Tacna,"Tarjeta de débito"
5629,1625,2022-12-26,769.94,Cancelado,App,Huancayo,Yape
5630,2893,2022-03-14,1034.62,"En camino",Web,Tacna,"Tarjeta de crédito"
5631,1444,2022-12-24,10129.83,"En camino",App,Arequipa,Efectivo
5632,2766,2023-05-11,4758.72,Cancelado,"Tienda física",Huancayo,Yape
5633,2598,2024-09-10,2428.34,Cancelado,"Tienda física",Cajamarca,Efectivo
5634,2306,2024-02-22,12014.31,Cancelado,"Tienda física",Piura,Efectivo
5635,2792,2024-02-21,11385.49,Devuelto,Web,Arequipa,Efectivo
5636,1654,2024-06-05,3124.20,"En camino",App,Iquitos,Efectivo
5637,2510,2024-05-17,4628.06,Entregado,"Tienda física",Arequipa,Efectivo
5638,1765,2022-12-21,2408.77,Cancelado,Web,Iquitos,Efectivo
5639,1165,2022-12-10,8120.41,Devuelto,Web,Trujillo,Yape
5640,2610,2023-12-12,21553.68,Cancelado,App,Cusco,"Tarjeta de débito"
5641,2200,2023-04-24,1962.78,Entregado,"Tienda física",Chiclayo,"Tarjeta de crédito"
5642,1803,2023-04-20,2886.09,Devuelto,App,Tacna,Efectivo
5643,1346,2024-02-25,5213.68,"En camino",Web,Piura,"Tarjeta de crédito"
5644,2138,2022-07-11,9995.80,Cancelado,"Tienda física",Lima,Efectivo
5645,1326,2023-05-28,945.42,"En camino","Tienda física",Cajamarca,Yape
5646,1354,2022-07-10,2288.80,Cancelado,Web,Arequipa,Efectivo
5647,1376,2022-05-14,8326.80,Cancelado,App,Arequipa,Efectivo
5648,2781,2023-01-28,7270.53,Cancelado,"Tienda física",Trujillo,Yape
5649,1718,2022-02-03,2530.47,"En camino",App,Trujillo,Yape
5650,1018,2023-04-18,8665.29,Cancelado,App,Iquitos,Efectivo
5651,2547,2023-09-18,2309.34,"En camino",Web,Trujillo,Efectivo
5652,1218,2022-09-17,22167.96,Cancelado,Web,Tacna,Efectivo
5653,2093,2023-07-29,13642.25,Entregado,Web,Tacna,Efectivo
5654,1376,2022-11-01,23192.64,Cancelado,Web,Chiclayo,"Tarjeta de crédito"
5655,1723,2023-08-26,1280.80,"En camino","Tienda física",Huancayo,Efectivo
5656,2494,2022-01-05,4397.50,Devuelto,Web,Iquitos,Efectivo
5657,2630,2024-02-15,15254.73,Devuelto,"Tienda física",Lima,Efectivo
5658,2360,2024-05-19,17767.39,"En camino",Web,Iquitos,Efectivo
5659,2913,2022-12-30,1949.51,Devuelto,Web,Cusco,Efectivo
5660,2302,2024-11-15,9517.44,Cancelado,"Tienda física",Cuzco,Efectivo
5661,1831,2023-01-20,80.21,Entregado,"Tienda física",Arequipa,"Tarjeta de crédito"
5662,1345,2023-07-08,7124.17,Devuelto,App,Tacna,Efectivo
5663,2551,2024-04-19,4028.87,Cancelado,"Tienda física",Cuzco,Efectivo
5664,2809,2023-01-27,1671.65,Cancelado,"Tienda física",Chiclayo,"Tarjeta de crédito"
5665,1615,2023-02-17,13404.02,"En camino",Web,Trujillo,Yape
5666,1916,2023-09-07,560.36,Entregado,App,Chiclayo,Yape
5667,1353,2024-11-25,257.23,Entregado,"Tienda física",Cajamarca,Efectivo
5668,2132,2023-04-17,1198.20,Devuelto,App,Huancayo,"Tarjeta de crédito"
5669,1843,2023-05-03,19651.55,"En camino","Tienda física",Cajamarca,Yape
5670,1387,2023-06-12,3611.55,"En camino",App,Arequipa,Yape
5671,2207,2023-03-04,10513.84,"En camino",Web,Chiclayo,Efectivo
5672,2558,2024-08-25,3191.44,Entregado,"Tienda física",Huancayo,"Tarjeta de débito"
5673,1516,2024-01-30,24410.92,"En camino","Tienda física",Tacna,Efectivo
5674,2804,2022-07-29,2667.54,Cancelado,Web,Huancayo,Efectivo
5675,1370,2024-12-14,13845.12,"En camino",Web,Cusco,Efectivo
5676,2324,2024-02-20,177.81,Entregado,Web,Iquitos,Yape
5677,1027,2024-06-12,6817.48,Devuelto,"Tienda física",Iquitos,Efectivo
5678,1186,2023-06-06,971.06,Cancelado,"Tienda física",Chiclayo,Efectivo
5679,2744,2022-03-18,13619.62,Devuelto,"Tienda física",Lima,"Tarjeta de débito"
5680,2937,2024-11-05,20340.25,Cancelado,App,Lima,"Tarjeta de crédito"
5681,1348,2024-06-09,16578.39,"En camino",App,Huancayo,Efectivo
5682,2624,2024-01-12,6251.85,"En camino",App,Chiclayo,Efectivo
5683,1333,2023-08-13,8508.01,Devuelto,Web,Lima,Efectivo
5684,1504,2022-12-26,14596.04,Cancelado,App,Cajamarca,"Tarjeta de débito"
5685,2889,2023-08-06,11810.87,Cancelado,"Tienda física",Iquitos,Yape
5686,1561,2023-05-26,678.33,Devuelto,Web,Lima,Efectivo
5687,1179,2022-12-28,13620.16,Entregado,Web,Iquitos,"Tarjeta de crédito"
5688,1589,2024-02-25,17305.79,Devuelto,App,Iquitos,Efectivo
5689,2167,2022-10-01,2541.54,Cancelado,"Tienda física",Cusco,"Tarjeta de débito"
5690,2175,2023-11-07,2268.42,"En camino",Web,Lima,"Tarjeta de crédito"
5691,1359,2023-12-05,2528.38,Devuelto,App,Iquitos,"Tarjeta de crédito"
5692,2217,2022-02-12,1273.21,Cancelado,Web,Huancayo,"Tarjeta de débito"
5693,1024,2024-07-10,1358.77,Devuelto,App,Arequipa,"Tarjeta de débito"
5694,2614,2023-07-05,5447.85,Entregado,Web,Trujillo,Efectivo
5695,1028,2023-02-23,29506.39,Entregado,App,Arequipa,Efectivo
5696,2241,2023-11-28,17188.38,"En camino",App,Cajamarca,"Tarjeta de débito"
5697,2439,2022-02-14,5500.00,"En camino","Tienda física",Tacna,"Tarjeta de crédito"
5698,2342,2023-12-13,9454.94,Cancelado,App,Tacna,"Tarjeta de débito"
5699,1856,2022-12-01,2903.54,Cancelado,App,Arequipa,Yape
5700,1808,2024-12-07,6949.84,Devuelto,App,Cajamarca,Yape
5701,1349,2024-02-04,214.80,Cancelado,Web,Trujillo,"Tarjeta de débito"
5702,2703,2023-07-12,8874.63,Cancelado,"Tienda física",Huancayo,"Tarjeta de crédito"
5703,2421,2024-09-09,8915.94,Entregado,"Tienda física",Huancayo,Efectivo
5704,1909,2022-01-17,15110.33,Devuelto,Web,Tacna,"Tarjeta de crédito"
5705,1082,2023-05-25,2151.68,Devuelto,Web,Tacna,Yape
5706,1276,2024-05-24,2543.91,"En camino",App,Iquitos,Yape
5707,1840,2024-05-14,17230.77,Entregado,Web,Arequipa,"Tarjeta de crédito"
5708,1817,2023-08-04,2400.19,Entregado,Web,Cajamarca,Efectivo
5709,1001,2023-11-01,7157.60,Entregado,App,Lima,Efectivo
5710,1538,2023-03-06,2305.95,"En camino","Tienda física",Iquitos,Efectivo
5711,2882,2023-10-23,1761.21,Cancelado,"Tienda física",Chiclayo,Efectivo
5712,2702,2022-07-16,707.16,Cancelado,Web,Piura,"Tarjeta de crédito"
5713,2827,2024-08-21,4850.03,Devuelto,"Tienda física",Tacna,Efectivo
5714,1702,2024-04-09,15361.55,Entregado,App,Cusco,Yape
5715,2696,2023-11-04,45027.29,Cancelado,"Tienda física",Piura,Yape
5716,2719,2022-04-02,6527.84,"En camino","Tienda física",Lima,"Tarjeta de crédito"
5717,1108,2023-06-14,10789.92,Entregado,Web,Arequipa,"Tarjeta de débito"
5718,2972,2024-07-26,19318.93,"En camino",Web,Lima,Efectivo
5719,2190,2022-09-13,12701.88,Devuelto,App,Piura,"Tarjeta de crédito"
5720,1740,2024-12-07,11064.96,Devuelto,App,Trujillo,"Tarjeta de débito"
5721,1882,2023-02-17,2964.06,"En camino",App,Piura,"Tarjeta de débito"
5722,1398,2022-01-10,956.44,Devuelto,"Tienda física",Cuzco,Yape
5723,1380,2022-03-19,330.37,Devuelto,Web,Trujillo,"Tarjeta de débito"
5724,1137,2023-11-28,16605.90,Cancelado,App,Piura,Efectivo
5725,1978,2023-07-16,7977.42,Devuelto,Web,Iquitos,"Tarjeta de crédito"
5726,2713,2022-10-07,7488.63,Entregado,App,Cuzco,Efectivo
5727,1584,2024-11-07,11587.41,Cancelado,Web,Arequipa,"Tarjeta de débito"
5728,2326,2024-07-21,9066.18,Devuelto,Web,Tacna,Efectivo
5729,1081,2023-03-11,1211.64,Devuelto,App,Iquitos,Yape
5730,1039,2023-07-17,14572.60,Entregado,Web,Arequipa,Efectivo
5731,2469,2023-08-07,2858.40,Entregado,Web,Huancayo,"Tarjeta de débito"
5732,1475,2024-04-03,11098.66,"En camino",Web,Piura,"Tarjeta de débito"
5733,2259,2024-02-12,7425.22,Cancelado,App,Piura,"Tarjeta de débito"
5734,1154,2024-11-23,3033.84,Cancelado,"Tienda física",Cusco,Efectivo
5735,1103,2024-06-07,1563.17,Entregado,"Tienda física",Lima,Efectivo
5736,2511,2024-05-30,12632.42,Cancelado,Web,Lima,"Tarjeta de débito"
5737,2558,2024-07-10,56.89,Cancelado,Web,Piura,"Tarjeta de crédito"
5738,1173,2023-06-13,6814.58,Cancelado,App,Iquitos,"Tarjeta de crédito"
5739,2178,2024-07-24,14388.68,Devuelto,Web,Trujillo,"Tarjeta de crédito"
5740,1450,2022-02-03,426.90,"En camino","Tienda física",Arequipa,Yape
5741,1504,2024-04-16,17366.72,Devuelto,"Tienda física",Trujillo,"Tarjeta de crédito"
5742,1760,2022-08-07,6660.32,"En camino","Tienda física",Tacna,"Tarjeta de débito"
5743,2563,2024-07-26,14063.31,Cancelado,Web,Cajamarca,"Tarjeta de débito"
5744,1412,2022-02-15,8179.39,Devuelto,App,Cajamarca,Efectivo
5745,2104,2024-06-06,19342.24,Devuelto,App,Arequipa,Efectivo
5746,2269,2022-04-16,8739.32,"En camino",Web,Iquitos,"Tarjeta de débito"
5747,1364,2022-06-24,17037.69,"En camino",App,Arequipa,Efectivo
5748,1276,2023-06-19,7920.64,"En camino","Tienda física",Arequipa,Yape
5749,1329,2024-06-20,2939.29,Entregado,"Tienda física",Piura,"Tarjeta de débito"
5750,1611,2022-06-18,8048.39,Cancelado,"Tienda física",Iquitos,"Tarjeta de crédito"
5751,2713,2022-06-15,8919.05,"En camino",Web,Iquitos,Efectivo
5752,1950,2022-02-23,56.13,Devuelto,App,Arequipa,"Tarjeta de crédito"
5753,1192,2023-03-17,853.17,Cancelado,"Tienda física",Trujillo,Efectivo
5754,1178,2024-12-08,3422.76,Cancelado,"Tienda física",Cajamarca,Efectivo
5755,2945,2023-06-18,5269.58,Cancelado,"Tienda física",Chiclayo,"Tarjeta de crédito"
5756,2213,2024-07-06,228.86,Entregado,"Tienda física",Cajamarca,Efectivo
5757,1456,2022-07-30,909.80,Cancelado,Web,Arequipa,"Tarjeta de crédito"
5758,1783,2023-11-21,7032.38,"En camino","Tienda física",Chiclayo,Efectivo
5759,2746,2024-03-14,9166.21,Devuelto,App,Lima,Efectivo
5760,1012,2024-09-10,1398.79,"En camino",App,Piura,"Tarjeta de crédito"
5761,2424,2024-01-05,416.79,"En camino","Tienda física",Piura,Yape
5762,1096,2024-05-07,7990.52,Cancelado,"Tienda física",Tacna,"Tarjeta de crédito"
5763,1860,2024-06-04,2536.98,Devuelto,"Tienda física",Tacna,Efectivo
5764,2977,2023-10-30,2321.44,Entregado,"Tienda física",Arequipa,Yape
5765,1044,2022-01-01,25941.80,Cancelado,Web,Tacna,Efectivo
5766,2909,2023-11-25,8936.08,Entregado,Web,Cajamarca,Efectivo
5767,2084,2022-06-06,12331.76,Devuelto,"Tienda física",Tacna,"Tarjeta de débito"
5768,1295,2024-10-31,2678.04,Entregado,"Tienda física",Piura,Efectivo
5769,1945,2024-05-15,2254.88,Devuelto,"Tienda física",Tacna,Yape
5770,1996,2022-02-10,3427.32,Entregado,App,Piura,"Tarjeta de débito"
5771,2350,2022-07-16,2630.66,Devuelto,"Tienda física",Arequipa,Efectivo
5772,1077,2024-02-27,7109.04,Cancelado,Web,Cusco,"Tarjeta de crédito"
5773,1657,2024-10-03,5697.39,"En camino","Tienda física",Lima,"Tarjeta de crédito"
5774,1820,2023-08-23,11761.88,"En camino",Web,Piura,Efectivo
5775,1576,2023-06-19,2579.95,Entregado,"Tienda física",Cuzco,"Tarjeta de débito"
5776,1820,2023-01-06,10628.83,Entregado,App,Arequipa,"Tarjeta de crédito"
5777,1228,2023-02-23,7325.79,Devuelto,Web,Iquitos,"Tarjeta de débito"
5778,2892,2023-08-05,5243.79,Cancelado,App,Piura,"Tarjeta de débito"
5779,2404,2023-03-01,1813.56,Cancelado,Web,Lima,"Tarjeta de crédito"
5780,2533,2024-01-24,29410.27,Cancelado,"Tienda física",Trujillo,Efectivo
5781,1857,2024-06-09,7897.17,Entregado,App,Arequipa,Efectivo
5782,2702,2024-11-25,1497.75,Devuelto,Web,Arequipa,Efectivo
5783,2722,2023-11-03,10248.86,Cancelado,"Tienda física",Cajamarca,"Tarjeta de débito"
5784,1113,2022-02-08,5053.93,Devuelto,Web,Lima,"Tarjeta de débito"
5785,1971,2023-07-24,6722.85,Entregado,"Tienda física",Arequipa,Efectivo
5786,2999,2023-10-26,3983.53,"En camino",App,Huancayo,Efectivo
5787,1893,2022-02-04,6851.06,Cancelado,Web,Lima,"Tarjeta de débito"
5788,2783,2023-11-18,25004.39,Devuelto,"Tienda física",Huancayo,Efectivo
5789,1266,2024-04-17,2197.48,"En camino","Tienda física",Iquitos,"Tarjeta de crédito"
5790,1801,2024-04-16,213.73,Devuelto,Web,Cusco,Yape
5791,1577,2023-04-15,14676.09,Entregado,Web,Tacna,Efectivo
5792,1448,2024-09-19,1493.54,Entregado,Web,Arequipa,"Tarjeta de débito"
5793,2452,2023-12-04,13405.21,Cancelado,App,Piura,Yape
5794,2077,2023-09-29,9350.72,Devuelto,Web,Trujillo,"Tarjeta de débito"
5795,2461,2022-04-04,7311.91,Cancelado,Web,Cajamarca,Efectivo
5796,2924,2022-10-05,9578.53,Entregado,App,Tacna,"Tarjeta de crédito"
5797,1725,2023-06-26,6356.20,"En camino",Web,Chiclayo,Yape
5798,1022,2022-12-31,7173.24,Devuelto,Web,Arequipa,"Tarjeta de débito"
5799,1031,2024-06-09,1081.46,"En camino","Tienda física",Iquitos,"Tarjeta de débito"
5800,2173,2022-05-28,9531.12,Devuelto,"Tienda física",Trujillo,"Tarjeta de débito"
5801,1667,2024-08-23,7560.74,Cancelado,Web,Trujillo,Yape
5802,1468,2022-12-10,7074.11,"En camino",App,Cajamarca,Efectivo
5803,1949,2023-11-10,4238.09,Entregado,"Tienda física",Arequipa,"Tarjeta de débito"
5804,1356,2024-07-01,5907.38,Devuelto,App,Lima,Yape
5805,1410,2022-09-12,13508.53,"En camino",Web,Huancayo,Efectivo
5806,1556,2023-09-08,5578.02,Entregado,Web,Chiclayo,Efectivo
5807,1868,2022-03-10,2997.15,Cancelado,"Tienda física",Trujillo,Efectivo
5808,1185,2022-09-24,19657.69,Cancelado,"Tienda física",Trujillo,Efectivo
5809,1911,2023-11-08,11468.34,"En camino","Tienda física",Tacna,Efectivo
5810,2692,2022-04-25,13854.45,Cancelado,"Tienda física",Chiclayo,"Tarjeta de débito"
5811,1872,2023-05-08,11211.27,Entregado,Web,Cuzco,"Tarjeta de débito"
5812,2350,2023-10-25,605.46,Devuelto,Web,Lima,"Tarjeta de crédito"
5813,1301,2024-10-01,2530.98,Entregado,App,Tacna,Efectivo
5814,2756,2024-05-26,18179.69,Entregado,App,Piura,Efectivo
5815,1457,2022-12-20,6276.75,Entregado,App,Cajamarca,Yape
5816,2379,2024-02-10,7723.92,Entregado,App,Chiclayo,"Tarjeta de crédito"
5817,1228,2023-09-09,898.61,Devuelto,"Tienda física",Huancayo,"Tarjeta de crédito"
5818,1422,2024-11-19,4825.98,Entregado,Web,Tacna,"Tarjeta de débito"
5819,2777,2022-05-27,4236.91,"En camino",Web,Chiclayo,"Tarjeta de débito"
5820,2815,2024-04-22,2349.40,Cancelado,Web,Lima,Efectivo
5821,1406,2023-05-26,15910.52,Cancelado,"Tienda física",Cusco,Yape
5822,2611,2024-11-25,783.59,Devuelto,"Tienda física",Chiclayo,Efectivo
5823,1841,2023-08-12,3156.96,Entregado,App,Cajamarca,"Tarjeta de crédito"
5824,1235,2023-05-16,13592.84,Cancelado,Web,Cusco,Efectivo
5825,1026,2024-04-13,8735.51,Devuelto,App,Chiclayo,Efectivo
5826,2317,2022-04-17,13321.17,Entregado,App,Tacna,Efectivo
5827,2919,2024-02-29,5766.62,"En camino",App,Piura,"Tarjeta de débito"
5828,2624,2023-02-06,1019.62,"En camino",App,Iquitos,Yape
5829,2265,2023-10-24,8423.67,"En camino",App,Trujillo,Efectivo
5830,1531,2024-11-14,8880.41,"En camino",Web,Cusco,Efectivo
5831,1580,2023-12-20,12898.95,Cancelado,App,Cajamarca,Efectivo
5832,2460,2023-03-29,10009.10,Devuelto,App,Cuzco,Efectivo
5833,1191,2022-02-08,14880.01,Cancelado,Web,Cajamarca,Yape
5834,2977,2022-06-23,4933.84,Entregado,Web,Piura,Efectivo
5835,1892,2022-02-14,8428.25,Cancelado,"Tienda física",Piura,Yape
5836,1614,2022-06-12,10818.28,Cancelado,App,Chiclayo,"Tarjeta de crédito"
5837,1282,2022-10-17,9530.25,Devuelto,Web,Cajamarca,Efectivo
5838,2923,2024-06-18,5817.64,Devuelto,Web,Arequipa,"Tarjeta de crédito"
5839,1410,2024-02-12,2660.87,Devuelto,"Tienda física",Cusco,Yape
5840,2466,2023-11-14,2259.50,Devuelto,Web,Piura,"Tarjeta de débito"
5841,1204,2022-06-22,18604.89,Cancelado,"Tienda física",Cajamarca,"Tarjeta de crédito"
5842,1797,2023-03-03,3673.80,Cancelado,Web,Huancayo,Efectivo
5843,1715,2022-01-04,6532.49,Entregado,"Tienda física",Lima,Yape
5844,1566,2023-08-26,2933.65,Entregado,"Tienda física",Arequipa,Efectivo
5845,2844,2024-10-28,4655.08,Entregado,App,Cusco,"Tarjeta de débito"
5846,2674,2024-01-26,14492.40,"En camino","Tienda física",Cajamarca,"Tarjeta de débito"
5847,1590,2022-10-29,5558.81,Cancelado,"Tienda física",Chiclayo,Efectivo
5848,1239,2024-09-29,19834.90,"En camino",App,Piura,Yape
5849,2875,2024-07-30,4484.19,Cancelado,Web,Trujillo,"Tarjeta de crédito"
5850,2534,2023-12-19,3257.03,Entregado,App,Cajamarca,Efectivo
5851,1403,2024-12-09,13612.62,Devuelto,Web,Trujillo,Yape
5852,1942,2024-02-10,6788.37,Devuelto,Web,Cajamarca,Yape
5853,1366,2024-08-30,2375.15,"En camino",App,Arequipa,Yape
5854,1951,2022-04-10,2177.36,Devuelto,"Tienda física",Chiclayo,"Tarjeta de débito"
5855,1963,2023-03-19,16104.63,"En camino",Web,Trujillo,Efectivo
5856,2349,2024-03-04,2236.48,Cancelado,"Tienda física",Lima,Efectivo
5857,2833,2023-11-02,7497.88,Entregado,"Tienda física",Chiclayo,"Tarjeta de débito"
5858,1796,2024-04-29,1820.59,Entregado,"Tienda física",Chiclayo,Yape
5859,2072,2022-10-28,9945.58,Entregado,App,Lima,Efectivo
5860,1742,2022-04-16,9023.89,Entregado,App,Arequipa,"Tarjeta de débito"
5861,1977,2023-02-02,7138.08,Devuelto,Web,Cusco,Efectivo
5862,2948,2024-05-15,2431.85,"En camino","Tienda física",Trujillo,Efectivo
5863,1861,2023-03-18,6760.89,Devuelto,App,Chiclayo,"Tarjeta de crédito"
5864,2832,2023-06-04,12075.77,Cancelado,App,Piura,"Tarjeta de crédito"
5865,2882,2023-09-15,821.35,Entregado,App,Arequipa,"Tarjeta de crédito"
5866,2541,2023-07-31,9529.56,Cancelado,Web,Cajamarca,Efectivo
5867,1065,2023-03-09,20420.34,Entregado,Web,Lima,"Tarjeta de crédito"
5868,1865,2023-06-13,19615.75,Entregado,App,Chiclayo,Yape
5869,2759,2024-04-05,28955.61,Cancelado,App,Arequipa,Efectivo
5870,2419,2024-11-07,239.11,Devuelto,App,Lima,Yape
5871,1427,2024-02-13,8206.24,"En camino",Web,Cuzco,"Tarjeta de crédito"
5872,2619,2023-05-16,11875.25,Devuelto,"Tienda física",Arequipa,Efectivo
5873,1515,2023-04-22,13157.46,"En camino","Tienda física",Iquitos,Yape
5874,2238,2022-08-03,6733.78,Devuelto,"Tienda física",Chiclayo,"Tarjeta de débito"
5875,1599,2022-05-28,11215.03,Entregado,App,Huancayo,Yape
5876,1369,2022-11-05,18742.40,Cancelado,Web,Trujillo,Yape
5877,2278,2023-02-06,681.42,Entregado,Web,Trujillo,Efectivo
5878,2997,2023-04-01,6819.99,Cancelado,"Tienda física",Arequipa,Efectivo
5879,1093,2024-01-30,1880.23,Cancelado,Web,Iquitos,Yape
5880,2677,2024-06-19,14580.62,Entregado,"Tienda física",Iquitos,"Tarjeta de crédito"
5881,1569,2024-05-13,9635.73,Cancelado,App,Cuzco,Yape
5882,2803,2022-07-01,5168.65,Entregado,"Tienda física",Cusco,Efectivo
5883,1878,2024-09-03,7640.14,Devuelto,"Tienda física",Tacna,Yape
5884,2657,2022-04-08,13404.71,Entregado,App,Piura,Yape
5885,1143,2024-07-07,663.80,Devuelto,App,Huancayo,Efectivo
5886,1970,2023-03-27,10004.68,Entregado,Web,Chiclayo,Efectivo
5887,1672,2022-09-12,25215.23,"En camino",Web,Trujillo,"Tarjeta de crédito"
5888,2758,2024-07-03,1360.82,Cancelado,Web,Chiclayo,Yape
5889,1697,2023-09-10,9827.33,Cancelado,Web,Cusco,"Tarjeta de crédito"
5890,1205,2023-07-28,3255.52,Cancelado,Web,Iquitos,Efectivo
5891,2048,2024-01-02,17864.37,Devuelto,Web,Chiclayo,Efectivo
5892,2128,2024-08-02,15210.02,"En camino",App,Chiclayo,Efectivo
5893,1904,2024-08-03,3576.83,Entregado,App,Huancayo,"Tarjeta de débito"
5894,1041,2024-05-26,6292.00,Entregado,App,Huancayo,Yape
5895,1178,2022-12-21,10160.01,"En camino",App,Piura,"Tarjeta de crédito"
5896,2712,2024-04-26,16362.10,Cancelado,App,Cusco,Yape
5897,2734,2022-10-06,7733.50,Entregado,Web,Lima,"Tarjeta de débito"
5898,2013,2024-03-05,10620.16,Devuelto,"Tienda física",Piura,Efectivo
5899,2270,2023-05-17,16300.13,Cancelado,"Tienda física",Lima,"Tarjeta de crédito"
5900,2261,2024-03-14,1090.58,Entregado,"Tienda física",Cusco,Efectivo
5901,2157,2024-06-29,19889.93,"En camino",Web,Huancayo,"Tarjeta de débito"
5902,1387,2023-10-04,6662.76,Entregado,Web,Trujillo,Yape
5903,1354,2022-03-26,14019.63,Devuelto,App,Lima,"Tarjeta de débito"
5904,1614,2024-11-09,4655.73,"En camino",App,Lima,"Tarjeta de débito"
5905,2429,2024-09-27,1491.90,Cancelado,"Tienda física",Huancayo,Efectivo
5906,1375,2024-10-12,15224.30,Devuelto,"Tienda física",Tacna,Yape
5907,1085,2023-06-27,11555.42,Cancelado,"Tienda física",Piura,"Tarjeta de débito"
5908,2807,2024-10-12,5203.30,Devuelto,Web,Chiclayo,Efectivo
5909,1346,2024-02-06,1896.90,Entregado,"Tienda física",Cusco,"Tarjeta de crédito"
5910,1588,2023-07-13,1129.57,Entregado,App,Arequipa,Yape
5911,2148,2023-08-11,647.28,Entregado,Web,Piura,Efectivo
5912,1449,2023-05-06,788.85,"En camino",Web,Trujillo,Efectivo
5913,1912,2023-08-08,5100.80,Cancelado,"Tienda física",Piura,Efectivo
5914,1631,2024-10-25,13766.02,Entregado,"Tienda física",Piura,Efectivo
5915,1547,2023-11-16,2191.37,Entregado,App,Trujillo,Efectivo
5916,2581,2022-10-11,554.79,Entregado,App,Cusco,Yape
5917,1548,2023-12-27,25461.98,Entregado,App,Lima,"Tarjeta de crédito"
5918,1160,2023-01-25,1194.36,Devuelto,App,Huancayo,"Tarjeta de crédito"
5919,2575,2024-07-02,7852.76,Cancelado,"Tienda física",Tacna,Efectivo
5920,2017,2024-07-30,4026.64,"En camino",App,Arequipa,Efectivo
5921,1345,2023-06-04,23183.58,Entregado,Web,Cajamarca,"Tarjeta de débito"
5922,1449,2022-02-26,522.39,Cancelado,Web,Huancayo,"Tarjeta de crédito"
5923,1551,2023-05-07,1580.87,Devuelto,"Tienda física",Iquitos,Efectivo
5924,1708,2024-09-02,25518.38,Cancelado,Web,Piura,"Tarjeta de crédito"
5925,1878,2024-03-08,1021.27,Cancelado,"Tienda física",Chiclayo,"Tarjeta de crédito"
5926,2600,2024-08-11,928.77,Cancelado,App,Huancayo,"Tarjeta de débito"
5927,1687,2024-05-09,14092.11,Entregado,Web,Chiclayo,Efectivo
5928,2631,2024-08-31,10172.20,Entregado,App,Piura,"Tarjeta de crédito"
5929,1403,2023-07-31,2122.83,Cancelado,Web,Huancayo,"Tarjeta de débito"
5930,2027,2022-02-21,12588.77,Devuelto,"Tienda física",Cusco,"Tarjeta de débito"
5931,2688,2023-06-28,14457.61,Entregado,"Tienda física",Piura,Efectivo
5932,1797,2022-11-04,8408.24,Cancelado,"Tienda física",Trujillo,Efectivo
5933,2173,2022-02-16,19331.75,Entregado,Web,Huancayo,Efectivo
5934,1524,2024-09-10,14614.73,Entregado,"Tienda física",Chiclayo,Efectivo
5935,1919,2024-05-12,6415.61,"En camino",Web,Huancayo,Yape
5936,2168,2024-08-14,4381.67,Entregado,"Tienda física",Trujillo,Efectivo
5937,2559,2023-12-28,14222.46,Entregado,App,Lima,"Tarjeta de débito"
5938,1023,2022-06-14,14839.85,"En camino",App,Chiclayo,Yape
5939,1339,2023-09-24,2833.86,Devuelto,Web,Huancayo,Efectivo
5940,1736,2024-06-30,4245.66,Devuelto,App,Cusco,Efectivo
5941,2791,2023-12-20,6366.03,Entregado,Web,Chiclayo,Efectivo
5942,1601,2023-02-14,572.15,Cancelado,App,Tacna,"Tarjeta de crédito"
5943,2583,2023-09-03,9066.39,Devuelto,"Tienda física",Tacna,Efectivo
5944,2098,2022-06-30,3983.73,Entregado,App,Trujillo,"Tarjeta de crédito"
5945,1758,2022-06-05,17099.32,Devuelto,App,Arequipa,Efectivo
5946,2527,2023-10-12,18010.19,Devuelto,"Tienda física",Piura,Efectivo
5947,1462,2024-08-22,17113.09,Cancelado,Web,Iquitos,Yape
5948,1776,2023-03-02,12574.16,Devuelto,Web,Tacna,Yape
5949,2725,2023-03-02,2776.12,Cancelado,App,Piura,Efectivo
5950,2559,2022-05-02,5950.87,Entregado,"Tienda física",Arequipa,"Tarjeta de crédito"
5951,1281,2022-04-30,150.87,"En camino","Tienda física",Piura,Efectivo
5952,1857,2022-03-08,7513.01,"En camino","Tienda física",Tacna,"Tarjeta de crédito"
5953,2146,2022-04-06,13490.08,Entregado,App,Piura,"Tarjeta de crédito"
5954,2163,2023-07-23,3079.65,Entregado,App,Cusco,"Tarjeta de crédito"
5955,1085,2022-03-10,6353.85,Devuelto,Web,Lima,Yape
5956,1576,2024-04-17,5521.12,Cancelado,App,Arequipa,Yape
5957,2410,2024-02-03,761.83,"En camino",App,Cajamarca,Yape
5958,1958,2024-03-26,7960.25,Cancelado,"Tienda física",Arequipa,"Tarjeta de crédito"
5959,1355,2024-01-02,4823.57,Cancelado,Web,Chiclayo,Yape
5960,1406,2024-11-02,21505.32,Cancelado,"Tienda física",Piura,Yape
5961,2057,2022-11-04,2805.93,"En camino","Tienda física",Piura,"Tarjeta de crédito"
5962,1889,2023-05-11,6951.56,Entregado,App,Chiclayo,Yape
5963,2504,2023-08-18,2396.76,Entregado,"Tienda física",Tacna,Efectivo
5964,2447,2023-06-24,12535.97,Devuelto,App,Cajamarca,Efectivo
5965,1546,2023-12-05,16279.40,Cancelado,App,Cajamarca,Yape
5966,1130,2023-05-16,22966.04,Devuelto,Web,Tacna,Efectivo
5967,2338,2024-12-11,1290.62,Cancelado,Web,Trujillo,"Tarjeta de débito"
5968,1025,2023-11-15,9097.78,"En camino",App,Huancayo,Efectivo
5969,2961,2024-05-15,1414.17,Entregado,"Tienda física",Tacna,Efectivo
5970,1007,2024-01-19,5272.10,Entregado,Web,Lima,Yape
5971,2220,2023-05-19,5360.71,"En camino","Tienda física",Trujillo,"Tarjeta de crédito"
5972,1695,2023-12-02,12405.91,"En camino","Tienda física",Lima,"Tarjeta de débito"
5973,1466,2023-01-05,15253.78,Devuelto,"Tienda física",Iquitos,"Tarjeta de crédito"
5974,2026,2023-02-15,1789.25,Entregado,"Tienda física",Tacna,Efectivo
5975,2791,2022-09-24,13411.04,Devuelto,"Tienda física",Cusco,"Tarjeta de débito"
5976,1691,2024-04-22,2124.38,Cancelado,Web,Cajamarca,"Tarjeta de crédito"
5977,2282,2024-05-30,12236.00,Entregado,App,Iquitos,Yape
5978,2814,2022-03-07,3117.31,"En camino","Tienda física",Lima,Efectivo
5979,1641,2022-01-28,988.01,Entregado,"Tienda física",Huancayo,"Tarjeta de crédito"
5980,1987,2022-03-17,18741.79,"En camino",App,Chiclayo,Yape
5981,2520,2023-06-17,5510.30,Entregado,App,Trujillo,Efectivo
5982,2933,2027-12-31,8609.23,Cancelado,"Tienda física",Arequipa,Yape
5983,1549,2022-03-01,12631.12,Cancelado,App,Piura,"Tarjeta de crédito"
5984,1358,2022-06-11,13755.62,Cancelado,"Tienda física",Cuzco,Efectivo
5985,1188,2022-05-24,5356.28,Entregado,Web,Piura,Yape
5986,1801,2022-05-03,8198.55,Devuelto,App,Piura,"Tarjeta de débito"
5987,2488,2023-05-18,901.98,Devuelto,Web,Cajamarca,"Tarjeta de débito"
5988,1571,2023-09-23,4408.72,Cancelado,App,Chiclayo,Efectivo
5989,1481,2024-01-11,1039.65,Entregado,App,Cusco,"Tarjeta de débito"
5990,1658,2024-05-13,722.42,Cancelado,"Tienda física",Cajamarca,"Tarjeta de crédito"
5991,2598,2022-06-09,2025.19,"En camino",Web,Cajamarca,Efectivo
5992,2209,2022-06-11,20728.06,Entregado,App,Cajamarca,Yape
5993,2236,2024-10-24,5116.85,Devuelto,Web,Iquitos,Efectivo
5994,1033,2024-03-28,16976.22,"En camino",Web,Arequipa,"Tarjeta de débito"
5995,2711,2023-10-06,1082.10,Entregado,App,Cusco,Efectivo
5996,2635,2022-06-14,13442.89,Cancelado,"Tienda física",Huancayo,"Tarjeta de crédito"
5997,1067,2022-06-27,20558.49,"En camino",App,Cajamarca,"Tarjeta de crédito"
5998,2192,2022-07-28,3167.01,Devuelto,"Tienda física",Chiclayo,Efectivo
5999,2600,2023-10-14,4359.10,Devuelto,App,Chiclayo,"Tarjeta de débito"
6000,1452,2024-10-25,1780.72,"En camino","Tienda física",Iquitos,"Tarjeta de débito"
6001,1977,2023-03-17,5309.11,Cancelado,App,Lima,Yape
6002,2093,2024-07-06,6139.05,Cancelado,App,Iquitos,"Tarjeta de débito"
6003,1160,2023-07-21,15403.68,Entregado,"Tienda física",Iquitos,Yape
6004,1537,2024-04-02,2069.82,Cancelado,Web,Huancayo,"Tarjeta de crédito"
6005,2377,2024-05-23,15178.49,Devuelto,App,Chiclayo,"Tarjeta de crédito"
6006,1876,2022-06-06,25865.12,Cancelado,Web,Tacna,Efectivo
6007,1103,2023-10-01,27910.61,"En camino","Tienda física",Iquitos,Yape
6008,1625,2023-09-20,2141.42,Devuelto,"Tienda física",Huancayo,Efectivo
6009,2001,2021-01-15,6215.02,"En camino","Tienda física",Chiclayo,Efectivo
6010,2734,2024-07-07,7010.14,Cancelado,Web,Cusco,"Tarjeta de débito"
6011,2327,2024-05-20,12945.11,Cancelado,"Tienda física",Tacna,Efectivo
6012,2301,2022-07-10,9388.56,Entregado,"Tienda física",Lima,"Tarjeta de débito"
6013,1841,2024-11-11,11395.39,"En camino","Tienda física",Arequipa,Efectivo
6014,2510,2024-04-16,8192.31,Entregado,Web,Arequipa,Yape
6015,1193,2024-11-12,2171.21,Entregado,Web,Cajamarca,Yape
6016,1602,2024-09-24,8796.61,Entregado,Web,Trujillo,Efectivo
6017,1455,2022-01-01,874.37,"En camino","Tienda física",Chiclayo,Efectivo
6018,1934,2023-07-29,15410.81,Entregado,"Tienda física",Cusco,Efectivo
6019,2035,2024-08-03,8509.74,Devuelto,App,Lima,Efectivo
6020,2959,2024-04-22,3882.35,Cancelado,"Tienda física",Chiclayo,Efectivo
6021,2857,2024-03-29,11080.79,Devuelto,Web,Huancayo,Efectivo
6022,2071,2024-02-25,9978.13,Devuelto,Web,Cusco,"Tarjeta de débito"
6023,1537,2022-10-29,778.92,"En camino",App,Tacna,Yape
6024,1565,2022-02-02,4925.69,Entregado,"Tienda física",Arequipa,"Tarjeta de débito"
6025,1435,2024-02-03,8439.78,Entregado,App,Arequipa,Yape
6026,1937,2022-09-30,2708.17,"En camino","Tienda física",Tacna,"Tarjeta de crédito"
6027,1105,2024-01-26,496.78,Devuelto,Web,Huancayo,"Tarjeta de crédito"
6028,1812,2024-04-07,13226.88,Cancelado,Web,Trujillo,Efectivo
6029,2491,2023-12-04,9288.03,Entregado,Web,Chiclayo,Yape
6030,1769,2024-02-07,5444.74,"En camino",Web,Chiclayo,Efectivo
6031,1169,2022-02-04,6475.16,Devuelto,App,Chiclayo,"Tarjeta de crédito"
6032,2111,2024-12-14,1435.25,"En camino","Tienda física",Iquitos,Yape
6033,2542,2022-05-19,4207.53,Entregado,App,Arequipa,"Tarjeta de débito"
6034,1925,2023-07-20,7199.68,Entregado,Web,Lima,Efectivo
6035,2727,2022-12-03,3379.91,Cancelado,"Tienda física",Piura,Efectivo
6036,2335,2023-04-22,4952.10,"En camino",App,Lima,Efectivo
6037,2973,2023-04-20,3279.29,"En camino","Tienda física",Cajamarca,Efectivo
6038,2754,2022-01-08,353.58,"En camino",Web,Cusco,Efectivo
6039,1720,2023-01-05,8792.10,"En camino",Web,Arequipa,Yape
6040,2800,2023-01-16,4328.73,Devuelto,"Tienda física",Piura,"Tarjeta de débito"
6041,1852,2024-10-13,1177.47,"En camino",Web,Cajamarca,Efectivo
6042,1526,2024-05-15,1996.38,Cancelado,Web,Huancayo,"Tarjeta de crédito"
6043,2836,2023-08-09,1553.32,Entregado,"Tienda física",Chiclayo,"Tarjeta de débito"
6044,1849,2022-02-05,502.66,Entregado,Web,Arequipa,"Tarjeta de débito"
6045,2739,2023-10-09,9216.42,Entregado,App,Iquitos,Yape
6046,1958,2023-07-24,17675.00,Entregado,Web,Chiclayo,Efectivo
6047,1270,2024-09-12,12507.65,Cancelado,Web,Cajamarca,Efectivo
6048,2392,2023-05-11,12535.05,Cancelado,Web,Arequipa,"Tarjeta de crédito"
6049,2796,2024-12-31,9448.05,Cancelado,App,Arequipa,Efectivo
6050,1795,2024-05-14,21767.52,Entregado,App,Piura,Efectivo
6051,2547,2022-12-24,2534.42,Entregado,App,Cajamarca,Efectivo
6052,1479,2022-11-15,4297.23,Devuelto,"Tienda física",Tacna,Efectivo
6053,1828,2022-05-18,1750.83,"En camino",App,Chiclayo,Efectivo
6054,2134,2023-06-03,4535.75,Entregado,Web,Lima,Yape
6055,2894,2022-04-23,11504.89,Entregado,Web,Huancayo,"Tarjeta de débito"
6056,2658,2023-12-28,14510.04,Devuelto,App,Piura,Yape
6057,2846,2022-05-18,886.48,Entregado,"Tienda física",Tacna,Efectivo
6058,2976,2023-03-19,1914.75,Entregado,"Tienda física",Trujillo,"Tarjeta de débito"
6059,2602,2022-06-30,1736.09,Devuelto,Web,Lima,"Tarjeta de débito"
6060,1138,2024-12-25,4981.40,"En camino",Web,Huancayo,Efectivo
6061,1754,2024-03-06,3650.37,Entregado,"Tienda física",Chiclayo,Efectivo
6062,2350,2024-02-10,1584.78,Devuelto,Web,Cuzco,Yape
6063,1609,2022-03-08,10076.74,"En camino",App,Iquitos,"Tarjeta de crédito"
6064,2807,2023-09-24,19379.35,Entregado,Web,Arequipa,"Tarjeta de crédito"
6065,2422,2024-09-19,5952.43,Cancelado,App,Arequipa,"Tarjeta de débito"
6066,1179,2023-09-22,8164.60,Devuelto,App,Tacna,Efectivo
6067,2064,2024-07-12,3823.08,Devuelto,App,Cajamarca,Yape
6068,1764,2023-05-14,2545.32,Devuelto,"Tienda física",Chiclayo,"Tarjeta de débito"
6069,2673,2023-03-13,18226.77,"En camino","Tienda física",Cajamarca,"Tarjeta de crédito"
6070,2060,2022-07-04,1237.20,Entregado,App,Piura,Efectivo
6071,2529,2023-06-03,21396.18,"En camino",Web,Lima,Efectivo
6072,2248,2024-07-18,11541.27,Devuelto,App,Cusco,Efectivo
6073,2170,2024-10-21,1720.12,Entregado,Web,Iquitos,"Tarjeta de débito"
6074,1069,2020-06-10,11778.42,Devuelto,Web,Iquitos,Efectivo
6075,2922,2022-12-10,5638.13,Cancelado,"Tienda física",Huancayo,"Tarjeta de débito"
6076,1123,2023-06-19,4298.85,Cancelado,Web,Tacna,"Tarjeta de débito"
6077,1306,2024-07-21,13835.16,"En camino",Web,Trujillo,"Tarjeta de débito"
6078,1928,2023-09-05,477.33,Cancelado,Web,Lima,Yape
6079,1974,2023-09-12,1157.39,Devuelto,App,Arequipa,"Tarjeta de crédito"
6080,2894,2022-09-20,7829.40,"En camino",Web,Cajamarca,"Tarjeta de crédito"
6081,2425,2022-01-06,11938.47,Devuelto,App,Lima,"Tarjeta de débito"
6082,1342,2023-01-20,13140.59,Devuelto,Web,Piura,Efectivo
6083,2182,2023-11-02,10993.15,Cancelado,"Tienda física",Chiclayo,"Tarjeta de crédito"
6084,2727,2023-06-22,10550.57,Entregado,App,Trujillo,"Tarjeta de débito"
6085,1226,2023-08-01,7832.08,Cancelado,"Tienda física",Trujillo,"Tarjeta de crédito"
6086,1023,2022-07-31,15897.40,Entregado,Web,Chiclayo,Efectivo
6087,2592,2022-02-04,7157.06,"En camino","Tienda física",Lima,Efectivo
6088,2059,2022-12-07,7820.39,Devuelto,Web,Trujillo,Yape
6089,1631,2023-04-08,5985.98,Entregado,"Tienda física",Chiclayo,"Tarjeta de débito"
6090,1686,2024-10-30,4614.36,Entregado,Web,Chiclayo,Yape
6091,1084,2024-09-11,8961.83,Cancelado,Web,Chiclayo,"Tarjeta de débito"
6092,2429,2023-04-08,7111.86,Devuelto,Web,Trujillo,"Tarjeta de débito"
6093,1931,2024-01-02,15368.41,"En camino",Web,Piura,Efectivo
6094,2331,2022-06-18,382.58,Cancelado,"Tienda física",Huancayo,Efectivo
6095,2723,2024-04-12,6647.48,"En camino","Tienda física",Lima,Efectivo
6096,2716,2024-04-27,14514.61,Devuelto,App,Huancayo,Efectivo
6097,2152,2023-09-28,1216.40,Devuelto,Web,Chiclayo,"Tarjeta de crédito"
6098,1789,2024-10-14,5034.97,"En camino","Tienda física",Cajamarca,"Tarjeta de crédito"
6099,1042,2024-09-08,823.55,Entregado,"Tienda física",Trujillo,Efectivo
6100,1595,2023-09-12,5883.84,"En camino",App,Lima,Yape
6101,3000,2022-07-15,5242.20,"En camino","Tienda física",Arequipa,Efectivo
6102,1484,2023-02-22,5836.60,Cancelado,App,Chiclayo,"Tarjeta de crédito"
6103,1745,2022-07-04,4021.59,Devuelto,"Tienda física",Iquitos,"Tarjeta de débito"
6104,1844,2023-02-21,5999.35,Entregado,Web,Piura,"Tarjeta de débito"
6105,2542,2024-01-21,1893.72,Devuelto,Web,Cusco,Yape
6106,2807,2022-06-06,1079.07,"En camino",Web,Trujillo,"Tarjeta de débito"
6107,1878,2024-11-01,2510.97,"En camino",App,Arequipa,Efectivo
6108,1069,2023-01-20,2909.23,Cancelado,Web,Trujillo,Efectivo
6109,1692,2022-01-18,10516.58,Entregado,App,Huancayo,Efectivo
6110,2843,2022-10-17,5984.33,"En camino","Tienda física",Cusco,"Tarjeta de débito"
6111,1075,2023-12-29,19200.79,"En camino","Tienda física",Lima,"Tarjeta de débito"
6112,1467,2024-11-18,1061.88,"En camino",App,Trujillo,Efectivo
6113,2446,2024-02-05,6796.60,"En camino","Tienda física",Iquitos,Yape
6114,1508,2023-02-05,7874.79,Entregado,App,Lima,Yape
6115,1910,2023-07-02,7285.38,Entregado,Web,Tacna,"Tarjeta de débito"
6116,1547,2024-05-06,1711.51,Entregado,App,Trujillo,"Tarjeta de crédito"
6117,2874,2023-10-14,1219.90,Cancelado,App,Cuzco,Efectivo
6118,1871,2024-12-30,4109.72,Entregado,"Tienda física",Arequipa,Yape
6119,2213,2022-06-10,16476.91,Devuelto,"Tienda física",Arequipa,Efectivo
6120,2043,2023-12-17,46822.89,"En camino","Tienda física",Trujillo,Yape
6121,1504,2023-03-07,12779.76,"En camino",Web,Chiclayo,Efectivo
6122,1433,2024-12-15,2005.24,Devuelto,App,Arequipa,Efectivo
6123,1056,2024-01-17,23420.69,Cancelado,"Tienda física",Trujillo,"Tarjeta de crédito"
6124,1812,2022-12-10,3488.98,"En camino",App,Cusco,Efectivo
6125,1990,2022-09-01,13986.90,Devuelto,App,Arequipa,Efectivo
6126,2321,2024-09-28,213.74,"En camino",App,Cusco,"Tarjeta de débito"
6127,1902,2023-11-03,16625.07,Cancelado,Web,Chiclayo,"Tarjeta de crédito"
6128,2364,2023-12-05,6026.23,Devuelto,Web,Trujillo,Efectivo
6129,1433,2022-04-29,777.52,Cancelado,Web,Piura,Efectivo
6130,1046,2024-12-06,5143.26,"En camino",Web,Tacna,"Tarjeta de débito"
6131,2675,2023-09-14,894.62,Cancelado,App,Tacna,"Tarjeta de crédito"
6132,1829,2022-06-05,10993.58,Devuelto,Web,Tacna,Efectivo
6133,1965,2022-12-16,7341.60,Entregado,App,Cajamarca,Efectivo
6134,2436,2024-02-08,11788.59,Entregado,Web,Cajamarca,Efectivo
6135,2621,2023-11-08,3567.63,Entregado,"Tienda física",Iquitos,Efectivo
6136,2818,2024-01-10,10213.78,Cancelado,"Tienda física",Huancayo,Yape
6137,2853,2024-11-28,254.99,"En camino",App,Trujillo,"Tarjeta de débito"
6138,1247,2022-08-15,6495.72,"En camino",App,Cajamarca,Yape
6139,2123,2024-02-11,2686.94,Entregado,App,Tacna,Efectivo
6140,2911,2024-08-01,6678.45,Entregado,App,Cajamarca,"Tarjeta de débito"
6141,1278,2023-12-08,7958.30,"En camino",App,Chiclayo,Yape
6142,1375,2022-12-31,16030.70,Devuelto,"Tienda física",Huancayo,Efectivo
6143,2506,2023-03-17,11946.39,"En camino","Tienda física",Cusco,"Tarjeta de débito"
6144,1376,2023-02-25,4491.95,Devuelto,App,Trujillo,"Tarjeta de crédito"
6145,1862,2022-07-18,8655.71,Entregado,App,Cajamarca,Efectivo
6146,1841,2023-03-28,3664.58,Cancelado,Web,Huancayo,"Tarjeta de débito"
6147,2819,2023-09-30,4999.22,Cancelado,"Tienda física",Piura,"Tarjeta de crédito"
6148,2757,2024-12-26,1846.49,Devuelto,Web,Iquitos,"Tarjeta de débito"
6149,1974,2022-07-07,5099.24,Entregado,"Tienda física",Piura,Efectivo
6150,2867,2022-03-26,3017.18,Devuelto,App,Cajamarca,Efectivo
6151,2177,2022-04-24,4679.06,"En camino",App,Chiclayo,Efectivo
6152,2316,2023-02-06,6234.75,Entregado,Web,Lima,"Tarjeta de débito"
6153,1576,2024-12-27,926.97,Devuelto,Web,Chiclayo,Yape
6154,2590,2022-05-14,2926.81,Entregado,App,Cusco,"Tarjeta de crédito"
6155,1167,2023-06-13,10989.47,Devuelto,"Tienda física",Piura,"Tarjeta de débito"
6156,2259,2024-02-28,8198.01,Entregado,"Tienda física",Cusco,"Tarjeta de débito"
6157,1034,2023-01-23,2056.04,Cancelado,App,Tacna,Yape
6158,2580,2023-06-15,12493.61,Cancelado,App,Huancayo,"Tarjeta de crédito"
6159,2049,2022-09-18,11905.45,"En camino",App,Arequipa,"Tarjeta de crédito"
6160,1926,2022-12-21,2320.69,Cancelado,App,Cajamarca,Efectivo
6161,2041,2023-10-01,5377.10,"En camino","Tienda física",Arequipa,"Tarjeta de débito"
6162,2326,2022-11-18,2882.15,"En camino","Tienda física",Trujillo,Efectivo
6163,2039,2022-07-30,1592.82,Cancelado,App,Lima,Efectivo
6164,1883,2024-01-28,1409.44,Entregado,App,Chiclayo,"Tarjeta de débito"
6165,1674,2024-08-06,8569.60,Cancelado,Web,Tacna,Efectivo
6166,1447,2023-05-11,2056.98,"En camino",Web,Arequipa,"Tarjeta de débito"
6167,2029,2022-04-17,2046.03,Entregado,App,Tacna,Efectivo
6168,2557,2022-07-28,5780.08,Devuelto,App,Huancayo,Efectivo
6169,1675,2022-12-22,3450.62,Devuelto,Web,Cusco,"Tarjeta de crédito"
6170,2385,2022-05-10,17232.82,Cancelado,"Tienda física",Cajamarca,"Tarjeta de débito"
6171,2225,2024-11-20,11225.71,Cancelado,App,Trujillo,Efectivo
6172,2656,2023-10-06,3150.20,Entregado,App,Lima,"Tarjeta de crédito"
6173,2693,2022-11-13,19163.67,"En camino",Web,Tacna,Efectivo
6174,1096,2024-08-25,6772.70,"En camino",Web,Trujillo,Efectivo
6175,1794,2023-01-31,16316.12,Entregado,App,Tacna,Efectivo
6176,1965,2023-08-28,12766.44,Devuelto,App,Chiclayo,"Tarjeta de crédito"
6177,2539,2022-07-05,16103.24,"En camino","Tienda física",Trujillo,Efectivo
6178,1421,2022-06-28,1553.73,"En camino",App,Chiclayo,"Tarjeta de crédito"
6179,2173,2023-08-29,14739.75,Entregado,"Tienda física",Lima,Efectivo
6180,1850,2024-04-02,1397.80,Entregado,Web,Tacna,"Tarjeta de débito"
6181,1419,2022-06-30,859.78,Devuelto,Web,Cajamarca,Efectivo
6182,1624,2023-02-07,215.11,Cancelado,"Tienda física",Tacna,Efectivo
6183,2393,2023-05-26,6464.49,Devuelto,App,Arequipa,"Tarjeta de crédito"
6184,2666,2022-06-21,5229.17,Entregado,Web,Chiclayo,"Tarjeta de crédito"
6185,1347,2023-11-12,8495.43,"En camino",Web,Tacna,Efectivo
6186,2427,2023-12-31,849.83,"En camino",Web,Tacna,Efectivo
6187,2055,2024-01-13,2641.86,Cancelado,Web,Arequipa,Efectivo
6188,2421,2023-02-05,20958.90,Entregado,"Tienda física",Iquitos,Yape
6189,2266,2022-04-21,1756.69,Devuelto,Web,Tacna,Yape
6190,2779,2022-05-09,7547.69,Cancelado,Web,Tacna,Efectivo
6191,2737,2023-10-19,6200.04,Cancelado,"Tienda física",Arequipa,Yape
6192,2032,2023-04-03,7489.52,Cancelado,App,Piura,Efectivo
6193,2549,2022-03-21,17917.43,Devuelto,"Tienda física",Piura,Efectivo
6194,1987,2023-01-24,2234.02,Entregado,"Tienda física",Iquitos,Yape
6195,1819,2022-05-01,1461.51,Entregado,Web,Tacna,"Tarjeta de crédito"
6196,1050,2023-09-22,1031.92,Cancelado,"Tienda física",Trujillo,Yape
6197,2520,2023-08-31,3803.46,Devuelto,App,Trujillo,Efectivo
6198,2729,2022-01-22,11508.72,"En camino",App,Lima,Efectivo
6199,1645,2024-07-10,25089.42,Devuelto,App,Cusco,"Tarjeta de débito"
6200,2636,2024-06-22,18594.83,Entregado,"Tienda física",Huancayo,Efectivo
6201,2306,2024-12-27,7047.11,Cancelado,Web,Chiclayo,Efectivo
6202,1661,2022-06-30,11422.55,Entregado,"Tienda física",Trujillo,Yape
6203,2738,2022-07-24,2305.44,Devuelto,"Tienda física",Chiclayo,Efectivo
6204,1045,2022-04-08,8828.23,"En camino","Tienda física",Arequipa,Efectivo
6205,2729,2024-04-14,2727.56,Devuelto,Web,Tacna,"Tarjeta de débito"
6206,2374,2024-01-09,12602.43,"En camino","Tienda física",Trujillo,Efectivo
6207,2305,2023-09-13,6403.72,Devuelto,App,Cajamarca,Efectivo
6208,1620,2023-10-03,1245.72,Devuelto,"Tienda física",Huancayo,Efectivo
6209,2170,2023-10-17,4440.80,Devuelto,App,Arequipa,Efectivo
6210,1283,2024-07-24,1601.46,"En camino",Web,Cuzco,Yape
6211,1285,2024-04-13,8191.61,Devuelto,Web,Tacna,Efectivo
6212,2697,2024-06-04,6745.94,"En camino",Web,Arequipa,"Tarjeta de crédito"
6213,1242,2023-05-02,7563.12,Devuelto,App,Iquitos,Yape
6214,2423,2023-09-18,9913.32,Cancelado,App,Huancayo,Yape
6215,1933,2023-10-29,280.23,"En camino",Web,Trujillo,"Tarjeta de crédito"
6216,1121,2023-09-14,4543.91,Entregado,Web,Piura,"Tarjeta de crédito"
6217,1538,2022-09-03,5458.30,"En camino",App,Iquitos,Yape
6218,2327,2023-01-12,7968.58,"En camino","Tienda física",Lima,Efectivo
6219,2755,2022-07-21,13701.60,Entregado,"Tienda física",Lima,Efectivo
6220,2149,2022-10-17,2757.79,Entregado,"Tienda física",Lima,"Tarjeta de débito"
6221,1866,2024-04-12,11759.42,"En camino","Tienda física",Lima,Efectivo
6222,2567,2023-07-01,12945.47,Cancelado,Web,Lima,"Tarjeta de crédito"
6223,2434,2023-11-30,1613.28,Cancelado,Web,Lima,Efectivo
6224,2567,2022-11-09,2378.42,"En camino","Tienda física",Arequipa,Efectivo
6225,1160,2022-04-23,23862.46,Devuelto,App,Iquitos,Efectivo
6226,2117,2024-05-03,3202.44,Entregado,"Tienda física",Trujillo,"Tarjeta de débito"
6227,2771,2023-09-21,6860.96,Cancelado,"Tienda física",Cajamarca,"Tarjeta de débito"
6228,1823,2022-06-18,8303.92,Devuelto,App,Arequipa,"Tarjeta de débito"
6229,2399,2022-07-30,8423.13,Entregado,Web,Arequipa,Efectivo
6230,2482,2022-02-16,5800.06,Entregado,Web,Chiclayo,Efectivo
6231,1907,2024-05-08,566.92,Cancelado,"Tienda física",Huancayo,"Tarjeta de crédito"
6232,1061,2022-08-03,11156.56,"En camino","Tienda física",Arequipa,"Tarjeta de débito"
6233,1834,2024-02-23,3978.79,"En camino",Web,Huancayo,Efectivo
6234,1801,2024-02-19,6871.09,Entregado,"Tienda física",Tacna,"Tarjeta de crédito"
6235,1422,2022-07-11,116.37,"En camino","Tienda física",Iquitos,"Tarjeta de débito"
6236,1383,2022-02-05,3321.21,Cancelado,App,Lima,"Tarjeta de débito"
6237,2719,2022-05-01,12179.25,Cancelado,Web,Cajamarca,Efectivo
6238,1126,2024-12-14,10913.22,"En camino","Tienda física",Lima,"Tarjeta de débito"
6239,2562,2022-09-29,3631.47,"En camino","Tienda física",Trujillo,Yape
6240,1143,2022-11-24,15613.48,Cancelado,App,Iquitos,Yape
6241,1824,2023-05-28,6374.30,Entregado,Web,Iquitos,Efectivo
6242,2563,2022-10-02,780.38,Cancelado,"Tienda física",Cusco,Efectivo
6243,1334,2022-09-10,12640.26,Cancelado,"Tienda física",Arequipa,Yape
6244,2184,2024-04-08,764.52,Devuelto,App,Tacna,"Tarjeta de débito"
6245,2907,2022-10-17,8782.64,"En camino",Web,Piura,"Tarjeta de débito"
6246,2971,2024-05-04,15251.59,Entregado,Web,Piura,"Tarjeta de crédito"
6247,2385,2024-10-28,6597.26,Entregado,Web,Piura,"Tarjeta de débito"
6248,2836,2022-09-15,3567.63,Entregado,Web,Trujillo,Yape
6249,2802,2022-11-08,2515.86,"En camino",App,Arequipa,Yape
6250,1031,2022-06-21,6396.80,Cancelado,"Tienda física",Tacna,Efectivo
6251,1972,2024-10-19,2093.97,Cancelado,"Tienda física",Trujillo,"Tarjeta de crédito"
6252,1393,2023-12-30,12199.05,Entregado,"Tienda física",Cajamarca,"Tarjeta de crédito"
6253,2933,2024-04-03,6238.57,"En camino",Web,Cajamarca,Efectivo
6254,2659,2022-12-16,954.28,Cancelado,Web,Tacna,"Tarjeta de débito"
6255,2189,2024-02-20,12422.17,Entregado,App,Huancayo,Efectivo
6256,2191,2024-02-21,4759.28,Devuelto,Web,Piura,"Tarjeta de crédito"
6257,1364,2022-10-27,18107.55,Devuelto,App,Huancayo,Yape
6258,2571,2022-03-04,565.06,Cancelado,App,Tacna,Yape
6259,2715,2024-12-19,1942.20,Entregado,App,Arequipa,Yape
6260,2043,2023-02-01,11970.97,Cancelado,Web,Trujillo,"Tarjeta de débito"
6261,2719,2023-07-09,1381.32,Entregado,Web,Trujillo,"Tarjeta de débito"
6262,2261,2024-10-13,2887.51,Cancelado,Web,Piura,"Tarjeta de crédito"
6263,1165,2022-06-26,23340.44,"En camino",App,Tacna,Efectivo
6264,2379,2022-01-08,3036.23,Entregado,Web,Cajamarca,Efectivo
6265,2161,2022-01-23,2200.92,Entregado,Web,Lima,Yape
6266,2672,2023-12-09,3020.05,Devuelto,Web,Iquitos,Yape
6267,2099,2023-04-17,9732.76,Devuelto,"Tienda física",Cuzco,Efectivo
6268,2906,2022-10-12,5923.01,Devuelto,"Tienda física",Huancayo,Yape
6269,1328,2023-12-22,18628.48,Devuelto,Web,Lima,Yape
6270,2005,2024-10-05,8382.74,Cancelado,Web,Tacna,Efectivo
6271,1246,2022-09-23,7024.27,Entregado,Web,Cusco,Yape
6272,2151,2022-09-29,882.90,Entregado,"Tienda física",Huancayo,Efectivo
6273,1316,2024-07-22,11372.69,Entregado,Web,Lima,Efectivo
6274,1858,2022-04-11,29590.89,"En camino",App,Lima,"Tarjeta de débito"
6275,2439,2023-02-17,11034.72,Entregado,"Tienda física",Cajamarca,"Tarjeta de crédito"
6276,1662,2022-11-20,3905.64,Devuelto,"Tienda física",Lima,"Tarjeta de crédito"
6277,2978,2022-10-26,9410.78,Entregado,Web,Lima,Efectivo
6278,2810,2022-03-04,3977.94,Devuelto,App,Piura,Yape
6279,2576,2022-04-06,11047.80,Entregado,Web,Chiclayo,Efectivo
6280,1418,2024-08-06,6200.20,"En camino",Web,Cusco,"Tarjeta de débito"
6281,2583,2023-07-02,14783.66,Devuelto,Web,Iquitos,Efectivo
6282,2648,2023-11-27,3600.52,"En camino",Web,Iquitos,"Tarjeta de débito"
6283,1478,2024-10-07,6564.05,"En camino",Web,Arequipa,Efectivo
6284,1950,2022-09-21,7066.49,"En camino","Tienda física",Iquitos,"Tarjeta de crédito"
6285,1186,2023-06-05,14314.22,"En camino","Tienda física",Tacna,"Tarjeta de débito"
6286,1938,2023-01-27,3077.85,Entregado,Web,Piura,Efectivo
6287,2511,2024-08-06,822.17,Devuelto,"Tienda física",Tacna,"Tarjeta de crédito"
6288,2873,2022-09-08,23.19,Entregado,"Tienda física",Trujillo,"Tarjeta de crédito"
6289,2889,2022-10-24,261.36,"En camino",App,Cusco,Efectivo
6290,1013,2023-12-18,4897.92,Cancelado,App,Cusco,Efectivo
6291,2094,2022-06-30,7686.48,Devuelto,"Tienda física",Cajamarca,Efectivo
6292,1867,2023-08-28,7755.23,Devuelto,App,Arequipa,Efectivo
6293,2685,2023-11-17,8797.87,Devuelto,Web,Chiclayo,"Tarjeta de crédito"
6294,2701,2023-01-17,19025.41,Cancelado,Web,Cuzco,Efectivo
6295,1631,2022-04-02,12819.25,"En camino",App,Trujillo,Yape
6296,2251,2023-11-10,9161.76,Cancelado,App,Piura,"Tarjeta de crédito"
6297,1538,2024-11-14,12216.07,Entregado,"Tienda física",Tacna,Efectivo
6298,1352,2022-02-17,851.06,"En camino",App,Chiclayo,"Tarjeta de débito"
6299,1830,2022-10-29,10511.43,"En camino",Web,Iquitos,Yape
6300,2203,2024-11-22,5523.19,Devuelto,App,Iquitos,"Tarjeta de débito"
6301,1598,2024-03-29,4002.77,Devuelto,App,Lima,"Tarjeta de crédito"
6302,1324,2022-02-02,10443.57,Devuelto,Web,Iquitos,"Tarjeta de débito"
6303,1062,2024-02-18,2323.76,"En camino",Web,Piura,Efectivo
6304,1423,2022-03-31,3163.80,Devuelto,Web,Trujillo,Yape
6305,2471,2023-08-13,1506.06,Cancelado,"Tienda física",Cajamarca,Efectivo
6306,2425,2022-02-28,955.65,Devuelto,Web,Cusco,"Tarjeta de débito"
6307,2212,2022-12-22,704.72,Cancelado,"Tienda física",Lima,Efectivo
6308,2097,2023-01-08,5335.30,Devuelto,"Tienda física",Tacna,"Tarjeta de crédito"
6309,2407,2023-06-21,15244.27,Cancelado,App,Lima,"Tarjeta de crédito"
6310,2954,2022-01-27,8091.76,Cancelado,"Tienda física",Huancayo,"Tarjeta de débito"
6311,2362,2024-05-07,6921.54,Devuelto,"Tienda física",Lima,"Tarjeta de débito"
6312,1481,2024-01-05,7496.91,Cancelado,Web,Cusco,"Tarjeta de crédito"
6313,2992,2023-09-08,1177.34,Cancelado,App,Chiclayo,"Tarjeta de débito"
6314,2811,2024-09-04,9337.30,"En camino",Web,Chiclayo,Yape
6315,1179,2023-06-24,3118.48,Cancelado,Web,Cuzco,"Tarjeta de débito"
6316,2382,2024-07-12,4273.07,Devuelto,App,Cajamarca,Yape
6317,2580,2024-03-28,674.97,Entregado,"Tienda física",Cajamarca,Efectivo
6318,1487,2023-11-30,2481.35,Cancelado,"Tienda física",Tacna,Efectivo
6319,2962,2022-03-27,10201.34,Entregado,App,Huancayo,"Tarjeta de crédito"
6320,1670,2022-02-17,5689.77,Entregado,Web,Cajamarca,Yape
6321,1620,2023-06-11,3705.04,"En camino",App,Iquitos,Efectivo
6322,2408,2022-06-20,7976.75,Devuelto,"Tienda física",Lima,"Tarjeta de crédito"
6323,2311,2024-10-26,8704.20,Devuelto,Web,Cajamarca,"Tarjeta de débito"
6324,2232,2024-10-31,7119.93,"En camino","Tienda física",Tacna,Yape
6325,2418,2023-11-08,5477.06,Entregado,App,Trujillo,Efectivo
6326,1040,2024-06-11,438.46,"En camino","Tienda física",Trujillo,"Tarjeta de débito"
6327,1232,2024-03-14,9096.02,Entregado,Web,Arequipa,"Tarjeta de débito"
6328,1579,2023-06-16,1195.88,Cancelado,App,Lima,"Tarjeta de débito"
6329,1735,2023-02-23,10175.41,"En camino",App,Piura,Efectivo
6330,2588,2022-03-14,14773.55,Cancelado,App,Lima,Efectivo
6331,2159,2022-07-12,12402.37,Entregado,"Tienda física",Arequipa,Yape
6332,2251,2024-03-07,3740.27,Devuelto,Web,Cuzco,Efectivo
6333,1858,2023-11-06,7811.46,Devuelto,App,Piura,Efectivo
6334,1921,2023-12-27,5049.35,Cancelado,"Tienda física",Tacna,"Tarjeta de crédito"
6335,1055,2024-06-02,28852.43,Cancelado,App,Arequipa,"Tarjeta de débito"
6336,1780,2022-10-03,18972.04,Devuelto,App,Tacna,Efectivo
6337,2227,2023-03-28,6592.19,Devuelto,"Tienda física",Tacna,"Tarjeta de débito"
6338,1368,2024-11-20,4873.76,Entregado,App,Lima,Efectivo
6339,1131,2024-10-04,3401.85,Devuelto,Web,Piura,Yape
6340,2264,2024-12-23,10529.88,Entregado,Web,Piura,"Tarjeta de crédito"
6341,1697,2024-11-07,10621.78,"En camino",App,Trujillo,Efectivo
6342,2679,2024-11-11,7076.59,Entregado,App,Tacna,"Tarjeta de débito"
6343,2104,2024-06-25,1737.89,Entregado,Web,Huancayo,Efectivo
6344,1900,2024-02-20,7837.47,Devuelto,App,Huancayo,Efectivo
6345,1389,2023-12-13,23240.87,Entregado,App,Chiclayo,"Tarjeta de débito"
6346,1005,2024-05-21,170.76,Cancelado,Web,Tacna,Yape
6347,1754,2023-05-02,6532.76,"En camino","Tienda física",Chiclayo,"Tarjeta de débito"
6348,1530,2022-06-01,13239.88,Cancelado,Web,Cusco,Efectivo
6349,2244,2023-02-26,12880.23,Cancelado,Web,Chiclayo,Efectivo
6350,2087,2024-03-08,1771.10,Devuelto,App,Tacna,Efectivo
6351,1333,2022-04-18,8078.18,Cancelado,Web,Arequipa,Efectivo
6352,2964,2024-05-03,9409.66,Devuelto,Web,Cuzco,Efectivo
6353,1557,2022-09-20,4599.38,"En camino",Web,Piura,Efectivo
6354,1476,2022-10-10,7600.04,Cancelado,"Tienda física",Chiclayo,Efectivo
6355,2150,2022-02-17,5275.44,Devuelto,App,Trujillo,Yape
6356,2869,2022-06-30,1061.88,Cancelado,Web,Arequipa,"Tarjeta de débito"
6357,2050,2022-07-20,6478.85,Entregado,App,Trujillo,Efectivo
6358,2521,2023-02-01,2164.58,Entregado,"Tienda física",Cuzco,Efectivo
6359,2589,2024-02-22,7504.75,Cancelado,App,Cajamarca,"Tarjeta de débito"
6360,1570,2022-01-19,1062.47,Entregado,App,Piura,"Tarjeta de débito"
6361,2349,2023-07-27,8713.56,"En camino","Tienda física",Trujillo,"Tarjeta de crédito"
6362,2611,2024-09-14,9333.59,Cancelado,"Tienda física",Tacna,Efectivo
6363,1503,2023-07-22,5417.37,"En camino",App,Cajamarca,Efectivo
6364,2663,2024-07-04,11336.64,Entregado,Web,Piura,Yape
6365,1112,2022-06-13,10911.94,Cancelado,Web,Cusco,"Tarjeta de débito"
6366,2429,2022-02-01,7952.18,"En camino",App,Piura,Yape
6367,1301,2023-03-15,10274.34,Devuelto,"Tienda física",Trujillo,Efectivo
6368,2604,2024-11-08,9090.39,Entregado,"Tienda física",Lima,"Tarjeta de crédito"
6369,2785,2022-02-04,19679.94,Devuelto,Web,Chiclayo,Yape
6370,2421,2023-03-01,1073.64,Cancelado,"Tienda física",Cusco,Yape
6371,2390,2023-11-06,2275.38,Devuelto,App,Trujillo,Efectivo
6372,2684,2022-09-06,9589.82,Entregado,App,Iquitos,Yape
6373,2517,2023-06-10,1700.97,Entregado,Web,Tacna,Yape
6374,1155,2024-12-03,1798.92,Entregado,"Tienda física",Cusco,Yape
6375,1955,2023-10-23,11322.03,"En camino","Tienda física",Chiclayo,Efectivo
6376,2485,2023-05-19,5977.44,Devuelto,Web,Arequipa,Efectivo
6377,2104,2022-12-12,11967.60,Devuelto,"Tienda física",Piura,"Tarjeta de crédito"
6378,1229,2023-08-17,2541.24,Cancelado,"Tienda física",Piura,"Tarjeta de débito"
6379,1849,2023-09-23,4808.64,Entregado,Web,Arequipa,"Tarjeta de crédito"
6380,1966,2022-05-31,50.90,Devuelto,"Tienda física",Huancayo,"Tarjeta de débito"
6381,2029,2022-09-07,14002.44,Cancelado,App,Lima,Efectivo
6382,2762,2023-06-16,15293.90,"En camino",App,Cuzco,Efectivo
6383,2900,2024-07-30,10147.30,Devuelto,App,Piura,Efectivo
6384,1012,2022-04-08,9651.67,Devuelto,"Tienda física",Cuzco,"Tarjeta de débito"
6385,1792,2024-01-11,5227.76,Cancelado,"Tienda física",Trujillo,"Tarjeta de débito"
6386,2299,2023-04-23,5566.81,"En camino",Web,Iquitos,"Tarjeta de crédito"
6387,1772,2023-09-23,9603.49,"En camino","Tienda física",Iquitos,Yape
6388,2954,2024-06-21,4816.79,Entregado,"Tienda física",Piura,"Tarjeta de crédito"
6389,2313,2022-09-20,251.82,"En camino","Tienda física",Lima,"Tarjeta de débito"
6390,1556,2023-05-06,14298.09,"En camino",Web,Trujillo,Efectivo
6391,2359,2024-01-05,16067.41,"En camino",Web,Cuzco,Yape
6392,1455,2022-07-10,20025.23,Devuelto,App,Chiclayo,Efectivo
6393,2389,2024-04-17,364.15,"En camino","Tienda física",Iquitos,Yape
6394,1234,2024-08-29,1210.49,Devuelto,Web,Iquitos,Efectivo
6395,1704,2023-03-17,3230.08,Cancelado,Web,Tacna,"Tarjeta de débito"
6396,2809,2022-04-26,1140.07,Entregado,Web,Trujillo,"Tarjeta de débito"
6397,2322,2023-11-10,2502.52,Entregado,Web,Piura,"Tarjeta de crédito"
6398,2081,2023-03-29,4194.92,Devuelto,App,Chiclayo,"Tarjeta de débito"
6399,2188,2022-09-16,8166.68,"En camino",Web,Lima,Yape
6400,2769,2024-03-17,460.48,Cancelado,App,Arequipa,"Tarjeta de crédito"
6401,2548,2024-10-07,5659.07,Devuelto,"Tienda física",Huancayo,Efectivo
6402,2554,2022-01-17,6770.89,Devuelto,Web,Cuzco,Efectivo
6403,2850,2023-06-08,3474.91,Cancelado,App,Piura,"Tarjeta de débito"
6404,2887,2024-11-11,18216.45,Devuelto,"Tienda física",Cuzco,Efectivo
6405,1107,2024-11-24,7376.72,Entregado,"Tienda física",Piura,Efectivo
6406,1211,2024-04-07,7613.54,Entregado,Web,Piura,Efectivo
6407,1778,2024-12-18,4424.82,"En camino",App,Tacna,"Tarjeta de débito"
6408,2333,2024-04-27,3206.55,Cancelado,"Tienda física",Cajamarca,Yape
6409,2743,2023-11-11,6087.73,Cancelado,Web,Tacna,"Tarjeta de débito"
6410,1518,2024-02-18,1698.72,Entregado,Web,Tacna,Efectivo
6411,2808,2022-11-02,6739.42,Entregado,Web,Lima,"Tarjeta de crédito"
6412,2582,2022-12-08,1754.37,"En camino",Web,Chiclayo,Yape
6413,2190,2024-01-23,15158.70,"En camino",Web,Arequipa,"Tarjeta de crédito"
6414,2887,2024-12-31,18653.67,Devuelto,Web,Iquitos,Efectivo
6415,2481,2023-01-16,1906.15,Entregado,"Tienda física",Chiclayo,Yape
6416,2348,2022-11-22,7156.52,Devuelto,"Tienda física",Tacna,"Tarjeta de débito"
6417,1291,2024-12-12,17081.33,"En camino",App,Tacna,Efectivo
6418,2846,2022-12-04,11062.11,Devuelto,Web,Tacna,"Tarjeta de crédito"
6419,2741,2022-01-04,4538.71,Entregado,App,Trujillo,"Tarjeta de crédito"
6420,2340,2022-08-15,8513.64,Entregado,"Tienda física",Piura,"Tarjeta de crédito"
6421,2047,2021-01-15,454.31,"En camino",App,Iquitos,"Tarjeta de débito"
6422,1191,2023-03-24,20328.18,Entregado,"Tienda física",Trujillo,"Tarjeta de crédito"
6423,1673,2022-11-12,9735.44,Entregado,Web,Huancayo,Efectivo
6424,1004,2023-05-18,7221.24,Cancelado,Web,Cajamarca,Yape
6425,1410,2024-02-04,22905.89,"En camino",App,Lima,Efectivo
6426,2925,2023-03-06,1053.19,"En camino",Web,Iquitos,Efectivo
6427,1920,2022-03-27,5860.64,Devuelto,App,Lima,Efectivo
6428,2587,2024-06-13,1051.14,Cancelado,App,Piura,Yape
6429,1095,2024-11-10,3764.06,Cancelado,"Tienda física",Lima,"Tarjeta de crédito"
6430,1235,2024-11-19,646.82,Devuelto,App,Piura,Yape
6431,1975,2023-12-04,3889.89,Entregado,"Tienda física",Chiclayo,Yape
6432,1112,2024-05-24,945.06,Devuelto,Web,Chiclayo,Efectivo
6433,2919,2023-09-03,5916.75,Cancelado,Web,Chiclayo,Efectivo
6434,2227,2024-05-15,25638.05,"En camino",Web,Chiclayo,Yape
6435,1320,2024-09-20,4624.97,Devuelto,Web,Iquitos,Efectivo
6436,1845,2024-04-18,4107.56,Entregado,App,Chiclayo,Efectivo
6437,2292,2024-10-11,2770.14,Devuelto,"Tienda física",Tacna,Yape
6438,1612,2024-10-25,17077.53,Cancelado,"Tienda física",Piura,Efectivo
6439,1088,2022-02-07,2362.73,Devuelto,App,Cajamarca,Efectivo
6440,1914,2024-03-28,6816.15,Cancelado,Web,Iquitos,Yape
6441,2802,2023-07-25,5172.52,Entregado,App,Arequipa,"Tarjeta de débito"
6442,1099,2023-10-26,1115.70,"En camino",Web,Cusco,Yape
6443,1417,2023-03-25,95.55,Cancelado,App,Chiclayo,"Tarjeta de crédito"
6444,1064,2024-09-09,5208.21,Entregado,"Tienda física",Trujillo,Efectivo
6445,2051,2023-07-05,13468.21,Entregado,Web,Arequipa,Efectivo
6446,2289,2023-07-29,1954.96,Cancelado,App,Arequipa,Efectivo
6447,2105,2023-10-29,3952.19,Devuelto,Web,Arequipa,Efectivo
6448,1065,2024-08-30,15845.02,Cancelado,"Tienda física",Cajamarca,Efectivo
6449,2061,2023-11-17,18771.32,Cancelado,Web,Huancayo,Efectivo
6450,2312,2022-10-28,640.40,Cancelado,App,Tacna,Efectivo
6451,2840,2022-06-12,5478.29,Entregado,App,Huancayo,Efectivo
6452,2774,2023-04-19,13441.10,"En camino",Web,Arequipa,"Tarjeta de crédito"
6453,2969,2024-01-02,23527.28,"En camino",App,Tacna,Yape
6454,2760,2023-02-15,1597.26,Entregado,"Tienda física",Lima,Efectivo
6455,1135,2022-06-16,2926.10,Cancelado,Web,Cajamarca,"Tarjeta de crédito"
6456,1931,2024-09-05,8525.53,Entregado,App,Chiclayo,Efectivo
6457,1327,2023-10-23,2274.50,Cancelado,"Tienda física",Chiclayo,"Tarjeta de crédito"
6458,1824,2023-12-07,5759.31,"En camino","Tienda física",Cajamarca,"Tarjeta de crédito"
6459,1308,2023-11-07,2508.49,Entregado,Web,Arequipa,"Tarjeta de crédito"
6460,2083,2022-11-21,12446.54,Entregado,Web,Chiclayo,"Tarjeta de débito"
6461,1340,2024-10-27,27618.34,Devuelto,"Tienda física",Huancayo,Efectivo
6462,2231,2024-09-27,16336.25,"En camino",App,Chiclayo,Efectivo
6463,2938,2023-07-17,1207.50,Devuelto,Web,Trujillo,Efectivo
6464,1850,2024-07-25,10236.23,Devuelto,Web,Cusco,Efectivo
6465,2127,2023-07-21,7546.48,"En camino",Web,Iquitos,Yape
6466,1357,2022-06-28,9391.20,Cancelado,App,Chiclayo,"Tarjeta de débito"
6467,2334,2022-05-12,9790.86,Devuelto,App,Lima,"Tarjeta de débito"
6468,2783,2023-08-20,1020.46,Cancelado,Web,Cusco,Yape
6469,2578,2024-12-14,12997.92,Devuelto,"Tienda física",Lima,Efectivo
6470,1607,2024-03-01,3771.48,Entregado,Web,Arequipa,Efectivo
6471,2706,2022-11-17,12035.50,Cancelado,App,Arequipa,"Tarjeta de débito"
6472,1613,2024-05-27,9910.26,Cancelado,App,Cajamarca,Efectivo
6473,2726,2024-06-27,22918.11,Devuelto,App,Tacna,Yape
6474,2079,2023-10-24,1439.40,Cancelado,Web,Huancayo,Efectivo
6475,1669,2022-09-04,12778.54,Cancelado,Web,Iquitos,"Tarjeta de crédito"
6476,2541,2022-08-30,8446.68,Devuelto,"Tienda física",Cuzco,"Tarjeta de crédito"
6477,2939,2024-10-06,1315.83,Entregado,App,Arequipa,Efectivo
6478,1062,2024-05-19,6809.66,Entregado,Web,Huancayo,"Tarjeta de crédito"
6479,2353,2023-06-11,12393.53,"En camino",Web,Tacna,"Tarjeta de débito"
6480,2743,2023-11-17,7112.72,"En camino","Tienda física",Cusco,Efectivo
6481,1040,2023-04-04,754.85,Cancelado,App,Tacna,Efectivo
6482,1938,2023-07-04,16715.18,Cancelado,Web,Tacna,"Tarjeta de débito"
6483,1302,2024-04-12,8213.06,"En camino","Tienda física",Lima,"Tarjeta de crédito"
6484,2058,2023-12-30,13926.92,Cancelado,Web,Lima,"Tarjeta de crédito"
6485,2040,2023-10-14,1836.99,Entregado,App,Trujillo,Efectivo
6486,2352,2022-05-28,8013.79,Cancelado,Web,Chiclayo,"Tarjeta de débito"
6487,2187,2024-01-04,8904.94,Entregado,Web,Lima,"Tarjeta de crédito"
6488,2979,2024-06-11,4000.81,Cancelado,App,Lima,"Tarjeta de débito"
6489,1695,2023-09-29,6846.45,Devuelto,App,Cajamarca,"Tarjeta de débito"
6490,2949,2022-08-17,14487.06,Devuelto,Web,Arequipa,Efectivo
6491,2158,2024-04-05,5299.97,Entregado,Web,Iquitos,Efectivo
6492,1377,2024-06-21,8375.54,Devuelto,"Tienda física",Cuzco,"Tarjeta de débito"
6493,2314,2024-12-20,15997.14,Entregado,Web,Arequipa,"Tarjeta de crédito"
6494,2325,2024-05-24,13008.31,Cancelado,App,Tacna,Efectivo
6495,1957,2023-05-02,6346.51,Cancelado,"Tienda física",Trujillo,"Tarjeta de débito"
6496,2293,2022-01-17,1095.02,"En camino","Tienda física",Cajamarca,"Tarjeta de débito"
6497,1565,2022-04-13,8075.70,Entregado,App,Tacna,"Tarjeta de crédito"
6498,1182,2023-02-28,18818.83,Devuelto,App,Lima,"Tarjeta de débito"
6499,1155,2023-12-20,9353.59,Devuelto,Web,Chiclayo,Efectivo
6500,1859,2024-10-29,2104.64,Devuelto,App,Cuzco,Yape
6501,2106,2023-01-12,1410.23,Entregado,"Tienda física",Iquitos,Yape
6502,1005,2022-05-05,5862.25,Cancelado,Web,Huancayo,"Tarjeta de débito"
6503,1867,2022-08-14,22554.60,Devuelto,"Tienda física",Huancayo,Yape
6504,2920,2024-03-22,7930.81,"En camino",App,Piura,Efectivo
6505,2214,2023-01-28,14248.93,Entregado,App,Piura,"Tarjeta de débito"
6506,2404,2022-03-19,2269.48,Devuelto,"Tienda física",Cajamarca,Efectivo
6507,1231,2022-06-25,597.14,Cancelado,App,Arequipa,"Tarjeta de crédito"
6508,2473,2023-11-02,2082.09,Devuelto,Web,Cuzco,"Tarjeta de débito"
6509,2229,2024-08-31,915.50,"En camino",App,Lima,Efectivo
6510,2812,2022-11-14,9276.75,Entregado,"Tienda física",Cajamarca,"Tarjeta de crédito"
6511,2832,2022-12-20,1417.31,Entregado,Web,Chiclayo,"Tarjeta de débito"
6512,1789,2023-07-30,3791.88,"En camino",Web,Cuzco,Efectivo
6513,2759,2022-10-24,12679.21,Entregado,"Tienda física",Iquitos,Efectivo
6514,1226,2022-09-16,15452.72,Cancelado,App,Cajamarca,"Tarjeta de crédito"
6515,1352,2024-12-09,276.84,Entregado,"Tienda física",Iquitos,Efectivo
6516,2639,2023-07-30,10625.42,Devuelto,Web,Trujillo,Efectivo
6517,1968,2023-03-17,932.74,Devuelto,Web,Lima,Yape
6518,1832,2023-09-18,1698.03,Entregado,App,Arequipa,"Tarjeta de crédito"
6519,1803,2022-12-09,2430.22,Cancelado,Web,Piura,"Tarjeta de crédito"
6520,1272,2024-09-09,9483.31,Cancelado,"Tienda física",Cajamarca,"Tarjeta de crédito"
6521,1032,2024-02-21,9267.31,Devuelto,Web,Arequipa,"Tarjeta de crédito"
6522,2142,2024-04-20,4489.22,Cancelado,App,Arequipa,Efectivo
6523,1068,2022-04-10,2113.10,"En camino",Web,Tacna,Efectivo
6524,2087,2024-11-30,9815.68,Cancelado,"Tienda física",Cajamarca,"Tarjeta de crédito"
6525,1274,2023-06-05,16232.39,Entregado,"Tienda física",Piura,"Tarjeta de débito"
6526,2722,2024-06-11,18335.24,Cancelado,"Tienda física",Arequipa,Efectivo
6527,1035,2022-04-11,4586.27,Cancelado,Web,Tacna,"Tarjeta de crédito"
6528,1492,2022-06-19,5968.64,Devuelto,Web,Piura,Efectivo
6529,2280,2024-11-02,5951.78,Entregado,"Tienda física",Chiclayo,Efectivo
6530,1246,2022-03-10,4373.28,"En camino",App,Chiclayo,Efectivo
6531,1935,2023-07-17,8718.19,Devuelto,"Tienda física",Cuzco,"Tarjeta de débito"
6532,1117,2022-01-17,4994.90,"En camino",Web,Tacna,Efectivo
6533,2302,2023-02-22,1197.41,Cancelado,App,Huancayo,"Tarjeta de débito"
6534,2552,2023-02-07,8326.80,"En camino",Web,Iquitos,"Tarjeta de crédito"
6535,2648,2023-09-07,7188.11,Cancelado,"Tienda física",Lima,"Tarjeta de crédito"
6536,1359,2022-01-11,2258.89,Devuelto,App,Cajamarca,Yape
6537,2890,2022-05-28,11147.79,Cancelado,Web,Trujillo,Efectivo
6538,1863,2023-11-15,14132.21,Cancelado,App,Cusco,"Tarjeta de crédito"
6539,1399,2023-03-25,10109.73,Cancelado,"Tienda física",Chiclayo,"Tarjeta de débito"
6540,2378,2024-06-17,2848.54,Entregado,Web,Trujillo,Efectivo
6541,2846,2023-05-11,18032.68,Devuelto,Web,Trujillo,"Tarjeta de crédito"
6542,2808,2024-02-07,2810.16,Cancelado,"Tienda física",Chiclayo,Efectivo
6543,1542,2024-12-15,436.20,"En camino",App,Cajamarca,Efectivo
6544,1575,2024-03-28,185.13,Devuelto,"Tienda física",Cajamarca,Yape
6545,1552,2024-03-30,14780.45,Entregado,App,Tacna,"Tarjeta de débito"
6546,1448,2024-09-22,14463.20,Entregado,"Tienda física",Trujillo,"Tarjeta de crédito"
6547,1668,2022-08-02,12968.22,"En camino",Web,Arequipa,"Tarjeta de crédito"
6548,2645,2023-12-10,10977.91,Devuelto,App,Chiclayo,Yape
6549,2219,2023-10-31,180.47,Cancelado,"Tienda física",Huancayo,Efectivo
6550,1782,2023-06-19,894.47,Cancelado,"Tienda física",Piura,Efectivo
6551,2291,2023-07-13,11191.13,Entregado,App,Iquitos,Yape
6552,2334,2024-05-03,8283.40,Devuelto,Web,Iquitos,Yape
6553,1377,2022-02-02,11845.25,Devuelto,"Tienda física",Cusco,Efectivo
6554,2315,2023-12-08,7602.60,Entregado,Web,Arequipa,"Tarjeta de débito"
6555,1519,2023-05-17,300.54,Entregado,"Tienda física",Arequipa,Yape
6556,1685,2022-11-12,20175.18,"En camino",App,Piura,Efectivo
6557,2069,2024-03-15,16031.20,Devuelto,Web,Lima,Efectivo
6558,2394,2022-03-25,1689.49,Devuelto,"Tienda física",Piura,Yape
6559,2683,2024-06-14,14117.69,Entregado,App,Trujillo,Yape
6560,2793,2024-09-19,291.14,Entregado,App,Tacna,"Tarjeta de crédito"
6561,1993,2023-07-02,7185.47,"En camino","Tienda física",Tacna,Efectivo
6562,2844,2024-04-05,14190.81,Entregado,App,Cuzco,Efectivo
6563,1013,2022-10-10,9032.33,Cancelado,"Tienda física",Lima,"Tarjeta de crédito"
6564,1167,2024-10-12,10594.50,Entregado,"Tienda física",Iquitos,"Tarjeta de crédito"
6565,1366,2022-10-06,13736.22,"En camino",App,Lima,Yape
6566,1023,2022-04-09,5051.79,"En camino",Web,Iquitos,Efectivo
6567,2507,2023-11-13,4841.96,Devuelto,App,Chiclayo,"Tarjeta de crédito"
6568,2529,2023-02-27,1997.92,Entregado,Web,Huancayo,Efectivo
6569,1605,2024-03-20,18208.30,Cancelado,"Tienda física",Cuzco,Efectivo
6570,2660,2023-09-05,6414.78,Entregado,Web,Cusco,Yape
6571,2356,2022-05-09,10229.12,Cancelado,Web,Cusco,"Tarjeta de débito"
6572,2906,2022-08-08,2233.67,Devuelto,Web,Lima,Yape
6573,2348,2022-11-10,2052.31,Cancelado,Web,Tacna,Efectivo
6574,1293,2024-12-22,2860.65,"En camino",App,Arequipa,Efectivo
6575,1611,2023-12-16,4527.41,Devuelto,App,Arequipa,"Tarjeta de débito"
6576,1333,2024-04-17,721.95,"En camino",App,Trujillo,Yape
6577,2347,2024-06-29,12965.00,"En camino","Tienda física",Cuzco,Yape
6578,2796,2022-11-11,4081.29,Devuelto,App,Lima,Efectivo
6579,1766,2024-10-23,11795.74,Cancelado,Web,Lima,Yape
6580,1441,2024-01-17,3565.36,Cancelado,"Tienda física",Chiclayo,"Tarjeta de crédito"
6581,1836,2022-03-29,3586.62,Devuelto,App,Lima,"Tarjeta de crédito"
6582,2222,2022-12-16,4601.27,Devuelto,Web,Tacna,Yape
6583,1039,2022-06-25,7119.93,Entregado,Web,Chiclayo,Efectivo
6584,2200,2024-01-02,23857.67,Devuelto,"Tienda física",Iquitos,Yape
6585,1185,2023-10-20,26304.03,Cancelado,"Tienda física",Cuzco,"Tarjeta de crédito"
6586,2923,2023-03-22,93.41,Cancelado,App,Cusco,Efectivo
6587,2897,2023-05-19,3202.00,Devuelto,"Tienda física",Cajamarca,"Tarjeta de débito"
6588,1320,2022-02-10,8519.96,Devuelto,"Tienda física",Arequipa,Efectivo
6589,2960,2024-10-15,2897.92,Devuelto,"Tienda física",Lima,Efectivo
6590,1457,2024-07-18,6518.30,Entregado,App,Cusco,Yape
6591,1940,2023-11-28,14681.59,Devuelto,"Tienda física",Trujillo,"Tarjeta de crédito"
6592,1746,2023-10-18,862.61,Cancelado,App,Huancayo,Yape
6593,1510,2022-10-12,1303.37,"En camino","Tienda física",Arequipa,"Tarjeta de débito"
6594,1019,2022-07-02,2582.12,Entregado,Web,Iquitos,"Tarjeta de débito"
6595,1375,2022-11-22,2447.96,Cancelado,App,Chiclayo,Efectivo
6596,2130,2024-03-02,3628.26,Devuelto,App,Arequipa,Yape
6597,2863,2023-01-09,1775.72,Entregado,App,Trujillo,"Tarjeta de débito"
6598,1546,2024-05-03,14987.97,Devuelto,App,Chiclayo,"Tarjeta de crédito"
6599,2168,2023-06-17,14661.29,"En camino",App,Piura,"Tarjeta de crédito"
6600,1925,2023-03-22,11963.52,Devuelto,Web,Iquitos,"Tarjeta de débito"
6601,1830,2024-01-30,1824.52,"En camino","Tienda física",Iquitos,"Tarjeta de crédito"
6602,2686,2024-03-25,9473.92,Entregado,Web,Lima,Yape
6603,2672,2024-09-05,6145.25,Devuelto,App,Cusco,"Tarjeta de crédito"
6604,2899,2024-11-14,1613.28,"En camino","Tienda física",Tacna,"Tarjeta de débito"
6605,2443,2023-07-01,21531.50,Cancelado,App,Tacna,Efectivo
6606,1121,2023-08-14,890.29,Devuelto,Web,Trujillo,"Tarjeta de débito"
6607,1512,2024-03-20,7911.89,Devuelto,App,Cuzco,"Tarjeta de débito"
6608,2250,2022-01-06,18500.29,Cancelado,App,Cajamarca,Efectivo
6609,1772,2024-07-02,13329.86,Cancelado,App,Arequipa,Yape
6610,2330,2022-02-15,100.58,Devuelto,Web,Huancayo,Efectivo
6611,2559,2024-09-11,15607.10,"En camino",App,Huancayo,"Tarjeta de débito"
6612,1920,2023-12-05,1316.74,Devuelto,Web,Cusco,"Tarjeta de crédito"
6613,1002,2022-06-18,10362.74,Entregado,"Tienda física",Tacna,Yape
6614,1271,2022-07-24,6759.12,"En camino",Web,Trujillo,Efectivo
6615,2881,2024-10-30,17388.97,"En camino",App,Cajamarca,"Tarjeta de débito"
6616,2545,2022-05-13,1289.38,Cancelado,Web,Chiclayo,Yape
6617,1602,2024-07-23,3898.13,"En camino",App,Tacna,Efectivo
6618,1497,2024-09-16,40647.63,Devuelto,App,Piura,Yape
6619,1769,2024-02-07,3818.05,Devuelto,"Tienda física",Piura,Efectivo
6620,1652,2024-01-29,4119.26,Devuelto,Web,Lima,Efectivo
6621,1273,2022-05-21,5632.98,Devuelto,App,Arequipa,Efectivo
6622,2730,2022-11-10,385.74,"En camino",Web,Chiclayo,"Tarjeta de débito"
6623,2567,2023-07-22,23639.91,Cancelado,"Tienda física",Piura,"Tarjeta de débito"
6624,2826,2023-09-05,2867.31,"En camino",App,Tacna,"Tarjeta de débito"
6625,2413,2022-07-16,10568.63,"En camino",Web,Lima,Yape
6626,1632,2023-09-21,138.78,Cancelado,Web,Tacna,Efectivo
6627,1087,2022-12-05,31077.39,Devuelto,App,Huancayo,Efectivo
6628,1721,2023-11-26,7499.26,Entregado,Web,Chiclayo,"Tarjeta de débito"
6629,1727,2023-02-26,8692.27,Cancelado,App,Iquitos,"Tarjeta de crédito"
6630,1456,2022-07-25,8597.48,Devuelto,Web,Piura,"Tarjeta de débito"
6631,2431,2024-05-29,15988.69,"En camino",App,Chiclayo,"Tarjeta de débito"
6632,2565,2023-07-19,9994.15,"En camino",App,Huancayo,Efectivo
6633,1871,2022-12-31,23746.74,Cancelado,Web,Tacna,"Tarjeta de débito"
6634,1524,2024-11-30,1722.88,Cancelado,"Tienda física",Tacna,"Tarjeta de crédito"
6635,2027,2023-05-16,8489.21,Devuelto,Web,Trujillo,Yape
6636,2544,2024-11-25,6475.89,Entregado,Web,Cusco,Yape
6637,1163,2023-11-20,8020.96,"En camino","Tienda física",Lima,"Tarjeta de débito"
6638,2434,2024-09-01,6360.44,Cancelado,App,Chiclayo,"Tarjeta de crédito"
6639,2092,2023-07-12,8969.61,"En camino",App,Chiclayo,Efectivo
6640,2670,2024-06-20,8693.13,"En camino",Web,Iquitos,Yape
6641,1901,2024-06-30,1473.39,"En camino",App,Cajamarca,Yape
6642,2618,2024-06-08,8653.72,Entregado,"Tienda física",Arequipa,Yape
6643,1753,2023-12-19,18256.88,Cancelado,Web,Lima,"Tarjeta de débito"
6644,2596,2024-02-16,2299.08,"En camino",App,Arequipa,"Tarjeta de débito"
6645,2929,2023-10-16,10510.73,Devuelto,Web,Iquitos,Yape
6646,1571,2022-03-17,17633.93,Devuelto,Web,Huancayo,Yape
6647,2392,2024-09-12,16588.96,Entregado,App,Lima,"Tarjeta de débito"
6648,1034,2022-02-08,20232.88,Cancelado,App,Cajamarca,Yape
6649,2989,2024-01-11,2705.82,Entregado,"Tienda física",Lima,Efectivo
6650,1498,2023-10-30,6810.63,Devuelto,"Tienda física",Tacna,Efectivo
6651,2790,2023-09-13,7457.43,Cancelado,Web,Iquitos,Efectivo
6652,1820,2023-06-24,19667.47,"En camino","Tienda física",Cajamarca,"Tarjeta de crédito"
6653,2694,2023-03-07,737.90,Entregado,"Tienda física",Cajamarca,Yape
6654,2438,2023-09-19,6422.82,Devuelto,Web,Arequipa,"Tarjeta de débito"
6655,1558,2023-04-01,14947.49,Entregado,Web,Piura,Efectivo
6656,2722,2024-06-03,2273.80,Entregado,App,Piura,"Tarjeta de crédito"
6657,2797,2024-08-22,16663.00,Cancelado,Web,Cajamarca,Efectivo
6658,2841,2024-10-05,3180.61,Devuelto,App,Trujillo,Efectivo
6659,2045,2022-07-28,12139.14,Devuelto,"Tienda física",Lima,Efectivo
6660,2120,2023-11-20,7791.14,Cancelado,Web,Huancayo,Efectivo
6661,1301,2024-04-20,7918.46,Cancelado,App,Piura,"Tarjeta de crédito"
6662,1244,2022-12-24,10259.58,"En camino","Tienda física",Cajamarca,Efectivo
6663,1722,2022-10-16,22076.08,Entregado,App,Trujillo,Efectivo
6664,2791,2022-01-06,813.78,Cancelado,"Tienda física",Cuzco,Efectivo
6665,2469,2023-06-29,1049.38,Entregado,"Tienda física",Cajamarca,Efectivo
6666,2168,2022-04-21,7654.37,"En camino","Tienda física",Cajamarca,Efectivo
6667,1926,2024-09-24,2170.46,Cancelado,"Tienda física",Cajamarca,Yape
6668,2021,2024-04-09,6432.15,Devuelto,Web,Cusco,Yape
6669,1510,2023-05-09,2384.14,"En camino",App,Cajamarca,Efectivo
6670,2061,2023-09-04,5069.71,Entregado,Web,Cajamarca,"Tarjeta de crédito"
6671,1757,2022-08-19,5511.65,Cancelado,Web,Cusco,Yape
6672,1567,2023-12-10,4326.08,Devuelto,App,Piura,Efectivo
6673,2924,2023-03-08,4286.75,Entregado,"Tienda física",Tacna,"Tarjeta de débito"
6674,2459,2024-01-08,4438.96,Devuelto,Web,Cajamarca,"Tarjeta de crédito"
6675,1820,2024-08-07,3554.52,"En camino",App,Cajamarca,Efectivo
6676,1842,2024-08-13,181.71,"En camino",Web,Huancayo,"Tarjeta de crédito"
6677,1312,2022-09-13,13988.06,Entregado,"Tienda física",Arequipa,Yape
6678,1405,2022-04-15,10740.08,Entregado,"Tienda física",Tacna,Efectivo
6679,2968,2022-04-08,432.05,Devuelto,App,Piura,"Tarjeta de débito"
6680,1261,2022-08-13,2349.87,Entregado,App,Trujillo,"Tarjeta de débito"
6681,1473,2022-09-10,3268.23,Devuelto,Web,Tacna,"Tarjeta de crédito"
6682,1877,2023-11-14,16006.80,Entregado,Web,Iquitos,Efectivo
6683,1079,2023-06-01,15416.78,Devuelto,App,Cajamarca,"Tarjeta de crédito"
6684,1781,2024-08-04,2452.35,Cancelado,App,Cusco,"Tarjeta de crédito"
6685,1826,2024-07-20,7967.26,Cancelado,"Tienda física",Cajamarca,Efectivo
6686,2653,2023-04-14,9109.36,Entregado,"Tienda física",Chiclayo,"Tarjeta de crédito"
6687,1950,2023-08-13,2012.78,Cancelado,App,Trujillo,Efectivo
6688,2238,2023-06-23,4174.37,Cancelado,"Tienda física",Iquitos,"Tarjeta de débito"
6689,2589,2023-05-08,4712.37,"En camino",App,Cajamarca,Efectivo
6690,2280,2022-05-27,5421.02,Entregado,Web,Arequipa,"Tarjeta de débito"
6691,2987,2023-06-22,4196.71,Cancelado,Web,Piura,"Tarjeta de débito"
6692,2084,2024-09-17,6062.20,Devuelto,Web,Lima,Efectivo
6693,1836,2022-10-01,13388.51,"En camino",Web,Tacna,Efectivo
6694,1582,2022-12-21,2441.64,"En camino","Tienda física",Piura,Efectivo
6695,2199,2023-12-23,1894.36,Cancelado,App,Cajamarca,Yape
6696,1151,2024-01-19,673.53,"En camino","Tienda física",Cajamarca,Efectivo
6697,1265,2024-08-17,17902.99,Entregado,App,Chiclayo,"Tarjeta de crédito"
6698,1764,2024-10-21,11930.70,Entregado,"Tienda física",Trujillo,"Tarjeta de crédito"
6699,2191,2023-11-21,4503.75,Devuelto,Web,Chiclayo,Efectivo
6700,1636,2024-04-01,10052.92,"En camino",Web,Arequipa,Efectivo
6701,2162,2023-06-06,24630.48,Devuelto,App,Trujillo,Efectivo
6702,2673,2022-08-01,2538.28,"En camino",Web,Chiclayo,Efectivo
6703,1993,2023-04-03,12096.60,"En camino",App,Piura,Efectivo
6704,2983,2023-12-03,15832.03,"En camino",App,Trujillo,"Tarjeta de débito"
6705,2867,2023-07-08,21074.23,Devuelto,Web,Cusco,Efectivo
6706,2752,2024-09-26,3865.53,"En camino",App,Cuzco,Yape
6707,2818,2023-09-25,8911.98,Devuelto,"Tienda física",Cajamarca,Efectivo
6708,2366,2022-07-15,2447.20,Cancelado,"Tienda física",Tacna,Efectivo
6709,2854,2024-03-16,3461.00,Cancelado,"Tienda física",Lima,Yape
6710,1357,2024-12-29,5104.64,Entregado,"Tienda física",Cusco,Efectivo
6711,1277,2023-11-05,5288.50,Entregado,App,Cajamarca,Yape
6712,2533,2024-02-06,6361.87,Devuelto,App,Lima,Efectivo
6713,1104,2024-08-15,7403.17,Entregado,App,Tacna,Yape
6714,2949,2023-03-15,13618.98,"En camino","Tienda física",Huancayo,Yape
6715,1526,2023-10-06,3791.88,Devuelto,Web,Trujillo,Efectivo
6716,1381,2022-11-07,9513.21,Entregado,App,Cusco,"Tarjeta de débito"
6717,2239,2023-05-02,4369.89,"En camino",Web,Arequipa,Efectivo
6718,2075,2022-10-24,12594.85,"En camino",Web,Huancayo,Yape
6719,1793,2024-01-22,15277.37,Devuelto,"Tienda física",Cusco,Efectivo
6720,1378,2024-02-03,891.91,Cancelado,"Tienda física",Lima,Yape
6721,1340,2023-12-17,7017.86,"En camino",App,Huancayo,Efectivo
6722,2969,2022-02-06,15098.59,Entregado,"Tienda física",Trujillo,Efectivo
6723,1842,2023-12-06,12445.46,Entregado,"Tienda física",Chiclayo,Efectivo
6724,2155,2024-09-22,1031.70,Devuelto,"Tienda física",Piura,"Tarjeta de débito"
6725,2270,2023-09-10,308.19,Entregado,Web,Tacna,Efectivo
6726,1264,2024-09-26,10049.58,Entregado,"Tienda física",Chiclayo,"Tarjeta de crédito"
6727,1023,2024-01-12,2771.98,Devuelto,Web,Tacna,Yape
6728,1787,2024-10-24,14144.00,Devuelto,Web,Cajamarca,Yape
6729,1854,2022-07-20,9483.75,Entregado,"Tienda física",Chiclayo,Efectivo
6730,1816,2024-04-17,299.51,Devuelto,"Tienda física",Iquitos,"Tarjeta de débito"
6731,1149,2024-04-04,2744.38,Entregado,App,Cajamarca,Efectivo
6732,2980,2022-04-01,4956.23,"En camino",App,Iquitos,"Tarjeta de crédito"
6733,1930,2022-11-15,2569.68,Cancelado,Web,Chiclayo,Efectivo
6734,2943,2024-12-23,2917.71,Entregado,App,Tacna,Yape
6735,2908,2023-06-22,1937.44,Devuelto,"Tienda física",Trujillo,Efectivo
6736,2166,2022-08-29,10763.85,Devuelto,Web,Tacna,"Tarjeta de débito"
6737,2195,2023-02-01,4039.94,Devuelto,Web,Lima,Yape
6738,1836,2024-04-20,449.98,Entregado,Web,Piura,"Tarjeta de crédito"
6739,1363,2022-12-10,11602.86,Cancelado,Web,Lima,"Tarjeta de crédito"
6740,1388,2023-05-04,386.20,"En camino",App,Iquitos,"Tarjeta de débito"
6741,2828,2023-03-14,28236.54,"En camino","Tienda física",Cusco,"Tarjeta de crédito"
6742,1707,2023-09-11,1406.96,"En camino",Web,Arequipa,Yape
6743,1773,2024-06-28,7084.65,Devuelto,"Tienda física",Trujillo,Efectivo
6744,2250,2022-01-04,5408.81,Devuelto,Web,Cajamarca,"Tarjeta de débito"
6745,2209,2023-09-08,13380.19,Entregado,Web,Cajamarca,Efectivo
6746,2861,2022-02-07,16532.78,Entregado,Web,Cuzco,Yape
6747,2823,2024-08-10,14800.63,"En camino",Web,Iquitos,Efectivo
6748,2942,2022-07-28,2758.09,Cancelado,Web,Lima,"Tarjeta de crédito"
6749,2231,2023-05-31,8963.62,Cancelado,Web,Tacna,Yape
6750,2347,2024-03-31,3796.56,Devuelto,App,Trujillo,"Tarjeta de débito"
6751,2682,2024-06-29,196.25,Devuelto,App,Cusco,Efectivo
6752,1317,2022-07-16,15039.80,"En camino","Tienda física",Cajamarca,"Tarjeta de crédito"
6753,2205,2023-06-06,7034.03,Devuelto,"Tienda física",Iquitos,"Tarjeta de débito"
6754,2874,2024-10-06,14263.12,"En camino","Tienda física",Tacna,"Tarjeta de débito"
6755,2510,2024-09-28,6920.92,"En camino","Tienda física",Trujillo,Efectivo
6756,2236,2023-05-18,12794.76,"En camino","Tienda física",Cuzco,Yape
6757,2621,2023-08-19,3761.88,Devuelto,Web,Piura,"Tarjeta de débito"
6758,2949,2022-09-12,3436.24,Entregado,Web,Arequipa,"Tarjeta de débito"
6759,2504,2023-12-17,20288.14,Devuelto,App,Tacna,Efectivo
6760,2123,2023-10-17,5962.57,Cancelado,"Tienda física",Cuzco,"Tarjeta de crédito"
6761,1508,2023-11-28,13402.97,"En camino",App,Cajamarca,Efectivo
6762,1442,2022-03-27,1272.95,Cancelado,Web,Cusco,Efectivo
6763,1657,2024-11-27,10078.73,Devuelto,Web,Iquitos,"Tarjeta de crédito"
6764,2540,2023-03-20,23473.69,Entregado,Web,Cusco,"Tarjeta de crédito"
6765,2133,2024-10-19,2870.05,"En camino",Web,Arequipa,Yape
6766,2505,2023-08-04,6892.93,Cancelado,Web,Chiclayo,Efectivo
6767,1978,2024-02-03,7755.21,Cancelado,Web,Lima,Efectivo
6768,2772,2024-04-04,1253.10,Cancelado,App,Tacna,"Tarjeta de débito"
6769,2992,2022-03-17,3306.68,"En camino",App,Huancayo,"Tarjeta de débito"
6770,1819,2022-09-09,1800.15,Devuelto,App,Cuzco,Efectivo
6771,2139,2024-08-03,20643.54,Devuelto,"Tienda física",Arequipa,Efectivo
6772,2055,2022-02-22,8680.35,Devuelto,App,Trujillo,"Tarjeta de débito"
6773,1951,2023-01-27,790.41,Entregado,App,Chiclayo,Yape
6774,2455,2024-03-06,9655.66,Entregado,App,Tacna,Efectivo
6775,2015,2022-07-26,1199.40,Devuelto,App,Iquitos,Yape
6776,1924,2022-02-09,658.54,"En camino","Tienda física",Cajamarca,Efectivo
6777,2252,2022-06-09,8367.03,Entregado,App,Iquitos,Efectivo
6778,1384,2024-07-31,1456.08,"En camino",App,Arequipa,"Tarjeta de débito"
6779,1763,2023-12-14,4971.54,Entregado,App,Piura,Yape
6780,2877,2022-03-05,1153.59,"En camino","Tienda física",Chiclayo,Efectivo
6781,2600,2022-03-22,9032.53,Entregado,"Tienda física",Piura,Efectivo
6782,1889,2022-08-03,21541.20,Cancelado,"Tienda física",Cusco,"Tarjeta de crédito"
6783,1026,2024-06-16,12539.12,Devuelto,Web,Tacna,"Tarjeta de crédito"
6784,1617,2022-03-14,4791.48,Cancelado,Web,Trujillo,Efectivo
6785,1249,2024-02-24,19588.38,"En camino",App,Chiclayo,"Tarjeta de débito"
6786,1506,2024-07-31,7393.41,Devuelto,"Tienda física",Cajamarca,"Tarjeta de débito"
6787,1522,2023-07-07,7109.82,"En camino","Tienda física",Piura,Yape
6788,2076,2022-03-10,8480.20,"En camino",Web,Tacna,"Tarjeta de crédito"
6789,1354,2024-09-28,14648.83,Entregado,App,Piura,"Tarjeta de débito"
6790,1101,2024-06-04,6562.23,Cancelado,App,Lima,"Tarjeta de crédito"
6791,2072,2022-12-31,14254.90,Devuelto,Web,Lima,Efectivo
6792,2941,2024-12-19,10033.99,Entregado,Web,Trujillo,Efectivo
6793,2776,2023-10-03,13742.22,Cancelado,"Tienda física",Huancayo,Efectivo
6794,2654,2023-10-05,1190.08,Devuelto,"Tienda física",Chiclayo,"Tarjeta de débito"
6795,1516,2022-07-20,864.08,Entregado,App,Lima,Efectivo
6796,2834,2024-03-25,4858.29,Cancelado,Web,Lima,"Tarjeta de crédito"
6797,2246,2022-11-16,13507.39,Cancelado,Web,Tacna,Efectivo
6798,2666,2022-08-13,4065.24,Cancelado,"Tienda física",Cusco,"Tarjeta de crédito"
6799,1506,2024-01-18,10334.12,Entregado,Web,Cajamarca,Efectivo
6800,1196,2023-04-30,10872.07,"En camino",Web,Cusco,"Tarjeta de crédito"
6801,1671,2024-05-18,14386.66,"En camino",Web,Cusco,Efectivo
6802,1410,2024-06-30,12129.83,Cancelado,"Tienda física",Arequipa,"Tarjeta de débito"
6803,2236,2024-04-02,2010.93,Entregado,"Tienda física",Lima,Efectivo
6804,2082,2023-05-27,332.67,Cancelado,"Tienda física",Arequipa,"Tarjeta de débito"
6805,2528,2023-12-24,3077.82,Entregado,"Tienda física",Cusco,"Tarjeta de crédito"
6806,1389,2023-02-10,10250.14,Cancelado,"Tienda física",Tacna,Efectivo
6807,2999,2024-05-27,10227.67,"En camino",App,Chiclayo,"Tarjeta de crédito"
6808,2566,2024-09-23,13948.33,"En camino","Tienda física",Arequipa,Yape
6809,2228,2023-05-07,7726.95,"En camino",Web,Arequipa,Efectivo
6810,1174,2024-01-24,8659.08,Devuelto,"Tienda física",Chiclayo,Efectivo
6811,1317,2023-12-31,12568.41,Entregado,App,Cajamarca,Yape
6812,1259,2024-12-15,194.09,Entregado,"Tienda física",Iquitos,Efectivo
6813,1825,2024-04-14,1195.55,Devuelto,"Tienda física",Lima,"Tarjeta de crédito"
6814,1021,2022-04-04,2418.75,Cancelado,App,Lima,Efectivo
6815,1061,2024-09-28,8605.35,"En camino",Web,Arequipa,"Tarjeta de crédito"
6816,1010,2022-04-29,19836.00,Devuelto,App,Cusco,"Tarjeta de crédito"
6817,2837,2024-07-19,18714.03,Devuelto,Web,Tacna,Efectivo
6818,1137,2022-09-20,17242.88,Devuelto,Web,Lima,"Tarjeta de crédito"
6819,1594,2022-09-30,3797.30,Cancelado,App,Cajamarca,"Tarjeta de crédito"
6820,1610,2024-12-29,12295.85,Cancelado,App,Piura,"Tarjeta de débito"
6821,1102,2023-03-16,3400.29,Entregado,"Tienda física",Arequipa,"Tarjeta de crédito"
6822,2337,2023-07-08,7676.16,Devuelto,App,Piura,Efectivo
6823,2349,2022-06-24,5032.29,Cancelado,Web,Cajamarca,"Tarjeta de crédito"
6824,2431,2023-03-14,281.89,Devuelto,"Tienda física",Arequipa,"Tarjeta de débito"
6825,1956,2023-04-18,9461.08,"En camino",App,Iquitos,Efectivo
6826,2905,2023-12-09,516.28,Devuelto,Web,Lima,Yape
6827,1817,2022-08-07,14737.59,Cancelado,App,Huancayo,Efectivo
6828,1301,2023-02-02,1967.85,Devuelto,App,Cuzco,Yape
6829,2721,2022-01-15,13776.25,Entregado,Web,Trujillo,"Tarjeta de débito"
6830,2264,2022-06-02,14443.38,"En camino",App,Tacna,"Tarjeta de crédito"
6831,2484,2023-07-12,15820.13,Entregado,Web,Chiclayo,Efectivo
6832,2530,2023-01-24,5742.81,Entregado,App,Cajamarca,Efectivo
6833,2934,2022-04-07,14202.01,"En camino","Tienda física",Huancayo,Efectivo
6834,1138,2024-08-16,5863.86,Entregado,Web,Cuzco,"Tarjeta de crédito"
6835,2960,2023-09-27,4104.94,Cancelado,Web,Trujillo,"Tarjeta de débito"
6836,2623,2022-12-04,1857.59,Devuelto,Web,Lima,"Tarjeta de débito"
6837,1625,2024-10-05,1728.86,Devuelto,App,Iquitos,"Tarjeta de débito"
6838,2518,2023-09-27,8614.11,Devuelto,Web,Chiclayo,"Tarjeta de débito"
6839,2336,2023-04-10,21787.95,Devuelto,"Tienda física",Piura,Efectivo
6840,2355,2024-06-04,8895.12,Devuelto,"Tienda física",Piura,Efectivo
6841,1465,2024-04-09,2655.48,Devuelto,"Tienda física",Lima,"Tarjeta de débito"
6842,2747,2023-04-06,12502.02,"En camino","Tienda física",Huancayo,Efectivo
6843,1070,2023-10-05,24723.93,Cancelado,"Tienda física",Huancayo,Efectivo
6844,2784,2024-09-09,2249.46,Cancelado,"Tienda física",Huancayo,Yape
6845,1583,2024-04-27,33857.04,Cancelado,"Tienda física",Cajamarca,"Tarjeta de crédito"
6846,2498,2024-06-23,1008.70,"En camino",App,Piura,"Tarjeta de crédito"
6847,2917,2022-05-09,2106.38,Devuelto,"Tienda física",Cusco,Efectivo
6848,2156,2023-07-03,6217.27,Devuelto,Web,Trujillo,Efectivo
6849,1145,2024-12-01,11293.91,Cancelado,Web,Lima,Efectivo
6850,1446,2022-02-15,4176.86,Devuelto,App,Huancayo,"Tarjeta de crédito"
6851,1616,2023-02-06,9889.04,Entregado,Web,Trujillo,Efectivo
6852,1243,2022-01-23,15260.96,Devuelto,Web,Cusco,Efectivo
6853,1035,2022-04-16,23991.77,Devuelto,Web,Cusco,Yape
6854,1419,2024-07-23,7038.98,"En camino",Web,Trujillo,Yape
6855,2058,2023-04-13,13608.74,"En camino",App,Cajamarca,"Tarjeta de débito"
6856,2663,2024-01-16,12213.80,Devuelto,App,Trujillo,"Tarjeta de débito"
6857,2178,2024-06-13,4113.96,Entregado,"Tienda física",Iquitos,Yape
6858,2016,2024-01-18,4222.68,Cancelado,App,Lima,"Tarjeta de débito"
6859,1659,2022-11-11,19589.15,Entregado,"Tienda física",Tacna,"Tarjeta de débito"
6860,1312,2024-03-09,1705.46,"En camino",App,Arequipa,Yape
6861,2846,2022-02-21,334.74,"En camino",App,Huancayo,Efectivo
6862,2302,2024-11-17,11167.34,"En camino",App,Huancayo,Efectivo
6863,2728,2022-12-23,15506.72,Entregado,App,Cuzco,"Tarjeta de crédito"
6864,2114,2023-12-03,52.63,Cancelado,App,Lima,"Tarjeta de crédito"
6865,1963,2023-01-07,3054.32,"En camino",App,Trujillo,"Tarjeta de débito"
6866,1272,2024-04-30,1927.09,"En camino",App,Cajamarca,Efectivo
6867,1068,2027-12-31,137.72,Cancelado,"Tienda física",Cajamarca,Efectivo
6868,2212,2024-08-22,13644.42,Cancelado,App,Arequipa,"Tarjeta de crédito"
6869,2256,2023-06-26,14752.90,Devuelto,App,Piura,"Tarjeta de débito"
6870,2107,2022-05-20,3082.84,Devuelto,"Tienda física",Lima,"Tarjeta de débito"
6871,1891,2022-10-17,4745.70,Devuelto,Web,Cuzco,Efectivo
6872,2320,2024-11-03,4006.43,"En camino",Web,Tacna,"Tarjeta de débito"
6873,1671,2024-12-07,1815.96,Entregado,App,Tacna,Yape
6874,2706,2024-03-10,2789.41,Cancelado,App,Piura,"Tarjeta de débito"
6875,2375,2024-05-28,8121.46,Devuelto,App,Arequipa,Efectivo
6876,1786,2022-08-01,6984.52,Devuelto,Web,Chiclayo,Efectivo
6877,1609,2022-07-01,4311.74,Devuelto,"Tienda física",Chiclayo,Efectivo
6878,1328,2022-09-16,25502.61,"En camino","Tienda física",Chiclayo,"Tarjeta de crédito"
6879,2521,2022-09-21,3596.45,Devuelto,App,Huancayo,"Tarjeta de débito"
6880,2610,2023-02-06,17674.03,Devuelto,App,Chiclayo,"Tarjeta de débito"
6881,2367,2022-12-07,7978.87,Entregado,App,Arequipa,"Tarjeta de débito"
6882,2925,2022-06-04,11753.51,Devuelto,App,Trujillo,Efectivo
6883,2429,2023-06-25,302.91,Devuelto,"Tienda física",Iquitos,Yape
6884,1278,2022-12-07,804.76,Cancelado,Web,Iquitos,Yape
6885,1608,2023-10-23,20312.33,Entregado,Web,Trujillo,"Tarjeta de crédito"
6886,2861,2022-11-22,2966.76,"En camino",App,Chiclayo,Efectivo
6887,1024,2024-02-13,16486.62,Entregado,Web,Iquitos,Efectivo
6888,1675,2022-06-19,1367.68,Cancelado,App,Cusco,Efectivo
6889,2272,2022-08-10,25439.32,"En camino",App,Arequipa,Efectivo
6890,2986,2024-09-28,7811.10,Entregado,Web,Huancayo,"Tarjeta de débito"
6891,2453,2022-10-28,7210.58,"En camino",App,Tacna,Efectivo
6892,2330,2023-11-14,829.95,Entregado,"Tienda física",Arequipa,"Tarjeta de crédito"
6893,1310,2023-09-19,2078.73,"En camino",App,Huancayo,Efectivo
6894,1114,2024-03-18,2808.11,"En camino",Web,Lima,Efectivo
6895,2063,2023-10-15,4093.95,"En camino","Tienda física",Chiclayo,"Tarjeta de débito"
6896,1375,2024-07-13,186.39,Devuelto,"Tienda física",Trujillo,Efectivo
6897,1479,2023-06-25,5033.60,"En camino",App,Arequipa,"Tarjeta de crédito"
6898,1690,2023-07-13,10879.59,Cancelado,App,Arequipa,Yape
6899,2704,2024-02-13,22675.05,Devuelto,Web,Cajamarca,"Tarjeta de crédito"
6900,1476,2024-02-02,673.73,Entregado,Web,Trujillo,"Tarjeta de crédito"
6901,1064,2023-03-16,8437.48,Devuelto,Web,Lima,"Tarjeta de débito"
6902,2168,2023-01-06,18218.65,Cancelado,App,Cuzco,Yape
6903,2910,2024-02-07,7738.26,"En camino",Web,Arequipa,Yape
6904,1993,2023-10-12,8579.70,"En camino",App,Chiclayo,Yape
6905,1874,2023-07-28,4163.40,"En camino",Web,Cusco,"Tarjeta de crédito"
6906,1877,2023-08-10,3363.61,"En camino","Tienda física",Chiclayo,Efectivo
6907,2247,2022-06-06,7724.61,Cancelado,App,Tacna,Efectivo
6908,2931,2022-08-13,458.59,Devuelto,Web,Iquitos,Efectivo
6909,2640,2024-12-02,5148.63,Devuelto,Web,Trujillo,Yape
6910,1210,2022-07-19,8364.38,Entregado,App,Huancayo,"Tarjeta de crédito"
6911,2275,2024-12-26,9403.84,Entregado,"Tienda física",Huancayo,Efectivo
6912,2932,2023-12-03,24146.37,"En camino",Web,Tacna,Efectivo
6913,1535,2022-06-24,7238.38,"En camino",Web,Cajamarca,Efectivo
6914,2145,2023-03-14,2168.49,Devuelto,"Tienda física",Iquitos,Yape
6915,2855,2024-02-22,5889.64,Cancelado,Web,Cusco,"Tarjeta de débito"
6916,2271,2024-07-10,9004.50,Devuelto,Web,Arequipa,"Tarjeta de débito"
6917,1821,2023-01-20,9487.86,"En camino","Tienda física",Chiclayo,Yape
6918,1257,2024-11-12,4250.79,Entregado,"Tienda física",Chiclayo,Efectivo
6919,2875,2022-02-07,2089.56,Devuelto,App,Huancayo,"Tarjeta de crédito"
6920,2921,2023-11-24,12023.37,"En camino",App,Arequipa,"Tarjeta de débito"
6921,2165,2022-10-23,8699.82,Entregado,"Tienda física",Tacna,Efectivo
6922,2926,2022-04-29,15870.42,Cancelado,App,Piura,"Tarjeta de crédito"
6923,2695,2023-02-27,17215.43,Entregado,"Tienda física",Piura,"Tarjeta de crédito"
6924,2591,2022-07-25,4699.11,"En camino",Web,Piura,Yape
6925,2117,2023-03-20,11583.75,Devuelto,"Tienda física",Cajamarca,"Tarjeta de débito"
6926,2887,2024-06-29,15921.72,Entregado,App,Lima,Yape
6927,2993,2024-05-28,13233.58,Cancelado,App,Trujillo,"Tarjeta de débito"
6928,2673,2024-11-16,13552.59,Devuelto,App,Cajamarca,Efectivo
6929,1070,2023-09-09,6747.74,Cancelado,Web,Iquitos,Yape
6930,2330,2022-07-24,2802.49,Entregado,"Tienda física",Lima,"Tarjeta de débito"
6931,2756,2023-07-27,181.96,Cancelado,Web,Trujillo,"Tarjeta de crédito"
6932,1758,2024-10-14,7596.13,"En camino",App,Cuzco,Yape
6933,1824,2022-06-14,19712.97,Devuelto,App,Piura,Efectivo
6934,2094,2023-06-17,10773.86,Entregado,App,Tacna,Efectivo
6935,1270,2024-02-22,2065.81,Entregado,"Tienda física",Lima,"Tarjeta de débito"
6936,2801,2022-10-03,8106.53,"En camino","Tienda física",Arequipa,Yape
6937,1009,2022-12-06,8808.71,Devuelto,Web,Cusco,"Tarjeta de débito"
6938,1175,2022-02-27,7749.50,Devuelto,App,Piura,"Tarjeta de crédito"
6939,1971,2022-06-02,11870.96,Devuelto,Web,Piura,Yape
6940,2350,2023-06-19,813.78,Entregado,Web,Lima,"Tarjeta de crédito"
6941,1747,2024-12-05,7600.04,Devuelto,Web,Chiclayo,Efectivo
6942,1504,2023-05-15,19231.91,"En camino",Web,Huancayo,"Tarjeta de crédito"
6943,2287,2023-02-11,4242.42,Entregado,"Tienda física",Chiclayo,Yape
6944,2916,2023-05-13,8909.96,Entregado,"Tienda física",Piura,Yape
6945,1006,2023-10-25,4655.73,Cancelado,App,Arequipa,Efectivo
6946,1919,2023-07-01,2788.92,Cancelado,App,Cusco,Efectivo
6947,2261,2022-05-03,72.19,Cancelado,App,Huancayo,"Tarjeta de débito"
6948,1837,2022-07-19,5858.06,"En camino","Tienda física",Tacna,"Tarjeta de crédito"
6949,1838,2022-08-16,12031.63,Devuelto,Web,Arequipa,Efectivo
6950,1206,2023-01-14,10755.77,Devuelto,"Tienda física",Trujillo,Efectivo
6951,2918,2024-06-26,6412.53,Devuelto,"Tienda física",Huancayo,Yape
6952,2078,2022-12-13,7053.35,"En camino","Tienda física",Huancayo,"Tarjeta de débito"
6953,1882,2023-03-01,2638.21,Devuelto,App,Tacna,Yape
6954,2172,2024-03-08,3410.01,Cancelado,App,Trujillo,Efectivo
6955,1683,2022-01-24,12108.60,Entregado,App,Trujillo,Efectivo
6956,1984,2023-02-05,2320.38,Devuelto,Web,Arequipa,"Tarjeta de débito"
6957,1314,2022-01-04,11757.18,Devuelto,Web,Lima,Yape
6958,2552,2024-11-06,6366.64,Entregado,App,Trujillo,Efectivo
6959,2566,2024-09-13,2031.55,Devuelto,"Tienda física",Arequipa,Yape
6960,2335,2024-03-19,1152.72,Cancelado,Web,Huancayo,Efectivo
6961,2875,2023-08-20,20427.65,Devuelto,App,Cajamarca,"Tarjeta de débito"
6962,2501,2024-08-17,10288.94,Devuelto,App,Tacna,"Tarjeta de crédito"
6963,2315,2024-09-15,565.32,Devuelto,App,Trujillo,Yape
6964,2974,2022-04-05,17190.99,Devuelto,"Tienda física",Arequipa,Yape
6965,2580,2022-01-22,4610.09,Entregado,"Tienda física",Chiclayo,"Tarjeta de crédito"
6966,1595,2024-05-13,7468.07,Devuelto,App,Piura,Efectivo
6967,2740,2024-09-16,2424.47,Cancelado,Web,Tacna,Yape
6968,2734,2024-06-10,5200.82,Cancelado,Web,Cusco,Yape
6969,1014,2022-08-11,29071.32,Devuelto,Web,Trujillo,Efectivo
6970,1635,2023-05-01,2207.21,Cancelado,Web,Cajamarca,Yape
6971,1508,2024-08-10,12394.29,Entregado,App,Tacna,Efectivo
6972,2629,2024-02-12,5755.02,Cancelado,Web,Iquitos,"Tarjeta de crédito"
6973,2924,2022-10-23,7223.31,Entregado,"Tienda física",Huancayo,"Tarjeta de crédito"
6974,1630,2024-02-04,12072.80,Cancelado,"Tienda física",Cajamarca,"Tarjeta de crédito"
6975,2006,2022-01-06,6097.86,Cancelado,Web,Huancayo,"Tarjeta de crédito"
6976,1528,2024-09-16,7953.19,Devuelto,Web,Chiclayo,"Tarjeta de débito"
6977,1247,2024-05-12,12094.34,Cancelado,"Tienda física",Cuzco,"Tarjeta de crédito"
6978,2456,2024-09-15,6238.99,"En camino",App,Chiclayo,Yape
6979,1335,2022-05-15,11272.56,Devuelto,"Tienda física",Tacna,Yape
6980,1652,2024-05-02,4739.85,"En camino",Web,Chiclayo,"Tarjeta de crédito"
6981,1462,2023-01-15,9561.86,Entregado,App,Arequipa,Efectivo
6982,2976,2022-07-12,5938.14,"En camino",App,Tacna,Yape
6983,1149,2024-10-18,10834.10,Devuelto,App,Trujillo,"Tarjeta de débito"
6984,2345,2022-10-29,7095.64,Devuelto,Web,Tacna,"Tarjeta de débito"
6985,1398,2022-03-27,2044.61,"En camino",Web,Iquitos,"Tarjeta de débito"
6986,1988,2023-08-01,17984.15,"En camino",Web,Cusco,"Tarjeta de crédito"
6987,2353,2024-12-08,5613.99,Devuelto,App,Lima,"Tarjeta de crédito"
6988,2268,2024-11-23,490.37,Devuelto,"Tienda física",Iquitos,Yape
6989,1647,2024-03-19,181.71,Entregado,"Tienda física",Chiclayo,Yape
6990,2742,2022-04-12,1912.04,"En camino",App,Cajamarca,"Tarjeta de crédito"
6991,1829,2023-09-06,6495.72,Cancelado,App,Huancayo,Yape
6992,1199,2022-07-30,10003.80,Devuelto,"Tienda física",Lima,Efectivo
6993,1027,2024-10-23,7448.63,"En camino","Tienda física",Huancayo,Yape
6994,1107,2024-03-09,10558.61,"En camino","Tienda física",Cajamarca,Efectivo
6995,2017,2023-04-01,2620.53,Cancelado,"Tienda física",Tacna,Efectivo
6996,2004,2022-04-02,15455.52,"En camino",Web,Cusco,Yape
6997,2016,2023-04-09,18735.81,"En camino","Tienda física",Cusco,"Tarjeta de crédito"
6998,1403,2022-11-28,7374.90,"En camino","Tienda física",Arequipa,"Tarjeta de crédito"
6999,2316,2024-03-03,4075.16,Entregado,App,Huancayo,"Tarjeta de crédito"
7000,1348,2023-09-02,9710.72,Cancelado,"Tienda física",Huancayo,"Tarjeta de crédito"
7001,1151,2023-11-04,20621.30,Entregado,"Tienda física",Lima,Efectivo
7002,2017,2024-03-31,1167.55,Devuelto,Web,Cusco,Efectivo
7003,2988,2023-06-10,17450.48,Devuelto,App,Huancayo,Efectivo
7004,1717,2024-05-29,13337.15,Cancelado,Web,Chiclayo,Yape
7005,1128,2024-08-14,17363.17,Entregado,"Tienda física",Cusco,"Tarjeta de crédito"
7006,1463,2023-09-04,6846.45,Entregado,"Tienda física",Tacna,Efectivo
7007,1859,2022-08-12,926.97,Entregado,Web,Trujillo,"Tarjeta de crédito"
7008,1177,2022-06-20,2382.44,Cancelado,Web,Lima,"Tarjeta de crédito"
7009,2552,2024-04-01,2463.60,Cancelado,"Tienda física",Iquitos,"Tarjeta de débito"
7010,2179,2022-03-17,12124.38,"En camino",Web,Lima,"Tarjeta de débito"
7011,2561,2023-10-24,7754.13,Cancelado,"Tienda física",Cusco,"Tarjeta de crédito"
7012,2359,2023-04-18,14237.16,Entregado,"Tienda física",Tacna,"Tarjeta de crédito"
7013,1368,2022-02-11,9082.35,Entregado,"Tienda física",Trujillo,"Tarjeta de débito"
7014,2979,2024-03-03,7922.00,Cancelado,"Tienda física",Arequipa,Efectivo
7015,1093,2023-05-28,10035.43,Entregado,App,Trujillo,"Tarjeta de crédito"
7016,1301,2022-03-09,21906.26,"En camino","Tienda física",Trujillo,Efectivo
7017,2424,2024-09-23,7281.58,Cancelado,"Tienda física",Chiclayo,"Tarjeta de débito"
7018,1684,2022-02-01,191.13,Devuelto,App,Iquitos,"Tarjeta de crédito"
7019,2707,2023-04-15,1342.05,"En camino","Tienda física",Iquitos,"Tarjeta de débito"
7020,2274,2023-09-04,4963.24,Entregado,"Tienda física",Trujillo,Efectivo
7021,2525,2022-09-25,10804.69,"En camino",App,Arequipa,"Tarjeta de crédito"
7022,2712,2023-11-20,982.17,"En camino","Tienda física",Cusco,"Tarjeta de crédito"
7023,2196,2022-08-23,32484.23,Devuelto,"Tienda física",Iquitos,"Tarjeta de crédito"
7024,2224,2024-07-11,4918.92,Devuelto,Web,Lima,Efectivo
7025,2480,2022-04-19,4069.40,Devuelto,"Tienda física",Iquitos,"Tarjeta de crédito"
7026,1146,2022-09-10,18227.74,Entregado,"Tienda física",Tacna,Efectivo
7027,2210,2022-05-22,32428.67,Entregado,Web,Huancayo,"Tarjeta de crédito"
7028,1407,2024-02-05,5874.04,Entregado,Web,Arequipa,Yape
7029,2057,2022-07-24,3121.88,Cancelado,Web,Piura,Yape
7030,1992,2023-01-20,8065.62,Cancelado,App,Cuzco,Efectivo
7031,1397,2024-03-24,8541.36,Cancelado,App,Cajamarca,"Tarjeta de crédito"
7032,1431,2022-10-19,2178.08,Entregado,App,Trujillo,"Tarjeta de crédito"
7033,1942,2024-03-12,5776.10,"En camino","Tienda física",Arequipa,"Tarjeta de crédito"
7034,1083,2024-08-09,8887.02,Cancelado,App,Tacna,Yape
7035,1389,2022-01-23,2227.49,"En camino","Tienda física",Trujillo,"Tarjeta de débito"
7036,1611,2024-08-04,2515.02,Entregado,"Tienda física",Arequipa,Efectivo
7037,2499,2023-07-22,6228.41,"En camino","Tienda física",Cajamarca,Efectivo
7038,1377,2022-12-25,926.97,Entregado,App,Trujillo,"Tarjeta de crédito"
7039,2660,2022-08-30,5326.76,"En camino",App,Iquitos,"Tarjeta de débito"
7040,1602,2023-11-12,5094.38,Devuelto,App,Cajamarca,Yape
7041,2745,2023-05-21,6914.53,"En camino",Web,Cusco,Efectivo
7042,1636,2022-05-18,32044.06,"En camino",App,Huancayo,Efectivo
7043,1564,2023-05-25,3104.70,Cancelado,Web,Cajamarca,"Tarjeta de crédito"
7044,2734,2024-03-26,2941.50,Devuelto,Web,Lima,Yape
7045,1919,2022-10-11,3631.17,Devuelto,App,Tacna,"Tarjeta de débito"
7046,1587,2023-11-30,12136.73,Devuelto,Web,Cajamarca,"Tarjeta de crédito"
7047,2127,2022-12-18,1000.53,Entregado,Web,Tacna,"Tarjeta de débito"
7048,2248,2024-04-02,11659.23,Cancelado,"Tienda física",Piura,Efectivo
7049,1001,2022-01-08,11909.21,Devuelto,Web,Chiclayo,Yape
7050,2597,2022-10-15,23030.83,Devuelto,App,Cuzco,"Tarjeta de débito"
7051,1555,2022-12-23,3463.34,Cancelado,Web,Cajamarca,"Tarjeta de crédito"
7052,2011,2022-08-20,18981.24,Cancelado,App,Cajamarca,Efectivo
7053,1884,2024-05-17,11050.50,Cancelado,Web,Tacna,"Tarjeta de débito"
7054,1053,2022-02-21,17794.27,Cancelado,App,Piura,"Tarjeta de débito"
7055,1910,2024-11-10,1511.01,"En camino",App,Tacna,"Tarjeta de crédito"
7056,2536,2024-07-21,1110.68,Devuelto,App,Lima,Efectivo
7057,2964,2024-01-22,11769.89,"En camino",Web,Trujillo,"Tarjeta de débito"
7058,2095,2023-07-20,4273.77,Cancelado,App,Trujillo,Yape
7059,1852,2024-11-19,2677.27,Entregado,App,Lima,Efectivo
7060,2774,2022-01-22,5467.82,Entregado,"Tienda física",Iquitos,"Tarjeta de crédito"
7061,1264,2022-10-17,5030.18,"En camino","Tienda física",Lima,"Tarjeta de débito"
7062,2587,2023-04-20,13132.63,"En camino","Tienda física",Cajamarca,"Tarjeta de crédito"
7063,1462,2023-02-12,9523.90,"En camino",Web,Chiclayo,"Tarjeta de crédito"
7064,1646,2024-01-24,10030.92,Devuelto,Web,Tacna,Efectivo
7065,1135,2023-04-18,6257.30,Devuelto,Web,Cusco,Efectivo
7066,2891,2024-10-28,5007.62,Devuelto,"Tienda física",Cajamarca,"Tarjeta de crédito"
7067,2984,2023-09-03,9863.02,Entregado,Web,Piura,Efectivo
7068,2813,2023-01-29,14143.74,Devuelto,"Tienda física",Tacna,"Tarjeta de crédito"
7069,1011,2022-06-19,11853.55,Cancelado,Web,Piura,Efectivo
7070,2417,2022-01-09,9401.99,"En camino","Tienda física",Trujillo,Efectivo
7071,2715,2024-04-16,1689.76,Entregado,"Tienda física",Piura,"Tarjeta de débito"
7072,1964,2024-01-12,1407.78,Devuelto,Web,Cajamarca,"Tarjeta de débito"
7073,1847,2024-07-07,7877.72,"En camino",App,Iquitos,"Tarjeta de crédito"
7074,1659,2023-05-06,11854.05,Entregado,App,Cajamarca,Efectivo
7075,1157,2023-10-31,8763.27,Entregado,App,Tacna,Efectivo
7076,2593,2022-06-22,4029.35,Cancelado,Web,Tacna,Efectivo
7077,2551,2024-09-10,13146.63,Entregado,App,Arequipa,"Tarjeta de crédito"
7078,2246,2023-09-30,119.37,"En camino",App,Arequipa,"Tarjeta de crédito"
7079,1147,2023-11-24,5738.59,Entregado,App,Piura,"Tarjeta de débito"
7080,2611,2023-06-04,8360.85,Devuelto,"Tienda física",Iquitos,Efectivo
7081,1966,2024-02-12,4018.06,Cancelado,"Tienda física",Huancayo,"Tarjeta de débito"
7082,2290,2023-03-22,1492.00,Cancelado,"Tienda física",Tacna,Yape
7083,1070,2023-12-08,1886.70,Devuelto,Web,Tacna,Efectivo
7084,2882,2022-09-08,6653.86,"En camino",Web,Huancayo,"Tarjeta de débito"
7085,2410,2022-02-23,2323.25,Cancelado,App,Lima,Yape
7086,2142,2022-11-30,2045.04,Cancelado,Web,Huancayo,Efectivo
7087,2748,2022-06-16,14378.57,"En camino","Tienda física",Arequipa,"Tarjeta de débito"
7088,2600,2023-09-16,20189.06,Devuelto,"Tienda física",Iquitos,"Tarjeta de crédito"
7089,2997,2022-04-07,10505.27,"En camino",Web,Trujillo,Yape
7090,1732,2022-07-01,56.02,"En camino",Web,Chiclayo,Efectivo
7091,1184,2022-11-05,7851.89,"En camino",App,Tacna,Efectivo
7092,1990,2023-05-16,14145.15,Devuelto,"Tienda física",Cusco,Yape
7093,2424,2023-01-23,1973.63,Entregado,Web,Huancayo,Efectivo
7094,1490,2022-06-27,1921.98,Cancelado,"Tienda física",Cuzco,Yape
7095,2969,2023-11-08,1666.05,Entregado,Web,Huancayo,Efectivo
7096,2347,2024-01-23,13810.35,Cancelado,"Tienda física",Chiclayo,Efectivo
7097,1341,2024-11-17,9742.76,"En camino",Web,Tacna,"Tarjeta de débito"
7098,2770,2024-09-14,20720.94,Devuelto,"Tienda física",Trujillo,"Tarjeta de débito"
7099,2103,2022-01-25,5057.84,Devuelto,App,Lima,"Tarjeta de crédito"
7100,2215,2023-03-28,622.15,Cancelado,App,Cajamarca,Efectivo
7101,1711,2023-11-26,11446.80,Devuelto,App,Huancayo,Yape
7102,1161,2024-07-18,534.88,"En camino",Web,Piura,Yape
7103,1549,2022-07-24,1449.24,"En camino",Web,Cusco,Yape
7104,1721,2024-10-06,9069.00,Entregado,Web,Arequipa,Efectivo
7105,1786,2024-10-06,12104.38,Entregado,Web,Cajamarca,Efectivo
7106,1395,2022-06-16,11157.91,Cancelado,App,Arequipa,Efectivo
7107,2990,2024-09-22,6977.66,Entregado,"Tienda física",Huancayo,"Tarjeta de crédito"
7108,1524,2022-02-24,9213.12,"En camino",App,Huancayo,"Tarjeta de débito"
7109,1076,2023-01-29,10473.38,Cancelado,App,Cajamarca,"Tarjeta de crédito"
7110,2240,2022-03-08,14652.16,"En camino","Tienda física",Tacna,Efectivo
7111,2667,2023-12-09,4819.51,Cancelado,App,Huancayo,"Tarjeta de débito"
7112,1151,2024-04-21,787.92,"En camino","Tienda física",Cusco,Yape
7113,2144,2024-10-21,2160.57,"En camino",App,Tacna,Efectivo
7114,2628,2024-07-14,3356.10,Cancelado,Web,Trujillo,Efectivo
7115,1726,2022-04-27,1632.29,"En camino",Web,Cajamarca,Yape
7116,2043,2023-09-14,2870.05,Devuelto,"Tienda física",Cajamarca,Efectivo
7117,1003,2022-05-31,14540.78,Cancelado,Web,Cusco,Efectivo
7118,1706,2022-09-23,18201.71,Devuelto,App,Tacna,"Tarjeta de crédito"
7119,1710,2023-06-04,8751.83,Entregado,"Tienda física",Huancayo,Efectivo
7120,2116,2024-02-22,6526.98,Devuelto,"Tienda física",Trujillo,"Tarjeta de débito"
7121,2520,2022-01-10,217.80,Entregado,"Tienda física",Trujillo,Efectivo
7122,1162,2023-11-07,15062.29,Cancelado,"Tienda física",Iquitos,"Tarjeta de débito"
7123,2493,2022-07-10,5922.20,"En camino",Web,Tacna,"Tarjeta de débito"
7124,2509,2024-03-14,2642.58,Devuelto,"Tienda física",Cajamarca,"Tarjeta de crédito"
7125,2655,2023-06-03,2593.26,"En camino",Web,Chiclayo,"Tarjeta de crédito"
7126,1196,2023-04-20,6890.36,Entregado,"Tienda física",Huancayo,"Tarjeta de débito"
7127,1658,2023-10-19,16060.54,Cancelado,Web,Lima,Efectivo
7128,2834,2023-03-04,7910.46,"En camino","Tienda física",Tacna,Efectivo
7129,2711,2023-05-05,10658.21,Entregado,App,Iquitos,Efectivo
7130,1926,2024-07-06,8678.44,Devuelto,Web,Tacna,Efectivo
7131,1534,2024-02-28,6517.09,"En camino","Tienda física",Lima,"Tarjeta de crédito"
7132,1556,2023-06-15,6176.50,Entregado,Web,Cusco,Efectivo
7133,2472,2022-08-25,27175.08,"En camino",App,Trujillo,"Tarjeta de crédito"
7134,2640,2024-07-17,9318.00,Entregado,Web,Chiclayo,Efectivo
7135,2269,2024-04-06,9716.90,"En camino",App,Iquitos,Efectivo
7136,1804,2024-07-25,2908.14,Cancelado,App,Lima,Efectivo
7137,2371,2024-08-09,3063.69,"En camino",App,Piura,Efectivo
7138,1750,2024-06-11,454.69,Entregado,Web,Lima,Efectivo
7139,1510,2022-05-05,21512.73,"En camino","Tienda física",Iquitos,Efectivo
7140,2234,2022-01-20,10758.32,"En camino",Web,Cuzco,Yape
7141,2365,2024-03-05,15623.86,"En camino",Web,Cusco,Efectivo
7142,1240,2023-07-28,6262.10,Devuelto,App,Cajamarca,"Tarjeta de crédito"
7143,2888,2023-04-05,20880.90,"En camino","Tienda física",Iquitos,"Tarjeta de crédito"
7144,1816,2023-09-28,14431.92,Entregado,App,Huancayo,Efectivo
7145,1097,2023-10-27,3705.00,Cancelado,App,Cajamarca,"Tarjeta de crédito"
7146,2325,2024-07-20,3653.70,Entregado,Web,Lima,"Tarjeta de crédito"
7147,2008,2023-04-23,8711.17,Devuelto,"Tienda física",Lima,Efectivo
7148,2682,2022-06-13,8822.71,Entregado,"Tienda física",Arequipa,Yape
7149,1969,2024-08-25,14117.07,Devuelto,Web,Trujillo,"Tarjeta de crédito"
7150,1006,2023-04-30,25424.80,Entregado,App,Piura,Yape
7151,1104,2022-04-02,5499.25,Entregado,Web,Tacna,"Tarjeta de crédito"
7152,1584,2023-04-12,10639.08,"En camino",App,Trujillo,Efectivo
7153,1024,2023-04-08,2663.86,Devuelto,"Tienda física",Iquitos,Yape
7154,2204,2022-12-29,8409.95,Cancelado,App,Iquitos,Efectivo
7155,1504,2023-06-26,2608.80,Devuelto,"Tienda física",Piura,Yape
7156,2828,2024-05-10,20320.66,Cancelado,"Tienda física",Piura,"Tarjeta de débito"
7157,2698,2024-07-13,5068.06,"En camino",App,Trujillo,Efectivo
7158,2641,2023-11-14,8886.30,Cancelado,"Tienda física",Tacna,"Tarjeta de débito"
7159,1026,2024-10-20,4398.59,Entregado,App,Cusco,Yape
7160,2469,2023-06-25,12439.80,Cancelado,"Tienda física",Huancayo,"Tarjeta de débito"
7161,1638,2023-11-28,4596.34,Entregado,Web,Cajamarca,"Tarjeta de crédito"
7162,1654,2022-08-27,94.81,"En camino",App,Cusco,Efectivo
7163,2829,2022-01-01,11084.97,"En camino","Tienda física",Chiclayo,"Tarjeta de débito"
7164,1639,2023-09-11,4670.93,Devuelto,"Tienda física",Trujillo,Efectivo
7165,1241,2023-07-30,7898.70,"En camino","Tienda física",Iquitos,"Tarjeta de débito"
7166,2106,2024-12-28,4254.38,Cancelado,"Tienda física",Cajamarca,"Tarjeta de crédito"
7167,1566,2022-03-30,9545.45,"En camino","Tienda física",Piura,"Tarjeta de crédito"
7168,1038,2023-09-14,2721.55,"En camino","Tienda física",Trujillo,Efectivo
7169,2559,2024-06-17,712.91,Cancelado,"Tienda física",Chiclayo,"Tarjeta de débito"
7170,1510,2023-03-21,16662.69,Entregado,App,Trujillo,Efectivo
7171,2238,2022-08-28,11732.36,"En camino",Web,Tacna,"Tarjeta de crédito"
7172,2891,2022-07-09,5384.33,"En camino",App,Cajamarca,Efectivo
7173,2615,2023-12-07,19402.44,Entregado,Web,Piura,"Tarjeta de débito"
7174,2458,2024-03-03,5996.76,Entregado,"Tienda física",Cuzco,"Tarjeta de crédito"
7175,2119,2022-02-10,5039.06,Cancelado,App,Chiclayo,"Tarjeta de crédito"
7176,1307,2023-11-30,5641.73,Cancelado,Web,Chiclayo,"Tarjeta de débito"
7177,1365,2023-08-16,4815.57,Entregado,App,Tacna,Efectivo
7178,1167,2022-11-29,20705.82,"En camino",Web,Cajamarca,Yape
7179,2648,2024-09-17,2838.26,Entregado,App,Arequipa,Efectivo
7180,2106,2022-04-16,6497.67,Devuelto,"Tienda física",Iquitos,Efectivo
7181,1050,2024-07-20,13690.44,Devuelto,Web,Cusco,Efectivo
7182,2395,2024-01-08,12879.54,Cancelado,App,Trujillo,Efectivo
7183,1429,2023-09-05,15446.88,Entregado,"Tienda física",Piura,"Tarjeta de crédito"
7184,2206,2024-09-04,6086.43,"En camino",App,Arequipa,Efectivo
7185,1784,2024-04-26,10495.50,Cancelado,"Tienda física",Iquitos,Efectivo
7186,1807,2022-08-29,1204.20,Entregado,App,Trujillo,"Tarjeta de débito"
7187,2575,2022-08-04,7048.76,Entregado,"Tienda física",Tacna,"Tarjeta de crédito"
7188,1329,2022-08-09,22836.91,Cancelado,Web,Iquitos,Efectivo
7189,2572,2022-04-15,5802.53,"En camino",Web,Huancayo,Efectivo
7190,2925,2024-09-18,8538.89,Cancelado,"Tienda física",Trujillo,Efectivo
7191,2513,2024-08-26,3111.91,Cancelado,Web,Iquitos,Yape
7192,2498,2024-03-14,11007.69,Cancelado,"Tienda física",Cusco,"Tarjeta de débito"
7193,1082,2023-09-21,9492.61,Devuelto,App,Trujillo,Efectivo
7194,1489,2024-07-09,20074.52,Cancelado,"Tienda física",Cajamarca,Efectivo
7195,2053,2024-01-12,8136.11,Entregado,"Tienda física",Trujillo,Efectivo
7196,1762,2027-12-31,5717.79,"En camino",Web,Cuzco,"Tarjeta de débito"
7197,2875,2023-12-21,8228.15,"En camino",App,Cajamarca,Yape
7198,2681,2024-05-06,9483.75,"En camino",Web,Chiclayo,Efectivo
7199,2115,2023-12-01,6810.91,"En camino",Web,Chiclayo,Efectivo
7200,2136,2024-08-02,14131.63,Devuelto,App,Iquitos,Yape
7201,1818,2022-11-03,12369.77,Cancelado,App,Tacna,Efectivo
7202,2402,2024-11-14,9992.07,"En camino",App,Cajamarca,Yape
7203,2943,2024-07-22,1525.22,Devuelto,Web,Iquitos,"Tarjeta de débito"
7204,1571,2022-11-07,3467.34,"En camino",Web,Arequipa,Efectivo
7205,2287,2022-12-07,1350.37,Devuelto,Web,Chiclayo,"Tarjeta de crédito"
7206,2991,2024-03-04,5982.87,"En camino",App,Tacna,"Tarjeta de débito"
7207,2421,2023-03-07,6965.17,Devuelto,Web,Arequipa,"Tarjeta de débito"
7208,2524,2023-08-30,11550.07,Cancelado,"Tienda física",Tacna,"Tarjeta de crédito"
7209,1044,2024-11-04,15859.32,Cancelado,Web,Cusco,Yape
7210,2352,2023-11-23,6254.73,Cancelado,"Tienda física",Iquitos,"Tarjeta de débito"
7211,1911,2023-07-04,10370.29,"En camino",App,Iquitos,Yape
7212,2094,2022-02-20,8768.22,Cancelado,"Tienda física",Lima,Yape
7213,2107,2023-02-21,15600.65,Entregado,"Tienda física",Huancayo,Efectivo
7214,1026,2022-01-22,5477.16,Entregado,"Tienda física",Tacna,"Tarjeta de débito"
7215,1311,2024-11-05,242.33,"En camino",App,Piura,Efectivo
7216,1803,2023-06-13,1316.95,Entregado,Web,Cusco,"Tarjeta de crédito"
7217,1659,2024-02-18,28310.32,"En camino",Web,Tacna,Efectivo
7218,1323,2024-12-18,2874.39,Devuelto,App,Iquitos,Efectivo
7219,2246,2023-12-16,6878.00,Devuelto,"Tienda física",Lima,Yape
7220,2430,2024-05-03,2751.20,Cancelado,"Tienda física",Cajamarca,"Tarjeta de débito"
7221,1693,2022-01-24,1835.40,Entregado,Web,Iquitos,"Tarjeta de débito"
7222,1186,2024-06-07,9257.64,"En camino",App,Huancayo,Yape
7223,2989,2024-02-16,4683.82,Devuelto,Web,Piura,Efectivo
7224,2846,2023-01-08,13362.45,Cancelado,App,Piura,Efectivo
7225,1783,2024-04-15,8449.27,Cancelado,Web,Chiclayo,Efectivo
7226,1579,2022-05-19,4511.42,Devuelto,App,Lima,Efectivo
7227,2418,2023-03-24,2628.27,Cancelado,"Tienda física",Chiclayo,"Tarjeta de crédito"
7228,1896,2024-11-29,708.39,Entregado,App,Piura,Yape
7229,2453,2022-09-28,993.10,Entregado,Web,Cajamarca,Efectivo
7230,2230,2024-04-19,23067.60,Devuelto,Web,Arequipa,"Tarjeta de débito"
7231,1424,2024-09-02,1798.92,"En camino","Tienda física",Tacna,"Tarjeta de débito"
7232,2776,2022-03-11,6067.14,"En camino","Tienda física",Cajamarca,"Tarjeta de débito"
7233,1418,2024-06-25,3356.12,Devuelto,Web,Arequipa,Efectivo
7234,2480,2024-06-21,10728.44,Entregado,App,Arequipa,"Tarjeta de crédito"
7235,1485,2024-07-23,1921.20,Devuelto,Web,Huancayo,Efectivo
7236,1702,2024-06-18,7347.46,"En camino","Tienda física",Cajamarca,"Tarjeta de crédito"
7237,2477,2024-02-07,12614.16,"En camino",App,Huancayo,"Tarjeta de crédito"
7238,1856,2024-08-17,425.57,Devuelto,"Tienda física",Trujillo,"Tarjeta de crédito"
7239,1271,2022-03-25,3243.74,Cancelado,"Tienda física",Lima,Yape
7240,1410,2023-02-25,9577.97,"En camino","Tienda física",Chiclayo,"Tarjeta de crédito"
7241,1114,2024-04-12,20307.23,Devuelto,"Tienda física",Tacna,"Tarjeta de crédito"
7242,2910,2022-10-23,20447.30,Devuelto,Web,Iquitos,Yape
7243,1389,2024-02-10,8511.08,Entregado,"Tienda física",Cajamarca,Efectivo
7244,2239,2023-04-02,19204.92,Cancelado,"Tienda física",Chiclayo,"Tarjeta de débito"
7245,1960,2024-10-14,517.99,Cancelado,Web,Piura,Efectivo
7246,1615,2024-08-17,4661.00,Devuelto,"Tienda física",Lima,"Tarjeta de crédito"
7247,1540,2023-01-12,4184.05,Entregado,App,Arequipa,"Tarjeta de débito"
7248,2741,2024-06-28,7405.80,Devuelto,Web,Iquitos,Efectivo
7249,1043,2022-05-23,1886.96,"En camino",Web,Chiclayo,"Tarjeta de débito"
7250,2031,2022-06-24,16094.12,Devuelto,"Tienda física",Cuzco,Efectivo
7251,2860,2022-04-23,3754.44,"En camino",App,Piura,"Tarjeta de débito"
7252,2039,2024-06-15,1455.35,Entregado,App,Arequipa,"Tarjeta de débito"
7253,2844,2023-05-04,4091.19,Entregado,"Tienda física",Iquitos,Yape
7254,1110,2024-01-03,12447.77,Cancelado,App,Piura,"Tarjeta de débito"
7255,2561,2022-09-10,1149.22,Entregado,"Tienda física",Huancayo,Yape
7256,2575,2022-09-24,4978.00,Devuelto,"Tienda física",Arequipa,"Tarjeta de crédito"
7257,2722,2024-05-09,10272.70,"En camino","Tienda física",Iquitos,"Tarjeta de débito"
7258,1885,2022-12-20,10036.57,Cancelado,App,Iquitos,"Tarjeta de crédito"
7259,1999,2023-01-19,9694.04,Entregado,App,Chiclayo,Efectivo
7260,1088,2022-03-08,4517.22,"En camino",App,Arequipa,Efectivo
7261,2036,2024-04-13,4915.76,Devuelto,Web,Chiclayo,Yape
7262,2475,2022-12-10,11853.00,Entregado,Web,Trujillo,Efectivo
7263,2977,2023-08-12,2569.75,Devuelto,Web,Iquitos,"Tarjeta de débito"
7264,2240,2023-02-18,11326.59,"En camino",App,Cajamarca,Efectivo
7265,2144,2022-12-02,3646.82,Cancelado,Web,Chiclayo,"Tarjeta de crédito"
7266,1990,2023-04-20,5121.55,Entregado,App,Cusco,"Tarjeta de crédito"
7267,2985,2023-01-30,81.79,Devuelto,"Tienda física",Huancayo,"Tarjeta de débito"
7268,1088,2023-05-11,9088.41,"En camino",App,Tacna,"Tarjeta de crédito"
7269,2222,2022-04-17,12260.67,"En camino","Tienda física",Arequipa,Efectivo
7270,1345,2022-10-21,10418.65,Devuelto,Web,Chiclayo,Yape
7271,1085,2023-03-18,2575.55,Devuelto,App,Cusco,Efectivo
7272,2392,2023-04-16,11336.34,Cancelado,App,Huancayo,"Tarjeta de crédito"
7273,2466,2023-06-01,17303.00,Cancelado,App,Iquitos,"Tarjeta de débito"
7274,1241,2023-07-28,13386.85,Entregado,"Tienda física",Lima,Efectivo
7275,2228,2024-02-16,1459.44,Cancelado,Web,Lima,Efectivo
7276,2433,2022-02-16,1897.80,"En camino","Tienda física",Cajamarca,Efectivo
7277,2260,2024-04-01,9408.83,"En camino","Tienda física",Piura,Efectivo
7278,1190,2022-02-26,2807.60,"En camino",App,Trujillo,"Tarjeta de crédito"
7279,2108,2024-02-13,6378.64,Entregado,"Tienda física",Arequipa,Efectivo
7280,2719,2023-06-14,20041.32,Devuelto,Web,Piura,"Tarjeta de crédito"
7281,2481,2023-04-10,15792.60,Cancelado,"Tienda física",Arequipa,Efectivo
7282,2685,2022-01-05,5996.49,Entregado,App,Lima,"Tarjeta de débito"
7283,2419,2024-03-27,1298.21,Devuelto,Web,Iquitos,"Tarjeta de débito"
7284,2289,2023-12-06,7123.40,Entregado,App,Trujillo,"Tarjeta de crédito"
7285,2814,2022-09-25,7335.58,Entregado,"Tienda física",Huancayo,Yape
7286,1578,2023-01-26,931.86,Entregado,Web,Cusco,Efectivo
7287,2773,2023-11-30,6134.10,Entregado,"Tienda física",Cajamarca,Efectivo
7288,1456,2024-06-15,9508.65,Cancelado,App,Tacna,Yape
7289,1162,2024-03-13,11869.04,Entregado,App,Arequipa,"Tarjeta de débito"
7290,1189,2023-10-24,6537.97,Cancelado,Web,Cajamarca,"Tarjeta de débito"
7291,1409,2022-10-15,17315.78,Devuelto,Web,Tacna,"Tarjeta de débito"
7292,2395,2023-09-18,14062.05,Devuelto,"Tienda física",Huancayo,Efectivo
7293,2754,2022-07-05,10797.22,Cancelado,App,Tacna,Yape
7294,2865,2022-10-07,10967.60,Entregado,App,Lima,Efectivo
7295,1298,2024-11-01,2150.67,Devuelto,App,Cajamarca,"Tarjeta de débito"
7296,2661,2023-12-05,1274.04,"En camino",Web,Trujillo,Efectivo
7297,1799,2023-05-12,25666.45,Cancelado,App,Huancayo,"Tarjeta de crédito"
7298,1776,2024-09-14,10856.70,Devuelto,App,Lima,Efectivo
7299,1206,2022-04-10,8798.25,Entregado,"Tienda física",Piura,"Tarjeta de crédito"
7300,1198,2022-03-09,11880.68,Devuelto,Web,Iquitos,Efectivo
7301,1687,2024-02-23,1257.04,Devuelto,App,Trujillo,"Tarjeta de crédito"
7302,2101,2023-06-27,2266.64,Devuelto,App,Chiclayo,"Tarjeta de débito"
7303,1565,2023-06-04,7284.78,"En camino",Web,Tacna,"Tarjeta de crédito"
7304,2134,2024-12-23,3376.81,Devuelto,"Tienda física",Tacna,Yape
7305,1694,2023-11-20,5408.68,Entregado,Web,Tacna,Efectivo
7306,2149,2023-08-12,1152.72,Entregado,App,Iquitos,"Tarjeta de crédito"
7307,1097,2024-12-24,3464.38,Devuelto,"Tienda física",Cusco,Efectivo
7308,1703,2024-09-07,160.93,Cancelado,Web,Trujillo,"Tarjeta de crédito"
7309,1334,2023-11-29,472.54,"En camino",App,Trujillo,Efectivo
7310,2640,2023-05-18,21557.10,Cancelado,Web,Iquitos,Efectivo
7311,1818,2022-08-07,14650.80,Devuelto,"Tienda física",Tacna,Yape
7312,1494,2022-08-27,16023.93,"En camino",App,Cusco,Yape
7313,1382,2024-12-01,8687.88,Devuelto,Web,Cusco,Efectivo
7314,2348,2022-01-21,13414.96,"En camino",Web,Lima,"Tarjeta de débito"
7315,1245,2023-06-09,8345.96,Cancelado,Web,Iquitos,Efectivo
7316,1229,2022-12-08,3185.89,Entregado,"Tienda física",Cajamarca,Yape
7317,2217,2024-01-12,3431.70,Cancelado,Web,Tacna,"Tarjeta de crédito"
7318,2344,2023-12-18,2016.05,Entregado,App,Cusco,"Tarjeta de débito"
7319,1826,2023-09-29,3018.64,Cancelado,Web,Huancayo,"Tarjeta de crédito"
7320,1067,2022-10-21,6899.07,Entregado,App,Tacna,Efectivo
7321,1605,2024-12-20,16747.46,Entregado,Web,Huancayo,Yape
7322,1932,2022-01-14,14531.25,Entregado,App,Piura,Yape
7323,2636,2023-10-26,11090.87,Devuelto,Web,Piura,"Tarjeta de crédito"
7324,2401,2023-05-23,9002.11,Entregado,App,Trujillo,"Tarjeta de crédito"
7325,2377,2024-06-28,10926.05,Cancelado,App,Trujillo,"Tarjeta de débito"
7326,1326,2024-04-20,6741.15,Cancelado,"Tienda física",Huancayo,Yape
7327,1301,2023-09-12,343.29,Entregado,App,Iquitos,Efectivo
7328,1038,2022-09-28,8625.27,"En camino",Web,Tacna,"Tarjeta de crédito"
7329,1643,2024-01-18,13456.78,Cancelado,App,Iquitos,"Tarjeta de débito"
7330,1463,2023-11-14,6744.45,Entregado,App,Piura,Efectivo
7331,2231,2022-03-03,1419.04,Entregado,App,Tacna,Efectivo
7332,2854,2024-09-09,12135.12,Devuelto,App,Iquitos,Efectivo
7333,1964,2024-05-18,2751.20,"En camino",App,Cajamarca,"Tarjeta de crédito"
7334,2389,2024-12-21,10338.38,Entregado,App,Cuzco,Efectivo
7335,1015,2024-07-03,889.21,Devuelto,App,Iquitos,"Tarjeta de débito"
7336,1975,2024-03-23,6063.06,Devuelto,Web,Iquitos,Efectivo
7337,1978,2022-02-26,14616.32,"En camino",Web,Cajamarca,Efectivo
7338,2950,2023-01-05,1579.88,Cancelado,"Tienda física",Piura,"Tarjeta de crédito"
7339,1559,2022-03-28,215.78,Entregado,Web,Trujillo,Yape
7340,1745,2023-04-14,3215.84,Devuelto,Web,Tacna,Yape
7341,2457,2022-09-24,13183.50,Entregado,Web,Trujillo,"Tarjeta de crédito"
7342,1571,2022-12-12,10606.09,"En camino",Web,Piura,Yape
7343,1607,2022-09-08,3052.85,Cancelado,App,Cajamarca,Efectivo
7344,1984,2023-05-26,6678.02,Cancelado,App,Arequipa,Efectivo
7345,2488,2022-06-03,19765.74,Entregado,App,Arequipa,Efectivo
7346,2430,2024-09-11,9408.90,Devuelto,App,Cuzco,Efectivo
7347,2964,2022-03-12,27155.45,Devuelto,App,Iquitos,"Tarjeta de crédito"
7348,2618,2022-07-10,2730.46,Cancelado,Web,Lima,Efectivo
7349,1117,2023-10-30,7584.29,Cancelado,App,Trujillo,Efectivo
7350,2769,2024-04-01,14187.34,Cancelado,"Tienda física",Lima,Efectivo
7351,2090,2024-04-29,602.10,"En camino",Web,Lima,"Tarjeta de crédito"
7352,2391,2023-03-04,4307.03,Devuelto,"Tienda física",Lima,Yape
7353,2827,2022-09-27,3707.27,"En camino",App,Trujillo,Efectivo
7354,2391,2024-08-24,6080.54,"En camino","Tienda física",Piura,"Tarjeta de crédito"
7355,2583,2024-12-10,9523.13,Devuelto,Web,Iquitos,Efectivo
7356,1282,2024-09-18,1417.59,Entregado,"Tienda física",Chiclayo,"Tarjeta de crédito"
7357,2882,2022-11-23,1211.64,Entregado,"Tienda física",Cajamarca,"Tarjeta de crédito"
7358,2312,2024-11-29,5567.94,Devuelto,Web,Chiclayo,Efectivo
7359,2834,2024-10-14,1262.88,Entregado,App,Arequipa,Efectivo
7360,1403,2023-02-20,20880.57,Devuelto,App,Chiclayo,"Tarjeta de débito"
7361,1164,2022-06-06,2795.59,Entregado,Web,Trujillo,"Tarjeta de débito"
7362,1909,2023-05-31,6661.44,Devuelto,"Tienda física",Arequipa,Yape
7363,2538,2022-11-19,3411.70,Devuelto,Web,Iquitos,"Tarjeta de débito"
7364,1131,2023-09-27,450.81,Cancelado,App,Iquitos,Yape
7365,1593,2024-01-12,3426.24,Devuelto,App,Arequipa,Efectivo
7366,1800,2024-04-17,7032.28,Devuelto,Web,Chiclayo,"Tarjeta de débito"
7367,2528,2022-12-22,11171.03,Cancelado,Web,Lima,Yape
7368,1151,2022-08-20,7103.37,Entregado,App,Iquitos,"Tarjeta de crédito"
7369,2686,2024-08-28,18940.69,"En camino",App,Iquitos,"Tarjeta de crédito"
7370,2265,2024-03-14,4193.10,Entregado,"Tienda física",Huancayo,Yape
7371,2173,2023-09-27,20390.07,Entregado,"Tienda física",Lima,"Tarjeta de crédito"
7372,1695,2023-09-08,1483.13,Entregado,App,Tacna,Yape
7373,2494,2022-08-24,22105.06,Entregado,App,Chiclayo,"Tarjeta de crédito"
7374,1500,2024-05-24,392.01,Devuelto,"Tienda física",Cusco,Efectivo
7375,2181,2022-01-18,1665.28,Cancelado,"Tienda física",Tacna,Yape
7376,1558,2023-04-26,7228.57,Entregado,Web,Trujillo,Efectivo
7377,1863,2023-02-03,4221.91,"En camino","Tienda física",Arequipa,Yape
7378,2795,2023-01-10,13277.65,Devuelto,"Tienda física",Piura,"Tarjeta de crédito"
7379,2624,2024-11-03,19300.82,Entregado,App,Piura,Efectivo
7380,1996,2022-01-14,8837.27,Entregado,App,Piura,Efectivo
7381,2647,2024-08-22,5304.39,Entregado,App,Tacna,Efectivo
7382,1794,2022-01-10,4990.25,Devuelto,Web,Tacna,"Tarjeta de débito"
7383,1836,2022-02-09,4215.24,Entregado,Web,Cajamarca,Efectivo
7384,1271,2023-10-26,18527.40,"En camino","Tienda física",Cusco,Efectivo
7385,2788,2022-06-10,6850.76,Devuelto,Web,Cusco,Efectivo
7386,1835,2022-03-26,1574.01,"En camino",App,Cajamarca,Efectivo
7387,1369,2023-01-02,8325.52,Devuelto,"Tienda física",Cajamarca,"Tarjeta de crédito"
7388,1509,2024-12-15,11640.25,Devuelto,Web,Huancayo,"Tarjeta de débito"
7389,1670,2024-09-25,10350.71,"En camino",Web,Trujillo,Efectivo
7390,2440,2023-10-02,2550.06,"En camino",Web,Huancayo,"Tarjeta de débito"
7391,2555,2023-11-25,2692.34,Devuelto,App,Chiclayo,Efectivo
7392,2181,2022-06-12,13506.64,"En camino",App,Cusco,Yape
7393,1770,2022-11-04,14889.02,Devuelto,Web,Huancayo,Efectivo
7394,2890,2022-02-13,10234.39,Entregado,Web,Huancayo,"Tarjeta de crédito"
7395,1006,2022-10-29,1859.36,Cancelado,Web,Piura,"Tarjeta de crédito"
7396,1745,2022-11-23,3144.14,Cancelado,"Tienda física",Cusco,Efectivo
7397,1476,2022-01-08,17516.62,Devuelto,App,Trujillo,"Tarjeta de débito"
7398,3000,2022-06-18,16820.91,Devuelto,Web,Lima,Efectivo
7399,1028,2024-09-28,11442.64,"En camino",App,Trujillo,Yape
7400,1283,2024-01-10,2891.40,"En camino","Tienda física",Iquitos,Efectivo
7401,2535,2023-09-02,3028.19,Devuelto,Web,Tacna,Efectivo
7402,1788,2024-01-21,15971.04,Entregado,Web,Trujillo,"Tarjeta de débito"
7403,1151,2023-07-11,2561.60,Entregado,App,Iquitos,Efectivo
7404,2516,2022-05-17,855.05,Cancelado,App,Piura,"Tarjeta de débito"
7405,2095,2024-03-26,10522.59,Devuelto,"Tienda física",Chiclayo,Efectivo
7406,1617,2023-07-19,14739.77,"En camino","Tienda física",Arequipa,"Tarjeta de débito"
7407,1034,2024-12-21,2662.38,Devuelto,App,Tacna,Yape
7408,1266,2024-10-17,4898.31,"En camino",App,Chiclayo,Yape
7409,1766,2022-10-09,1360.78,Cancelado,App,Trujillo,"Tarjeta de crédito"
7410,1996,2022-05-20,860.69,Cancelado,Web,Tacna,Efectivo
7411,2665,2022-04-24,13851.02,Entregado,"Tienda física",Arequipa,"Tarjeta de crédito"
7412,2138,2023-07-06,19596.34,Entregado,App,Trujillo,"Tarjeta de crédito"
7413,2858,2024-04-11,13908.29,"En camino",Web,Chiclayo,"Tarjeta de crédito"
7414,1919,2024-04-30,5634.85,"En camino","Tienda física",Arequipa,"Tarjeta de débito"
7415,1013,2022-09-27,8764.19,Cancelado,"Tienda física",Trujillo,"Tarjeta de crédito"
7416,1443,2024-08-13,12335.03,Cancelado,Web,Chiclayo,Efectivo
7417,2858,2023-10-17,3407.29,"En camino","Tienda física",Cajamarca,"Tarjeta de débito"
7418,1796,2022-02-06,8643.59,Cancelado,App,Trujillo,Yape
7419,2059,2022-07-20,6049.57,Entregado,"Tienda física",Lima,"Tarjeta de crédito"
7420,1822,2023-12-30,13055.09,"En camino","Tienda física",Piura,Yape
7421,1100,2022-12-17,4906.61,Cancelado,Web,Cajamarca,Efectivo
7422,1678,2024-04-10,4778.05,Entregado,"Tienda física",Arequipa,Efectivo
7423,2901,2024-07-05,18778.69,Devuelto,"Tienda física",Lima,"Tarjeta de crédito"
7424,2665,2023-06-02,7653.98,Entregado,App,Cusco,"Tarjeta de débito"
7425,1107,2023-07-19,6989.00,Entregado,"Tienda física",Lima,"Tarjeta de crédito"
7426,1806,2022-12-16,1007.36,Entregado,Web,Arequipa,"Tarjeta de débito"
7427,1485,2022-04-15,3992.88,Cancelado,"Tienda física",Tacna,Yape
7428,1086,2023-04-16,5662.80,Devuelto,Web,Chiclayo,Efectivo
7429,1812,2024-03-26,8198.63,Devuelto,Web,Cusco,Efectivo
7430,1811,2022-04-24,1900.85,"En camino",Web,Piura,"Tarjeta de crédito"
7431,1489,2024-09-12,8398.82,"En camino",Web,Huancayo,Efectivo
7432,1889,2024-12-30,3177.14,"En camino",Web,Trujillo,Efectivo
7433,2699,2023-12-01,22766.68,Devuelto,"Tienda física",Chiclayo,Efectivo
7434,1018,2023-08-22,1770.32,"En camino",App,Tacna,"Tarjeta de débito"
7435,1760,2023-01-22,3983.52,Cancelado,"Tienda física",Huancayo,"Tarjeta de débito"
7436,1091,2023-02-18,10697.96,Devuelto,App,Iquitos,"Tarjeta de crédito"
7437,1265,2022-01-28,2699.21,"En camino",Web,Lima,"Tarjeta de débito"
7438,2497,2024-02-02,566.24,Entregado,App,Tacna,"Tarjeta de débito"
7439,2088,2024-11-05,4301.89,Devuelto,App,Trujillo,Yape
7440,2817,2024-10-07,382.20,Cancelado,"Tienda física",Huancayo,Efectivo
7441,2313,2022-10-18,608.38,Cancelado,"Tienda física",Cusco,Efectivo
7442,1180,2023-05-03,10348.08,"En camino",Web,Tacna,"Tarjeta de crédito"
7443,2326,2023-03-19,23061.93,Entregado,App,Arequipa,Efectivo
7444,2297,2024-03-25,804.38,Entregado,"Tienda física",Huancayo,"Tarjeta de crédito"
7445,1879,2024-12-31,4501.87,Devuelto,Web,Trujillo,Efectivo
7446,1545,2022-01-22,5497.61,Cancelado,Web,Trujillo,"Tarjeta de crédito"
7447,2716,2024-05-22,3234.01,Cancelado,App,Iquitos,Yape
7448,1017,2022-04-11,959.90,Entregado,Web,Huancayo,Efectivo
7449,2278,2022-06-30,3457.72,Cancelado,Web,Huancayo,Efectivo
7450,2117,2023-06-16,1274.26,"En camino",App,Iquitos,"Tarjeta de crédito"
7451,2204,2023-11-19,532.99,Cancelado,App,Piura,Efectivo
7452,1248,2024-07-01,8292.10,Entregado,App,Iquitos,Efectivo
7453,1023,2022-11-11,624.83,Devuelto,"Tienda física",Tacna,"Tarjeta de débito"
7454,2761,2023-04-15,4671.80,Cancelado,"Tienda física",Piura,Efectivo
7455,1444,2022-10-03,4673.82,Devuelto,"Tienda física",Huancayo,"Tarjeta de débito"
7456,2202,2024-04-01,9808.21,Cancelado,App,Trujillo,Yape
7457,1090,2024-09-21,1290.09,Cancelado,Web,Cusco,"Tarjeta de débito"
7458,2214,2022-06-04,1133.35,Entregado,Web,Trujillo,"Tarjeta de crédito"
7459,1243,2023-07-03,1332.09,Entregado,App,Cajamarca,Efectivo
7460,1338,2024-12-24,310.79,"En camino",App,Lima,"Tarjeta de débito"
7461,1121,2023-12-02,7335.66,Entregado,Web,Iquitos,Yape
7462,2650,2024-10-21,13466.51,Devuelto,Web,Trujillo,Efectivo
7463,2518,2022-07-24,1839.26,Entregado,Web,Cajamarca,Efectivo
7464,1486,2024-07-31,18599.64,Entregado,"Tienda física",Arequipa,"Tarjeta de crédito"
7465,2309,2022-01-15,4987.88,Cancelado,App,Tacna,"Tarjeta de débito"
7466,1060,2022-07-15,688.73,"En camino",App,Huancayo,Yape
7467,1294,2024-01-18,2832.45,Entregado,Web,Cusco,Efectivo
7468,1748,2022-04-01,23103.64,"En camino",Web,Tacna,Efectivo
7469,1278,2022-08-07,10375.95,"En camino",App,Chiclayo,Efectivo
7470,1048,2024-06-04,2794.90,Cancelado,App,Arequipa,Yape
7471,2246,2024-10-13,1891.92,Entregado,Web,Cusco,Efectivo
7472,1538,2024-09-16,17584.55,Devuelto,App,Lima,"Tarjeta de crédito"
7473,1695,2022-09-28,4538.96,"En camino",App,Tacna,Yape
7474,1324,2022-02-26,4817.08,Devuelto,Web,Trujillo,"Tarjeta de débito"
7475,2411,2022-09-22,3555.97,Devuelto,"Tienda física",Huancayo,"Tarjeta de débito"
7476,1410,2023-12-19,26969.87,Cancelado,App,Arequipa,Efectivo
7477,2572,2022-05-31,2534.03,Entregado,App,Huancayo,Efectivo
7478,2931,2022-09-25,251.75,Entregado,"Tienda física",Trujillo,"Tarjeta de débito"
7479,1943,2022-04-05,388.42,Cancelado,Web,Arequipa,"Tarjeta de débito"
7480,2551,2022-09-02,12946.64,Devuelto,"Tienda física",Huancayo,"Tarjeta de crédito"
7481,1760,2022-11-13,10585.68,Entregado,App,Chiclayo,"Tarjeta de crédito"
7482,2165,2023-12-24,17017.48,Devuelto,Web,Chiclayo,"Tarjeta de débito"
7483,1958,2022-09-16,20157.19,Entregado,App,Huancayo,Efectivo
7484,2426,2023-05-03,9246.20,Entregado,App,Chiclayo,Efectivo
7485,2224,2023-04-10,2545.78,Entregado,"Tienda física",Cajamarca,"Tarjeta de crédito"
7486,1751,2022-11-02,726.98,Devuelto,Web,Cajamarca,Efectivo
7487,1474,2024-07-10,4820.26,Devuelto,App,Trujillo,Efectivo
7488,2757,2022-01-08,6346.91,Devuelto,Web,Lima,Efectivo
7489,1230,2023-07-05,1612.19,Cancelado,"Tienda física",Iquitos,Efectivo
7490,2177,2023-02-09,22685.37,"En camino","Tienda física",Trujillo,Yape
7491,2330,2024-09-03,15177.10,Cancelado,Web,Trujillo,Efectivo
7492,2689,2023-11-29,8430.45,Entregado,App,Trujillo,Efectivo
7493,1383,2024-11-01,5970.42,"En camino",Web,Cajamarca,"Tarjeta de débito"
7494,2985,2022-11-27,3579.78,Cancelado,Web,Cajamarca,"Tarjeta de crédito"
7495,1804,2022-07-31,10371.47,Devuelto,App,Cajamarca,Yape
7496,1086,2023-12-05,15984.19,Devuelto,Web,Chiclayo,"Tarjeta de débito"
7497,1102,2024-02-01,3645.31,Cancelado,App,Cuzco,"Tarjeta de crédito"
7498,2277,2023-10-23,12477.82,Devuelto,"Tienda física",Trujillo,"Tarjeta de débito"
7499,2468,2022-09-13,14625.81,Entregado,App,Arequipa,Efectivo
7500,2093,2022-06-08,6104.10,Entregado,App,Cusco,"Tarjeta de débito"
7501,1882,2024-05-29,11530.39,Entregado,Web,Iquitos,Yape
7502,1089,2023-03-09,2338.52,Devuelto,Web,Cajamarca,Yape
7503,1273,2024-06-27,1080.03,Entregado,"Tienda física",Arequipa,"Tarjeta de crédito"
7504,2768,2022-06-20,6379.37,Devuelto,Web,Piura,"Tarjeta de crédito"
7505,2981,2023-08-02,9017.14,Devuelto,Web,Chiclayo,Efectivo
7506,1950,2022-12-04,2663.45,Devuelto,App,Tacna,Yape
7507,1715,2022-02-09,3622.24,"En camino",Web,Tacna,"Tarjeta de débito"
7508,2879,2024-08-13,3764.82,Devuelto,Web,Trujillo,Efectivo
7509,2669,2023-11-16,8938.47,"En camino",Web,Chiclayo,Efectivo
7510,2941,2024-07-30,9532.21,Entregado,"Tienda física",Trujillo,Efectivo
7511,2010,2023-09-12,12669.94,"En camino","Tienda física",Iquitos,Yape
7512,2914,2022-08-15,6776.05,Devuelto,Web,Iquitos,Efectivo
7513,1605,2023-09-27,1005.95,Cancelado,"Tienda física",Chiclayo,"Tarjeta de crédito"
7514,2355,2023-01-11,14193.91,"En camino",Web,Cajamarca,"Tarjeta de crédito"
7515,1659,2023-09-05,6342.86,"En camino",Web,Tacna,"Tarjeta de crédito"
7516,1528,2024-08-15,6508.22,Devuelto,"Tienda física",Chiclayo,Yape
7517,2662,2023-05-03,18339.13,"En camino",Web,Iquitos,Efectivo
7518,1560,2024-04-23,1209.03,Cancelado,Web,Tacna,"Tarjeta de débito"
7519,2291,2022-11-21,2600.16,Devuelto,Web,Piura,"Tarjeta de débito"
7520,2210,2024-02-29,5492.76,"En camino","Tienda física",Piura,Yape
7521,2950,2022-09-24,6567.94,Cancelado,App,Cusco,"Tarjeta de débito"
7522,1281,2023-12-10,8755.39,"En camino",Web,Arequipa,"Tarjeta de débito"
7523,1090,2022-06-13,6408.54,Cancelado,"Tienda física",Huancayo,Efectivo
7524,1654,2024-11-25,12910.22,"En camino","Tienda física",Huancayo,Yape
7525,1586,2023-05-02,3395.65,Devuelto,Web,Huancayo,Yape
7526,2531,2022-05-24,11185.90,Devuelto,"Tienda física",Chiclayo,Efectivo
7527,2141,2022-12-31,6106.39,Devuelto,App,Trujillo,"Tarjeta de débito"
7528,2972,2023-09-08,9043.58,Devuelto,App,Cusco,Efectivo
7529,2239,2024-08-20,3193.04,Devuelto,App,Piura,Efectivo
7530,1577,2024-07-09,10529.80,Cancelado,"Tienda física",Chiclayo,"Tarjeta de crédito"
7531,2421,2023-04-28,19.92,"En camino",App,Lima,"Tarjeta de débito"
7532,1585,2024-06-08,8635.60,Entregado,App,Cajamarca,Yape
7533,2896,2024-08-02,172.32,Devuelto,App,Iquitos,Efectivo
7534,1675,2024-09-10,2711.74,Devuelto,App,Piura,"Tarjeta de débito"
7535,1462,2022-12-18,7816.83,Entregado,Web,Piura,Efectivo
7536,2053,2023-06-13,2223.63,Cancelado,"Tienda física",Cajamarca,Efectivo
7537,1186,2023-09-01,1605.45,Cancelado,"Tienda física",Huancayo,Efectivo
7538,1255,2023-01-27,3983.53,Cancelado,"Tienda física",Cajamarca,"Tarjeta de crédito"
7539,2142,2023-09-19,2486.65,Devuelto,"Tienda física",Arequipa,"Tarjeta de crédito"
7540,1034,2023-02-09,10412.17,Entregado,"Tienda física",Trujillo,Yape
7541,2292,2023-12-03,22912.52,Entregado,App,Huancayo,"Tarjeta de crédito"
7542,2150,2023-09-16,692.10,"En camino",App,Cajamarca,"Tarjeta de crédito"
7543,1248,2024-08-05,1191.76,Entregado,Web,Cajamarca,"Tarjeta de débito"
7544,2472,2024-11-28,10712.34,"En camino",App,Huancayo,"Tarjeta de débito"
7545,2123,2024-10-11,7451.02,Entregado,App,Lima,Efectivo
7546,2220,2022-12-04,11717.05,Devuelto,"Tienda física",Trujillo,Yape
7547,1798,2024-02-10,6772.14,Entregado,Web,Cajamarca,Efectivo
7548,1713,2024-01-12,4119.23,"En camino","Tienda física",Trujillo,Efectivo
7549,2289,2024-09-02,11481.93,Entregado,Web,Huancayo,Yape
7550,1718,2022-08-14,3025.90,Devuelto,App,Arequipa,"Tarjeta de crédito"
7551,2085,2023-11-23,16935.27,Cancelado,"Tienda física",Trujillo,"Tarjeta de crédito"
7552,1433,2024-04-11,3774.79,Cancelado,"Tienda física",Lima,Efectivo
7553,1581,2023-09-22,1801.32,Cancelado,Web,Iquitos,Efectivo
7554,2816,2023-04-02,2292.14,Entregado,App,Chiclayo,"Tarjeta de crédito"
7555,2719,2024-11-27,719.97,"En camino",Web,Cajamarca,"Tarjeta de débito"
7556,2732,2022-03-30,6951.88,Devuelto,"Tienda física",Huancayo,Yape
7557,1580,2021-01-15,8236.02,Devuelto,Web,Tacna,Efectivo
7558,2561,2022-04-07,8420.70,Cancelado,"Tienda física",Huancayo,Efectivo
7559,1677,2023-04-09,8020.96,"En camino",App,Arequipa,Yape
7560,1816,2023-07-08,5667.95,Devuelto,"Tienda física",Chiclayo,Yape
7561,1832,2024-12-29,5406.97,Entregado,Web,Huancayo,Efectivo
7562,1322,2022-02-08,1947.28,Entregado,App,Iquitos,"Tarjeta de crédito"
7563,2776,2023-08-31,1523.65,"En camino",Web,Trujillo,"Tarjeta de crédito"
7564,1344,2022-09-14,6080.03,"En camino","Tienda física",Cajamarca,Efectivo
7565,2223,2023-08-24,46203.33,Cancelado,Web,Tacna,"Tarjeta de débito"
7566,2627,2024-08-22,7221.90,Cancelado,Web,Tacna,Efectivo
7567,2405,2024-05-07,15034.94,"En camino",Web,Chiclayo,Efectivo
7568,1760,2022-04-14,8638.53,Entregado,App,Trujillo,Efectivo
7569,1306,2022-03-04,1987.88,Devuelto,Web,Trujillo,Efectivo
7570,1253,2022-04-13,14834.89,Cancelado,"Tienda física",Lima,Efectivo
7571,2011,2023-08-11,5532.56,Entregado,App,Arequipa,Efectivo
7572,2263,2022-01-20,7728.70,Devuelto,App,Trujillo,Efectivo
7573,2014,2022-05-15,1278.07,Cancelado,"Tienda física",Iquitos,"Tarjeta de débito"
7574,1108,2024-05-08,2159.43,Entregado,Web,Cuzco,Efectivo
7575,1645,2023-12-27,4705.75,"En camino","Tienda física",Lima,"Tarjeta de crédito"
7576,2433,2024-09-16,4804.37,Devuelto,Web,Tacna,Efectivo
7577,1835,2023-04-13,439.16,Devuelto,"Tienda física",Chiclayo,Yape
7578,1779,2024-09-05,22068.37,Entregado,App,Trujillo,"Tarjeta de débito"
7579,1025,2024-04-30,1652.08,Cancelado,Web,Lima,"Tarjeta de crédito"
7580,1481,2022-09-19,1802.94,Entregado,App,Lima,"Tarjeta de crédito"
7581,2986,2023-08-13,1627.35,Entregado,Web,Piura,Yape
7582,2663,2022-12-10,10225.20,"En camino","Tienda física",Tacna,Efectivo
7583,1837,2024-04-10,13188.83,Entregado,App,Huancayo,Efectivo
7584,1211,2024-02-22,1229.72,Cancelado,App,Cajamarca,"Tarjeta de débito"
7585,2661,2022-10-11,2097.12,"En camino","Tienda física",Huancayo,Efectivo
7586,1861,2022-09-15,1257.93,Cancelado,Web,Tacna,Yape
7587,2722,2024-01-20,2264.26,"En camino","Tienda física",Tacna,Efectivo
7588,1286,2023-06-20,7834.67,Cancelado,Web,Tacna,Efectivo
7589,1635,2022-11-11,16527.39,Devuelto,"Tienda física",Cajamarca,Efectivo
7590,2110,2022-03-09,9894.35,Cancelado,Web,Huancayo,Efectivo
7591,1867,2023-03-29,4352.54,"En camino",App,Iquitos,Efectivo
7592,1063,2024-04-24,7644.75,Devuelto,Web,Chiclayo,"Tarjeta de crédito"
7593,1917,2023-04-18,1448.94,Entregado,App,Iquitos,Yape
7594,1022,2022-04-19,5188.21,Devuelto,App,Tacna,"Tarjeta de crédito"
7595,1607,2022-06-23,23372.56,Devuelto,"Tienda física",Iquitos,Yape
7596,1920,2023-07-04,28000.30,Cancelado,Web,Trujillo,Efectivo
7597,2769,2022-05-01,735.65,"En camino",Web,Chiclayo,"Tarjeta de débito"
7598,2312,2022-07-25,9880.00,Devuelto,App,Tacna,"Tarjeta de débito"
7599,1316,2023-11-12,6326.66,Cancelado,"Tienda física",Cusco,Efectivo
7600,2552,2022-10-31,18429.37,"En camino",Web,Lima,Efectivo
7601,1864,2024-08-13,62.37,"En camino","Tienda física",Lima,Efectivo
7602,2847,2023-05-11,3214.46,Entregado,App,Chiclayo,"Tarjeta de crédito"
7603,2888,2022-08-11,4599.38,Devuelto,"Tienda física",Lima,Efectivo
7604,1832,2022-08-21,2945.60,Devuelto,App,Piura,Efectivo
7605,1033,2024-07-31,9356.22,Devuelto,App,Piura,Efectivo
7606,1269,2023-01-13,4166.54,Cancelado,"Tienda física",Chiclayo,Yape
7607,1403,2023-01-09,2320.38,Entregado,Web,Cusco,"Tarjeta de crédito"
7608,1724,2024-03-22,362.14,Devuelto,Web,Arequipa,Yape
7609,2638,2023-09-29,13177.70,"En camino","Tienda física",Cajamarca,"Tarjeta de crédito"
7610,1129,2022-05-15,12117.55,Cancelado,"Tienda física",Cajamarca,"Tarjeta de débito"
7611,1750,2023-06-14,3626.82,Entregado,App,Iquitos,"Tarjeta de crédito"
7612,2033,2024-10-03,2693.51,Devuelto,"Tienda física",Arequipa,Yape
7613,1748,2023-11-04,6498.64,"En camino","Tienda física",Huancayo,"Tarjeta de débito"
7614,1056,2024-05-12,16995.45,Devuelto,Web,Arequipa,Efectivo
7615,1146,2022-01-27,20593.55,"En camino",App,Iquitos,"Tarjeta de débito"
7616,1767,2022-01-24,9294.45,Cancelado,Web,Trujillo,Yape
7617,2956,2022-05-15,34087.85,Cancelado,"Tienda física",Chiclayo,"Tarjeta de débito"
7618,1408,2024-12-04,10964.49,Cancelado,App,Cajamarca,"Tarjeta de crédito"
7619,2395,2023-06-29,1076.36,Devuelto,App,Arequipa,Yape
7620,1009,2022-09-15,14790.66,Cancelado,App,Lima,"Tarjeta de débito"
7621,1139,2023-04-02,1238.30,"En camino","Tienda física",Trujillo,Yape
7622,1904,2023-03-22,15896.31,Devuelto,App,Cajamarca,"Tarjeta de débito"
7623,1472,2023-11-07,1158.45,Entregado,Web,Trujillo,Efectivo
7624,2392,2024-12-16,6577.90,Cancelado,"Tienda física",Cajamarca,Efectivo
7625,2487,2023-07-13,14809.65,"En camino","Tienda física",Iquitos,Efectivo
7626,2301,2024-07-07,559.33,Entregado,Web,Lima,Yape
7627,2948,2023-09-20,840.90,Devuelto,"Tienda física",Arequipa,Yape
7628,1185,2022-12-02,30869.02,Cancelado,"Tienda física",Piura,"Tarjeta de crédito"
7629,1867,2022-11-20,2723.00,Entregado,"Tienda física",Chiclayo,Efectivo
7630,2018,2023-05-12,1948.33,"En camino",App,Huancayo,"Tarjeta de crédito"
7631,2657,2023-10-24,7395.82,"En camino",App,Piura,"Tarjeta de crédito"
7632,1193,2024-05-04,9975.04,"En camino",App,Tacna,Yape
7633,1648,2024-04-30,259.43,Cancelado,App,Chiclayo,Efectivo
7634,1867,2027-12-31,6070.24,Devuelto,App,Lima,"Tarjeta de crédito"
7635,1111,2024-09-03,184.97,Cancelado,Web,Cajamarca,Yape
7636,1711,2022-06-18,1101.60,Devuelto,App,Chiclayo,Yape
7637,2079,2023-12-24,19859.63,Devuelto,App,Lima,Efectivo
7638,1902,2023-05-26,13764.04,Cancelado,"Tienda física",Cajamarca,Efectivo
7639,2172,2022-02-10,423.28,Cancelado,App,Cusco,"Tarjeta de débito"
7640,1127,2022-12-12,11796.70,Entregado,App,Huancayo,"Tarjeta de débito"
7641,1765,2022-12-07,16717.66,Cancelado,"Tienda física",Arequipa,Efectivo
7642,1265,2024-06-02,4638.77,"En camino","Tienda física",Chiclayo,"Tarjeta de débito"
7643,1368,2022-12-01,1586.29,Entregado,Web,Cajamarca,Efectivo
7644,1524,2023-09-09,4171.02,Cancelado,"Tienda física",Huancayo,"Tarjeta de débito"
7645,1619,2024-08-10,6509.40,Devuelto,"Tienda física",Arequipa,Yape
7646,1154,2023-04-29,13541.67,Devuelto,Web,Cajamarca,Efectivo
7647,1429,2024-04-04,6005.03,Devuelto,"Tienda física",Arequipa,"Tarjeta de débito"
7648,1503,2023-10-27,2532.68,Cancelado,App,Trujillo,Yape
7649,2210,2022-01-22,4426.14,"En camino","Tienda física",Cusco,Efectivo
7650,1669,2022-03-29,3499.19,Entregado,"Tienda física",Lima,Efectivo
7651,1630,2023-02-20,26423.13,"En camino",App,Trujillo,Efectivo
7652,1906,2022-10-21,11409.19,Entregado,"Tienda física",Trujillo,Efectivo
7653,2162,2022-02-02,5950.87,Devuelto,"Tienda física",Arequipa,Efectivo
7654,1544,2022-03-19,1019.05,"En camino",App,Chiclayo,Efectivo
7655,1116,2022-04-24,2406.29,"En camino",App,Trujillo,Yape
7656,2454,2024-06-04,922.38,Devuelto,Web,Arequipa,Yape
7657,1769,2023-09-08,1487.60,Devuelto,App,Huancayo,Efectivo
7658,2984,2024-07-17,13338.84,"En camino",App,Cusco,Efectivo
7659,1542,2024-04-12,5150.64,Cancelado,App,Huancayo,Efectivo
7660,2499,2022-05-19,12719.20,Cancelado,App,Trujillo,"Tarjeta de crédito"
7661,2527,2023-10-01,2441.17,"En camino",App,Lima,"Tarjeta de débito"
7662,1749,2023-09-09,694.03,Devuelto,App,Arequipa,Efectivo
7663,1438,2022-10-26,1459.43,Devuelto,Web,Cajamarca,Efectivo
7664,1199,2024-07-13,14654.08,"En camino","Tienda física",Arequipa,Efectivo
7665,2393,2024-10-27,2780.71,Entregado,"Tienda física",Arequipa,"Tarjeta de débito"
7666,2663,2024-09-28,14698.99,Devuelto,App,Arequipa,Efectivo
7667,1656,2023-05-26,3655.12,Cancelado,App,Cusco,"Tarjeta de débito"
7668,2423,2023-10-28,13661.48,Entregado,App,Cusco,Efectivo
7669,2924,2023-10-14,6616.38,Devuelto,"Tienda física",Arequipa,Efectivo
7670,2880,2023-06-17,5013.08,"En camino","Tienda física",Trujillo,Yape
7671,1958,2022-04-18,7263.76,Entregado,"Tienda física",Trujillo,Efectivo
7672,2196,2023-08-05,4901.90,Devuelto,"Tienda física",Lima,Efectivo
7673,1112,2022-12-27,4320.11,Entregado,Web,Arequipa,"Tarjeta de crédito"
7674,1654,2023-05-25,6775.30,Cancelado,App,Cajamarca,Efectivo
7675,2481,2022-09-13,5201.93,"En camino",App,Lima,"Tarjeta de crédito"
7676,1943,2024-03-31,2956.02,Cancelado,"Tienda física",Huancayo,Yape
7677,1253,2024-10-06,8485.47,"En camino",App,Trujillo,"Tarjeta de débito"
7678,2173,2022-10-22,3547.82,"En camino",App,Iquitos,"Tarjeta de crédito"
7679,2912,2022-05-06,14285.17,"En camino","Tienda física",Tacna,Efectivo
7680,2506,2024-06-05,597.94,Devuelto,"Tienda física",Huancayo,Efectivo
7681,1164,2024-06-26,12920.94,Entregado,"Tienda física",Chiclayo,"Tarjeta de crédito"
7682,2554,2024-01-15,8129.88,"En camino",Web,Chiclayo,Efectivo
7683,2317,2023-07-03,2382.43,Entregado,"Tienda física",Cajamarca,"Tarjeta de crédito"
7684,2910,2023-04-06,1103.93,Entregado,Web,Chiclayo,Efectivo
7685,2075,2023-02-07,7958.30,"En camino",App,Lima,"Tarjeta de débito"
7686,2306,2023-09-19,7221.87,Devuelto,"Tienda física",Piura,"Tarjeta de débito"
7687,2179,2023-04-19,7902.00,"En camino","Tienda física",Cajamarca,Efectivo
7688,2089,2024-03-30,2321.98,"En camino",Web,Chiclayo,Efectivo
7689,1815,2022-02-09,1976.02,Entregado,"Tienda física",Cusco,Efectivo
7690,1891,2023-07-22,6265.03,Devuelto,App,Cusco,Yape
7691,2976,2023-10-17,384.39,Devuelto,Web,Iquitos,"Tarjeta de débito"
7692,2523,2023-03-11,1909.09,Devuelto,"Tienda física",Chiclayo,Yape
7693,2919,2023-01-11,728.97,"En camino",Web,Tacna,"Tarjeta de débito"
7694,1616,2023-12-12,728.29,Devuelto,Web,Lima,Efectivo
7695,2736,2022-12-24,7109.04,"En camino",Web,Trujillo,Yape
7696,2472,2024-11-17,11638.31,Entregado,"Tienda física",Huancayo,Yape
7697,1829,2024-08-18,9529.35,Cancelado,App,Piura,Efectivo
7698,2190,2023-04-01,5887.54,Cancelado,App,Tacna,Efectivo
7699,1440,2023-11-16,7216.39,Entregado,Web,Arequipa,"Tarjeta de crédito"
7700,1880,2024-07-24,12094.37,Cancelado,App,Trujillo,"Tarjeta de crédito"
7701,1677,2023-02-10,1496.61,Devuelto,"Tienda física",Piura,Efectivo
7702,1796,2023-05-24,1987.88,Devuelto,"Tienda física",Trujillo,Yape
7703,2813,2024-11-12,9392.11,Entregado,"Tienda física",Arequipa,"Tarjeta de débito"
7704,1253,2022-07-21,16651.86,Devuelto,Web,Arequipa,Efectivo
7705,2135,2023-03-30,7815.12,Cancelado,App,Piura,Efectivo
7706,1482,2023-05-20,11541.93,Cancelado,App,Lima,Efectivo
7707,1399,2022-02-10,18867.06,"En camino","Tienda física",Tacna,Efectivo
7708,2805,2024-09-12,8663.99,"En camino",Web,Cusco,"Tarjeta de crédito"
7709,1661,2023-04-22,85.49,Cancelado,Web,Tacna,Yape
7710,2462,2023-07-22,8541.36,Cancelado,Web,Trujillo,"Tarjeta de crédito"
7711,2244,2023-11-29,5773.56,"En camino",App,Iquitos,"Tarjeta de crédito"
7712,2014,2023-05-25,1687.41,"En camino",Web,Lima,Efectivo
7713,1541,2023-03-03,8374.05,Cancelado,Web,Cajamarca,Yape
7714,2285,2022-04-14,9651.13,"En camino","Tienda física",Iquitos,"Tarjeta de crédito"
7715,2374,2023-01-06,8731.12,Entregado,Web,Trujillo,Efectivo
7716,2146,2023-04-17,2666.78,Devuelto,"Tienda física",Trujillo,"Tarjeta de débito"
7717,1943,2024-05-16,859.36,Entregado,Web,Cajamarca,"Tarjeta de crédito"
7718,1811,2023-09-28,17515.81,Cancelado,Web,Piura,"Tarjeta de débito"
7719,2121,2022-07-27,10225.81,"En camino",Web,Cusco,"Tarjeta de crédito"
7720,2956,2023-01-02,2580.58,Cancelado,Web,Trujillo,Efectivo
7721,1015,2022-11-09,970.69,"En camino",App,Lima,"Tarjeta de débito"
7722,1767,2023-08-24,6799.64,Entregado,App,Cajamarca,Yape
7723,2407,2024-09-01,8249.08,Devuelto,Web,Chiclayo,Efectivo
7724,1960,2023-06-04,6658.29,Devuelto,App,Iquitos,Yape
7725,1101,2022-02-14,2555.01,"En camino",App,Iquitos,Yape
7726,2582,2024-02-06,5085.29,"En camino",Web,Cuzco,"Tarjeta de débito"
7727,1381,2023-01-26,337.49,Devuelto,"Tienda física",Arequipa,"Tarjeta de débito"
7728,2988,2024-07-28,3445.18,Entregado,App,Lima,Efectivo
7729,1498,2022-11-19,4834.85,"En camino",Web,Chiclayo,Efectivo
7730,2528,2022-04-23,3196.11,Entregado,"Tienda física",Cajamarca,Efectivo
7731,2422,2023-05-11,5205.39,Entregado,"Tienda física",Cajamarca,Efectivo
7732,1980,2023-04-17,7727.72,Entregado,"Tienda física",Iquitos,Efectivo
7733,2736,2023-12-12,7533.75,Entregado,"Tienda física",Trujillo,Yape
7734,1971,2022-04-02,12108.04,Entregado,Web,Cajamarca,Yape
7735,2642,2023-10-26,2423.51,"En camino","Tienda física",Huancayo,"Tarjeta de débito"
7736,2498,2022-05-29,1032.37,Devuelto,"Tienda física",Lima,"Tarjeta de débito"
7737,1182,2024-03-29,20233.36,Cancelado,"Tienda física",Arequipa,"Tarjeta de débito"
7738,2111,2022-04-09,7509.63,Entregado,App,Chiclayo,"Tarjeta de débito"
7739,1544,2022-09-15,22834.39,Cancelado,"Tienda física",Huancayo,Yape
7740,1501,2023-05-25,1752.68,Cancelado,"Tienda física",Arequipa,"Tarjeta de débito"
7741,2753,2022-09-28,5273.81,"En camino","Tienda física",Trujillo,"Tarjeta de crédito"
7742,1013,2023-10-31,1814.30,"En camino",Web,Piura,"Tarjeta de débito"
7743,2651,2022-07-16,435.60,"En camino",App,Chiclayo,Efectivo
7744,2316,2022-02-28,6292.53,Entregado,App,Cusco,Efectivo
7745,1206,2024-09-25,4057.55,Entregado,App,Iquitos,"Tarjeta de débito"
7746,2155,2022-07-03,3187.41,Cancelado,"Tienda física",Tacna,"Tarjeta de débito"
7747,1381,2024-01-19,1354.74,Devuelto,"Tienda física",Iquitos,"Tarjeta de crédito"
7748,1336,2027-12-31,6680.42,Devuelto,App,Tacna,Efectivo
7749,1053,2023-10-27,6928.77,Entregado,App,Iquitos,"Tarjeta de débito"
7750,2236,2024-12-30,11683.96,Cancelado,App,Cusco,"Tarjeta de débito"
7751,1738,2024-10-18,6595.33,Devuelto,App,Piura,Efectivo
7752,1886,2022-04-21,11250.03,Devuelto,App,Trujillo,"Tarjeta de crédito"
7753,2002,2023-07-01,25347.07,Entregado,"Tienda física",Chiclayo,"Tarjeta de débito"
7754,1496,2022-04-18,8452.31,"En camino",Web,Lima,Efectivo
7755,1445,2023-07-14,6014.84,Devuelto,App,Piura,"Tarjeta de débito"
7756,1389,2022-11-08,1648.38,"En camino","Tienda física",Arequipa,Yape
7757,2742,2022-11-08,10899.88,Cancelado,App,Trujillo,Efectivo
7758,2674,2023-09-05,1844.72,Entregado,"Tienda física",Lima,Efectivo
7759,1295,2023-11-30,8225.27,Entregado,App,Trujillo,Efectivo
7760,2414,2024-03-16,23105.17,Devuelto,Web,Huancayo,"Tarjeta de crédito"
7761,2447,2023-09-18,5732.93,"En camino",App,Lima,"Tarjeta de crédito"
7762,2237,2022-05-26,6306.14,"En camino","Tienda física",Cuzco,"Tarjeta de débito"
7763,2431,2022-06-11,16549.70,Devuelto,"Tienda física",Arequipa,"Tarjeta de débito"
7764,1982,2022-11-17,5281.68,"En camino","Tienda física",Iquitos,"Tarjeta de crédito"
7765,1436,2024-01-31,5311.37,Entregado,App,Cajamarca,Yape
7766,2611,2024-02-02,8025.30,Entregado,App,Trujillo,Efectivo
7767,2398,2022-06-29,2403.05,Cancelado,"Tienda física",Huancayo,Efectivo
7768,1273,2022-09-27,1832.29,Entregado,"Tienda física",Chiclayo,Efectivo
7769,1431,2023-10-19,2771.10,Cancelado,Web,Tacna,"Tarjeta de crédito"
7770,2159,2023-04-22,2613.64,Cancelado,"Tienda física",Huancayo,"Tarjeta de crédito"
7771,2763,2024-11-11,9355.03,Entregado,Web,Piura,Efectivo
7772,1830,2022-03-14,7479.22,Devuelto,App,Lima,"Tarjeta de crédito"
7773,1593,2024-09-22,4880.59,"En camino",App,Trujillo,Efectivo
7774,1531,2024-11-24,2597.08,Entregado,App,Cajamarca,"Tarjeta de débito"
7775,1082,2022-06-04,1270.62,Devuelto,"Tienda física",Cajamarca,Yape
7776,1382,2022-07-06,1509.57,"En camino",Web,Lima,"Tarjeta de débito"
7777,2779,2023-05-26,62.44,"En camino",App,Huancayo,Efectivo
7778,2149,2023-12-09,1820.60,Entregado,Web,Arequipa,Efectivo
7779,2888,2022-02-13,609.66,Cancelado,Web,Cusco,Yape
7780,1274,2023-12-17,10740.99,Cancelado,"Tienda física",Cusco,"Tarjeta de débito"
7781,1660,2023-04-03,10964.51,Devuelto,Web,Cajamarca,"Tarjeta de crédito"
7782,1492,2023-09-28,14506.53,Devuelto,App,Lima,"Tarjeta de crédito"
7783,2563,2023-06-05,17526.32,"En camino",Web,Cusco,Efectivo
7784,1336,2022-05-21,7109.64,"En camino",Web,Chiclayo,Yape
7785,2671,2024-08-21,2841.26,Cancelado,App,Trujillo,Efectivo
7786,1809,2022-08-14,674.60,Devuelto,App,Trujillo,"Tarjeta de crédito"
7787,2915,2023-11-14,2790.45,"En camino",Web,Piura,Efectivo
7788,2647,2024-10-15,1913.37,Devuelto,App,Tacna,Yape
7789,2835,2023-10-06,17892.63,Cancelado,"Tienda física",Arequipa,"Tarjeta de crédito"
7790,2975,2024-01-04,9182.02,Entregado,App,Iquitos,"Tarjeta de débito"
7791,1943,2024-10-13,9053.51,Cancelado,"Tienda física",Iquitos,Efectivo
7792,1771,2022-09-06,19281.49,Cancelado,"Tienda física",Piura,"Tarjeta de crédito"
7793,2265,2024-03-14,14213.52,Devuelto,"Tienda física",Trujillo,"Tarjeta de débito"
7794,2761,2024-06-04,15477.20,"En camino",App,Lima,Yape
7795,2216,2023-04-18,30782.79,Devuelto,App,Chiclayo,Yape
7796,2337,2022-12-22,2299.26,Cancelado,"Tienda física",Piura,Efectivo
7797,1383,2024-11-20,10131.74,Devuelto,"Tienda física",Lima,"Tarjeta de crédito"
7798,1529,2022-09-27,13255.74,Entregado,Web,Chiclayo,Efectivo
7799,1339,2023-07-23,21940.73,Entregado,"Tienda física",Lima,Yape
7800,1900,2024-04-18,1002.51,Entregado,Web,Arequipa,Efectivo
7801,1970,2023-05-19,7917.90,"En camino",App,Lima,"Tarjeta de crédito"
7802,2881,2022-02-05,19244.02,Entregado,Web,Cajamarca,Efectivo
7803,1485,2024-05-31,1378.05,Entregado,App,Iquitos,Efectivo
7804,2274,2022-09-04,26863.88,Entregado,"Tienda física",Cusco,Efectivo
7805,2911,2024-04-20,8269.65,Entregado,Web,Huancayo,Efectivo
7806,2453,2022-10-02,2420.68,Cancelado,"Tienda física",Cajamarca,"Tarjeta de débito"
7807,1327,2022-06-02,2069.82,Entregado,App,Huancayo,"Tarjeta de débito"
7808,1459,2024-01-17,6127.38,Entregado,"Tienda física",Iquitos,Efectivo
7809,2477,2024-06-04,16729.95,"En camino",Web,Cusco,"Tarjeta de débito"
7810,2096,2023-05-02,10923.66,Cancelado,App,Piura,"Tarjeta de crédito"
7811,2777,2023-10-10,2356.90,Devuelto,Web,Cajamarca,"Tarjeta de crédito"
7812,1693,2022-09-27,165.81,Cancelado,App,Arequipa,Efectivo
7813,2335,2022-01-19,1607.94,Devuelto,"Tienda física",Iquitos,Efectivo
7814,1289,2022-01-02,832.48,Devuelto,"Tienda física",Huancayo,Yape
7815,1096,2024-07-27,6667.79,Cancelado,"Tienda física",Cajamarca,Efectivo
7816,1280,2024-06-11,905.69,Cancelado,Web,Iquitos,"Tarjeta de crédito"
7817,1489,2022-05-30,895.14,Entregado,App,Iquitos,"Tarjeta de crédito"
7818,2405,2023-10-03,1619.01,Cancelado,"Tienda física",Piura,"Tarjeta de crédito"
7819,1374,2022-03-27,9564.55,Entregado,"Tienda física",Cuzco,Efectivo
7820,1045,2023-08-16,6534.37,Devuelto,Web,Trujillo,Efectivo
7821,2179,2022-11-12,4346.37,Entregado,App,Chiclayo,Efectivo
7822,1193,2022-04-23,7663.79,Entregado,App,Piura,"Tarjeta de crédito"
7823,1515,2023-10-06,3829.54,Entregado,App,Huancayo,Efectivo
7824,2411,2024-02-29,7051.09,Devuelto,"Tienda física",Arequipa,"Tarjeta de débito"
7825,1001,2024-10-22,11682.21,Cancelado,App,Trujillo,Yape
7826,1134,2024-01-05,8040.66,Cancelado,App,Piura,Efectivo
7827,1867,2024-05-10,3663.69,Cancelado,Web,Huancayo,Efectivo
7828,2264,2024-07-01,10807.08,Devuelto,App,Cuzco,"Tarjeta de débito"
7829,1387,2024-08-01,2088.89,Devuelto,"Tienda física",Lima,"Tarjeta de crédito"
7830,1467,2022-06-08,4309.44,Devuelto,Web,Arequipa,Efectivo
7831,2559,2023-09-19,969.86,Cancelado,Web,Lima,"Tarjeta de crédito"
7832,2636,2023-01-24,1401.56,Entregado,"Tienda física",Tacna,Yape
7833,1359,2023-03-18,13542.52,"En camino","Tienda física",Lima,Efectivo
7834,2058,2024-05-15,15079.95,"En camino",Web,Arequipa,Efectivo
7835,1572,2022-02-19,1305.01,Entregado,App,Tacna,"Tarjeta de crédito"
7836,1601,2024-10-31,2403.84,"En camino",App,Arequipa,"Tarjeta de crédito"
7837,1284,2022-03-28,8493.95,Entregado,App,Lima,Efectivo
7838,1436,2022-03-19,18268.59,Entregado,Web,Chiclayo,Yape
7839,2970,2022-08-12,239.11,Devuelto,Web,Lima,Yape
7840,1609,2022-04-01,13413.37,Entregado,App,Cuzco,"Tarjeta de débito"
7841,2014,2022-06-11,21760.68,Cancelado,App,Tacna,Efectivo
7842,2352,2023-08-06,5736.22,Devuelto,Web,Chiclayo,"Tarjeta de débito"
7843,1145,2024-05-05,5502.40,Cancelado,"Tienda física",Arequipa,Yape
7844,2239,2022-07-16,6883.94,Cancelado,Web,Huancayo,"Tarjeta de débito"
7845,2211,2022-04-13,6713.96,"En camino","Tienda física",Cusco,Yape
7846,2076,2023-03-20,7626.50,Cancelado,Web,Piura,"Tarjeta de débito"
7847,1306,2022-11-01,6414.76,Devuelto,App,Arequipa,Yape
7848,2822,2024-09-21,7977.16,Cancelado,"Tienda física",Huancayo,"Tarjeta de débito"
7849,2246,2024-11-17,12244.28,"En camino",Web,Trujillo,"Tarjeta de crédito"
7850,1019,2024-12-10,16619.49,Cancelado,App,Cuzco,Yape
7851,2638,2024-10-22,12767.96,"En camino",Web,Tacna,Yape
7852,2378,2022-07-21,1239.76,Cancelado,"Tienda física",Lima,"Tarjeta de débito"
7853,1990,2023-03-01,10521.65,Devuelto,App,Tacna,"Tarjeta de crédito"
7854,1679,2022-03-20,457.72,Cancelado,"Tienda física",Lima,"Tarjeta de crédito"
7855,2680,2023-07-30,182.98,Devuelto,Web,Tacna,"Tarjeta de débito"
7856,1658,2024-03-11,2638.07,"En camino",App,Arequipa,Efectivo
7857,2766,2022-08-23,6382.81,"En camino",Web,Iquitos,Efectivo
7858,1173,2024-03-01,1369.03,"En camino",App,Huancayo,"Tarjeta de crédito"
7859,1673,2023-05-13,177.78,Entregado,Web,Arequipa,"Tarjeta de crédito"
7860,2726,2024-12-07,9948.09,Entregado,Web,Trujillo,Efectivo
7861,1551,2022-08-22,4028.81,Cancelado,"Tienda física",Cajamarca,Efectivo
7862,2414,2024-04-14,3106.27,Cancelado,App,Lima,Yape
7863,1701,2024-11-06,8979.94,Cancelado,App,Arequipa,Yape
7864,1260,2024-08-26,20201.19,"En camino",Web,Iquitos,Efectivo
7865,2837,2023-12-23,3714.12,"En camino",Web,Lima,Yape
7866,1797,2022-07-01,10344.82,"En camino",Web,Huancayo,"Tarjeta de débito"
7867,1118,2024-12-16,5898.89,Devuelto,"Tienda física",Arequipa,Efectivo
7868,2874,2023-12-25,956.06,Cancelado,Web,Chiclayo,Yape
7869,2897,2024-05-11,2645.95,Cancelado,Web,Tacna,Yape
7870,1907,2022-04-04,8043.30,"En camino","Tienda física",Lima,Yape
7871,1663,2023-12-19,4904.84,Devuelto,Web,Cusco,Efectivo
7872,1894,2022-03-14,6586.98,Cancelado,Web,Huancayo,Efectivo
7873,2165,2024-02-21,6972.52,Entregado,App,Arequipa,"Tarjeta de crédito"
7874,2413,2023-11-16,4029.15,Devuelto,App,Chiclayo,Yape
7875,2248,2024-03-30,1102.14,Entregado,App,Lima,Efectivo
7876,2275,2022-11-25,7540.40,Entregado,"Tienda física",Huancayo,Efectivo
7877,1143,2024-02-18,3948.71,"En camino","Tienda física",Chiclayo,Efectivo
7878,1414,2024-09-07,4533.72,"En camino",App,Iquitos,Yape
7879,2129,2022-12-27,3581.01,Devuelto,App,Arequipa,"Tarjeta de débito"
7880,2965,2024-12-09,5568.91,"En camino",App,Lima,Efectivo
7881,1453,2022-03-12,1805.11,Cancelado,App,Piura,Efectivo
7882,1255,2022-01-25,4328.00,Entregado,"Tienda física",Iquitos,Yape
7883,1061,2024-09-08,2266.86,Cancelado,"Tienda física",Tacna,Efectivo
7884,1008,2022-11-16,5712.58,Devuelto,App,Piura,Efectivo
7885,2468,2024-09-26,3387.57,Entregado,Web,Huancayo,Yape
7886,2705,2022-11-17,6677.31,"En camino","Tienda física",Piura,Yape
7887,1806,2022-01-04,1615.21,Entregado,"Tienda física",Chiclayo,Yape
7888,2616,2022-08-18,6817.48,"En camino",Web,Cusco,Efectivo
7889,1583,2023-08-18,11845.39,Entregado,"Tienda física",Trujillo,Efectivo
7890,1504,2024-07-05,1459.44,Devuelto,App,Arequipa,Efectivo
7891,1438,2022-11-13,1760.22,Devuelto,App,Chiclayo,Yape
7892,2380,2023-01-31,5797.34,"En camino","Tienda física",Lima,"Tarjeta de débito"
7893,1317,2024-07-27,16315.73,Cancelado,Web,Lima,Yape
7894,1378,2023-03-08,6548.47,Entregado,"Tienda física",Cajamarca,Yape
7895,2585,2023-12-22,14482.67,Cancelado,App,Cusco,Yape
7896,2554,2024-05-10,5336.71,Devuelto,App,Trujillo,Efectivo
7897,1886,2023-08-03,8856.60,Entregado,App,Iquitos,Yape
7898,2281,2022-02-06,4396.97,"En camino",App,Tacna,Yape
7899,2485,2024-08-12,6052.56,"En camino",Web,Tacna,Efectivo
7900,2596,2024-11-22,3217.32,"En camino",Web,Iquitos,"Tarjeta de crédito"
7901,1309,2023-04-03,8054.56,Entregado,App,Huancayo,Yape
7902,2872,2022-02-28,32.63,Entregado,App,Cuzco,Yape
7903,1263,2024-12-28,12682.29,Entregado,App,Cuzco,Yape
7904,2010,2023-03-31,12113.06,Devuelto,"Tienda física",Cajamarca,Yape
7905,1921,2022-04-12,7878.49,Cancelado,Web,Piura,Efectivo
7906,1958,2024-03-30,10938.50,"En camino",App,Huancayo,Efectivo
7907,1957,2024-06-27,12434.59,"En camino",Web,Lima,Efectivo
7908,1448,2024-12-01,12891.17,"En camino","Tienda física",Chiclayo,"Tarjeta de crédito"
7909,1418,2024-01-31,2216.18,Devuelto,"Tienda física",Arequipa,Efectivo
7910,2924,2022-07-31,2277.09,"En camino",Web,Tacna,Efectivo
7911,1155,2023-06-07,8647.83,"En camino","Tienda física",Lima,"Tarjeta de débito"
7912,1849,2023-12-11,12453.51,Entregado,App,Iquitos,Yape
7913,2816,2023-08-05,8682.45,Entregado,"Tienda física",Chiclayo,Efectivo
7914,2487,2023-02-23,42.87,Cancelado,"Tienda física",Chiclayo,Efectivo
7915,2037,2024-04-23,14903.72,Devuelto,App,Cajamarca,"Tarjeta de crédito"
7916,2434,2024-08-03,10699.70,Cancelado,App,Cusco,Efectivo
7917,2967,2022-06-12,1232.36,Devuelto,Web,Trujillo,Yape
7918,1070,2023-06-17,8525.91,"En camino",App,Huancayo,"Tarjeta de crédito"
7919,2956,2024-03-04,7243.66,Entregado,"Tienda física",Piura,"Tarjeta de débito"
7920,1816,2024-09-11,2695.71,Devuelto,App,Cusco,"Tarjeta de débito"
7921,1823,2023-06-24,9928.44,Cancelado,App,Cuzco,"Tarjeta de crédito"
7922,2902,2022-03-14,12547.60,Entregado,"Tienda física",Cuzco,"Tarjeta de débito"
7923,1612,2024-06-09,24955.26,Entregado,App,Trujillo,"Tarjeta de crédito"
7924,2496,2024-02-16,8413.81,Entregado,Web,Arequipa,"Tarjeta de débito"
7925,1980,2024-12-14,17665.03,"En camino",Web,Iquitos,Yape
7926,1058,2024-11-20,13151.85,Devuelto,App,Cajamarca,Efectivo
7927,2896,2024-05-05,24274.03,Entregado,App,Arequipa,Yape
7928,2644,2024-07-09,8530.58,Entregado,Web,Tacna,Efectivo
7929,1908,2024-02-03,6868.67,Devuelto,Web,Chiclayo,"Tarjeta de crédito"
7930,1008,2022-05-21,26699.79,"En camino",Web,Trujillo,Yape
7931,1425,2023-11-23,6930.99,Cancelado,Web,Huancayo,"Tarjeta de débito"
7932,2144,2024-10-03,13141.42,"En camino",App,Lima,Efectivo
7933,1741,2022-07-26,9045.95,Devuelto,App,Lima,Yape
7934,1108,2022-06-22,19272.65,"En camino",Web,Lima,Efectivo
7935,1488,2024-05-20,247.90,Cancelado,App,Piura,"Tarjeta de débito"
7936,1776,2023-09-16,4923.81,Cancelado,Web,Cusco,Efectivo
7937,2634,2023-12-27,439.16,"En camino","Tienda física",Cusco,Efectivo
7938,1071,2024-06-01,4776.86,"En camino","Tienda física",Cusco,Yape
7939,1687,2022-04-04,2044.85,"En camino",App,Arequipa,Yape
7940,2259,2023-12-21,8326.80,Devuelto,Web,Piura,"Tarjeta de débito"
7941,1642,2024-01-19,1911.21,Entregado,"Tienda física",Iquitos,"Tarjeta de débito"
7942,1348,2024-04-03,22615.58,"En camino","Tienda física",Cajamarca,Yape
7943,2278,2023-03-01,671.80,Devuelto,"Tienda física",Lima,Yape
7944,2032,2023-09-14,11830.91,Entregado,"Tienda física",Arequipa,"Tarjeta de crédito"
7945,2631,2023-05-25,535.98,Entregado,Web,Arequipa,"Tarjeta de débito"
7946,1624,2022-07-03,15623.83,Entregado,Web,Lima,Yape
7947,1278,2024-10-28,15500.85,"En camino","Tienda física",Huancayo,"Tarjeta de débito"
7948,2291,2022-04-10,1530.50,Entregado,"Tienda física",Cajamarca,Efectivo
7949,1590,2024-06-17,17006.98,Cancelado,Web,Huancayo,Efectivo
7950,1174,2023-03-06,15228.57,Cancelado,App,Huancayo,"Tarjeta de débito"
7951,2491,2022-10-28,14064.46,Devuelto,"Tienda física",Arequipa,"Tarjeta de débito"
7952,2688,2022-02-03,7057.72,Cancelado,App,Piura,"Tarjeta de crédito"
7953,1077,2022-03-08,6672.77,"En camino","Tienda física",Lima,"Tarjeta de crédito"
7954,2312,2022-10-03,4322.32,Cancelado,App,Lima,"Tarjeta de débito"
7955,1969,2023-12-17,5587.74,"En camino","Tienda física",Piura,Yape
7956,2621,2024-12-19,1452.07,"En camino",App,Cajamarca,"Tarjeta de débito"
7957,2451,2023-12-10,14077.46,Devuelto,Web,Chiclayo,Yape
7958,1610,2024-05-27,11932.11,Entregado,Web,Tacna,Efectivo
7959,2491,2023-11-10,8090.93,Entregado,"Tienda física",Tacna,Efectivo
7960,1110,2023-03-15,1528.93,Cancelado,Web,Arequipa,Efectivo
7961,1271,2023-05-07,8056.64,"En camino","Tienda física",Cajamarca,"Tarjeta de débito"
7962,2839,2024-08-19,10675.49,Entregado,App,Piura,Efectivo
7963,2016,2024-09-03,10892.85,Entregado,Web,Cajamarca,"Tarjeta de crédito"
7964,1554,2024-09-14,5366.43,Devuelto,App,Lima,Efectivo
7965,1038,2023-05-11,14043.60,Devuelto,App,Iquitos,Efectivo
7966,2384,2022-02-07,9745.34,Cancelado,"Tienda física",Chiclayo,Efectivo
7967,2328,2023-02-14,1477.31,"En camino","Tienda física",Arequipa,Efectivo
7968,2779,2022-07-23,4326.52,"En camino","Tienda física",Iquitos,"Tarjeta de débito"
7969,1890,2024-02-15,9926.99,Devuelto,Web,Trujillo,Efectivo
7970,1970,2024-10-11,10640.39,Entregado,Web,Lima,Efectivo
7971,2601,2024-09-12,682.35,"En camino",App,Piura,Efectivo
7972,2554,2022-08-10,5447.59,Devuelto,App,Cajamarca,Efectivo
7973,1752,2022-11-26,6547.76,Devuelto,"Tienda física",Cajamarca,Yape
7974,2037,2024-05-01,1182.92,Cancelado,"Tienda física",Tacna,"Tarjeta de débito"
7975,1343,2022-08-09,3866.25,"En camino",App,Lima,Efectivo
7976,1877,2024-01-31,1884.74,Devuelto,App,Cajamarca,Yape
7977,1929,2023-08-03,1719.65,Devuelto,"Tienda física",Piura,Efectivo
7978,1861,2024-09-11,13767.75,"En camino",App,Cajamarca,Yape
7979,1283,2022-11-11,2082.32,Devuelto,App,Huancayo,Efectivo
7980,1761,2022-01-26,1698.03,Devuelto,App,Cusco,"Tarjeta de débito"
7981,2166,2022-07-31,5483.31,Cancelado,App,Cajamarca,Yape
7982,2897,2022-10-22,12509.67,Entregado,"Tienda física",Tacna,Yape
7983,1005,2023-06-22,9890.11,Cancelado,App,Huancayo,Yape
7984,2725,2022-04-28,15877.83,"En camino","Tienda física",Chiclayo,Yape
7985,2897,2022-10-11,2297.98,Devuelto,Web,Arequipa,Efectivo
7986,1881,2024-02-07,19513.76,Cancelado,"Tienda física",Chiclayo,"Tarjeta de débito"
7987,2701,2023-08-18,14026.45,Entregado,App,Huancayo,Yape
7988,1328,2023-11-22,8402.50,Entregado,Web,Cajamarca,Yape
7989,1029,2023-10-20,10443.64,Entregado,"Tienda física",Huancayo,Efectivo
7990,2726,2022-02-18,4804.37,Entregado,App,Arequipa,Efectivo
7991,1082,2022-04-29,3808.47,Devuelto,"Tienda física",Cusco,Efectivo
7992,1502,2023-12-02,4937.36,Cancelado,Web,Cusco,Efectivo
7993,2448,2023-08-29,9299.94,"En camino","Tienda física",Cajamarca,Yape
7994,1830,2022-03-06,1712.49,Devuelto,App,Tacna,Efectivo
7995,1391,2024-11-04,2600.02,"En camino",App,Piura,"Tarjeta de débito"
7996,2649,2022-03-16,8180.00,Entregado,Web,Arequipa,Efectivo
7997,2042,2023-03-04,2193.43,Entregado,Web,Cusco,"Tarjeta de crédito"
7998,2357,2024-10-12,14821.98,"En camino",Web,Cusco,Yape
7999,1731,2024-04-02,10121.09,Cancelado,Web,Arequipa,"Tarjeta de débito"
8000,2300,2024-07-27,12627.12,Entregado,"Tienda física",Trujillo,Yape
8001,2735,2023-05-01,1012.65,Cancelado,Web,Chiclayo,"Tarjeta de crédito"
8002,2626,2024-12-01,3050.56,Cancelado,"Tienda física",Huancayo,"Tarjeta de crédito"
8003,2659,2024-11-10,11733.52,Cancelado,"Tienda física",Piura,Efectivo
8004,2933,2024-09-06,793.49,Entregado,"Tienda física",Lima,Efectivo
8005,1827,2022-10-04,20386.92,"En camino",Web,Huancayo,Yape
8006,2809,2023-09-27,14491.63,Devuelto,App,Huancayo,"Tarjeta de crédito"
8007,2957,2024-02-13,9559.68,"En camino",Web,Cajamarca,Yape
8008,2630,2022-07-19,401.05,Devuelto,"Tienda física",Piura,Efectivo
8009,1538,2024-03-13,1221.21,Cancelado,Web,Chiclayo,Efectivo
8010,2938,2023-03-16,2830.82,Cancelado,App,Chiclayo,Efectivo
8011,1844,2022-01-28,8120.20,Devuelto,Web,Trujillo,Efectivo
8012,2493,2023-02-19,3865.05,Cancelado,"Tienda física",Iquitos,"Tarjeta de débito"
8013,1146,2020-06-10,16078.93,Devuelto,App,Cusco,Efectivo
8014,1580,2023-05-25,2145.18,Devuelto,App,Trujillo,Efectivo
8015,2175,2024-12-13,1361.38,"En camino",App,Chiclayo,Efectivo
8016,1918,2023-03-27,2221.14,Devuelto,"Tienda física",Tacna,Efectivo
8017,1548,2022-05-02,6379.04,"En camino",Web,Cajamarca,"Tarjeta de crédito"
8018,1646,2022-02-26,4196.06,"En camino",Web,Cajamarca,Efectivo
8019,2219,2022-03-03,7951.23,"En camino","Tienda física",Piura,Efectivo
8020,1995,2022-06-12,9694.04,Cancelado,"Tienda física",Cajamarca,"Tarjeta de crédito"
8021,2323,2023-08-20,6963.75,"En camino","Tienda física",Cajamarca,Efectivo
8022,2201,2023-04-03,11122.56,Devuelto,"Tienda física",Arequipa,"Tarjeta de crédito"
8023,1428,2023-10-03,3341.17,"En camino",App,Cajamarca,Efectivo
8024,1214,2022-11-19,6784.10,Devuelto,App,Huancayo,"Tarjeta de débito"
8025,2071,2023-09-22,4856.88,"En camino",Web,Lima,"Tarjeta de crédito"
8026,2896,2023-04-08,6035.01,Entregado,Web,Arequipa,"Tarjeta de débito"
8027,1446,2022-02-06,1321.96,Devuelto,App,Piura,Yape
8028,2203,2024-10-04,2856.15,Devuelto,App,Trujillo,Yape
8029,2432,2023-07-24,7605.77,"En camino",Web,Cusco,Yape
8030,2578,2022-08-06,4725.46,Devuelto,App,Trujillo,Yape
8031,2169,2024-06-15,9468.55,Cancelado,"Tienda física",Lima,Efectivo
8032,2392,2024-04-25,10767.39,Devuelto,Web,Chiclayo,Efectivo
8033,1993,2023-10-06,931.41,"En camino",App,Huancayo,Yape
8034,2534,2023-07-10,642.23,Devuelto,"Tienda física",Lima,Efectivo
8035,2177,2024-04-26,3952.19,Entregado,App,Tacna,Efectivo
8036,2718,2024-03-04,1972.52,Cancelado,App,Huancayo,"Tarjeta de crédito"
8037,2110,2022-11-09,908.56,Entregado,"Tienda física",Tacna,"Tarjeta de crédito"
8038,2451,2024-11-14,5012.38,Entregado,App,Trujillo,Yape
8039,1569,2024-10-13,1764.86,Entregado,App,Arequipa,Efectivo
8040,2725,2023-02-03,2443.91,Cancelado,App,Arequipa,"Tarjeta de débito"
8041,2226,2024-01-06,7548.80,"En camino",Web,Cusco,Efectivo
8042,2618,2022-07-24,9374.40,"En camino",Web,Lima,"Tarjeta de crédito"
8043,1159,2024-12-04,1479.65,"En camino",Web,Trujillo,"Tarjeta de crédito"
8044,1528,2024-02-13,6872.26,Devuelto,App,Lima,Yape
8045,2227,2022-11-18,10946.22,"En camino",Web,Piura,Efectivo
8046,2872,2022-10-25,3181.82,"En camino",App,Arequipa,"Tarjeta de crédito"
8047,2447,2023-11-21,5345.90,Cancelado,Web,Tacna,"Tarjeta de crédito"
8048,2037,2022-11-14,13534.14,Cancelado,"Tienda física",Arequipa,Yape
8049,1876,2024-07-15,6037.44,"En camino",App,Chiclayo,Efectivo
8050,1071,2023-11-02,4746.62,Devuelto,Web,Iquitos,Yape
8051,2207,2024-04-07,9711.98,"En camino","Tienda física",Cajamarca,Yape
8052,2516,2022-04-25,18891.72,Cancelado,"Tienda física",Cajamarca,"Tarjeta de crédito"
8053,2271,2022-01-09,9961.55,"En camino",Web,Tacna,Yape
8054,2821,2022-12-06,3575.28,"En camino","Tienda física",Cajamarca,Yape
8055,1646,2022-09-18,2479.10,"En camino","Tienda física",Tacna,"Tarjeta de crédito"
8056,2667,2023-05-27,10378.49,Devuelto,Web,Cajamarca,"Tarjeta de crédito"
8057,1643,2022-03-18,2876.96,Entregado,Web,Huancayo,Efectivo
8058,1030,2022-09-23,6031.29,"En camino",Web,Trujillo,Yape
8059,2776,2023-04-05,451.28,Entregado,"Tienda física",Arequipa,"Tarjeta de débito"
8060,1578,2023-08-11,11512.15,"En camino","Tienda física",Arequipa,Yape
8061,2224,2022-03-21,8774.54,"En camino","Tienda física",Huancayo,Yape
8062,2439,2024-02-02,2990.12,Entregado,App,Lima,Efectivo
8063,2640,2024-02-22,10651.47,"En camino","Tienda física",Tacna,"Tarjeta de crédito"
8064,2356,2024-08-16,4199.00,Devuelto,App,Tacna,Efectivo
8065,1426,2024-07-13,5506.20,Cancelado,"Tienda física",Cajamarca,"Tarjeta de débito"
8066,1293,2022-07-29,1900.12,Cancelado,"Tienda física",Piura,Efectivo
8067,2687,2023-01-13,11892.00,Devuelto,Web,Tacna,"Tarjeta de débito"
8068,1854,2024-01-07,13827.06,Entregado,App,Lima,Efectivo
8069,2588,2022-06-11,6765.28,Devuelto,"Tienda física",Arequipa,Efectivo
8070,2787,2024-01-26,7352.86,"En camino",Web,Tacna,Yape
8071,1894,2024-11-28,13313.49,Entregado,"Tienda física",Cusco,"Tarjeta de crédito"
8072,1608,2022-03-31,530.37,Entregado,App,Piura,Efectivo
8073,1444,2023-06-22,7655.69,Entregado,"Tienda física",Piura,"Tarjeta de crédito"
8074,1262,2022-07-29,12305.76,Devuelto,App,Tacna,"Tarjeta de débito"
8075,1270,2024-11-23,6788.18,Entregado,"Tienda física",Trujillo,"Tarjeta de débito"
8076,2527,2022-12-06,4211.89,Cancelado,Web,Trujillo,Efectivo
8077,1456,2024-11-04,16650.92,Devuelto,"Tienda física",Arequipa,Efectivo
8078,2998,2022-01-25,2138.48,"En camino",Web,Huancayo,"Tarjeta de débito"
8079,2210,2023-11-21,1171.67,"En camino","Tienda física",Iquitos,"Tarjeta de débito"
8080,1527,2022-05-23,18659.33,"En camino",App,Tacna,Efectivo
8081,2830,2024-04-25,6549.32,"En camino",App,Tacna,Yape
8082,1781,2024-04-04,4932.18,Cancelado,Web,Chiclayo,"Tarjeta de débito"
8083,1208,2024-06-02,10556.68,Cancelado,Web,Cajamarca,"Tarjeta de débito"
8084,1268,2022-03-30,5089.58,Entregado,Web,Huancayo,"Tarjeta de débito"
8085,1207,2022-08-24,523.23,Cancelado,App,Tacna,Efectivo
8086,1322,2023-01-04,12731.89,Cancelado,Web,Iquitos,Efectivo
8087,2472,2023-03-22,10515.62,Cancelado,Web,Huancayo,Efectivo
8088,2123,2022-09-18,4446.48,"En camino",Web,Lima,"Tarjeta de débito"
8089,2200,2024-09-26,11699.65,Entregado,App,Tacna,"Tarjeta de crédito"
8090,2442,2024-12-15,5361.65,Devuelto,Web,Trujillo,"Tarjeta de débito"
8091,2914,2023-08-25,12579.30,Devuelto,Web,Lima,Yape
8092,2804,2023-07-19,10711.80,Entregado,Web,Lima,"Tarjeta de débito"
8093,2093,2024-09-22,10070.52,Entregado,App,Piura,"Tarjeta de débito"
8094,2650,2022-03-10,9473.16,Entregado,App,Tacna,Efectivo
8095,2334,2024-02-21,16890.83,Entregado,App,Lima,"Tarjeta de débito"
8096,1153,2023-02-01,2260.12,Devuelto,"Tienda física",Cuzco,"Tarjeta de crédito"
8097,2353,2024-05-02,4932.18,Devuelto,Web,Huancayo,"Tarjeta de crédito"
8098,2776,2022-06-19,6713.30,Devuelto,App,Iquitos,"Tarjeta de crédito"
8099,2865,2023-10-31,2519.57,"En camino","Tienda física",Huancayo,Yape
8100,1214,2022-10-15,18669.36,Cancelado,Web,Arequipa,"Tarjeta de débito"
8101,1675,2024-08-28,7986.32,Devuelto,App,Trujillo,"Tarjeta de débito"
8102,2262,2024-03-11,1687.66,Entregado,App,Chiclayo,Efectivo
8103,1591,2023-10-24,8751.23,"En camino","Tienda física",Cuzco,"Tarjeta de débito"
8104,2152,2023-08-01,10260.13,Entregado,"Tienda física",Cajamarca,Yape
8105,2911,2023-09-13,16296.86,"En camino",App,Arequipa,"Tarjeta de débito"
8106,1696,2023-09-13,15756.87,Cancelado,Web,Piura,Yape
8107,1467,2022-11-15,6277.60,Devuelto,App,Cajamarca,Efectivo
8108,1516,2022-01-31,1272.35,Entregado,"Tienda física",Cusco,"Tarjeta de crédito"
8109,1034,2022-10-24,14870.72,"En camino",Web,Arequipa,"Tarjeta de débito"
8110,1009,2022-11-24,8587.25,Cancelado,"Tienda física",Arequipa,Yape
8111,2434,2023-06-16,3788.90,Devuelto,"Tienda física",Trujillo,Yape
8112,1150,2022-11-02,30046.72,"En camino",Web,Tacna,Efectivo
8113,1374,2023-05-30,3612.59,Devuelto,App,Huancayo,Efectivo
8114,2403,2024-03-15,21780.10,"En camino",Web,Cajamarca,Yape
8115,1923,2023-01-27,5440.68,Cancelado,"Tienda física",Piura,Yape
8116,1895,2022-05-25,1693.11,"En camino","Tienda física",Trujillo,"Tarjeta de débito"
8117,2519,2023-05-16,3073.92,Devuelto,App,Cajamarca,Efectivo
8118,2432,2024-08-03,8236.60,Devuelto,App,Cusco,"Tarjeta de débito"
8119,2883,2023-04-26,923.28,Cancelado,App,Tacna,Efectivo
8120,2794,2024-08-04,10742.39,Devuelto,"Tienda física",Tacna,"Tarjeta de débito"
8121,1335,2022-06-07,4672.34,Entregado,App,Trujillo,Efectivo
8122,1282,2023-09-07,12849.02,Devuelto,App,Huancayo,Yape
8123,2863,2024-01-22,503.28,Entregado,Web,Cusco,Yape
8124,1396,2022-03-27,6712.62,Devuelto,App,Cajamarca,"Tarjeta de crédito"
8125,2673,2023-04-09,1407.90,Devuelto,"Tienda física",Huancayo,"Tarjeta de crédito"
8126,2212,2022-05-31,7722.11,Devuelto,Web,Lima,Yape
8127,2992,2022-08-14,104.61,"En camino",Web,Piura,"Tarjeta de crédito"
8128,2088,2024-12-27,2818.68,"En camino","Tienda física",Lima,Efectivo
8129,2441,2022-03-06,4483.08,Entregado,Web,Cajamarca,Efectivo
8130,2875,2022-11-09,12168.30,"En camino",App,Iquitos,Yape
8131,1623,2024-02-18,6641.30,Cancelado,Web,Chiclayo,Yape
8132,2924,2024-02-19,8013.65,Entregado,App,Arequipa,Yape
8133,2020,2022-09-07,4462.11,Devuelto,App,Piura,Yape
8134,1615,2023-06-24,13798.79,"En camino","Tienda física",Arequipa,"Tarjeta de débito"
8135,1354,2022-09-06,3489.08,Cancelado,"Tienda física",Cajamarca,Efectivo
8136,2694,2023-05-25,7152.73,Entregado,Web,Cusco,"Tarjeta de débito"
8137,2822,2024-04-17,1932.00,Devuelto,"Tienda física",Arequipa,"Tarjeta de crédito"
8138,2903,2022-01-14,683.04,Entregado,"Tienda física",Iquitos,"Tarjeta de crédito"
8139,2305,2024-02-24,7134.29,Entregado,App,Cusco,"Tarjeta de débito"
8140,1331,2022-06-24,7218.86,"En camino",Web,Lima,Efectivo
8141,1699,2022-02-20,1553.53,Cancelado,"Tienda física",Huancayo,Efectivo
8142,1815,2023-06-25,19031.00,Entregado,Web,Tacna,Efectivo
8143,2465,2024-07-19,11416.26,Cancelado,"Tienda física",Chiclayo,"Tarjeta de crédito"
8144,1945,2022-07-09,15768.30,Devuelto,"Tienda física",Trujillo,"Tarjeta de crédito"
8145,2529,2024-10-23,12236.00,Entregado,"Tienda física",Huancayo,Efectivo
8146,2033,2022-09-12,10114.70,"En camino",App,Piura,"Tarjeta de crédito"
8147,2426,2022-07-28,5514.05,"En camino",Web,Tacna,Efectivo
8148,2007,2022-09-14,3105.86,Devuelto,Web,Tacna,Efectivo
8149,1132,2023-10-08,15313.77,"En camino",App,Chiclayo,Efectivo
8150,2736,2024-02-14,19402.69,Entregado,Web,Iquitos,Efectivo
8151,2052,2022-10-20,9603.04,Cancelado,"Tienda física",Cusco,Efectivo
8152,2586,2023-09-15,3430.48,"En camino",Web,Iquitos,"Tarjeta de débito"
8153,2027,2024-09-22,14083.31,"En camino",App,Arequipa,Yape
8154,2078,2024-04-18,1904.33,"En camino",App,Huancayo,Yape
8155,1290,2023-03-09,8576.36,Devuelto,Web,Cajamarca,"Tarjeta de débito"
8156,2862,2023-08-16,3252.19,Devuelto,Web,Cuzco,Efectivo
8157,2977,2022-05-10,1985.55,"En camino",Web,Trujillo,Efectivo
8158,1264,2022-04-03,6922.60,"En camino",Web,Piura,"Tarjeta de débito"
8159,1420,2023-03-28,3528.83,Entregado,Web,Lima,Efectivo
8160,1923,2023-06-21,7708.10,Cancelado,"Tienda física",Cajamarca,"Tarjeta de débito"
8161,2077,2022-06-10,5884.17,Devuelto,Web,Cuzco,Yape
8162,2317,2023-07-30,326.70,Entregado,App,Piura,Efectivo
8163,2119,2022-07-10,13904.46,Cancelado,"Tienda física",Cajamarca,"Tarjeta de débito"
8164,2330,2023-02-10,9822.09,Entregado,Web,Cusco,"Tarjeta de crédito"
8165,1990,2022-05-23,6239.12,Devuelto,Web,Cuzco,"Tarjeta de crédito"
8166,1119,2024-11-22,14729.02,Cancelado,Web,Tacna,"Tarjeta de débito"
8167,1676,2022-08-01,5596.34,Devuelto,Web,Chiclayo,"Tarjeta de crédito"
8168,2347,2022-08-16,4513.39,Cancelado,Web,Piura,"Tarjeta de crédito"
8169,2120,2022-08-01,9313.04,Entregado,Web,Cajamarca,Efectivo
8170,2992,2023-10-02,3861.98,Cancelado,App,Cuzco,Efectivo
8171,2737,2022-01-20,392.04,"En camino",Web,Lima,"Tarjeta de crédito"
8172,1595,2023-12-02,1217.38,"En camino",Web,Piura,Yape
8173,1139,2022-06-25,19073.21,Entregado,App,Huancayo,Yape
8174,1795,2023-04-20,16235.46,Cancelado,App,Tacna,Yape
8175,2070,2022-11-17,20685.04,Cancelado,App,Piura,Efectivo
8176,1102,2023-10-07,7543.07,"En camino",App,Trujillo,"Tarjeta de crédito"
8177,1788,2022-08-26,6718.75,"En camino",App,Arequipa,"Tarjeta de crédito"
8178,2429,2024-06-30,9142.84,Cancelado,Web,Huancayo,"Tarjeta de débito"
8179,1158,2022-01-05,1517.20,Cancelado,App,Lima,"Tarjeta de débito"
8180,2498,2023-09-27,1131.19,Cancelado,App,Trujillo,"Tarjeta de débito"
8181,1410,2023-10-01,3628.60,"En camino","Tienda física",Tacna,Efectivo
8182,2430,2024-07-11,7793.22,Entregado,"Tienda física",Iquitos,Yape
8183,2482,2022-03-20,7213.05,Cancelado,"Tienda física",Arequipa,"Tarjeta de débito"
8184,1524,2024-10-25,8702.23,"En camino",App,Cusco,"Tarjeta de crédito"
8185,2179,2024-01-10,10109.44,"En camino","Tienda física",Trujillo,Yape
8186,2316,2024-04-28,6999.99,"En camino",Web,Trujillo,Efectivo
8187,1758,2022-01-03,1791.45,Devuelto,"Tienda física",Iquitos,"Tarjeta de débito"
8188,1821,2023-07-17,17144.74,Entregado,"Tienda física",Cajamarca,Efectivo
8189,1627,2022-04-08,4857.27,Entregado,"Tienda física",Chiclayo,Yape
8190,1958,2024-03-02,804.76,Devuelto,App,Cuzco,"Tarjeta de crédito"
8191,2532,2024-07-17,11905.09,Cancelado,Web,Piura,"Tarjeta de crédito"
8192,2178,2022-07-24,2143.43,Devuelto,"Tienda física",Tacna,Efectivo
8193,2228,2023-08-30,10371.17,"En camino",Web,Tacna,Yape
8194,2099,2024-10-27,10978.30,Cancelado,Web,Trujillo,"Tarjeta de débito"
8195,2992,2024-07-28,4316.41,"En camino","Tienda física",Lima,"Tarjeta de débito"
8196,2782,2024-12-14,1290.09,Entregado,"Tienda física",Tacna,"Tarjeta de débito"
8197,2984,2023-03-12,7909.50,"En camino",App,Cajamarca,"Tarjeta de débito"
8198,1556,2022-05-22,281.42,Cancelado,Web,Chiclayo,Yape
8199,1802,2022-02-14,9905.39,Devuelto,App,Piura,"Tarjeta de crédito"
8200,1051,2023-02-10,7589.55,Cancelado,Web,Tacna,Yape
8201,2543,2022-08-03,9747.74,Cancelado,"Tienda física",Cusco,"Tarjeta de débito"
8202,2392,2023-06-22,23804.89,Devuelto,Web,Tacna,"Tarjeta de crédito"
8203,1665,2023-12-26,4126.66,Entregado,App,Tacna,Efectivo
8204,2056,2024-03-09,3383.84,Cancelado,Web,Chiclayo,Efectivo
8205,1878,2023-07-11,181.71,Cancelado,Web,Cajamarca,Yape
8206,2407,2023-10-07,7012.63,Entregado,Web,Lima,"Tarjeta de débito"
8207,1909,2024-08-28,2420.98,Devuelto,App,Cusco,Yape
8208,2277,2022-09-14,3466.94,"En camino",Web,Trujillo,Yape
8209,1552,2022-11-09,6733.78,Entregado,App,Piura,Efectivo
8210,2162,2024-07-26,8852.28,Cancelado,"Tienda física",Cusco,"Tarjeta de crédito"
8211,2588,2023-11-03,8441.98,Entregado,"Tienda física",Huancayo,Efectivo
8212,2632,2024-08-25,16071.69,Entregado,App,Trujillo,"Tarjeta de crédito"
8213,1793,2023-07-05,10516.09,Devuelto,App,Tacna,"Tarjeta de crédito"
8214,1395,2022-04-22,2787.96,Entregado,Web,Huancayo,"Tarjeta de crédito"
8215,2810,2024-07-20,6256.78,Devuelto,"Tienda física",Cajamarca,"Tarjeta de débito"
8216,2390,2023-07-03,10847.50,Devuelto,"Tienda física",Cajamarca,Efectivo
8217,2110,2022-02-25,903.15,Cancelado,"Tienda física",Arequipa,Yape
8218,1495,2023-04-01,9818.51,"En camino","Tienda física",Cuzco,"Tarjeta de débito"
8219,2989,2023-03-16,925.19,"En camino",Web,Lima,"Tarjeta de débito"
8220,1008,2024-07-10,1819.07,Cancelado,"Tienda física",Cajamarca,Yape
8221,2754,2023-06-28,3738.37,Cancelado,App,Arequipa,"Tarjeta de débito"
8222,2272,2023-06-13,10905.52,"En camino","Tienda física",Arequipa,Yape
8223,2758,2024-12-11,23610.39,Devuelto,Web,Piura,"Tarjeta de crédito"
8224,2881,2024-07-10,167.95,Entregado,App,Arequipa,Yape
8225,1911,2022-01-08,11916.78,Cancelado,"Tienda física",Chiclayo,"Tarjeta de crédito"
8226,1316,2023-04-16,217.42,Devuelto,Web,Arequipa,"Tarjeta de crédito"
8227,1413,2023-05-21,1382.18,Cancelado,"Tienda física",Cajamarca,"Tarjeta de crédito"
8228,1809,2022-08-07,17193.43,Cancelado,"Tienda física",Chiclayo,Efectivo
8229,2647,2023-04-14,7935.98,"En camino","Tienda física",Iquitos,"Tarjeta de crédito"
8230,1245,2024-03-16,8532.79,Devuelto,"Tienda física",Cajamarca,"Tarjeta de crédito"
8231,1104,2023-08-15,244.32,"En camino","Tienda física",Trujillo,Efectivo
8232,2720,2022-07-02,9154.74,Entregado,"Tienda física",Chiclayo,"Tarjeta de crédito"
8233,2113,2023-01-16,5399.93,Devuelto,App,Cuzco,"Tarjeta de débito"
8234,1122,2024-04-08,2545.32,Cancelado,App,Arequipa,Efectivo
8235,2176,2023-09-08,4286.85,Devuelto,Web,Chiclayo,"Tarjeta de débito"
8236,2803,2022-05-26,5664.72,Entregado,App,Chiclayo,Efectivo
8237,1289,2022-01-09,1415.03,Cancelado,Web,Huancayo,"Tarjeta de débito"
8238,1855,2024-02-29,5631.12,"En camino",App,Cusco,Efectivo
8239,1172,2022-02-04,11025.71,Cancelado,App,Lima,"Tarjeta de crédito"
8240,1787,2023-04-05,35587.98,Entregado,"Tienda física",Iquitos,Efectivo
8241,1821,2022-12-10,18964.59,"En camino","Tienda física",Trujillo,Yape
8242,1272,2024-05-23,5354.70,Entregado,"Tienda física",Chiclayo,"Tarjeta de crédito"
8243,1016,2024-07-12,6989.00,"En camino",Web,Lima,"Tarjeta de débito"
8244,1203,2023-12-20,13363.28,Cancelado,"Tienda física",Piura,Efectivo
8245,1858,2023-04-24,2260.88,"En camino",Web,Iquitos,Efectivo
8246,1661,2022-05-14,8190.00,Entregado,App,Tacna,Efectivo
8247,1730,2022-04-04,8104.26,Devuelto,App,Tacna,Efectivo
8248,2845,2023-12-14,3954.08,Cancelado,App,Arequipa,Yape
8249,1653,2024-09-28,15214.21,Cancelado,"Tienda física",Cusco,"Tarjeta de crédito"
8250,2501,2024-03-23,498.89,Devuelto,"Tienda física",Iquitos,"Tarjeta de crédito"
8251,1921,2023-05-10,2919.33,"En camino",App,Lima,"Tarjeta de crédito"
8252,2402,2022-06-29,4371.24,Entregado,App,Trujillo,"Tarjeta de débito"
8253,2038,2022-03-16,6537.01,"En camino","Tienda física",Iquitos,Efectivo
8254,1833,2022-06-16,2053.85,"En camino",App,Piura,Efectivo
8255,2948,2022-02-24,26441.58,"En camino",App,Piura,Yape
8256,1569,2024-12-29,3226.56,Cancelado,"Tienda física",Huancayo,"Tarjeta de crédito"
8257,1677,2024-04-11,5864.21,Devuelto,"Tienda física",Trujillo,"Tarjeta de débito"
8258,2023,2023-11-12,10487.16,Entregado,"Tienda física",Piura,Efectivo
8259,2363,2023-08-28,1743.83,Cancelado,App,Arequipa,Yape
8260,2899,2024-04-13,9758.10,Cancelado,App,Cajamarca,Yape
8261,2071,2022-07-13,9617.76,"En camino","Tienda física",Arequipa,Yape
8262,2940,2022-12-06,10484.43,"En camino",App,Cusco,Efectivo
8263,1817,2023-10-22,1253.98,Devuelto,Web,Iquitos,Efectivo
8264,1661,2023-04-08,719.97,Cancelado,App,Lima,Yape
8265,1672,2024-03-22,11429.36,Cancelado,App,Chiclayo,Yape
8266,2540,2022-03-18,11810.13,"En camino",App,Piura,Efectivo
8267,2554,2024-03-06,16506.18,Entregado,Web,Piura,"Tarjeta de crédito"
8268,1735,2023-08-15,2120.84,"En camino",Web,Lima,Efectivo
8269,2820,2022-02-13,26558.53,"En camino",Web,Cajamarca,Efectivo
8270,2011,2022-05-06,11320.25,Cancelado,"Tienda física",Cusco,Yape
8271,1722,2023-07-30,4952.05,Entregado,Web,Cusco,Efectivo
8272,1205,2024-06-21,420.40,Devuelto,"Tienda física",Arequipa,"Tarjeta de crédito"
8273,2979,2023-08-19,16419.80,Entregado,"Tienda física",Huancayo,Efectivo
8274,1353,2024-12-03,9817.26,Entregado,"Tienda física",Huancayo,Efectivo
8275,1522,2024-03-30,2575.88,Cancelado,"Tienda física",Arequipa,Yape
8276,1964,2024-08-08,20469.44,Entregado,App,Tacna,Yape
8277,1883,2023-09-08,2611.95,Entregado,App,Trujillo,Yape
8278,1563,2024-02-15,7516.18,"En camino",Web,Piura,Yape
8279,1012,2024-11-28,11048.07,"En camino",App,Cajamarca,Efectivo
8280,1015,2023-07-11,314.09,Cancelado,Web,Tacna,Efectivo
8281,1108,2024-11-07,17360.56,Devuelto,Web,Cajamarca,"Tarjeta de crédito"
8282,1792,2026-03-01,3701.98,"En camino",Web,Tacna,"Tarjeta de débito"
8283,2073,2024-11-24,22793.35,Cancelado,"Tienda física",Lima,Efectivo
8284,1915,2020-06-10,13040.13,Cancelado,App,Tacna,Efectivo
8285,1692,2024-08-15,11891.27,"En camino",App,Tacna,Efectivo
8286,2068,2022-01-25,7883.44,Entregado,Web,Lima,"Tarjeta de débito"
8287,2612,2023-05-20,14682.82,Devuelto,Web,Cusco,Yape
8288,2658,2024-04-10,1831.00,Entregado,"Tienda física",Huancayo,"Tarjeta de crédito"
8289,1850,2022-08-07,12891.77,"En camino",Web,Tacna,Efectivo
8290,2656,2022-02-21,2841.82,Devuelto,App,Trujillo,Efectivo
8291,2088,2022-04-20,1163.17,Cancelado,"Tienda física",Arequipa,"Tarjeta de débito"
8292,2753,2024-07-22,4400.48,Cancelado,"Tienda física",Piura,Yape
8293,1272,2024-08-17,11394.45,"En camino","Tienda física",Arequipa,Efectivo
8294,1597,2022-01-09,1409.44,"En camino",App,Huancayo,"Tarjeta de crédito"
8295,2400,2022-05-28,10307.09,"En camino","Tienda física",Piura,"Tarjeta de crédito"
8296,1118,2024-06-29,3314.62,Devuelto,Web,Cusco,Efectivo
8297,1732,2024-09-22,4621.54,Cancelado,"Tienda física",Tacna,"Tarjeta de crédito"
8298,1147,2023-03-31,762.60,"En camino",App,Arequipa,Efectivo
8299,1850,2024-09-11,5355.99,Entregado,App,Chiclayo,"Tarjeta de débito"
8300,1784,2023-10-04,4548.74,Cancelado,"Tienda física",Iquitos,Efectivo
8301,1723,2023-09-27,15868.38,"En camino",Web,Cajamarca,Efectivo
8302,1523,2023-02-09,10070.40,Cancelado,"Tienda física",Trujillo,Yape
8303,1666,2023-02-18,2573.49,Devuelto,"Tienda física",Cusco,"Tarjeta de crédito"
8304,1219,2022-03-17,17166.16,"En camino","Tienda física",Cusco,Efectivo
8305,1316,2024-06-28,3396.06,Devuelto,App,Piura,Yape
8306,1359,2024-12-16,14026.15,Entregado,Web,Tacna,Efectivo
8307,2827,2022-07-31,1779.98,Entregado,Web,Cuzco,Yape
8308,1526,2022-08-15,20601.93,"En camino",App,Cajamarca,Yape
8309,2765,2022-06-01,487.96,"En camino",Web,Tacna,Efectivo
8310,1620,2024-06-24,963.18,Devuelto,"Tienda física",Cajamarca,Efectivo
8311,1533,2022-08-07,12865.94,Cancelado,App,Chiclayo,Efectivo
8312,1141,2024-05-16,16277.87,Cancelado,"Tienda física",Cajamarca,"Tarjeta de débito"
8313,2577,2022-04-17,8288.30,Entregado,"Tienda física",Cusco,Efectivo
8314,2050,2022-03-16,8342.37,Devuelto,App,Cajamarca,"Tarjeta de débito"
8315,2206,2023-07-24,19399.19,Cancelado,"Tienda física",Tacna,Yape
8316,2253,2022-02-18,16839.22,Devuelto,App,Huancayo,Efectivo
8317,1968,2022-12-15,1793.31,Devuelto,"Tienda física",Piura,Yape
8318,2911,2022-07-10,9423.70,Entregado,Web,Tacna,"Tarjeta de débito"
8319,1607,2023-07-03,3923.31,"En camino",Web,Cusco,"Tarjeta de crédito"
8320,1011,2023-08-10,6838.63,Entregado,"Tienda física",Cajamarca,Efectivo
8321,1295,2023-08-25,10130.43,"En camino","Tienda física",Piura,"Tarjeta de crédito"
8322,2642,2022-06-26,21156.91,"En camino",App,Arequipa,"Tarjeta de crédito"
8323,2737,2024-01-01,2751.20,Devuelto,Web,Iquitos,Yape
8324,2707,2023-11-16,21391.82,"En camino",App,Iquitos,"Tarjeta de débito"
8325,1414,2024-05-16,2160.27,Entregado,Web,Cajamarca,"Tarjeta de débito"
8326,1413,2024-07-05,6244.17,Entregado,"Tienda física",Piura,"Tarjeta de débito"
8327,2084,2023-07-27,3598.38,Devuelto,Web,Iquitos,"Tarjeta de débito"
8328,1833,2023-04-11,1641.09,"En camino",App,Lima,"Tarjeta de crédito"
8329,2869,2023-04-21,9197.36,Entregado,Web,Arequipa,"Tarjeta de crédito"
8330,2095,2023-04-23,12986.68,"En camino","Tienda física",Arequipa,Yape
8331,1873,2024-11-28,2287.80,Devuelto,App,Cajamarca,"Tarjeta de débito"
8332,1035,2023-09-13,19606.67,Devuelto,Web,Trujillo,Efectivo
8333,2050,2024-04-13,12453.46,"En camino",Web,Cajamarca,Efectivo
8334,2589,2023-12-03,7553.13,"En camino","Tienda física",Trujillo,"Tarjeta de débito"
8335,1478,2024-02-06,5266.02,Entregado,Web,Lima,"Tarjeta de débito"
8336,2714,2022-11-28,2190.86,Devuelto,App,Huancayo,Yape
8337,1652,2023-04-14,16702.17,"En camino",Web,Iquitos,Yape
8338,2681,2022-08-12,10473.03,Devuelto,"Tienda física",Chiclayo,Yape
8339,1963,2024-09-10,2292.50,Devuelto,Web,Cuzco,Yape
8340,2777,2021-01-15,17178.58,Cancelado,Web,Lima,Efectivo
8341,1086,2023-03-09,12823.30,Cancelado,App,Iquitos,"Tarjeta de débito"
8342,2496,2023-04-25,9845.56,Cancelado,"Tienda física",Arequipa,Efectivo
8343,1131,2024-01-08,11561.26,Cancelado,Web,Arequipa,Yape
8344,1927,2023-05-15,5433.55,"En camino","Tienda física",Huancayo,Yape
8345,1041,2022-01-03,13599.80,Cancelado,"Tienda física",Arequipa,Efectivo
8346,2963,2022-04-24,1220.67,Entregado,"Tienda física",Cuzco,Yape
8347,1503,2023-09-30,5018.96,"En camino","Tienda física",Lima,Yape
8348,1837,2023-01-04,4618.06,Cancelado,Web,Chiclayo,Yape
8349,1398,2024-02-27,5571.36,Entregado,"Tienda física",Cajamarca,Efectivo
8350,1094,2024-04-07,14115.37,Entregado,App,Tacna,Yape
8351,2807,2023-12-14,7350.59,Devuelto,"Tienda física",Tacna,Yape
8352,2275,2023-03-16,7869.73,Cancelado,Web,Cusco,Efectivo
8353,1611,2024-03-01,28915.34,Entregado,"Tienda física",Chiclayo,Efectivo
8354,2659,2022-08-17,17261.95,Entregado,App,Cusco,"Tarjeta de crédito"
8355,2919,2024-09-05,1801.64,Entregado,Web,Iquitos,"Tarjeta de crédito"
8356,1549,2024-07-23,20445.70,Devuelto,Web,Chiclayo,"Tarjeta de crédito"
8357,1316,2023-04-28,8830.71,Devuelto,"Tienda física",Cusco,Efectivo
8358,2877,2022-08-01,9486.19,Entregado,"Tienda física",Trujillo,Efectivo
8359,1435,2024-07-19,21822.53,Cancelado,"Tienda física",Arequipa,Yape
8360,2050,2023-03-20,9259.00,Devuelto,"Tienda física",Tacna,Yape
8361,2317,2023-09-14,4010.48,Cancelado,Web,Cajamarca,"Tarjeta de crédito"
8362,1843,2024-05-25,13736.10,"En camino","Tienda física",Piura,Efectivo
8363,1125,2022-11-13,12275.70,Entregado,"Tienda física",Iquitos,Efectivo
8364,1356,2023-07-14,2426.62,Entregado,"Tienda física",Iquitos,Efectivo
8365,1093,2024-11-03,6860.96,"En camino",App,Cajamarca,Efectivo
8366,2633,2024-10-11,11327.74,Cancelado,"Tienda física",Lima,Efectivo
8367,2421,2022-11-08,6954.45,Entregado,"Tienda física",Cuzco,Efectivo
8368,1682,2023-02-06,4425.80,Cancelado,Web,Huancayo,Efectivo
8369,2498,2023-12-16,4999.13,Devuelto,App,Lima,"Tarjeta de crédito"
8370,1100,2024-12-13,4116.13,Entregado,"Tienda física",Lima,Efectivo
8371,2108,2024-02-10,707.45,Cancelado,App,Lima,"Tarjeta de crédito"
8372,2253,2023-11-06,9958.70,Cancelado,Web,Cajamarca,Yape
8373,2508,2023-05-14,12127.42,Cancelado,Web,Cajamarca,Efectivo
8374,2096,2022-11-11,5046.78,Cancelado,App,Piura,"Tarjeta de crédito"
8375,1458,2024-09-08,20950.79,Devuelto,Web,Trujillo,Efectivo
8376,1063,2024-03-05,1219.57,Entregado,Web,Piura,Efectivo
8377,2247,2024-07-17,13512.37,"En camino",App,Tacna,Yape
8378,2592,2022-07-09,8185.88,Entregado,Web,Cajamarca,Efectivo
8379,2788,2023-06-19,6430.51,Cancelado,App,Piura,Yape
8380,1570,2022-06-10,7362.91,"En camino","Tienda física",Trujillo,"Tarjeta de crédito"
8381,2530,2023-05-10,8578.91,"En camino",Web,Lima,"Tarjeta de crédito"
8382,1142,2023-07-15,20955.28,"En camino",Web,Piura,"Tarjeta de débito"
8383,1436,2023-02-16,15405.82,Cancelado,Web,Cuzco,Efectivo
8384,1552,2022-09-12,2655.48,Cancelado,App,Cusco,Yape
8385,2369,2024-09-13,891.97,"En camino",Web,Piura,"Tarjeta de débito"
8386,2185,2024-03-10,1388.06,Cancelado,Web,Tacna,"Tarjeta de débito"
8387,1025,2024-06-20,10544.08,Cancelado,App,Cajamarca,"Tarjeta de débito"
8388,2196,2022-03-10,17669.98,"En camino",Web,Cuzco,"Tarjeta de débito"
8389,2578,2024-05-31,14021.50,Cancelado,Web,Cuzco,Yape
8390,1888,2022-01-13,8978.15,Entregado,"Tienda física",Huancayo,"Tarjeta de débito"
8391,2307,2024-01-19,5932.84,Cancelado,App,Cuzco,"Tarjeta de crédito"
8392,1136,2024-01-16,4038.25,Cancelado,"Tienda física",Lima,Yape
8393,2687,2022-07-27,480.26,Cancelado,"Tienda física",Iquitos,"Tarjeta de crédito"
8394,2244,2024-09-05,4743.95,Entregado,"Tienda física",Cusco,Efectivo
8395,1975,2023-04-14,8328.01,Entregado,"Tienda física",Piura,"Tarjeta de débito"
8396,2222,2023-10-17,34514.92,Entregado,"Tienda física",Trujillo,Efectivo
8397,1993,2024-08-05,10944.35,Entregado,"Tienda física",Lima,Efectivo
8398,2778,2022-09-14,3468.58,Cancelado,"Tienda física",Piura,Efectivo
8399,2730,2022-08-31,6836.96,Cancelado,Web,Iquitos,Efectivo
8400,2883,2022-09-06,892.01,Devuelto,Web,Cuzco,"Tarjeta de débito"
8401,2682,2024-03-06,3291.26,Cancelado,"Tienda física",Iquitos,"Tarjeta de crédito"
8402,2834,2022-10-07,6412.12,Cancelado,"Tienda física",Huancayo,Yape
8403,2180,2023-11-26,658.75,"En camino","Tienda física",Huancayo,Efectivo
8404,2798,2022-02-20,7297.20,Cancelado,Web,Iquitos,"Tarjeta de débito"
8405,1998,2024-03-16,2633.97,"En camino",App,Tacna,Efectivo
8406,1277,2023-01-20,2799.11,Entregado,App,Lima,Efectivo
8407,2722,2024-01-30,2056.04,Devuelto,App,Cajamarca,"Tarjeta de débito"
8408,1559,2023-06-23,1403.99,Entregado,"Tienda física",Huancayo,Efectivo
8409,1690,2024-03-16,3910.52,Cancelado,App,Piura,"Tarjeta de crédito"
8410,1314,2023-09-12,4425.80,"En camino","Tienda física",Iquitos,"Tarjeta de crédito"
8411,2138,2024-03-31,5963.16,Cancelado,App,Chiclayo,Efectivo
8412,1551,2023-03-04,12479.22,Cancelado,"Tienda física",Chiclayo,Efectivo
8413,1225,2024-12-31,16655.18,"En camino",Web,Tacna,Efectivo
8414,1430,2024-07-06,92.36,Devuelto,App,Cajamarca,"Tarjeta de crédito"
8415,1743,2022-02-01,14928.94,Entregado,Web,Lima,Yape
8416,1798,2022-07-28,2726.46,Devuelto,Web,Cusco,Efectivo
8417,2249,2023-08-30,2160.15,Devuelto,"Tienda física",Trujillo,Efectivo
8418,1554,2023-11-03,3132.74,Cancelado,App,Chiclayo,Efectivo
8419,2079,2024-01-09,3524.33,"En camino",Web,Iquitos,"Tarjeta de débito"
8420,1027,2024-09-22,9215.75,"En camino",App,Piura,Efectivo
8421,1612,2022-01-11,1437.62,Devuelto,App,Cusco,"Tarjeta de débito"
8422,1651,2023-04-18,9240.67,Devuelto,App,Cusco,Efectivo
8423,2873,2023-05-02,970.74,Devuelto,App,Trujillo,Efectivo
8424,1087,2023-05-29,2986.13,"En camino",Web,Trujillo,Efectivo
8425,1951,2022-09-28,8065.01,Entregado,"Tienda física",Cuzco,Efectivo
8426,1420,2024-08-31,17403.64,Devuelto,"Tienda física",Iquitos,Efectivo
8427,1725,2022-07-22,6499.68,Devuelto,"Tienda física",Piura,"Tarjeta de débito"
8428,2544,2024-03-20,939.58,"En camino",Web,Lima,Yape
8429,2578,2024-03-25,1948.28,Cancelado,App,Arequipa,Efectivo
8430,1774,2022-11-06,2604.31,Devuelto,"Tienda física",Cusco,Efectivo
8431,2540,2024-01-12,5999.35,Entregado,"Tienda física",Iquitos,"Tarjeta de débito"
8432,2416,2023-10-22,9175.70,"En camino",App,Cajamarca,"Tarjeta de crédito"
8433,2008,2022-09-16,9600.27,Entregado,"Tienda física",Cajamarca,Yape
8434,1613,2022-04-23,9477.77,Cancelado,"Tienda física",Iquitos,"Tarjeta de débito"
8435,2044,2023-11-06,13406.73,Entregado,App,Chiclayo,Yape
8436,2995,2022-02-18,10621.70,Devuelto,Web,Lima,Efectivo
8437,1030,2022-12-22,29275.01,Entregado,App,Lima,Efectivo
8438,2174,2024-03-08,6003.80,Entregado,Web,Cuzco,Efectivo
8439,1660,2022-04-20,7458.60,Devuelto,Web,Trujillo,Efectivo
8440,2021,2022-01-15,1231.29,Cancelado,App,Trujillo,"Tarjeta de débito"
8441,2312,2022-04-09,495.82,Cancelado,Web,Arequipa,Efectivo
8442,2309,2022-06-14,2272.34,Devuelto,Web,Trujillo,"Tarjeta de débito"
8443,2953,2022-08-16,6336.80,Entregado,"Tienda física",Trujillo,Yape
8444,1457,2022-04-24,3845.50,Cancelado,Web,Piura,Efectivo
8445,2174,2022-06-20,16977.86,Devuelto,"Tienda física",Trujillo,Efectivo
8446,1515,2023-11-01,3394.61,Cancelado,"Tienda física",Huancayo,Efectivo
8447,2387,2024-05-18,1083.38,Entregado,App,Cusco,Efectivo
8448,1039,2022-06-01,4224.18,"En camino",Web,Huancayo,Efectivo
8449,2820,2024-04-30,7018.93,Devuelto,Web,Huancayo,Yape
8450,1690,2022-05-25,10529.71,Devuelto,App,Piura,Efectivo
8451,2198,2024-07-30,513.03,Cancelado,App,Cusco,Efectivo
8452,2697,2023-01-30,9670.52,Devuelto,Web,Trujillo,Efectivo
8453,2287,2023-06-13,5274.21,Entregado,"Tienda física",Iquitos,"Tarjeta de débito"
8454,2560,2023-06-01,20168.10,Devuelto,App,Cajamarca,Yape
8455,2124,2024-11-19,7991.21,Cancelado,Web,Arequipa,"Tarjeta de crédito"
8456,1093,2022-06-17,1838.75,Devuelto,App,Cusco,"Tarjeta de crédito"
8457,1288,2022-10-13,15864.52,Cancelado,App,Lima,"Tarjeta de crédito"
8458,2348,2022-06-29,6019.49,Cancelado,App,Arequipa,Yape
8459,1886,2023-04-19,9450.92,"En camino","Tienda física",Arequipa,Efectivo
8460,1003,2021-01-15,18699.76,"En camino","Tienda física",Trujillo,Efectivo
8461,1346,2022-04-07,4975.76,Devuelto,"Tienda física",Piura,"Tarjeta de débito"
8462,2469,2024-11-14,345.89,Devuelto,App,Arequipa,Yape
8463,2264,2022-10-14,1033.24,Devuelto,App,Arequipa,Efectivo
8464,1514,2023-01-31,7928.94,Cancelado,Web,Iquitos,Yape
8465,1554,2024-12-23,6758.20,Cancelado,Web,Tacna,"Tarjeta de débito"
8466,1302,2023-09-13,1466.67,"En camino",Web,Piura,"Tarjeta de crédito"
8467,2333,2024-02-08,228.36,Cancelado,Web,Tacna,Yape
8468,2786,2022-04-15,1506.75,Cancelado,Web,Tacna,Efectivo
8469,2657,2024-04-09,6062.95,Entregado,"Tienda física",Cusco,Yape
8470,2755,2024-09-06,17118.95,"En camino","Tienda física",Lima,Efectivo
8471,1091,2022-09-19,1924.34,Devuelto,Web,Lima,Yape
8472,2642,2023-02-07,1725.03,Cancelado,App,Tacna,"Tarjeta de crédito"
8473,1478,2023-03-23,417.30,Cancelado,App,Lima,Efectivo
8474,2986,2022-05-31,12108.60,Cancelado,App,Arequipa,Efectivo
8475,1185,2022-05-06,15250.06,Cancelado,"Tienda física",Huancayo,Efectivo
8476,1725,2023-06-25,2766.77,Cancelado,App,Cajamarca,Yape
8477,2867,2023-06-22,8318.87,Cancelado,"Tienda física",Tacna,Efectivo
8478,2087,2024-12-19,951.08,Cancelado,Web,Cusco,Yape
8479,2230,2022-09-13,6032.72,Entregado,Web,Huancayo,"Tarjeta de crédito"
8480,2997,2024-10-08,2352.94,Cancelado,"Tienda física",Huancayo,Efectivo
8481,2563,2024-08-12,3526.06,"En camino",Web,Tacna,"Tarjeta de crédito"
8482,1287,2023-05-17,9482.48,Cancelado,"Tienda física",Trujillo,Efectivo
8483,1681,2024-04-25,2303.30,Cancelado,Web,Chiclayo,Efectivo
8484,2067,2024-01-14,15101.90,Cancelado,App,Arequipa,Yape
8485,1575,2023-10-12,11604.49,"En camino",Web,Trujillo,Efectivo
8486,2251,2024-05-08,275.44,Entregado,Web,Cajamarca,Efectivo
8487,2724,2022-05-24,6000.01,Devuelto,"Tienda física",Cajamarca,Efectivo
8488,2784,2022-10-11,907.79,Cancelado,"Tienda física",Iquitos,"Tarjeta de débito"
8489,1036,2022-09-16,4932.18,Devuelto,App,Huancayo,"Tarjeta de débito"
8490,1960,2022-05-28,2306.08,Entregado,App,Lima,Yape
8491,1392,2024-12-22,15038.64,"En camino",Web,Piura,"Tarjeta de crédito"
8492,2730,2022-10-06,12973.03,Entregado,"Tienda física",Huancayo,"Tarjeta de crédito"
8493,1640,2022-10-14,2473.22,Entregado,App,Trujillo,Yape
8494,1315,2022-02-12,7828.03,"En camino","Tienda física",Cusco,"Tarjeta de crédito"
8495,1084,2024-04-21,1589.42,"En camino","Tienda física",Piura,Yape
8496,1466,2023-03-13,7569.32,Entregado,App,Trujillo,"Tarjeta de crédito"
8497,1198,2022-06-17,1143.35,Cancelado,"Tienda física",Cusco,Efectivo
8498,2155,2024-12-13,4580.26,"En camino","Tienda física",Arequipa,Yape
8499,2524,2024-03-25,575.53,"En camino","Tienda física",Trujillo,Yape
8500,1902,2023-08-12,6371.35,Cancelado,"Tienda física",Arequipa,"Tarjeta de crédito"
8501,2362,2022-09-06,2771.43,Cancelado,"Tienda física",Trujillo,Efectivo
8502,1942,2024-09-11,92.56,Cancelado,"Tienda física",Lima,Efectivo
8503,1965,2024-02-27,25659.97,"En camino","Tienda física",Chiclayo,"Tarjeta de débito"
8504,1586,2022-05-10,3039.70,"En camino","Tienda física",Tacna,"Tarjeta de crédito"
8505,2091,2023-04-03,3186.76,Devuelto,Web,Piura,"Tarjeta de crédito"
8506,1895,2022-03-01,7920.31,Devuelto,Web,Chiclayo,"Tarjeta de crédito"
8507,1943,2022-11-15,6747.24,Entregado,Web,Huancayo,Yape
8508,1743,2023-01-24,9894.12,Cancelado,Web,Iquitos,"Tarjeta de crédito"
8509,2249,2024-04-26,14474.63,Cancelado,App,Chiclayo,Efectivo
8510,1749,2023-06-21,1078.85,"En camino",Web,Cusco,Yape
8511,2958,2022-08-27,10293.68,Entregado,App,Iquitos,Yape
8512,2943,2024-06-12,7455.73,"En camino","Tienda física",Cajamarca,Yape
8513,1233,2023-05-04,3783.84,Devuelto,"Tienda física",Cusco,"Tarjeta de débito"
8514,2345,2024-05-17,13111.47,Cancelado,Web,Tacna,"Tarjeta de débito"
8515,1633,2024-11-03,7282.35,Cancelado,App,Lima,Efectivo
8516,1137,2023-01-23,9686.88,Cancelado,App,Huancayo,"Tarjeta de crédito"
8517,2052,2023-10-11,10191.77,Devuelto,App,Tacna,"Tarjeta de débito"
8518,2842,2022-05-16,1803.63,"En camino",App,Iquitos,"Tarjeta de débito"
8519,1872,2024-04-27,4886.36,Entregado,"Tienda física",Trujillo,Efectivo
8520,2512,2024-08-05,2322.82,"En camino",Web,Iquitos,Efectivo
8521,1548,2024-06-08,21596.65,Cancelado,Web,Piura,Efectivo
8522,2862,2023-07-15,7032.28,"En camino","Tienda física",Tacna,"Tarjeta de crédito"
8523,2407,2022-01-31,8982.88,Cancelado,App,Trujillo,Efectivo
8524,2071,2023-05-15,5799.32,Cancelado,Web,Piura,Yape
8525,2478,2022-10-29,1947.31,Devuelto,Web,Trujillo,Efectivo
8526,1326,2023-04-07,17800.21,"En camino","Tienda física",Arequipa,"Tarjeta de crédito"
8527,1413,2022-05-19,1105.42,Entregado,Web,Tacna,"Tarjeta de débito"
8528,1008,2023-04-13,11178.19,Entregado,App,Chiclayo,"Tarjeta de crédito"
8529,2026,2023-01-03,1562.46,"En camino",App,Tacna,"Tarjeta de crédito"
8530,2070,2023-12-05,20075.20,Cancelado,App,Iquitos,Efectivo
8531,2546,2022-10-14,9221.24,Entregado,"Tienda física",Piura,Yape
8532,2483,2024-12-28,6324.09,"En camino","Tienda física",Iquitos,"Tarjeta de crédito"
8533,1265,2022-11-02,1904.98,"En camino","Tienda física",Piura,"Tarjeta de débito"
8534,2719,2024-04-03,5694.28,Devuelto,App,Lima,"Tarjeta de débito"
8535,2242,2024-07-19,13685.21,"En camino",App,Lima,Efectivo
8536,1656,2022-07-28,12438.30,"En camino","Tienda física",Cuzco,Efectivo
8537,2612,2022-12-25,16523.88,Entregado,App,Piura,Efectivo
8538,2314,2024-02-19,5725.67,Cancelado,Web,Piura,"Tarjeta de débito"
8539,2065,2023-05-08,2414.91,"En camino",Web,Iquitos,"Tarjeta de crédito"
8540,2790,2024-08-02,12604.27,Devuelto,"Tienda física",Piura,Efectivo
8541,1812,2023-06-17,1445.82,Cancelado,"Tienda física",Huancayo,Efectivo
8542,2427,2023-10-20,1114.28,Cancelado,Web,Iquitos,Efectivo
8543,2054,2022-12-05,15704.17,Cancelado,Web,Trujillo,Efectivo
8544,2651,2023-01-17,11748.54,Cancelado,App,Chiclayo,Efectivo
8545,2921,2023-10-04,2555.08,Entregado,App,Arequipa,Efectivo
8546,1567,2023-01-14,15457.28,Entregado,App,Arequipa,Yape
8547,1218,2024-04-28,22127.44,Devuelto,Web,Trujillo,"Tarjeta de débito"
8548,2169,2023-06-11,21644.70,Entregado,Web,Chiclayo,"Tarjeta de crédito"
8549,1861,2023-06-13,14401.92,Devuelto,Web,Trujillo,Efectivo
8550,1326,2023-09-10,4655.73,Entregado,App,Huancayo,Efectivo
8551,1502,2024-12-01,4508.69,Devuelto,Web,Piura,"Tarjeta de crédito"
8552,2325,2023-07-25,10069.03,"En camino",Web,Tacna,Efectivo
8553,2570,2023-05-24,3984.26,"En camino",Web,Cajamarca,Efectivo
8554,1451,2024-05-29,1115.79,Devuelto,"Tienda física",Huancayo,"Tarjeta de crédito"
8555,1345,2024-06-09,2347.51,Devuelto,App,Cajamarca,Yape
8556,2989,2024-11-04,9743.67,"En camino",App,Arequipa,Efectivo
8557,2826,2026-03-01,19351.22,Devuelto,Web,Huancayo,Efectivo
8558,1880,2022-08-26,12459.19,"En camino","Tienda física",Huancayo,Efectivo
8559,1064,2022-06-02,2200.02,Cancelado,Web,Cusco,Efectivo
8560,2510,2023-09-26,11150.93,Entregado,App,Chiclayo,Yape
8561,2317,2023-04-01,946.03,"En camino",Web,Chiclayo,Efectivo
8562,1739,2023-03-29,11660.56,Cancelado,Web,Piura,"Tarjeta de crédito"
8563,2480,2022-04-05,8648.74,"En camino",Web,Trujillo,Efectivo
8564,2124,2024-05-22,2775.73,Devuelto,App,Huancayo,Yape
8565,1772,2023-06-12,5375.00,"En camino",App,Trujillo,"Tarjeta de crédito"
8566,2468,2022-02-19,12433.35,Entregado,App,Lima,Efectivo
8567,2276,2024-11-30,13552.18,Devuelto,App,Chiclayo,"Tarjeta de crédito"
8568,2550,2022-02-20,11055.74,Cancelado,App,Tacna,Efectivo
8569,1574,2023-10-19,2001.82,Cancelado,Web,Tacna,Yape
8570,1340,2024-10-20,2633.84,Devuelto,Web,Cusco,Yape
8571,1941,2024-09-07,6194.24,Entregado,"Tienda física",Trujillo,"Tarjeta de débito"
8572,1861,2022-06-24,4754.83,Cancelado,"Tienda física",Arequipa,Efectivo
8573,2718,2023-11-15,523.23,"En camino",App,Huancayo,Efectivo
8574,1985,2023-10-12,12817.22,Cancelado,"Tienda física",Iquitos,"Tarjeta de débito"
8575,1600,2023-12-14,11040.75,"En camino",App,Lima,Efectivo
8576,2901,2022-04-25,1805.01,"En camino","Tienda física",Tacna,"Tarjeta de crédito"
8577,2058,2024-03-06,2089.15,Entregado,"Tienda física",Lima,"Tarjeta de crédito"
8578,1430,2022-12-08,1342.05,Entregado,App,Arequipa,"Tarjeta de crédito"
8579,1203,2024-09-13,2561.89,Entregado,Web,Cajamarca,"Tarjeta de débito"
8580,2740,2024-12-22,4405.87,"En camino",App,Cuzco,"Tarjeta de débito"
8581,1909,2024-09-07,7363.37,"En camino",Web,Chiclayo,Efectivo
8582,1395,2022-04-17,2964.03,Devuelto,App,Lima,Efectivo
8583,2434,2022-12-18,1613.21,Cancelado,App,Piura,Efectivo
8584,1006,2023-12-31,14311.24,"En camino","Tienda física",Iquitos,"Tarjeta de crédito"
8585,1787,2022-07-20,8971.93,Entregado,App,Chiclayo,Efectivo
8586,1826,2022-11-08,1724.31,Cancelado,"Tienda física",Lima,"Tarjeta de débito"
8587,1373,2022-02-02,6503.58,Devuelto,Web,Cusco,Yape
8588,2728,2023-06-30,2986.18,Devuelto,"Tienda física",Cajamarca,Efectivo
8589,2210,2024-03-10,2220.87,Devuelto,Web,Chiclayo,Efectivo
8590,1438,2023-04-28,10803.02,Devuelto,"Tienda física",Iquitos,Efectivo
8591,2346,2024-08-16,2654.70,Entregado,"Tienda física",Tacna,Yape
8592,2980,2022-12-11,1141.95,"En camino",App,Tacna,Yape
8593,2316,2022-08-27,2000.30,Entregado,"Tienda física",Trujillo,"Tarjeta de débito"
8594,2874,2024-04-24,4472.73,"En camino",Web,Piura,"Tarjeta de crédito"
8595,2396,2023-01-01,1076.76,Devuelto,App,Cajamarca,Yape
8596,1178,2024-03-23,9086.52,"En camino",App,Chiclayo,Yape
8597,1761,2024-03-20,26672.63,Devuelto,"Tienda física",Iquitos,Efectivo
8598,1189,2022-02-16,13183.70,Entregado,App,Chiclayo,Efectivo
8599,2663,2023-03-20,7492.10,Cancelado,App,Piura,Yape
8600,2085,2022-10-26,9935.49,Cancelado,"Tienda física",Lima,Yape
8601,2891,2023-01-25,3501.99,Devuelto,Web,Lima,Efectivo
8602,2830,2023-10-26,14119.21,"En camino","Tienda física",Arequipa,"Tarjeta de crédito"
8603,2635,2024-11-07,414.77,Cancelado,"Tienda física",Tacna,Efectivo
8604,2566,2023-09-01,8947.80,"En camino",App,Arequipa,Yape
8605,1185,2022-05-29,1310.93,"En camino",App,Cuzco,"Tarjeta de crédito"
8606,1960,2022-01-14,19470.08,Cancelado,App,Huancayo,Yape
8607,2108,2022-12-25,658.57,Cancelado,"Tienda física",Huancayo,Efectivo
8608,2026,2023-10-17,7448.03,Entregado,Web,Tacna,Efectivo
8609,1307,2023-12-07,19056.91,Devuelto,Web,Piura,"Tarjeta de crédito"
8610,1604,2024-09-29,4864.95,"En camino",Web,Tacna,Yape
8611,2596,2024-08-17,15243.68,"En camino",Web,Arequipa,"Tarjeta de crédito"
8612,1301,2023-04-11,9971.45,Cancelado,Web,Cusco,Efectivo
8613,2816,2024-07-21,11353.74,Cancelado,Web,Iquitos,"Tarjeta de crédito"
8614,1782,2023-02-05,11346.93,Devuelto,"Tienda física",Trujillo,Efectivo
8615,2687,2024-01-06,18297.07,Entregado,Web,Piura,Yape
8616,1741,2024-09-28,2137.63,"En camino",Web,Piura,Efectivo
8617,2683,2023-10-09,848.73,Cancelado,Web,Piura,Yape
8618,1697,2023-12-11,4829.82,"En camino","Tienda física",Iquitos,Efectivo
8619,2154,2022-05-19,17324.57,Entregado,Web,Piura,Efectivo
8620,1640,2022-10-27,2561.60,Cancelado,App,Piura,"Tarjeta de débito"
8621,1849,2023-06-06,13968.40,Devuelto,App,Cuzco,"Tarjeta de crédito"
8622,2276,2024-07-13,15000.82,Entregado,Web,Lima,Yape
8623,2124,2023-07-06,14157.70,"En camino",App,Tacna,"Tarjeta de crédito"
8624,2216,2022-06-24,18258.22,Cancelado,Web,Chiclayo,Efectivo
8625,2713,2022-05-31,15032.41,"En camino","Tienda física",Tacna,"Tarjeta de débito"
8626,1048,2022-05-12,16892.08,Cancelado,Web,Iquitos,Efectivo
8627,2912,2024-09-08,1901.73,Entregado,App,Arequipa,Efectivo
8628,1861,2023-03-20,4212.26,Entregado,Web,Huancayo,"Tarjeta de crédito"
8629,2901,2024-03-12,2109.57,Entregado,"Tienda física",Cajamarca,Efectivo
8630,1313,2024-07-22,3293.38,"En camino","Tienda física",Cajamarca,"Tarjeta de débito"
8631,1483,2022-01-25,2264.70,Devuelto,"Tienda física",Chiclayo,"Tarjeta de crédito"
8632,1274,2023-03-24,9229.84,Cancelado,"Tienda física",Huancayo,Efectivo
8633,1943,2024-12-16,18343.58,Entregado,"Tienda física",Tacna,Efectivo
8634,2485,2024-05-21,843.83,"En camino","Tienda física",Arequipa,Efectivo
8635,1296,2022-10-31,5377.24,Cancelado,App,Lima,"Tarjeta de crédito"
8636,1451,2023-12-29,13054.44,Entregado,Web,Iquitos,"Tarjeta de crédito"
8637,2339,2024-03-15,1409.44,Cancelado,Web,Chiclayo,Efectivo
8638,1971,2024-08-06,15099.99,Cancelado,Web,Cajamarca,Efectivo
8639,1244,2024-06-01,13184.59,"En camino",Web,Arequipa,"Tarjeta de débito"
8640,1923,2022-08-02,7385.44,Cancelado,"Tienda física",Trujillo,Yape
8641,2280,2022-07-31,2654.70,Devuelto,Web,Tacna,"Tarjeta de crédito"
8642,2030,2022-11-25,5733.67,"En camino",Web,Huancayo,"Tarjeta de débito"
8643,2938,2024-01-18,845.44,Devuelto,Web,Tacna,"Tarjeta de débito"
8644,2187,2023-08-21,1512.10,"En camino","Tienda física",Tacna,Efectivo
8645,1056,2022-11-25,11981.30,Devuelto,Web,Piura,"Tarjeta de débito"
8646,1311,2023-02-25,11507.81,Devuelto,"Tienda física",Tacna,Yape
8647,2811,2023-03-02,5845.36,Entregado,"Tienda física",Cuzco,Efectivo
8648,1351,2022-03-04,6705.23,Devuelto,Web,Cajamarca,Efectivo
8649,1467,2022-01-30,2750.27,Devuelto,"Tienda física",Cajamarca,"Tarjeta de débito"
8650,1966,2022-03-29,9945.63,Devuelto,Web,Cajamarca,"Tarjeta de débito"
8651,2392,2024-01-11,6847.86,"En camino",Web,Cusco,"Tarjeta de crédito"
8652,2695,2024-03-25,5690.25,"En camino",Web,Cajamarca,Efectivo
8653,2174,2023-05-26,15944.61,Cancelado,Web,Tacna,"Tarjeta de crédito"
8654,1116,2022-03-07,5805.58,Devuelto,App,Tacna,Efectivo
8655,1074,2024-11-06,13969.65,Cancelado,"Tienda física",Trujillo,"Tarjeta de débito"
8656,2451,2022-10-27,13004.84,Entregado,"Tienda física",Cajamarca,"Tarjeta de crédito"
8657,2665,2022-12-07,5892.25,Devuelto,App,Lima,Yape
8658,2632,2023-06-02,3342.80,Entregado,Web,Piura,"Tarjeta de débito"
8659,2563,2022-10-13,7978.87,Devuelto,App,Iquitos,Efectivo
8660,1878,2024-11-13,9637.38,Entregado,Web,Huancayo,"Tarjeta de débito"
8661,1648,2024-08-13,7120.73,Entregado,"Tienda física",Cajamarca,"Tarjeta de débito"
8662,2688,2023-04-03,13764.10,Entregado,App,Trujillo,Yape
8663,1559,2022-12-17,935.43,Entregado,Web,Huancayo,Efectivo
8664,2788,2022-08-15,10716.75,Entregado,Web,Arequipa,Yape
8665,2638,2022-03-22,2442.77,Cancelado,"Tienda física",Piura,Yape
8666,2464,2024-08-24,1997.00,"En camino","Tienda física",Huancayo,Efectivo
8667,2111,2024-12-04,5717.79,"En camino",App,Trujillo,Efectivo
8668,2286,2024-12-10,15053.34,Entregado,"Tienda física",Piura,Efectivo
8669,2307,2023-02-20,3382.64,"En camino","Tienda física",Cuzco,Efectivo
8670,1918,2022-06-20,8158.05,Devuelto,"Tienda física",Chiclayo,Efectivo
8671,1114,2022-12-18,12030.27,"En camino","Tienda física",Lima,"Tarjeta de crédito"
8672,2375,2024-06-22,10067.20,Cancelado,Web,Arequipa,"Tarjeta de débito"
8673,2820,2023-04-16,1686.30,Entregado,App,Cajamarca,Efectivo
8674,2131,2024-05-24,12643.37,Entregado,Web,Tacna,Efectivo
8675,1575,2023-12-25,8879.49,Devuelto,Web,Cuzco,"Tarjeta de crédito"
8676,2659,2023-08-19,1787.22,"En camino",App,Piura,"Tarjeta de débito"
8677,1955,2023-12-16,12527.10,Entregado,App,Trujillo,"Tarjeta de débito"
8678,1915,2022-11-02,3422.27,Entregado,"Tienda física",Piura,"Tarjeta de crédito"
8679,2190,2023-01-12,1189.21,"En camino","Tienda física",Trujillo,Efectivo
8680,1662,2022-01-06,9969.90,"En camino",Web,Chiclayo,Efectivo
8681,2441,2024-08-24,4938.56,Entregado,App,Tacna,"Tarjeta de crédito"
8682,1532,2022-10-01,1167.01,Entregado,Web,Chiclayo,Yape
8683,1145,2022-01-14,3561.63,Entregado,App,Cajamarca,Efectivo
8684,2285,2022-05-12,20276.34,Devuelto,App,Huancayo,Yape
8685,2621,2024-07-08,15315.86,Cancelado,"Tienda física",Trujillo,Efectivo
8686,1912,2022-02-16,22473.74,Cancelado,Web,Tacna,"Tarjeta de crédito"
8687,1862,2023-08-28,20355.27,Entregado,Web,Chiclayo,"Tarjeta de débito"
8688,2017,2022-10-10,10607.79,"En camino","Tienda física",Chiclayo,"Tarjeta de crédito"
8689,1643,2024-08-20,10480.63,Cancelado,Web,Cajamarca,Efectivo
8690,1643,2023-06-03,6409.36,Entregado,App,Arequipa,"Tarjeta de crédito"
8691,1415,2022-05-23,18650.65,"En camino",Web,Trujillo,Efectivo
8692,2216,2024-06-13,5311.92,Cancelado,"Tienda física",Arequipa,"Tarjeta de débito"
8693,2075,2022-11-25,7952.80,Entregado,App,Tacna,Yape
8694,1159,2024-09-30,10069.44,Devuelto,Web,Huancayo,"Tarjeta de crédito"
8695,2677,2024-05-30,9099.50,"En camino",Web,Lima,Yape
8696,2800,2023-03-05,15636.34,Entregado,"Tienda física",Cusco,Yape
8697,2772,2024-03-21,12042.57,"En camino",Web,Trujillo,Yape
8698,2116,2023-10-31,6566.25,Entregado,"Tienda física",Cajamarca,Efectivo
8699,2108,2022-05-16,1258.08,Cancelado,Web,Chiclayo,Yape
8700,2279,2022-11-18,15038.96,Entregado,Web,Trujillo,Efectivo
8701,2404,2023-11-02,1187.90,Entregado,Web,Tacna,Efectivo
8702,1082,2023-12-25,11011.38,Devuelto,Web,Tacna,Yape
8703,2727,2023-11-11,3035.45,Entregado,Web,Lima,"Tarjeta de débito"
8704,1927,2020-06-10,12760.59,"En camino",App,Cajamarca,"Tarjeta de crédito"
8705,2534,2022-02-09,12607.67,Cancelado,"Tienda física",Tacna,Efectivo
8706,1431,2022-02-07,13080.20,Entregado,Web,Chiclayo,Yape
8707,1948,2024-01-15,11536.52,Entregado,"Tienda física",Trujillo,Yape
8708,2054,2022-06-15,2393.97,"En camino","Tienda física",Trujillo,Yape
8709,1136,2022-03-08,5718.83,"En camino",App,Arequipa,Efectivo
8710,1723,2024-11-17,14122.94,Entregado,App,Lima,Efectivo
8711,2195,2022-08-24,10514.90,Cancelado,App,Arequipa,Efectivo
8712,1133,2023-09-14,5209.79,Entregado,App,Lima,Efectivo
8713,1657,2023-06-09,2261.66,"En camino","Tienda física",Trujillo,Efectivo
8714,2012,2022-09-21,7135.62,Devuelto,"Tienda física",Chiclayo,"Tarjeta de débito"
8715,2234,2022-09-21,3104.70,"En camino",Web,Trujillo,"Tarjeta de crédito"
8716,1119,2024-05-29,9771.04,Entregado,App,Lima,Efectivo
8717,2143,2022-12-21,3487.89,Devuelto,Web,Lima,Efectivo
8718,2190,2023-03-02,4580.44,Devuelto,Web,Arequipa,"Tarjeta de débito"
8719,1620,2022-04-08,4834.14,Entregado,"Tienda física",Tacna,Efectivo
8720,1757,2022-01-27,2007.46,Devuelto,Web,Cusco,Efectivo
8721,2045,2023-03-06,10303.84,Devuelto,App,Huancayo,"Tarjeta de crédito"
8722,2247,2024-05-06,16483.39,"En camino",Web,Cuzco,Efectivo
8723,2561,2022-01-22,9867.13,Entregado,"Tienda física",Cusco,Yape
8724,2459,2024-07-14,8720.19,"En camino","Tienda física",Arequipa,"Tarjeta de débito"
8725,2285,2022-10-03,3792.79,Entregado,"Tienda física",Lima,Efectivo
8726,1800,2022-09-22,9277.64,"En camino","Tienda física",Lima,"Tarjeta de débito"
8727,1344,2023-05-08,14188.70,Cancelado,"Tienda física",Tacna,"Tarjeta de crédito"
8728,1830,2023-10-22,10316.66,"En camino",Web,Cajamarca,Efectivo
8729,2694,2022-03-20,19685.65,Entregado,Web,Tacna,"Tarjeta de débito"
8730,2127,2022-11-11,7265.16,"En camino","Tienda física",Huancayo,"Tarjeta de crédito"
8731,1431,2024-12-19,794.61,Devuelto,"Tienda física",Cuzco,Efectivo
8732,2036,2023-04-18,8984.61,Entregado,Web,Arequipa,Efectivo
8733,1540,2022-01-06,11775.26,"En camino","Tienda física",Lima,Efectivo
8734,2128,2023-01-25,16678.10,Entregado,App,Tacna,Efectivo
8735,2049,2023-07-11,716.08,"En camino",App,Arequipa,"Tarjeta de crédito"
8736,1908,2022-10-19,1789.38,Cancelado,Web,Piura,Efectivo
8737,1842,2023-07-17,6921.54,Devuelto,"Tienda física",Chiclayo,"Tarjeta de débito"
8738,1421,2023-02-09,10006.26,Devuelto,"Tienda física",Iquitos,Efectivo
8739,2076,2024-07-24,5907.21,Entregado,App,Cusco,"Tarjeta de débito"
8740,1047,2023-11-09,17729.51,Cancelado,"Tienda física",Arequipa,"Tarjeta de crédito"
8741,2764,2023-02-24,7806.08,Entregado,Web,Piura,Efectivo
8742,1319,2022-08-23,13032.08,"En camino",Web,Lima,"Tarjeta de débito"
8743,2966,2024-06-09,9286.40,Cancelado,"Tienda física",Chiclayo,"Tarjeta de crédito"
8744,1035,2022-10-17,8002.68,Devuelto,Web,Tacna,Efectivo
8745,2404,2022-03-03,7497.00,Entregado,Web,Piura,"Tarjeta de crédito"
8746,1981,2022-08-18,10227.01,Entregado,App,Iquitos,"Tarjeta de débito"
8747,1817,2024-05-01,10211.77,"En camino",App,Chiclayo,"Tarjeta de crédito"
8748,1163,2024-03-22,1820.74,Entregado,App,Arequipa,Yape
8749,1310,2023-03-29,2145.00,Entregado,Web,Cajamarca,Efectivo
8750,1488,2022-09-11,30435.10,Entregado,App,Tacna,Efectivo
8751,2216,2024-05-14,8647.72,Devuelto,Web,Lima,"Tarjeta de crédito"
8752,1818,2024-05-23,7687.53,Cancelado,Web,Huancayo,Efectivo
8753,2396,2024-02-29,12978.68,Devuelto,Web,Piura,"Tarjeta de crédito"
8754,1223,2024-08-23,7135.43,Entregado,App,Cusco,Yape
8755,1370,2023-09-18,8283.40,"En camino","Tienda física",Tacna,"Tarjeta de débito"
8756,1235,2022-01-19,4397.06,Cancelado,"Tienda física",Trujillo,"Tarjeta de débito"
8757,2917,2023-05-25,30647.36,"En camino",Web,Chiclayo,Yape
8758,2294,2023-02-27,1157.21,Cancelado,Web,Iquitos,Yape
8759,2611,2022-01-03,1219.90,"En camino",App,Piura,Efectivo
8760,2368,2023-06-05,8091.76,Entregado,Web,Cusco,"Tarjeta de débito"
8761,2235,2024-02-05,3118.55,Entregado,App,Cajamarca,"Tarjeta de débito"
8762,1058,2023-07-25,6655.99,Devuelto,App,Iquitos,Efectivo
8763,2295,2023-06-02,7170.28,Entregado,App,Arequipa,"Tarjeta de crédito"
8764,2741,2022-05-12,3498.31,Devuelto,App,Lima,Efectivo
8765,1684,2022-02-08,5221.08,"En camino",Web,Lima,Efectivo
8766,2512,2024-03-08,7022.49,Entregado,App,Chiclayo,"Tarjeta de crédito"
8767,1181,2022-07-23,13853.29,"En camino","Tienda física",Lima,Efectivo
8768,2121,2024-06-11,7032.28,Devuelto,App,Huancayo,Efectivo
8769,2800,2024-03-11,6364.45,Cancelado,"Tienda física",Cuzco,Efectivo
8770,2654,2023-06-25,8430.36,"En camino","Tienda física",Trujillo,"Tarjeta de débito"
8771,2120,2024-08-08,8114.29,"En camino",App,Lima,Efectivo
8772,1205,2022-01-09,3889.93,Cancelado,"Tienda física",Iquitos,Efectivo
8773,1317,2022-03-04,7651.09,Entregado,"Tienda física",Piura,"Tarjeta de crédito"
8774,2902,2023-08-12,2155.87,Entregado,"Tienda física",Iquitos,"Tarjeta de crédito"
8775,2162,2023-08-18,2471.14,Devuelto,"Tienda física",Cajamarca,"Tarjeta de crédito"
8776,2326,2023-11-10,1148.51,Cancelado,Web,Cusco,Yape
8777,2617,2022-02-26,2821.33,Devuelto,"Tienda física",Huancayo,"Tarjeta de crédito"
8778,2106,2022-07-24,33391.97,Entregado,App,Arequipa,"Tarjeta de débito"
8779,2072,2023-11-06,5297.07,Cancelado,"Tienda física",Iquitos,Efectivo
8780,2319,2022-07-14,11608.60,Cancelado,"Tienda física",Lima,"Tarjeta de débito"
8781,1793,2024-09-30,12195.33,Entregado,"Tienda física",Lima,Efectivo
8782,2736,2024-04-13,1698.72,Devuelto,Web,Cuzco,Efectivo
8783,2343,2023-09-06,13778.71,Cancelado,"Tienda física",Cuzco,Efectivo
8784,2606,2022-10-20,6518.07,"En camino","Tienda física",Cuzco,Efectivo
8785,2562,2024-04-25,2737.97,Entregado,Web,Cuzco,"Tarjeta de crédito"
8786,1202,2022-12-15,6983.62,"En camino",Web,Piura,Efectivo
8787,2047,2024-11-22,674.23,"En camino",App,Arequipa,"Tarjeta de débito"
8788,2571,2022-01-08,5099.10,Cancelado,"Tienda física",Arequipa,Efectivo
8789,1275,2022-09-23,9682.08,"En camino",Web,Lima,"Tarjeta de crédito"
8790,2671,2023-08-29,3395.97,Entregado,Web,Cusco,"Tarjeta de crédito"
8791,2656,2022-07-16,17575.62,Devuelto,Web,Iquitos,Efectivo
8792,1055,2022-09-01,15814.15,Entregado,App,Piura,Efectivo
8793,2329,2024-01-05,10960.78,Devuelto,App,Arequipa,Efectivo
8794,2695,2022-01-13,7179.33,Cancelado,Web,Arequipa,"Tarjeta de crédito"
8795,2001,2023-10-13,14884.48,"En camino",App,Chiclayo,Yape
8796,1015,2022-02-07,3811.86,Cancelado,"Tienda física",Piura,Efectivo
8797,2875,2024-04-15,974.32,Cancelado,Web,Lima,Efectivo
8798,1823,2024-05-01,6884.86,Devuelto,"Tienda física",Huancayo,Efectivo
8799,1795,2022-07-22,1375.29,Entregado,App,Tacna,Yape
8800,2465,2023-02-04,21508.38,Entregado,"Tienda física",Iquitos,Efectivo
8801,2558,2022-09-08,1390.83,Entregado,Web,Arequipa,Efectivo
8802,2741,2023-11-07,15288.28,Cancelado,Web,Cusco,"Tarjeta de débito"
8803,2978,2022-11-29,17011.87,Entregado,App,Cajamarca,Efectivo
8804,2221,2023-11-10,4362.32,Entregado,App,Cajamarca,"Tarjeta de crédito"
8805,1076,2024-02-02,2515.86,"En camino","Tienda física",Piura,Yape
8806,2789,2022-11-24,10080.32,Entregado,Web,Cajamarca,Efectivo
8807,1243,2023-05-16,16194.91,Entregado,Web,Huancayo,"Tarjeta de crédito"
8808,1097,2022-11-30,1769.15,Entregado,"Tienda física",Lima,Efectivo
8809,1932,2022-09-30,7775.56,Cancelado,App,Tacna,Yape
8810,2201,2022-04-09,10096.02,Devuelto,App,Cajamarca,"Tarjeta de débito"
8811,1271,2023-10-27,12862.13,Entregado,Web,Lima,"Tarjeta de crédito"
8812,1450,2024-10-27,3065.44,Cancelado,Web,Iquitos,Yape
8813,1986,2023-01-31,4267.12,Cancelado,App,Tacna,Efectivo
8814,2597,2024-07-22,1508.16,Devuelto,"Tienda física",Chiclayo,"Tarjeta de crédito"
8815,1301,2024-06-30,34668.11,"En camino",App,Cusco,Efectivo
8816,2208,2023-09-15,3373.93,Entregado,Web,Cusco,Yape
8817,2137,2023-04-27,7363.07,"En camino",Web,Tacna,Yape
8818,1295,2023-12-18,1912.12,"En camino",Web,Chiclayo,"Tarjeta de débito"
8819,1794,2023-07-10,3811.86,Cancelado,Web,Piura,Efectivo
8820,2134,2022-04-28,609.61,"En camino",App,Tacna,Efectivo
8821,2243,2023-09-19,1263.10,"En camino","Tienda física",Trujillo,Efectivo
8822,2830,2024-10-14,2466.70,Cancelado,"Tienda física",Cuzco,Efectivo
8823,1474,2024-04-08,4837.50,"En camino","Tienda física",Tacna,"Tarjeta de débito"
8824,1459,2022-12-24,9810.52,"En camino","Tienda física",Cajamarca,Efectivo
8825,1563,2023-11-28,960.62,Entregado,Web,Cajamarca,"Tarjeta de débito"
8826,2855,2023-02-11,17797.24,Cancelado,"Tienda física",Cajamarca,Efectivo
8827,2447,2024-01-16,2689.57,Devuelto,Web,Cusco,"Tarjeta de crédito"
8828,2048,2022-04-06,8716.54,Devuelto,"Tienda física",Trujillo,Yape
8829,2358,2022-08-07,15294.55,"En camino",Web,Cusco,Efectivo
8830,2905,2022-06-28,12604.22,Cancelado,App,Cajamarca,"Tarjeta de débito"
8831,2740,2022-08-26,11113.91,Devuelto,Web,Huancayo,"Tarjeta de crédito"
8832,1895,2023-11-07,7831.85,Cancelado,App,Lima,"Tarjeta de débito"
8833,2355,2022-11-22,724.28,Devuelto,Web,Tacna,Efectivo
8834,1623,2023-10-27,545.65,Devuelto,"Tienda física",Chiclayo,"Tarjeta de débito"
8835,2245,2023-10-17,3325.57,Devuelto,App,Tacna,"Tarjeta de crédito"
8836,2848,2024-11-03,5795.68,"En camino",App,Cusco,Efectivo
8837,1931,2024-06-10,12629.92,Entregado,App,Tacna,Efectivo
8838,2887,2023-01-07,9013.98,Entregado,App,Tacna,Efectivo
8839,1095,2024-08-06,1653.39,Entregado,App,Tacna,Yape
8840,1497,2024-07-01,5949.51,"En camino",Web,Cajamarca,Efectivo
8841,2462,2022-12-29,1965.92,Entregado,"Tienda física",Arequipa,"Tarjeta de débito"
8842,1648,2024-04-03,156.96,Cancelado,App,Huancayo,"Tarjeta de crédito"
8843,1091,2022-03-24,2660.77,Cancelado,App,Tacna,"Tarjeta de crédito"
8844,1862,2023-03-29,2650.04,Devuelto,App,Huancayo,Yape
8845,2006,2022-06-18,1072.33,Cancelado,"Tienda física",Cajamarca,Efectivo
8846,1672,2024-06-30,7957.28,"En camino",App,Arequipa,Yape
8847,1943,2023-07-20,9749.64,Cancelado,"Tienda física",Iquitos,"Tarjeta de débito"
8848,2047,2024-12-24,1264.26,Entregado,App,Lima,"Tarjeta de crédito"
8849,2258,2022-02-08,13692.01,Devuelto,App,Iquitos,Efectivo
8850,1848,2023-05-03,7476.01,Devuelto,App,Cajamarca,"Tarjeta de crédito"
8851,2766,2022-02-10,486.40,Devuelto,App,Cusco,Efectivo
8852,2063,2023-06-06,5712.83,Devuelto,"Tienda física",Trujillo,"Tarjeta de crédito"
8853,2604,2024-01-05,1513.54,Cancelado,Web,Iquitos,"Tarjeta de crédito"
8854,2495,2024-12-28,8119.65,Devuelto,"Tienda física",Huancayo,Yape
8855,2772,2024-11-05,8742.27,Devuelto,"Tienda física",Arequipa,"Tarjeta de crédito"
8856,1462,2022-01-15,9649.32,Devuelto,App,Cajamarca,Yape
8857,2996,2024-08-22,1491.90,Entregado,App,Huancayo,"Tarjeta de débito"
8858,1392,2022-08-30,10391.19,Entregado,"Tienda física",Cusco,"Tarjeta de crédito"
8859,1693,2024-06-03,1061.88,Devuelto,"Tienda física",Lima,Efectivo
8860,1726,2022-05-19,10157.50,Entregado,Web,Cajamarca,"Tarjeta de débito"
8861,2415,2023-09-26,9205.20,Cancelado,Web,Chiclayo,"Tarjeta de débito"
8862,1914,2022-09-26,34151.09,"En camino","Tienda física",Trujillo,"Tarjeta de débito"
8863,1028,2022-12-31,3460.77,Entregado,Web,Lima,Efectivo
8864,2640,2023-03-27,5582.79,Cancelado,Web,Arequipa,"Tarjeta de crédito"
8865,1998,2024-01-24,12723.01,"En camino",Web,Trujillo,"Tarjeta de débito"
8866,1906,2023-11-04,2457.73,Entregado,Web,Cusco,Yape
8867,1484,2023-08-28,18237.06,Cancelado,"Tienda física",Iquitos,Efectivo
8868,2515,2024-01-17,734.59,Cancelado,Web,Huancayo,Yape
8869,1208,2023-01-06,4692.30,Entregado,App,Tacna,Efectivo
8870,2569,2022-04-03,18350.55,"En camino",Web,Cajamarca,Yape
8871,1350,2023-10-30,27320.73,Devuelto,"Tienda física",Tacna,"Tarjeta de crédito"
8872,2721,2023-12-24,1807.06,Cancelado,"Tienda física",Trujillo,Yape
8873,2650,2024-04-13,2300.63,Entregado,App,Cuzco,Efectivo
8874,2348,2024-06-26,5349.42,Cancelado,App,Lima,"Tarjeta de débito"
8875,2841,2023-10-20,730.53,Cancelado,"Tienda física",Piura,Efectivo
8876,2802,2024-06-30,9326.15,Devuelto,App,Arequipa,Efectivo
8877,1447,2024-10-12,5053.58,Devuelto,App,Tacna,"Tarjeta de crédito"
8878,1206,2022-06-30,1521.37,Entregado,"Tienda física",Lima,Efectivo
8879,1662,2022-08-08,1157.39,Devuelto,App,Cajamarca,"Tarjeta de débito"
8880,1675,2023-01-21,373.64,Cancelado,App,Iquitos,"Tarjeta de crédito"
8881,1697,2024-07-08,8815.25,Entregado,App,Trujillo,"Tarjeta de débito"
8882,2295,2023-04-03,7106.25,Entregado,"Tienda física",Arequipa,Yape
8883,1088,2022-02-07,12287.20,Devuelto,"Tienda física",Huancayo,"Tarjeta de débito"
8884,2396,2023-09-18,15310.05,Cancelado,App,Iquitos,Efectivo
8885,2729,2023-11-10,24548.08,"En camino","Tienda física",Iquitos,Yape
8886,2573,2024-08-15,12471.43,Entregado,"Tienda física",Tacna,"Tarjeta de crédito"
8887,1652,2024-04-23,8377.09,Cancelado,App,Iquitos,"Tarjeta de débito"
8888,1902,2022-10-20,809.06,Devuelto,Web,Arequipa,Yape
8889,2385,2024-06-24,2531.29,Devuelto,Web,Huancayo,"Tarjeta de débito"
8890,2854,2023-05-28,1692.99,Entregado,"Tienda física",Huancayo,Efectivo
8891,1068,2023-10-28,7851.50,Devuelto,"Tienda física",Huancayo,Yape
8892,1733,2022-08-02,11600.32,Devuelto,Web,Piura,Yape
8893,1261,2022-06-29,5087.57,Entregado,"Tienda física",Arequipa,Yape
8894,2319,2024-03-07,1275.58,Entregado,"Tienda física",Trujillo,"Tarjeta de débito"
8895,1192,2022-01-02,1575.37,Entregado,App,Huancayo,Yape
8896,2075,2024-01-01,2087.65,"En camino",Web,Piura,"Tarjeta de crédito"
8897,1980,2024-12-22,2466.08,Entregado,"Tienda física",Cusco,"Tarjeta de crédito"
8898,2266,2024-08-09,6286.00,Cancelado,"Tienda física",Cajamarca,Efectivo
8899,2236,2022-03-21,3491.00,Entregado,"Tienda física",Trujillo,Yape
8900,2384,2022-08-12,23706.22,Cancelado,App,Arequipa,Yape
8901,2797,2023-12-15,7539.49,Devuelto,"Tienda física",Arequipa,"Tarjeta de crédito"
8902,2514,2022-12-10,9115.08,Devuelto,Web,Tacna,"Tarjeta de crédito"
8903,1456,2023-01-07,8889.82,Devuelto,Web,Tacna,Efectivo
8904,2058,2022-08-27,8329.10,Cancelado,"Tienda física",Trujillo,Efectivo
8905,1561,2023-02-25,2946.93,Devuelto,"Tienda física",Piura,Efectivo
8906,2456,2023-02-17,1813.49,Entregado,Web,Arequipa,"Tarjeta de débito"
8907,2684,2024-02-16,10115.06,Devuelto,App,Cajamarca,Efectivo
8908,1574,2024-12-04,13409.93,Cancelado,App,Cajamarca,"Tarjeta de crédito"
8909,1540,2024-02-09,9629.16,Cancelado,"Tienda física",Cuzco,Efectivo
8910,1092,2022-05-05,1494.30,Cancelado,Web,Trujillo,"Tarjeta de débito"
8911,1638,2022-01-16,330.84,"En camino",Web,Cuzco,"Tarjeta de débito"
8912,1753,2024-11-18,3231.94,Entregado,"Tienda física",Piura,"Tarjeta de débito"
8913,2043,2023-02-05,6077.16,Devuelto,Web,Trujillo,"Tarjeta de débito"
8914,2101,2023-07-12,3367.42,Devuelto,Web,Trujillo,Yape
8915,1429,2024-07-28,388.89,Devuelto,Web,Trujillo,"Tarjeta de crédito"
8916,1215,2024-06-05,646.04,Devuelto,App,Cajamarca,Yape
8917,2991,2022-05-25,19502.37,Devuelto,Web,Huancayo,"Tarjeta de crédito"
8918,1157,2022-09-24,4045.88,Entregado,App,Iquitos,Efectivo
8919,1638,2024-11-05,2208.00,"En camino","Tienda física",Tacna,"Tarjeta de crédito"
8920,1131,2024-11-23,14002.32,"En camino",App,Cajamarca,Efectivo
8921,1632,2023-04-11,5273.74,Entregado,Web,Arequipa,Yape
8922,2819,2022-01-15,9665.66,Entregado,App,Huancayo,"Tarjeta de débito"
8923,1990,2024-10-12,15522.70,Entregado,"Tienda física",Lima,Efectivo
8924,2948,2023-07-30,8319.48,"En camino",App,Piura,Efectivo
8925,1106,2024-03-10,4973.98,Entregado,Web,Iquitos,Yape
8926,2335,2022-08-05,1383.43,Entregado,Web,Piura,Yape
8927,2884,2022-08-28,10226.23,Cancelado,Web,Trujillo,"Tarjeta de débito"
8928,2437,2023-05-20,6756.69,Entregado,"Tienda física",Arequipa,Efectivo
8929,1210,2024-09-08,16962.57,Devuelto,"Tienda física",Tacna,Efectivo
8930,2542,2022-09-17,1409.44,Cancelado,Web,Iquitos,"Tarjeta de crédito"
8931,1313,2024-08-13,17126.89,"En camino",Web,Piura,Yape
8932,2918,2022-08-04,13099.32,Entregado,"Tienda física",Iquitos,"Tarjeta de débito"
8933,1465,2023-11-04,3931.66,Entregado,"Tienda física",Huancayo,"Tarjeta de débito"
8934,2328,2024-03-17,11378.81,"En camino","Tienda física",Lima,Yape
8935,2625,2022-04-10,12619.92,"En camino","Tienda física",Iquitos,"Tarjeta de débito"
8936,1661,2023-03-28,65.42,Devuelto,App,Cuzco,Efectivo
8937,2743,2023-03-09,3913.59,"En camino","Tienda física",Tacna,"Tarjeta de débito"
8938,1101,2024-12-02,4785.28,"En camino",App,Trujillo,"Tarjeta de débito"
8939,1407,2024-09-21,35451.02,Entregado,Web,Lima,Efectivo
8940,1821,2024-11-29,5775.33,"En camino",Web,Cajamarca,Yape
8941,2098,2023-12-24,1431.40,Entregado,App,Trujillo,"Tarjeta de crédito"
8942,1910,2022-10-26,6090.39,Cancelado,"Tienda física",Trujillo,"Tarjeta de crédito"
8943,1234,2024-11-17,11579.25,"En camino",Web,Iquitos,Efectivo
8944,1665,2024-01-19,11172.87,Cancelado,Web,Huancayo,Efectivo
8945,2286,2024-11-14,8962.89,Devuelto,"Tienda física",Lima,"Tarjeta de débito"
8946,2537,2024-03-23,1335.81,Entregado,App,Cajamarca,"Tarjeta de crédito"
8947,1806,2024-11-15,5321.44,Devuelto,App,Lima,Efectivo
8948,2678,2022-08-03,16267.65,Entregado,Web,Lima,"Tarjeta de débito"
8949,2914,2023-06-13,1856.15,"En camino",App,Arequipa,Efectivo
8950,2591,2023-04-26,4962.12,Entregado,Web,Cusco,Efectivo
8951,2094,2024-08-15,14316.05,Cancelado,Web,Chiclayo,Efectivo
8952,2233,2024-03-21,22550.56,Entregado,Web,Iquitos,Yape
8953,1153,2023-05-13,10742.73,Devuelto,"Tienda física",Cuzco,Efectivo
8954,2524,2022-04-15,10403.35,Devuelto,Web,Piura,Yape
8955,1077,2022-01-18,16466.01,Entregado,"Tienda física",Lima,"Tarjeta de crédito"
8956,2194,2022-01-09,7149.60,Entregado,"Tienda física",Huancayo,"Tarjeta de crédito"
8957,2309,2024-08-21,36025.31,Entregado,"Tienda física",Trujillo,"Tarjeta de débito"
8958,1897,2023-05-01,1590.44,"En camino","Tienda física",Chiclayo,Yape
8959,2799,2024-10-13,2046.20,Cancelado,"Tienda física",Trujillo,"Tarjeta de crédito"
8960,2788,2023-08-06,5715.77,Devuelto,Web,Piura,"Tarjeta de crédito"
8961,1923,2023-09-01,2522.98,Devuelto,App,Huancayo,"Tarjeta de débito"
8962,2266,2023-07-21,8733.02,"En camino",Web,Trujillo,"Tarjeta de débito"
8963,1915,2023-10-03,5160.36,Entregado,Web,Tacna,Efectivo
8964,2102,2024-08-05,2833.19,Cancelado,Web,Trujillo,"Tarjeta de crédito"
8965,1110,2023-06-02,1881.07,Cancelado,Web,Tacna,Efectivo
8966,2790,2023-09-27,7995.32,Entregado,App,Cajamarca,"Tarjeta de débito"
8967,2808,2023-07-22,18900.79,Devuelto,App,Iquitos,"Tarjeta de débito"
8968,1292,2022-08-14,2375.15,Devuelto,App,Piura,Yape
8969,1476,2022-03-30,5940.40,"En camino","Tienda física",Lima,Yape
8970,2309,2024-07-14,278.08,Entregado,"Tienda física",Lima,"Tarjeta de débito"
8971,2994,2024-04-05,3400.29,Entregado,"Tienda física",Arequipa,Yape
8972,1620,2022-12-15,6070.25,Devuelto,Web,Huancayo,Efectivo
8973,2648,2024-05-22,15371.14,Devuelto,App,Tacna,"Tarjeta de crédito"
8974,2594,2022-10-05,18121.80,Devuelto,"Tienda física",Tacna,"Tarjeta de crédito"
8975,2286,2024-02-29,7437.33,"En camino",App,Trujillo,"Tarjeta de crédito"
8976,1547,2023-12-05,9229.82,"En camino","Tienda física",Trujillo,Efectivo
8977,1732,2023-08-07,14223.75,Entregado,App,Piura,Yape
8978,1874,2023-04-21,11673.23,Entregado,Web,Huancayo,"Tarjeta de débito"
8979,2050,2023-09-02,19548.49,"En camino",Web,Chiclayo,"Tarjeta de crédito"
8980,1598,2024-07-14,3382.89,Cancelado,"Tienda física",Arequipa,"Tarjeta de crédito"
8981,1540,2023-12-28,1418.94,Devuelto,App,Trujillo,Efectivo
8982,1844,2022-08-12,13238.43,"En camino","Tienda física",Cusco,"Tarjeta de débito"
8983,3000,2024-03-11,2049.50,Cancelado,"Tienda física",Arequipa,"Tarjeta de crédito"
8984,1969,2022-03-05,2744.62,Entregado,App,Cusco,Efectivo
8985,2177,2023-06-15,1417.59,"En camino","Tienda física",Tacna,Yape
8986,2660,2023-05-26,8677.88,Devuelto,"Tienda física",Iquitos,Yape
8987,1601,2023-11-30,2548.14,"En camino",App,Lima,"Tarjeta de débito"
8988,1051,2024-11-21,7985.66,Cancelado,"Tienda física",Huancayo,"Tarjeta de crédito"
8989,2874,2023-03-05,15945.76,Cancelado,App,Arequipa,"Tarjeta de débito"
8990,2560,2024-11-22,5366.04,"En camino",App,Lima,Efectivo
8991,1475,2023-11-06,9177.00,Entregado,App,Iquitos,Efectivo
8992,2679,2022-04-21,1470.14,Cancelado,App,Tacna,"Tarjeta de crédito"
8993,2582,2024-08-04,6645.53,Devuelto,App,Lima,Efectivo
8994,1867,2024-05-28,3436.57,Entregado,App,Arequipa,Efectivo
8995,2487,2024-01-16,2313.19,Cancelado,Web,Arequipa,Yape
8996,2754,2024-11-02,3254.70,Entregado,"Tienda física",Cajamarca,"Tarjeta de crédito"
8997,1876,2023-10-06,701.66,Cancelado,App,Iquitos,"Tarjeta de débito"
8998,2954,2024-07-11,8020.96,Devuelto,App,Lima,"Tarjeta de débito"
8999,1611,2024-11-05,12291.01,Devuelto,"Tienda física",Cajamarca,"Tarjeta de débito"
9000,2668,2023-04-02,2701.10,"En camino","Tienda física",Trujillo,"Tarjeta de crédito"
9001,1045,2024-10-14,5133.30,Devuelto,"Tienda física",Huancayo,Efectivo
9002,1136,2023-11-07,3556.97,Devuelto,Web,Arequipa,Efectivo
9003,1885,2024-05-03,6221.12,"En camino",App,Arequipa,Efectivo
9004,1447,2022-05-28,8410.58,Devuelto,App,Iquitos,"Tarjeta de crédito"
9005,2921,2024-02-14,17434.43,Devuelto,Web,Trujillo,Efectivo
9006,1276,2024-09-03,6130.11,"En camino","Tienda física",Cuzco,Efectivo
9007,2256,2024-12-13,5673.70,Cancelado,Web,Arequipa,Efectivo
9008,1654,2023-09-26,32245.75,"En camino",App,Lima,Efectivo
9009,1983,2023-03-23,8776.97,Entregado,Web,Iquitos,Yape
9010,1448,2023-09-20,576.79,"En camino",Web,Chiclayo,Efectivo
9011,2554,2022-03-21,13157.13,Cancelado,App,Huancayo,"Tarjeta de crédito"
9012,2022,2024-09-28,6589.65,"En camino","Tienda física",Lima,"Tarjeta de crédito"
9013,2037,2023-03-08,14559.68,Devuelto,Web,Cajamarca,Yape
9014,2356,2022-04-27,7315.25,"En camino","Tienda física",Trujillo,Efectivo
9015,1427,2024-06-25,7270.72,Cancelado,Web,Chiclayo,Efectivo
9016,2779,2022-07-20,6217.89,Cancelado,App,Lima,"Tarjeta de crédito"
9017,1244,2024-08-12,2264.96,Devuelto,App,Lima,Efectivo
9018,1728,2024-08-11,17037.45,Entregado,Web,Huancayo,"Tarjeta de crédito"
9019,2193,2024-03-05,1813.20,Entregado,App,Arequipa,Efectivo
9020,2936,2022-07-12,19055.75,Cancelado,App,Cuzco,Yape
9021,2021,2023-01-31,10462.80,Entregado,"Tienda física",Cajamarca,Efectivo
9022,1750,2023-10-10,8179.98,Devuelto,Web,Iquitos,Efectivo
9023,1928,2022-02-22,7911.32,Entregado,Web,Lima,Efectivo
9024,2447,2022-01-06,8762.29,Entregado,Web,Lima,Yape
9025,2879,2024-10-04,3123.13,Cancelado,Web,Huancayo,"Tarjeta de débito"
9026,1329,2024-11-06,507.47,Devuelto,App,Piura,"Tarjeta de débito"
9027,2232,2024-12-30,1563.35,Entregado,"Tienda física",Arequipa,Efectivo
9028,2864,2023-03-23,17233.50,Entregado,App,Tacna,Efectivo
9029,2441,2024-03-05,585.55,Entregado,App,Cajamarca,Yape
9030,2371,2022-11-17,23434.34,Entregado,App,Piura,"Tarjeta de crédito"
9031,1302,2022-11-01,13920.27,Cancelado,App,Tacna,Efectivo
9032,2357,2023-01-26,5194.59,Cancelado,App,Iquitos,"Tarjeta de crédito"
9033,1900,2023-02-09,4550.92,Entregado,"Tienda física",Piura,"Tarjeta de crédito"
9034,1479,2024-10-23,1220.64,Cancelado,Web,Chiclayo,"Tarjeta de débito"
9035,1214,2023-10-21,1676.55,Cancelado,App,Trujillo,Efectivo
9036,2043,2023-08-02,6495.72,"En camino",Web,Cajamarca,"Tarjeta de débito"
9037,1806,2022-01-28,7018.38,Entregado,App,Tacna,"Tarjeta de débito"
9038,2970,2023-04-29,5414.24,Devuelto,Web,Huancayo,"Tarjeta de crédito"
9039,2146,2023-01-23,5667.30,Entregado,Web,Cusco,Efectivo
9040,2586,2024-04-17,30414.02,Entregado,"Tienda física",Cajamarca,Yape
9041,2522,2023-11-28,4552.56,Devuelto,"Tienda física",Tacna,"Tarjeta de crédito"
9042,1427,2022-09-24,9192.43,"En camino",Web,Cajamarca,"Tarjeta de débito"
9043,2456,2023-11-14,6171.68,Devuelto,App,Chiclayo,Efectivo
9044,1078,2022-03-30,14300.56,"En camino",App,Cusco,"Tarjeta de débito"
9045,1280,2023-01-19,7685.62,Entregado,Web,Iquitos,Yape
9046,2157,2023-04-05,298.97,Devuelto,Web,Trujillo,"Tarjeta de débito"
9047,2700,2022-06-28,22456.25,Devuelto,Web,Cajamarca,Yape
9048,1182,2022-10-11,5882.35,Entregado,"Tienda física",Piura,"Tarjeta de crédito"
9049,1679,2024-03-15,2313.05,Entregado,Web,Piura,"Tarjeta de crédito"
9050,2146,2023-10-08,1421.30,Devuelto,Web,Huancayo,Efectivo
9051,1755,2023-02-05,2713.26,Devuelto,Web,Arequipa,Efectivo
9052,2888,2022-11-21,7225.31,"En camino","Tienda física",Cuzco,"Tarjeta de débito"
9053,2445,2024-07-28,1207.46,"En camino",App,Arequipa,Yape
9054,2356,2023-05-03,10547.04,"En camino",App,Cajamarca,Yape
9055,1624,2023-10-05,3647.66,Entregado,App,Tacna,"Tarjeta de débito"
9056,2316,2023-11-09,9375.10,"En camino",App,Trujillo,Efectivo
9057,1336,2022-09-01,8506.93,Cancelado,App,Huancayo,Efectivo
9058,2683,2023-08-07,19689.35,"En camino",App,Chiclayo,"Tarjeta de débito"
9059,1465,2024-07-11,4596.25,Devuelto,App,Piura,"Tarjeta de débito"
9060,1465,2022-11-16,6358.34,Entregado,"Tienda física",Tacna,Efectivo
9061,1359,2023-06-22,8447.79,Devuelto,"Tienda física",Arequipa,Efectivo
9062,1615,2022-04-20,115.90,Cancelado,Web,Chiclayo,"Tarjeta de crédito"
9063,1186,2023-01-21,4475.97,Cancelado,Web,Arequipa,Efectivo
9064,1770,2022-10-14,5134.18,Cancelado,App,Lima,Efectivo
9065,2751,2022-09-20,7904.00,Devuelto,Web,Piura,"Tarjeta de crédito"
9066,2509,2023-05-19,6998.01,Devuelto,"Tienda física",Iquitos,"Tarjeta de crédito"
9067,1764,2023-07-03,3477.65,Cancelado,Web,Lima,"Tarjeta de débito"
9068,1142,2024-09-14,3435.66,Devuelto,Web,Trujillo,Efectivo
9069,2127,2024-09-24,21513.29,Entregado,App,Iquitos,Efectivo
9070,1711,2022-06-03,4687.13,Entregado,App,Tacna,"Tarjeta de crédito"
9071,2284,2023-08-22,1377.10,"En camino","Tienda física",Cajamarca,"Tarjeta de crédito"
9072,2514,2024-05-18,8999.09,"En camino",Web,Cuzco,"Tarjeta de crédito"
9073,1521,2023-11-07,2423.89,Entregado,"Tienda física",Chiclayo,"Tarjeta de crédito"
9074,2101,2022-03-10,21537.92,Cancelado,Web,Trujillo,"Tarjeta de débito"
9075,1507,2023-05-13,6639.21,Devuelto,"Tienda física",Arequipa,Yape
9076,2195,2024-01-02,6141.75,Entregado,App,Huancayo,"Tarjeta de crédito"
9077,1887,2023-10-05,5593.22,Cancelado,App,Piura,Efectivo
9078,2633,2024-01-24,57.95,"En camino","Tienda física",Chiclayo,Yape
9079,1797,2023-12-07,306.10,Devuelto,Web,Iquitos,Efectivo
9080,1050,2024-07-13,706.32,"En camino","Tienda física",Huancayo,"Tarjeta de débito"
9081,2939,2022-03-27,4853.70,"En camino",Web,Piura,Efectivo
9082,1956,2022-11-01,1729.75,Cancelado,Web,Tacna,Efectivo
9083,2865,2022-03-17,4498.36,Entregado,"Tienda física",Chiclayo,Efectivo
9084,1425,2022-03-25,802.12,"En camino","Tienda física",Iquitos,Efectivo
9085,1615,2024-04-21,10038.20,Devuelto,Web,Trujillo,Efectivo
9086,1598,2022-08-21,2317.49,Devuelto,"Tienda física",Cusco,"Tarjeta de crédito"
9087,2628,2024-08-21,7360.12,"En camino",App,Tacna,"Tarjeta de débito"
9088,1788,2023-05-31,13894.13,Cancelado,App,Lima,Efectivo
9089,2734,2022-05-31,350.29,Cancelado,Web,Cusco,Efectivo
9090,1965,2023-02-03,850.02,Devuelto,App,Piura,Efectivo
9091,2453,2024-05-06,2823.55,"En camino",App,Tacna,Yape
9092,1522,2023-09-26,29991.32,"En camino",App,Cusco,"Tarjeta de débito"
9093,1797,2023-06-28,14650.86,Cancelado,"Tienda física",Lima,"Tarjeta de crédito"
9094,1362,2027-12-31,10349.02,Entregado,"Tienda física",Cusco,Yape
9095,2490,2023-07-16,4293.84,Entregado,App,Huancayo,Efectivo
9096,1251,2024-08-20,10368.72,Cancelado,App,Chiclayo,"Tarjeta de crédito"
9097,1708,2024-03-13,6624.96,Cancelado,Web,Cajamarca,Yape
9098,2522,2022-08-16,9876.33,"En camino",Web,Tacna,"Tarjeta de débito"
9099,2295,2022-11-24,1931.91,Devuelto,"Tienda física",Chiclayo,Efectivo
9100,2173,2022-08-09,1953.67,Devuelto,"Tienda física",Piura,Efectivo
9101,1731,2023-05-26,5933.26,Entregado,"Tienda física",Piura,"Tarjeta de crédito"
9102,2116,2022-07-10,241.64,"En camino","Tienda física",Tacna,Efectivo
9103,1581,2022-10-30,11967.90,"En camino",App,Tacna,Efectivo
9104,2332,2024-09-05,22280.46,"En camino","Tienda física",Chiclayo,Efectivo
9105,1169,2022-01-30,10884.74,Cancelado,"Tienda física",Tacna,Yape
9106,2888,2024-05-07,2736.71,Cancelado,App,Piura,Efectivo
9107,2285,2023-10-28,9349.35,Devuelto,"Tienda física",Trujillo,Yape
9108,1998,2022-03-02,9407.04,Cancelado,App,Iquitos,Efectivo
9109,1549,2024-06-15,10109.90,Devuelto,App,Chiclayo,Yape
9110,2518,2024-04-09,6840.36,Entregado,Web,Cusco,Efectivo
9111,2909,2022-07-31,11506.97,Entregado,"Tienda física",Piura,"Tarjeta de débito"
9112,2892,2022-11-12,7056.10,"En camino",App,Cusco,"Tarjeta de crédito"
9113,2903,2022-12-12,11328.02,Devuelto,Web,Trujillo,Efectivo
9114,2249,2022-11-03,26505.64,"En camino",App,Tacna,Yape
9115,1236,2023-05-01,3537.12,Cancelado,App,Lima,Efectivo
9116,1870,2022-02-24,11809.86,Devuelto,Web,Iquitos,"Tarjeta de débito"
9117,1131,2024-01-17,8066.40,"En camino",Web,Iquitos,Yape
9118,1906,2024-03-01,1948.64,Devuelto,App,Lima,"Tarjeta de crédito"
9119,1007,2023-08-30,605.82,Devuelto,"Tienda física",Huancayo,Yape
9120,1690,2023-08-04,2201.03,Cancelado,Web,Huancayo,"Tarjeta de crédito"
9121,1027,2024-05-08,692.33,Entregado,Web,Piura,Efectivo
9122,2943,2023-12-24,2803.70,Cancelado,App,Lima,"Tarjeta de crédito"
9123,1331,2023-05-24,1771.68,"En camino",Web,Cuzco,"Tarjeta de crédito"
9124,2839,2022-01-09,11711.23,Cancelado,Web,Iquitos,"Tarjeta de crédito"
9125,1340,2023-06-10,2342.01,Entregado,"Tienda física",Huancayo,"Tarjeta de débito"
9126,1158,2024-01-30,9597.26,Entregado,"Tienda física",Cajamarca,"Tarjeta de débito"
9127,2052,2024-01-28,9722.80,Cancelado,"Tienda física",Iquitos,"Tarjeta de débito"
9128,2361,2023-10-26,1862.82,"En camino","Tienda física",Iquitos,"Tarjeta de crédito"
9129,1193,2023-11-28,14919.84,Cancelado,"Tienda física",Arequipa,Yape
9130,1829,2023-11-13,80.07,Devuelto,"Tienda física",Iquitos,"Tarjeta de débito"
9131,2157,2022-04-15,4599.38,"En camino","Tienda física",Cusco,"Tarjeta de débito"
9132,2131,2022-09-16,25724.09,Cancelado,App,Trujillo,"Tarjeta de débito"
9133,1148,2024-04-15,7907.82,Cancelado,Web,Chiclayo,Yape
9134,2323,2023-03-11,11375.21,"En camino",Web,Cajamarca,Efectivo
9135,2709,2023-11-13,4112.31,Devuelto,"Tienda física",Trujillo,"Tarjeta de débito"
9136,2931,2024-05-27,2767.07,Entregado,Web,Lima,Efectivo
9137,1588,2022-01-14,12821.58,"En camino",Web,Cajamarca,"Tarjeta de crédito"
9138,2826,2024-10-20,10798.87,Entregado,"Tienda física",Lima,Yape
9139,1203,2024-10-17,29.94,Cancelado,Web,Tacna,"Tarjeta de crédito"
9140,1467,2024-09-24,5685.52,Entregado,Web,Iquitos,"Tarjeta de crédito"
9141,2614,2023-10-01,3126.70,Devuelto,"Tienda física",Iquitos,"Tarjeta de crédito"
9142,2564,2023-03-20,7501.56,Devuelto,"Tienda física",Arequipa,Yape
9143,1615,2023-04-21,1342.02,Devuelto,Web,Lima,Efectivo
9144,2716,2022-10-08,7439.65,Entregado,App,Huancayo,"Tarjeta de débito"
9145,1561,2024-09-26,459.76,Devuelto,App,Piura,"Tarjeta de crédito"
9146,2368,2024-04-19,8845.47,Entregado,App,Lima,Efectivo
9147,1983,2023-01-28,5892.25,Entregado,App,Cajamarca,Efectivo
9148,1792,2022-05-07,11325.66,Entregado,Web,Arequipa,"Tarjeta de crédito"
9149,2432,2023-06-23,5213.99,Devuelto,"Tienda física",Chiclayo,"Tarjeta de crédito"
9150,2822,2024-04-21,17617.19,Devuelto,Web,Arequipa,"Tarjeta de débito"
9151,1120,2022-03-14,3464.38,"En camino","Tienda física",Arequipa,"Tarjeta de crédito"
9152,2445,2022-03-01,9092.24,Devuelto,Web,Arequipa,Yape
9153,2210,2024-11-30,12209.33,Cancelado,App,Huancayo,"Tarjeta de crédito"
9154,1523,2022-12-31,8689.45,"En camino",App,Tacna,Efectivo
9155,2674,2023-05-16,9482.48,Cancelado,"Tienda física",Cusco,Efectivo
9156,2152,2024-03-30,11912.49,"En camino",App,Arequipa,"Tarjeta de débito"
9157,1417,2024-02-12,541.75,Devuelto,App,Cajamarca,Yape
9158,2422,2022-10-19,1692.02,"En camino",Web,Lima,"Tarjeta de débito"
9159,1998,2024-05-18,1990.24,Cancelado,App,Trujillo,Efectivo
9160,2661,2022-02-05,3968.88,Cancelado,Web,Iquitos,"Tarjeta de débito"
9161,1922,2023-01-12,6818.92,"En camino",Web,Piura,Efectivo
9162,1590,2023-01-12,16958.94,"En camino",Web,Huancayo,"Tarjeta de débito"
9163,1053,2022-11-03,6878.90,Entregado,"Tienda física",Cuzco,Efectivo
9164,2508,2022-05-08,2231.78,"En camino","Tienda física",Lima,Yape
9165,1264,2024-06-28,4119.29,"En camino",Web,Trujillo,"Tarjeta de débito"
9166,2212,2024-02-07,8229.64,"En camino",App,Trujillo,Efectivo
9167,2660,2023-11-22,13943.56,Entregado,"Tienda física",Lima,Efectivo
9168,2473,2022-02-17,19341.93,Cancelado,Web,Cuzco,Yape
9169,2761,2024-03-31,1803.64,Devuelto,Web,Cajamarca,Efectivo
9170,1257,2022-08-02,1193.52,Cancelado,"Tienda física",Iquitos,Efectivo
9171,2098,2024-07-26,5571.50,Cancelado,Web,Chiclayo,Efectivo
9172,1830,2022-03-18,11018.66,"En camino",Web,Iquitos,"Tarjeta de débito"
9173,1592,2024-06-03,3400.29,Devuelto,"Tienda física",Piura,"Tarjeta de crédito"
9174,2361,2024-08-04,8129.94,Devuelto,App,Arequipa,"Tarjeta de débito"
9175,2305,2022-02-18,4650.35,Entregado,"Tienda física",Trujillo,Efectivo
9176,1495,2022-05-18,5485.88,Entregado,App,Lima,Efectivo
9177,2989,2023-11-29,10775.25,"En camino",App,Arequipa,Yape
9178,1413,2022-08-09,8738.97,"En camino","Tienda física",Trujillo,Yape
9179,2579,2022-12-20,20559.93,Devuelto,App,Trujillo,"Tarjeta de crédito"
9180,2914,2022-03-21,6079.64,Entregado,App,Huancayo,"Tarjeta de crédito"
9181,1059,2022-04-25,1204.20,Cancelado,Web,Iquitos,Yape
9182,2663,2023-03-01,15679.33,Devuelto,"Tienda física",Cajamarca,Efectivo
9183,1311,2023-03-04,15553.79,"En camino","Tienda física",Iquitos,Yape
9184,1870,2023-06-02,2791.51,Cancelado,Web,Lima,Efectivo
9185,2970,2023-09-26,2261.96,Cancelado,"Tienda física",Lima,Yape
9186,2747,2022-03-09,4231.27,Cancelado,"Tienda física",Trujillo,Efectivo
9187,2300,2024-07-25,16414.55,Entregado,Web,Cuzco,Efectivo
9188,1713,2024-06-12,10327.17,"En camino",App,Lima,Efectivo
9189,2986,2024-09-01,3285.94,Cancelado,Web,Arequipa,"Tarjeta de crédito"
9190,2911,2022-12-02,1360.17,Entregado,App,Iquitos,"Tarjeta de débito"
9191,2535,2022-08-23,17611.57,Devuelto,"Tienda física",Arequipa,"Tarjeta de crédito"
9192,1061,2024-02-23,9723.76,Entregado,App,Iquitos,Efectivo
9193,2178,2023-01-09,11623.20,Devuelto,"Tienda física",Chiclayo,"Tarjeta de crédito"
9194,2487,2022-06-01,9324.94,Entregado,Web,Trujillo,"Tarjeta de débito"
9195,2323,2023-02-01,576.98,Entregado,Web,Iquitos,"Tarjeta de crédito"
9196,2199,2023-05-02,9725.49,"En camino",App,Cajamarca,Efectivo
9197,1788,2023-04-19,9608.97,Devuelto,App,Piura,Efectivo
9198,2449,2022-05-29,21743.90,Devuelto,Web,Huancayo,"Tarjeta de débito"
9199,2678,2022-11-19,179.60,Entregado,"Tienda física",Cajamarca,Yape
9200,1384,2024-02-13,9513.47,Entregado,App,Iquitos,Yape
9201,1239,2022-10-28,20937.60,"En camino","Tienda física",Lima,Efectivo
9202,2143,2022-08-19,18533.77,Entregado,App,Huancayo,"Tarjeta de débito"
9203,2825,2022-01-06,5469.28,Cancelado,Web,Piura,Yape
9204,1387,2023-11-22,2387.49,Cancelado,Web,Lima,Efectivo
9205,1852,2023-04-05,10449.72,"En camino",App,Huancayo,"Tarjeta de crédito"
9206,1773,2026-03-01,10106.05,"En camino",App,Arequipa,Efectivo
9207,1927,2024-09-10,2339.17,Entregado,"Tienda física",Huancayo,Efectivo
9208,1942,2022-06-24,16734.61,Cancelado,App,Chiclayo,Efectivo
9209,1253,2022-11-23,11040.61,Cancelado,App,Trujillo,Efectivo
9210,2229,2022-12-21,74.76,"En camino",App,Huancayo,Efectivo
9211,2529,2024-05-05,1770.46,"En camino","Tienda física",Cajamarca,Efectivo
9212,1774,2022-03-28,7377.78,"En camino",Web,Tacna,Efectivo
9213,1851,2022-04-24,7030.66,Entregado,App,Lima,Efectivo
9214,1848,2022-09-15,780.74,Cancelado,"Tienda física",Iquitos,Yape
9215,1892,2022-10-25,17187.70,Cancelado,"Tienda física",Cajamarca,"Tarjeta de crédito"
9216,2951,2024-11-12,891.15,Devuelto,App,Iquitos,"Tarjeta de crédito"
9217,1160,2023-04-23,6926.88,Entregado,Web,Lima,"Tarjeta de crédito"
9218,1004,2024-08-06,8541.36,"En camino",App,Chiclayo,Yape
9219,1286,2024-06-29,3005.48,Devuelto,Web,Arequipa,Efectivo
9220,1642,2023-07-27,3810.70,"En camino",Web,Lima,Efectivo
9221,2530,2023-01-08,13941.62,Cancelado,"Tienda física",Lima,"Tarjeta de débito"
9222,1808,2024-07-18,3274.45,"En camino","Tienda física",Cusco,"Tarjeta de débito"
9223,2875,2022-04-21,2332.59,Entregado,"Tienda física",Piura,Efectivo
9224,1493,2023-10-09,7266.04,Devuelto,Web,Cajamarca,Efectivo
9225,1570,2023-08-09,1217.53,"En camino","Tienda física",Chiclayo,Yape
9226,1357,2023-10-26,15.00,Cancelado,Web,Piura,Efectivo
9227,2662,2024-10-02,1351.92,Cancelado,App,Lima,Efectivo
9228,2946,2024-06-30,9500.00,Entregado,Web,Chiclayo,Efectivo
9229,2888,2022-12-08,8260.39,Cancelado,"Tienda física",Cajamarca,"Tarjeta de crédito"
9230,1066,2022-10-25,176.58,"En camino","Tienda física",Arequipa,Efectivo
9231,1276,2022-05-08,340.89,Entregado,Web,Lima,"Tarjeta de débito"
9232,2625,2024-03-30,7765.69,Entregado,"Tienda física",Piura,"Tarjeta de débito"
9233,2739,2023-02-01,4589.52,Devuelto,"Tienda física",Iquitos,"Tarjeta de crédito"
9234,2717,2022-11-05,7496.73,Devuelto,"Tienda física",Trujillo,Yape
9235,1263,2022-11-22,7898.66,Devuelto,App,Lima,Efectivo
9236,1274,2024-11-27,22953.63,Devuelto,"Tienda física",Chiclayo,Efectivo
9237,2393,2022-02-22,1688.76,"En camino","Tienda física",Cusco,Yape
9238,2432,2022-06-12,21197.10,"En camino","Tienda física",Lima,"Tarjeta de débito"
9239,1451,2022-12-09,3535.96,Entregado,"Tienda física",Tacna,"Tarjeta de crédito"
9240,1551,2024-05-13,12192.81,Entregado,App,Cajamarca,Efectivo
9241,2257,2022-04-19,267.24,"En camino","Tienda física",Piura,Efectivo
9242,2206,2023-08-20,5591.20,Cancelado,Web,Arequipa,Yape
9243,2115,2023-06-14,10507.58,"En camino","Tienda física",Arequipa,"Tarjeta de débito"
9244,1082,2024-05-01,14660.96,Devuelto,"Tienda física",Tacna,Efectivo
9245,1149,2024-05-08,1677.47,Devuelto,Web,Piura,"Tarjeta de débito"
9246,2843,2024-01-19,2726.71,Entregado,App,Cajamarca,Efectivo
9247,1428,2024-10-27,5610.81,Cancelado,"Tienda física",Arequipa,Efectivo
9248,2486,2023-10-26,13930.14,Devuelto,"Tienda física",Chiclayo,Efectivo
9249,1897,2022-10-09,2203.32,Devuelto,"Tienda física",Iquitos,Efectivo
9250,2991,2023-07-09,9349.96,Cancelado,App,Cajamarca,"Tarjeta de crédito"
9251,1868,2024-10-02,3934.31,Cancelado,Web,Cajamarca,"Tarjeta de crédito"
9252,2135,2024-04-16,7826.94,Devuelto,Web,Trujillo,Efectivo
9253,1453,2022-01-27,2218.65,Entregado,App,Tacna,"Tarjeta de débito"
9254,2825,2024-05-03,2093.51,"En camino",App,Iquitos,Efectivo
9255,1863,2022-02-09,877.75,Cancelado,"Tienda física",Iquitos,Efectivo
9256,2000,2024-05-23,12220.54,"En camino",Web,Chiclayo,"Tarjeta de débito"
9257,1734,2023-06-28,9202.27,Devuelto,App,Iquitos,Efectivo
9258,2265,2024-06-20,707.92,"En camino",App,Cajamarca,"Tarjeta de débito"
9259,2517,2022-11-15,4339.60,Entregado,App,Iquitos,Yape
9260,1034,2023-06-11,13452.85,"En camino",App,Trujillo,Efectivo
9261,1193,2023-12-03,3921.99,Entregado,App,Lima,Yape
9262,1972,2022-12-29,1354.36,Devuelto,"Tienda física",Iquitos,Efectivo
9263,2770,2024-01-11,2198.46,Cancelado,Web,Cusco,Efectivo
9264,1927,2024-08-02,1016.36,Cancelado,App,Arequipa,Efectivo
9265,2259,2023-03-22,14061.13,"En camino","Tienda física",Lima,Yape
9266,1148,2024-07-16,9752.66,Devuelto,App,Lima,"Tarjeta de débito"
9267,1671,2024-08-11,1890.08,Devuelto,App,Cuzco,Yape
9268,1307,2023-05-29,3698.15,Entregado,App,Huancayo,Yape
9269,2302,2024-08-19,11187.47,"En camino","Tienda física",Cajamarca,Efectivo
9270,1624,2024-10-10,6630.49,Cancelado,App,Cajamarca,"Tarjeta de crédito"
9271,1566,2023-06-19,6983.14,"En camino",App,Lima,Yape
9272,2668,2022-01-29,624.43,Cancelado,App,Lima,Yape
9273,1827,2024-06-23,1866.76,Devuelto,App,Cusco,"Tarjeta de crédito"
9274,1247,2022-01-08,2975.20,"En camino",Web,Cajamarca,"Tarjeta de débito"
9275,1562,2023-07-13,12723.21,"En camino",App,Cusco,"Tarjeta de débito"
9276,1602,2024-05-03,1602.03,Entregado,App,Tacna,"Tarjeta de crédito"
9277,1056,2023-10-14,9173.82,Devuelto,"Tienda física",Lima,Yape
9278,2264,2024-09-07,2982.18,Cancelado,App,Arequipa,Yape
9279,1337,2024-08-16,7449.19,Devuelto,App,Tacna,"Tarjeta de débito"
9280,1433,2024-07-27,4952.16,"En camino","Tienda física",Cusco,Efectivo
9281,1503,2022-04-19,2732.20,Devuelto,"Tienda física",Huancayo,Yape
9282,2592,2024-06-07,4060.68,Devuelto,App,Huancayo,"Tarjeta de débito"
9283,2758,2022-06-26,103.09,Cancelado,"Tienda física",Piura,Efectivo
9284,1718,2022-10-19,4163.45,Entregado,"Tienda física",Lima,"Tarjeta de crédito"
9285,1129,2024-11-18,17412.72,Devuelto,Web,Chiclayo,Efectivo
9286,1938,2024-10-21,4040.15,Entregado,Web,Huancayo,"Tarjeta de crédito"
9287,1623,2024-07-18,2597.44,"En camino",App,Tacna,"Tarjeta de crédito"
9288,2744,2022-11-10,8524.52,Devuelto,"Tienda física",Piura,"Tarjeta de crédito"
9289,1810,2023-09-20,7110.94,Entregado,"Tienda física",Trujillo,Yape
9290,2860,2022-11-14,4283.68,Entregado,"Tienda física",Chiclayo,Yape
9291,1739,2024-03-27,2001.87,Devuelto,App,Chiclayo,"Tarjeta de débito"
9292,1890,2024-12-05,467.05,"En camino",Web,Cajamarca,Efectivo
9293,2806,2022-05-06,1991.96,Entregado,Web,Piura,"Tarjeta de crédito"
9294,1630,2022-10-07,5166.47,Devuelto,Web,Piura,Efectivo
9295,1287,2024-11-15,10187.78,"En camino",App,Cajamarca,Yape
9296,2779,2022-10-28,5985.53,Entregado,Web,Iquitos,"Tarjeta de débito"
9297,2657,2024-04-01,6705.25,Entregado,App,Chiclayo,"Tarjeta de crédito"
9298,1772,2022-05-26,2069.17,Entregado,App,Lima,"Tarjeta de crédito"
9299,2667,2024-02-13,6887.84,Cancelado,App,Lima,"Tarjeta de débito"
9300,1108,2023-06-11,7951.52,"En camino",Web,Cusco,Efectivo
9301,1226,2022-09-02,3061.75,Devuelto,Web,Huancayo,"Tarjeta de crédito"
9302,2126,2024-06-15,1700.88,Cancelado,"Tienda física",Huancayo,"Tarjeta de crédito"
9303,1786,2022-02-24,14307.07,"En camino",App,Cuzco,Efectivo
9304,1505,2022-01-03,13570.25,Devuelto,Web,Trujillo,Efectivo
9305,2003,2023-12-01,12248.90,Cancelado,Web,Iquitos,Efectivo
9306,2540,2023-02-06,10217.95,Devuelto,Web,Iquitos,"Tarjeta de débito"
9307,1263,2024-10-06,5771.38,Cancelado,"Tienda física",Lima,"Tarjeta de crédito"
9308,1778,2022-06-02,805.23,Devuelto,"Tienda física",Chiclayo,"Tarjeta de débito"
9309,1447,2024-11-22,2282.61,Devuelto,"Tienda física",Trujillo,Yape
9310,1137,2024-05-18,5174.30,Devuelto,App,Iquitos,"Tarjeta de débito"
9311,2163,2022-03-10,3801.26,Devuelto,App,Lima,Yape
9312,2198,2023-11-17,8841.79,"En camino",Web,Arequipa,Yape
9313,2603,2024-03-03,8498.39,"En camino",App,Huancayo,Efectivo
9314,2537,2024-03-25,3709.53,Entregado,"Tienda física",Chiclayo,"Tarjeta de débito"
9315,1731,2024-11-21,1517.20,Cancelado,App,Cuzco,Efectivo
9316,2506,2022-01-22,5749.83,Cancelado,Web,Iquitos,"Tarjeta de crédito"
9317,2853,2023-02-17,15379.55,"En camino",Web,Piura,"Tarjeta de crédito"
9318,2317,2022-06-02,1543.72,Devuelto,Web,Trujillo,"Tarjeta de crédito"
9319,1782,2024-04-02,15472.47,Entregado,App,Cusco,"Tarjeta de débito"
9320,2831,2024-02-14,8738.54,"En camino","Tienda física",Trujillo,Efectivo
9321,2255,2023-09-18,14470.78,"En camino",Web,Piura,Efectivo
9322,2298,2024-08-24,10348.42,Entregado,"Tienda física",Arequipa,"Tarjeta de crédito"
9323,1686,2024-01-24,176.58,Cancelado,"Tienda física",Huancayo,Yape
9324,1730,2022-05-12,6989.00,Devuelto,"Tienda física",Tacna,Efectivo
9325,2194,2022-10-23,6068.82,"En camino","Tienda física",Piura,"Tarjeta de débito"
9326,2553,2024-08-12,1965.75,Entregado,"Tienda física",Trujillo,"Tarjeta de crédito"
9327,1324,2024-12-08,7537.48,Cancelado,Web,Cajamarca,"Tarjeta de crédito"
9328,2310,2023-01-26,7402.71,Cancelado,Web,Lima,Efectivo
9329,1375,2022-09-10,1509.32,Devuelto,"Tienda física",Trujillo,"Tarjeta de débito"
9330,1996,2022-12-23,26213.69,"En camino",Web,Cajamarca,"Tarjeta de débito"
9331,2404,2023-06-22,11530.22,Devuelto,App,Trujillo,Yape
9332,1899,2022-10-01,10969.75,"En camino",App,Chiclayo,Efectivo
9333,1770,2024-01-10,4939.35,Cancelado,Web,Chiclayo,Efectivo
9334,2743,2023-05-03,2593.26,Cancelado,App,Piura,"Tarjeta de débito"
9335,2804,2024-02-04,1757.51,Devuelto,App,Iquitos,Efectivo
9336,1539,2023-07-08,6578.07,Devuelto,Web,Arequipa,Efectivo
9337,2663,2022-06-20,1500.71,"En camino",App,Arequipa,Efectivo
9338,1190,2024-03-27,1102.05,Devuelto,App,Lima,Yape
9339,1612,2022-02-06,9907.04,Cancelado,Web,Lima,"Tarjeta de débito"
9340,2245,2022-06-23,1874.34,Devuelto,App,Cajamarca,Efectivo
9341,1093,2022-06-25,4707.60,"En camino",App,Lima,Efectivo
9342,1054,2023-06-20,3131.57,"En camino","Tienda física",Cusco,Efectivo
9343,1444,2022-02-10,3599.61,"En camino",Web,Lima,Efectivo
9344,2900,2024-12-05,7004.94,"En camino",Web,Iquitos,"Tarjeta de débito"
9345,2758,2024-06-20,13953.36,Entregado,App,Chiclayo,Yape
9346,2984,2022-01-06,13829.01,Cancelado,Web,Lima,"Tarjeta de crédito"
9347,2624,2022-08-31,1630.77,"En camino",App,Tacna,Efectivo
9348,2883,2024-08-23,6693.39,Cancelado,App,Tacna,Yape
9349,2668,2022-01-03,2025.79,Devuelto,"Tienda física",Cuzco,"Tarjeta de crédito"
9350,2122,2024-11-19,12361.97,"En camino",Web,Tacna,Efectivo
9351,1663,2024-03-30,15275.14,"En camino",App,Piura,"Tarjeta de débito"
9352,1006,2024-09-22,831.94,"En camino","Tienda física",Chiclayo,Yape
9353,2993,2022-07-30,22195.96,Cancelado,"Tienda física",Lima,"Tarjeta de crédito"
9354,1367,2024-01-22,372.38,Devuelto,"Tienda física",Trujillo,"Tarjeta de débito"
9355,2522,2022-12-16,20187.71,"En camino",Web,Arequipa,Yape
9356,2642,2022-03-22,3823.08,Cancelado,App,Arequipa,Efectivo
9357,1686,2024-09-09,1200.48,Cancelado,Web,Cusco,"Tarjeta de débito"
9358,1704,2024-08-15,4440.13,Entregado,App,Cuzco,"Tarjeta de crédito"
9359,1131,2022-07-31,18159.16,"En camino","Tienda física",Huancayo,"Tarjeta de crédito"
9360,2493,2022-04-23,7270.12,Devuelto,Web,Chiclayo,Efectivo
9361,2479,2024-08-23,1166.22,Entregado,"Tienda física",Trujillo,"Tarjeta de débito"
9362,1427,2023-08-08,8543.15,"En camino",Web,Cajamarca,Efectivo
9363,2704,2022-04-30,3851.89,"En camino","Tienda física",Lima,Efectivo
9364,2919,2023-08-07,16066.97,"En camino","Tienda física",Piura,Efectivo
9365,2602,2023-04-09,1251.87,Devuelto,Web,Iquitos,Yape
9366,2984,2023-04-06,9880.00,Devuelto,Web,Huancayo,"Tarjeta de débito"
9367,1556,2024-05-19,5932.68,"En camino",Web,Iquitos,Efectivo
9368,2597,2024-02-03,3123.71,Cancelado,Web,Cajamarca,Yape
9369,1591,2024-06-25,1885.36,Entregado,"Tienda física",Tacna,Efectivo
9370,2896,2024-02-16,6724.91,Entregado,Web,Tacna,Efectivo
9371,2400,2024-07-16,2857.08,Devuelto,Web,Huancayo,Efectivo
9372,1524,2022-11-07,240.54,Devuelto,Web,Iquitos,Efectivo
9373,2793,2023-08-25,6389.98,Cancelado,Web,Cajamarca,Yape
9374,2126,2024-04-24,9534.43,Devuelto,"Tienda física",Trujillo,Efectivo
9375,1818,2022-06-20,4033.85,Entregado,"Tienda física",Arequipa,"Tarjeta de débito"
9376,1986,2022-04-20,19135.61,"En camino","Tienda física",Trujillo,Efectivo
9377,1289,2023-11-02,10361.03,Cancelado,"Tienda física",Cajamarca,Yape
9378,1370,2022-05-18,11674.40,"En camino",Web,Cajamarca,"Tarjeta de crédito"
9379,2093,2022-07-07,398.21,Cancelado,Web,Cusco,"Tarjeta de crédito"
9380,2865,2022-03-13,716.83,Devuelto,"Tienda física",Piura,"Tarjeta de crédito"
9381,2098,2022-01-02,9996.32,Entregado,App,Trujillo,Yape
9382,1469,2022-04-15,7990.42,"En camino",Web,Cuzco,Efectivo
9383,2173,2024-08-18,19234.40,Cancelado,App,Lima,Efectivo
9384,1002,2022-04-15,15129.07,"En camino","Tienda física",Chiclayo,"Tarjeta de débito"
9385,1616,2022-08-06,1998.83,"En camino","Tienda física",Chiclayo,Yape
9386,1961,2024-10-13,3390.19,Cancelado,Web,Cuzco,Efectivo
9387,2547,2024-01-12,1878.87,Entregado,App,Trujillo,"Tarjeta de débito"
9388,1494,2022-02-27,1792.52,Cancelado,App,Lima,Efectivo
9389,2960,2022-12-28,20887.01,Devuelto,App,Trujillo,Efectivo
9390,1479,2022-01-25,14056.36,Cancelado,App,Huancayo,Efectivo
9391,1136,2024-02-02,3077.85,"En camino","Tienda física",Iquitos,Efectivo
9392,1518,2022-04-09,8592.44,"En camino",App,Iquitos,Efectivo
9393,2895,2022-11-01,5068.01,"En camino",App,Tacna,Efectivo
9394,1740,2023-12-14,842.54,Cancelado,Web,Trujillo,Efectivo
9395,1566,2023-08-15,7677.62,"En camino",Web,Arequipa,Yape
9396,1775,2024-08-27,969.73,Entregado,App,Piura,"Tarjeta de crédito"
9397,2498,2022-12-01,2816.45,Cancelado,Web,Huancayo,Yape
9398,2514,2023-04-16,13659.56,"En camino","Tienda física",Huancayo,Yape
9399,2425,2022-12-26,99.90,Entregado,Web,Lima,"Tarjeta de débito"
9400,1172,2022-03-09,1016.13,"En camino",Web,Cajamarca,"Tarjeta de crédito"
9401,1766,2022-06-17,24091.66,Devuelto,"Tienda física",Trujillo,Efectivo
9402,2407,2022-01-25,13437.52,Devuelto,App,Lima,Efectivo
9403,1988,2022-12-19,2542.86,Entregado,App,Huancayo,"Tarjeta de crédito"
9404,1599,2024-08-21,20874.94,Devuelto,Web,Arequipa,Yape
9405,2189,2024-01-17,5611.54,Devuelto,App,Arequipa,Efectivo
9406,2699,2024-08-27,7339.48,Cancelado,"Tienda física",Iquitos,"Tarjeta de débito"
9407,1406,2023-07-05,217.80,"En camino",App,Trujillo,Yape
9408,1305,2024-08-01,2034.38,Cancelado,App,Chiclayo,Yape
9409,1733,2023-11-15,2187.34,Devuelto,App,Tacna,Yape
9410,1191,2023-04-17,804.76,Cancelado,App,Lima,Yape
9411,1235,2024-05-14,10686.98,"En camino",Web,Trujillo,"Tarjeta de débito"
9412,1534,2023-10-21,1591.16,Devuelto,"Tienda física",Chiclayo,"Tarjeta de crédito"
9413,2427,2024-07-13,12942.28,Devuelto,"Tienda física",Cusco,Efectivo
9414,2601,2023-09-26,1855.80,Entregado,"Tienda física",Trujillo,Efectivo
9415,2205,2023-06-06,7334.30,Entregado,"Tienda física",Arequipa,"Tarjeta de crédito"
9416,1938,2022-12-09,8833.93,"En camino","Tienda física",Cajamarca,"Tarjeta de débito"
9417,2078,2023-12-11,5901.92,Devuelto,App,Trujillo,Efectivo
9418,2059,2022-11-06,7751.85,Devuelto,App,Arequipa,Efectivo
9419,1956,2024-02-25,6485.91,Cancelado,Web,Iquitos,Efectivo
9420,2208,2023-06-13,9600.43,Devuelto,Web,Tacna,Efectivo
9421,2688,2022-12-06,16654.84,Entregado,App,Arequipa,"Tarjeta de crédito"
9422,1649,2022-04-26,172.86,"En camino","Tienda física",Tacna,Efectivo
9423,1438,2023-07-31,14331.48,Devuelto,"Tienda física",Cajamarca,Yape
9424,1131,2022-06-20,2375.92,Entregado,App,Huancayo,Efectivo
9425,1275,2024-04-08,5468.81,Devuelto,App,Lima,"Tarjeta de débito"
9426,2792,2023-08-06,7466.18,Cancelado,"Tienda física",Iquitos,"Tarjeta de crédito"
9427,2410,2022-08-20,6751.78,Entregado,App,Cajamarca,"Tarjeta de crédito"
9428,1017,2023-12-17,5348.20,Devuelto,Web,Arequipa,"Tarjeta de débito"
9429,1593,2023-03-09,1913.37,Cancelado,Web,Cuzco,Efectivo
9430,1029,2024-06-21,9097.22,Devuelto,App,Arequipa,"Tarjeta de débito"
9431,2195,2023-08-21,4854.14,Devuelto,App,Arequipa,"Tarjeta de débito"
9432,1660,2022-03-22,15450.41,Entregado,Web,Tacna,"Tarjeta de débito"
9433,1585,2024-01-21,1553.25,Cancelado,Web,Cuzco,Efectivo
9434,1500,2022-07-10,12952.82,Devuelto,App,Chiclayo,"Tarjeta de crédito"
9435,1903,2023-01-20,13098.69,Cancelado,Web,Tacna,Efectivo
9436,2015,2023-05-04,11831.70,Entregado,Web,Iquitos,"Tarjeta de débito"
9437,2333,2024-07-28,7705.31,"En camino",Web,Iquitos,"Tarjeta de crédito"
9438,1892,2023-04-16,7258.07,Entregado,Web,Tacna,"Tarjeta de débito"
9439,1871,2024-06-28,19544.92,Cancelado,Web,Tacna,Efectivo
9440,1195,2024-05-17,1552.23,Entregado,"Tienda física",Arequipa,"Tarjeta de débito"
9441,2053,2024-03-20,4563.00,Entregado,Web,Cajamarca,"Tarjeta de crédito"
9442,1398,2024-07-05,6964.49,Devuelto,Web,Iquitos,Efectivo
9443,1107,2024-02-16,3082.80,Devuelto,App,Cajamarca,Yape
9444,2431,2024-12-28,1392.29,Devuelto,App,Huancayo,Efectivo
9445,2083,2022-08-24,425.09,Entregado,"Tienda física",Huancayo,Efectivo
9446,2648,2024-02-11,13710.51,Devuelto,"Tienda física",Trujillo,"Tarjeta de crédito"
9447,1766,2022-01-10,4135.61,Cancelado,App,Arequipa,"Tarjeta de crédito"
9448,2029,2024-12-21,755.46,"En camino",App,Cusco,Efectivo
9449,1106,2023-10-18,1667.09,Devuelto,App,Tacna,Yape
9450,1123,2023-12-05,14069.02,Devuelto,Web,Tacna,Efectivo
9451,1205,2024-10-13,14975.27,Devuelto,"Tienda física",Lima,Efectivo
9452,2481,2022-07-01,9557.70,Devuelto,App,Lima,"Tarjeta de crédito"
9453,2427,2024-07-26,6976.86,Cancelado,App,Iquitos,Efectivo
9454,2098,2023-09-09,840.04,Entregado,"Tienda física",Chiclayo,Yape
9455,1984,2022-04-06,20531.34,Cancelado,Web,Huancayo,Efectivo
9456,2977,2024-01-14,1962.81,Cancelado,App,Tacna,"Tarjeta de crédito"
9457,1499,2024-12-02,3515.01,"En camino","Tienda física",Cajamarca,Yape
9458,1176,2023-09-03,2833.52,Devuelto,"Tienda física",Chiclayo,Yape
9459,1640,2024-03-11,1599.20,Cancelado,Web,Arequipa,"Tarjeta de crédito"
9460,1423,2024-11-23,11159.91,Cancelado,Web,Tacna,Efectivo
9461,2193,2024-11-08,2872.23,"En camino","Tienda física",Cuzco,"Tarjeta de crédito"
9462,1173,2022-06-11,6751.99,Devuelto,App,Cajamarca,Efectivo
9463,1665,2023-07-18,2473.45,Devuelto,"Tienda física",Trujillo,Yape
9464,1189,2023-07-13,1304.87,Devuelto,App,Tacna,Yape
9465,2922,2022-03-13,6027.68,Devuelto,"Tienda física",Cajamarca,Yape
9466,1133,2024-11-21,1464.07,Entregado,App,Huancayo,Yape
9467,1513,2022-04-30,1909.77,Devuelto,Web,Trujillo,Efectivo
9468,1469,2023-03-10,16980.40,Entregado,"Tienda física",Tacna,Yape
9469,1888,2023-11-23,2337.01,Devuelto,"Tienda física",Piura,"Tarjeta de débito"
9470,1986,2024-10-27,773.33,Devuelto,"Tienda física",Iquitos,"Tarjeta de crédito"
9471,2096,2024-03-31,6246.27,Entregado,App,Piura,"Tarjeta de débito"
9472,1845,2022-12-17,3001.90,"En camino",Web,Lima,Efectivo
9473,1350,2023-08-04,1816.29,"En camino",App,Arequipa,"Tarjeta de débito"
9474,2293,2022-04-03,28875.96,Devuelto,App,Tacna,"Tarjeta de débito"
9475,1213,2023-12-30,18078.72,Cancelado,Web,Trujillo,"Tarjeta de crédito"
9476,2936,2024-06-28,12881.15,"En camino","Tienda física",Trujillo,"Tarjeta de crédito"
9477,2639,2023-06-08,15566.21,Devuelto,"Tienda física",Huancayo,"Tarjeta de crédito"
9478,1031,2023-06-28,6588.07,"En camino","Tienda física",Trujillo,Yape
9479,1996,2023-11-09,2173.51,Cancelado,Web,Lima,"Tarjeta de crédito"
9480,2636,2022-02-24,8763.64,Cancelado,App,Lima,Efectivo
9481,2124,2024-06-13,7963.97,"En camino",App,Trujillo,Yape
9482,1159,2023-03-05,10623.81,Cancelado,Web,Tacna,Efectivo
9483,2124,2023-01-10,4446.00,Entregado,"Tienda física",Chiclayo,Efectivo
9484,1935,2023-06-14,3600.90,Entregado,Web,Cajamarca,"Tarjeta de crédito"
9485,1200,2024-02-05,7360.13,Cancelado,"Tienda física",Piura,"Tarjeta de débito"
9486,1093,2023-05-14,3788.90,"En camino",Web,Tacna,Efectivo
9487,2260,2023-10-12,734.77,Entregado,"Tienda física",Trujillo,Efectivo
9488,2376,2022-10-25,7564.82,Cancelado,"Tienda física",Chiclayo,"Tarjeta de crédito"
9489,1831,2024-06-22,15007.02,Devuelto,App,Trujillo,"Tarjeta de débito"
9490,2293,2022-08-12,927.12,Cancelado,"Tienda física",Trujillo,Efectivo
9491,2075,2022-07-19,20448.47,"En camino",App,Lima,"Tarjeta de débito"
9492,1656,2022-08-27,5615.98,"En camino","Tienda física",Piura,Efectivo
9493,1867,2022-07-05,22758.96,"En camino",Web,Arequipa,"Tarjeta de débito"
9494,1617,2022-04-27,1576.71,Cancelado,Web,Piura,Efectivo
9495,1264,2024-11-27,7885.18,"En camino",Web,Piura,"Tarjeta de débito"
9496,1678,2024-02-01,917.62,Devuelto,Web,Huancayo,"Tarjeta de crédito"
9497,2559,2022-05-26,22042.57,Entregado,Web,Piura,Efectivo
9498,1931,2024-12-30,9647.81,Entregado,Web,Chiclayo,Yape
9499,2719,2023-05-28,3177.95,"En camino",App,Trujillo,Efectivo
9500,1109,2024-04-20,8690.01,"En camino","Tienda física",Tacna,Efectivo
9501,1833,2024-05-18,8251.13,Cancelado,App,Arequipa,Efectivo
9502,2316,2024-11-13,528.91,Cancelado,App,Arequipa,"Tarjeta de crédito"
9503,2123,2023-10-21,9755.18,Entregado,"Tienda física",Cuzco,Efectivo
9504,2335,2023-04-01,16823.32,Entregado,App,Iquitos,"Tarjeta de crédito"
9505,2716,2022-12-06,5806.81,"En camino","Tienda física",Cajamarca,Efectivo
9506,1005,2022-06-06,6582.52,Entregado,"Tienda física",Cajamarca,"Tarjeta de débito"
9507,1293,2023-05-13,31637.69,Devuelto,"Tienda física",Chiclayo,Yape
9508,2769,2024-01-02,9815.61,Entregado,App,Lima,Efectivo
9509,1877,2024-04-23,10458.23,Entregado,App,Trujillo,Efectivo
9510,2684,2022-08-30,5468.00,Devuelto,Web,Lima,"Tarjeta de débito"
9511,2185,2024-10-21,14296.16,Entregado,App,Trujillo,Efectivo
9512,2345,2023-03-06,11620.10,Devuelto,"Tienda física",Lima,"Tarjeta de crédito"
9513,1406,2022-04-18,5572.43,Devuelto,"Tienda física",Chiclayo,"Tarjeta de crédito"
9514,1501,2024-07-18,4095.49,Devuelto,"Tienda física",Lima,Efectivo
9515,2894,2023-02-11,11363.70,Devuelto,Web,Piura,Yape
9516,2657,2023-07-18,3825.71,Cancelado,Web,Trujillo,Yape
9517,2478,2024-12-25,4820.26,Entregado,Web,Chiclayo,"Tarjeta de crédito"
9518,1148,2022-01-18,2758.27,Cancelado,Web,Trujillo,Yape
9519,1763,2022-03-23,7184.24,Entregado,"Tienda física",Trujillo,Efectivo
9520,2930,2022-11-16,907.15,Devuelto,"Tienda física",Huancayo,"Tarjeta de crédito"
9521,1540,2022-10-30,14526.89,"En camino",Web,Huancayo,Yape
9522,1368,2024-05-07,1730.48,"En camino",App,Iquitos,"Tarjeta de crédito"
9523,2448,2023-06-27,8344.14,Cancelado,App,Trujillo,Efectivo
9524,2522,2022-11-14,12600.65,Cancelado,"Tienda física",Arequipa,"Tarjeta de crédito"
9525,1402,2023-12-10,10443.90,Cancelado,App,Chiclayo,"Tarjeta de débito"
9526,1026,2024-10-11,2680.99,Devuelto,"Tienda física",Iquitos,Efectivo
9527,1828,2022-10-02,13462.69,"En camino","Tienda física",Chiclayo,"Tarjeta de crédito"
9528,1069,2022-01-18,976.62,Cancelado,App,Lima,"Tarjeta de débito"
9529,1109,2023-11-17,14558.97,"En camino",App,Trujillo,Efectivo
9530,1379,2023-11-11,3747.06,"En camino","Tienda física",Tacna,Yape
9531,1400,2023-08-31,15955.47,Entregado,Web,Arequipa,Efectivo
9532,1112,2022-12-02,22630.79,Cancelado,"Tienda física",Cusco,Yape
9533,1379,2024-11-24,6612.08,"En camino","Tienda física",Iquitos,"Tarjeta de crédito"
9534,2964,2024-09-18,2176.47,Cancelado,Web,Lima,Efectivo
9535,2029,2022-07-28,5959.12,Cancelado,App,Cusco,Efectivo
9536,1885,2022-10-16,17549.53,Cancelado,"Tienda física",Piura,Yape
9537,2791,2022-05-12,857.57,Entregado,Web,Cuzco,Efectivo
9538,1687,2023-08-01,1976.00,Entregado,App,Chiclayo,"Tarjeta de débito"
9539,2326,2024-08-21,15251.94,Entregado,"Tienda física",Lima,"Tarjeta de débito"
9540,2416,2023-06-08,4603.73,Cancelado,App,Lima,Yape
9541,2930,2023-07-28,13462.59,"En camino",App,Iquitos,"Tarjeta de débito"
9542,1687,2024-07-04,19945.51,"En camino",Web,Cajamarca,Efectivo
9543,2864,2023-09-17,2979.75,Devuelto,"Tienda física",Chiclayo,Yape
9544,2425,2024-03-02,1388.06,Devuelto,Web,Huancayo,Efectivo
9545,1039,2022-01-11,2546.66,"En camino",Web,Huancayo,Efectivo
9546,2383,2023-08-27,4328.74,Entregado,Web,Huancayo,"Tarjeta de débito"
9547,1669,2022-12-24,5920.50,"En camino",App,Iquitos,Efectivo
9548,2875,2023-05-23,18070.31,"En camino",App,Cusco,"Tarjeta de crédito"
9549,2702,2024-07-22,2751.81,Devuelto,Web,Cajamarca,Efectivo
9550,1283,2022-08-01,10466.01,Devuelto,Web,Arequipa,"Tarjeta de débito"
9551,1345,2024-09-13,707.16,Entregado,App,Cajamarca,Efectivo
9552,1591,2023-06-01,10727.72,Cancelado,App,Tacna,"Tarjeta de crédito"
9553,2518,2024-08-29,17841.30,Entregado,Web,Chiclayo,Efectivo
9554,1196,2023-01-05,14014.77,Devuelto,"Tienda física",Trujillo,Efectivo
9555,1197,2022-06-15,7886.10,Entregado,App,Arequipa,"Tarjeta de débito"
9556,1593,2023-06-22,5676.51,"En camino",App,Lima,Efectivo
9557,2615,2024-05-30,12784.95,Devuelto,App,Trujillo,"Tarjeta de crédito"
9558,1315,2022-06-10,7363.62,Cancelado,Web,Cajamarca,Yape
9559,1056,2024-07-27,368.93,"En camino",Web,Arequipa,"Tarjeta de crédito"
9560,1827,2023-01-11,10792.84,Cancelado,App,Cusco,Efectivo
9561,1838,2024-10-19,20956.35,Cancelado,Web,Arequipa,"Tarjeta de crédito"
9562,1984,2023-11-20,7735.01,Entregado,App,Huancayo,Yape
9563,1076,2022-04-08,2758.67,Entregado,Web,Piura,Efectivo
9564,1212,2023-07-10,8515.44,"En camino",Web,Cuzco,"Tarjeta de débito"
9565,1646,2023-12-06,2655.27,Cancelado,"Tienda física",Cajamarca,Efectivo
9566,1155,2022-10-23,7243.57,"En camino","Tienda física",Lima,Yape
9567,1525,2023-01-06,3359.54,"En camino",Web,Trujillo,Efectivo
9568,1655,2024-05-17,8296.65,"En camino",App,Cajamarca,"Tarjeta de crédito"
9569,2513,2024-07-02,8886.30,Devuelto,App,Tacna,"Tarjeta de crédito"
9570,2206,2024-05-26,848.57,Cancelado,Web,Chiclayo,Efectivo
9571,2160,2024-10-28,17148.73,Devuelto,"Tienda física",Arequipa,Efectivo
9572,1291,2024-11-27,9835.28,Devuelto,App,Lima,"Tarjeta de débito"
9573,1040,2024-07-20,4213.59,Cancelado,App,Piura,"Tarjeta de débito"
9574,1196,2024-12-10,2378.42,Devuelto,"Tienda física",Chiclayo,Efectivo
9575,2762,2024-08-02,1643.99,Devuelto,App,Tacna,Efectivo
9576,1823,2024-08-21,1537.19,Cancelado,"Tienda física",Piura,"Tarjeta de crédito"
9577,1870,2023-11-09,9596.21,Devuelto,App,Arequipa,Efectivo
9578,2829,2023-08-24,8660.96,"En camino",Web,Cajamarca,"Tarjeta de débito"
9579,1512,2023-07-25,742.01,"En camino",App,Cusco,"Tarjeta de débito"
9580,1422,2023-11-06,7839.37,"En camino","Tienda física",Cusco,Yape
9581,2739,2024-11-16,11301.40,Entregado,"Tienda física",Trujillo,Efectivo
9582,2516,2023-06-13,20872.14,Entregado,Web,Trujillo,"Tarjeta de débito"
9583,2064,2024-07-14,3797.30,Devuelto,Web,Cajamarca,"Tarjeta de crédito"
9584,1289,2023-08-27,2760.51,Cancelado,Web,Arequipa,Yape
9585,1264,2022-05-22,1613.28,Cancelado,Web,Chiclayo,Efectivo
9586,1278,2023-04-28,4962.86,Devuelto,"Tienda física",Arequipa,"Tarjeta de débito"
9587,2747,2023-07-23,1315.24,Devuelto,"Tienda física",Cusco,"Tarjeta de débito"
9588,1280,2022-01-09,12308.89,Cancelado,"Tienda física",Huancayo,Yape
9589,1570,2022-08-25,7430.22,Cancelado,"Tienda física",Lima,Yape
9590,1077,2022-10-06,2423.51,Entregado,"Tienda física",Tacna,"Tarjeta de débito"
9591,1065,2023-03-13,20060.65,Devuelto,"Tienda física",Lima,"Tarjeta de débito"
9592,1655,2024-05-01,10938.13,Entregado,App,Iquitos,"Tarjeta de crédito"
9593,1476,2022-01-07,6609.58,"En camino",Web,Cusco,"Tarjeta de débito"
9594,2780,2023-11-04,6628.86,Cancelado,"Tienda física",Tacna,Efectivo
9595,2203,2024-06-09,381.46,"En camino",App,Iquitos,"Tarjeta de débito"
9596,1268,2023-01-08,14970.36,Cancelado,Web,Cusco,Yape
9597,1378,2020-06-10,8732.45,Cancelado,App,Cuzco,Efectivo
9598,2362,2023-11-13,6584.63,Entregado,"Tienda física",Huancayo,"Tarjeta de débito"
9599,1361,2022-05-12,2998.37,Entregado,Web,Lima,Efectivo
9600,1097,2023-03-04,10944.51,Cancelado,"Tienda física",Cuzco,Efectivo
9601,1763,2023-05-30,9305.48,"En camino",Web,Chiclayo,Yape
9602,1774,2024-02-11,1418.84,Devuelto,App,Cusco,"Tarjeta de crédito"
9603,1287,2023-05-26,11392.55,"En camino","Tienda física",Trujillo,Efectivo
9604,2342,2024-11-22,4405.54,Cancelado,Web,Arequipa,"Tarjeta de crédito"
9605,1057,2022-02-25,2853.63,"En camino",Web,Cajamarca,"Tarjeta de crédito"
9606,1196,2022-08-16,4089.69,Entregado,Web,Tacna,Yape
9607,2968,2022-11-10,3206.10,Devuelto,App,Cuzco,Efectivo
9608,2359,2023-07-25,2786.01,Devuelto,App,Iquitos,"Tarjeta de crédito"
9609,2514,2024-12-17,9157.56,Cancelado,"Tienda física",Iquitos,"Tarjeta de crédito"
9610,2258,2023-08-10,415.59,Entregado,"Tienda física",Lima,"Tarjeta de débito"
9611,2552,2023-08-27,8475.73,Cancelado,App,Piura,"Tarjeta de crédito"
9612,1095,2024-09-07,7826.26,Devuelto,"Tienda física",Cajamarca,Yape
9613,2742,2023-05-12,1371.24,Cancelado,"Tienda física",Piura,"Tarjeta de débito"
9614,1155,2024-05-14,10456.32,Entregado,App,Piura,Yape
9615,1234,2023-12-17,18643.53,Entregado,App,Piura,Efectivo
9616,2553,2024-04-13,2068.65,Cancelado,"Tienda física",Lima,Efectivo
9617,1426,2022-09-01,5650.93,Entregado,App,Huancayo,Efectivo
9618,1525,2022-05-24,1098.12,Cancelado,Web,Cusco,Efectivo
9619,2095,2024-01-08,4520.78,Cancelado,Web,Cusco,Efectivo
9620,1629,2024-04-18,7294.73,Cancelado,"Tienda física",Chiclayo,Yape
9621,1429,2024-04-03,9542.32,Entregado,Web,Piura,"Tarjeta de débito"
9622,1458,2022-10-06,5852.56,Entregado,Web,Cajamarca,"Tarjeta de débito"
9623,2180,2022-09-28,8139.34,"En camino",App,Chiclayo,"Tarjeta de débito"
9624,1207,2023-05-07,1372.67,Entregado,Web,Chiclayo,Yape
9625,1395,2022-05-08,1424.46,"En camino","Tienda física",Cajamarca,Efectivo
9626,1467,2024-08-11,1365.23,"En camino",App,Cusco,Efectivo
9627,2315,2022-02-27,843.56,"En camino",App,Iquitos,Efectivo
9628,1357,2024-05-07,2689.89,Devuelto,"Tienda física",Lima,Yape
9629,1745,2023-11-18,17448.09,Devuelto,Web,Piura,Yape
9630,1372,2023-06-01,8966.43,Entregado,Web,Cajamarca,Efectivo
9631,2059,2024-11-27,8870.95,Devuelto,App,Cuzco,Efectivo
9632,1776,2022-03-03,4505.36,Entregado,App,Trujillo,Yape
9633,2957,2023-10-10,1144.40,Devuelto,"Tienda física",Huancayo,Efectivo
9634,2993,2023-04-21,1955.23,Entregado,Web,Chiclayo,Efectivo
9635,1240,2022-07-29,4841.96,Cancelado,App,Trujillo,Efectivo
9636,2632,2024-02-15,10260.48,Entregado,App,Trujillo,Efectivo
9637,1440,2022-03-13,9824.42,"En camino",Web,Cuzco,Yape
9638,1325,2022-09-26,4655.10,Entregado,"Tienda física",Trujillo,"Tarjeta de crédito"
9639,1499,2022-09-25,6659.64,Entregado,App,Cusco,"Tarjeta de crédito"
9640,2502,2024-07-09,6279.82,"En camino","Tienda física",Arequipa,Efectivo
9641,2225,2023-09-06,6552.44,"En camino","Tienda física",Arequipa,Yape
9642,1521,2023-05-10,5425.27,Devuelto,"Tienda física",Piura,Yape
9643,1688,2023-05-24,8728.44,Entregado,Web,Trujillo,Efectivo
9644,2705,2022-04-19,3404.22,Entregado,"Tienda física",Piura,Yape
9645,2762,2023-03-13,12055.42,Cancelado,App,Chiclayo,Efectivo
9646,1844,2024-06-20,21618.21,Entregado,"Tienda física",Cusco,"Tarjeta de débito"
9647,2392,2022-12-27,782.17,"En camino","Tienda física",Trujillo,Efectivo
9648,1581,2024-10-04,1373.28,Cancelado,Web,Iquitos,Yape
9649,1683,2022-05-19,12366.42,Cancelado,App,Tacna,Efectivo
9650,1259,2024-04-27,1863.86,Devuelto,"Tienda física",Iquitos,"Tarjeta de crédito"
9651,1444,2022-11-28,8001.48,Entregado,Web,Piura,Efectivo
9652,1624,2023-08-06,10084.48,"En camino",Web,Trujillo,"Tarjeta de crédito"
9653,1381,2023-09-03,3217.96,Devuelto,"Tienda física",Arequipa,Efectivo
9654,2026,2024-07-24,198.63,"En camino",Web,Tacna,Yape
9655,1819,2023-12-23,5962.17,Cancelado,"Tienda física",Tacna,Efectivo
9656,1612,2024-05-06,2162.99,Cancelado,Web,Lima,Efectivo
9657,2583,2023-01-21,10314.07,Entregado,App,Tacna,Efectivo
9658,2647,2022-05-09,2228.91,Entregado,Web,Huancayo,Efectivo
9659,1611,2022-08-04,4457.98,Entregado,Web,Cajamarca,Efectivo
9660,2249,2022-09-24,6540.51,"En camino","Tienda física",Cajamarca,"Tarjeta de débito"
9661,1907,2022-06-06,903.15,"En camino",Web,Arequipa,Efectivo
9662,1877,2023-03-06,24932.31,"En camino","Tienda física",Cajamarca,"Tarjeta de débito"
9663,2625,2022-01-30,6855.94,Cancelado,Web,Cusco,Efectivo
9664,1011,2024-10-03,20127.53,Entregado,Web,Trujillo,"Tarjeta de crédito"
9665,1355,2023-01-16,31047.36,Devuelto,"Tienda física",Chiclayo,Efectivo
9666,1541,2024-09-26,2350.76,Entregado,"Tienda física",Piura,Efectivo
9667,2196,2022-04-08,1047.19,Devuelto,App,Arequipa,Efectivo
9668,2049,2024-03-20,8165.96,Entregado,App,Cajamarca,"Tarjeta de crédito"
9669,1881,2024-05-02,2601.45,Entregado,App,Cajamarca,Yape
9670,1880,2022-06-08,10390.44,Cancelado,Web,Cusco,"Tarjeta de crédito"
9671,1396,2023-10-16,10707.80,Devuelto,"Tienda física",Piura,"Tarjeta de crédito"
9672,1549,2023-09-04,14875.13,"En camino","Tienda física",Chiclayo,Efectivo
9673,1357,2023-12-12,9504.83,Entregado,"Tienda física",Chiclayo,Efectivo
9674,2527,2024-11-11,8614.41,Devuelto,App,Tacna,Efectivo
9675,1112,2023-11-10,1471.90,Devuelto,Web,Iquitos,"Tarjeta de crédito"
9676,2495,2024-11-17,19353.65,"En camino",Web,Chiclayo,Yape
9677,2660,2024-04-01,911.62,Cancelado,"Tienda física",Trujillo,"Tarjeta de débito"
9678,2195,2024-02-11,2656.94,Entregado,App,Piura,Efectivo
9679,2948,2023-04-20,6158.49,"En camino",App,Huancayo,Yape
9680,1731,2023-12-26,1709.39,"En camino",App,Trujillo,"Tarjeta de débito"
9681,1507,2024-06-05,3342.09,Cancelado,App,Iquitos,Efectivo
9682,1896,2023-10-30,8485.47,Devuelto,Web,Lima,Efectivo
9683,2537,2023-08-31,1785.40,Entregado,"Tienda física",Iquitos,"Tarjeta de crédito"
9684,1930,2022-06-13,5171.70,Entregado,App,Tacna,Yape
9685,2304,2024-12-06,3910.56,Entregado,"Tienda física",Chiclayo,Efectivo
9686,2373,2022-02-28,1192.19,Devuelto,"Tienda física",Chiclayo,Efectivo
9687,1970,2022-12-05,21866.16,Entregado,"Tienda física",Chiclayo,"Tarjeta de crédito"
9688,2281,2024-12-05,5637.32,Entregado,"Tienda física",Piura,"Tarjeta de débito"
9689,2854,2022-12-27,2740.10,Entregado,Web,Chiclayo,"Tarjeta de débito"
9690,2776,2023-11-25,572.30,"En camino",Web,Lima,"Tarjeta de crédito"
9691,2682,2022-10-13,2287.80,Cancelado,Web,Chiclayo,"Tarjeta de crédito"
9692,1497,2022-06-05,14404.93,Devuelto,"Tienda física",Arequipa,Efectivo
9693,1567,2022-12-17,22366.98,Entregado,App,Arequipa,"Tarjeta de débito"
9694,2356,2024-12-07,9258.39,Devuelto,Web,Iquitos,"Tarjeta de crédito"
9695,2174,2024-02-20,3784.90,"En camino","Tienda física",Tacna,Efectivo
9696,2127,2024-06-05,4781.32,Cancelado,Web,Huancayo,"Tarjeta de débito"
9697,2305,2022-03-26,12170.82,"En camino","Tienda física",Cusco,"Tarjeta de crédito"
9698,2281,2023-10-10,16468.33,"En camino",App,Lima,"Tarjeta de crédito"
9699,1739,2023-07-13,7076.59,Cancelado,"Tienda física",Iquitos,Efectivo
9700,1364,2024-03-09,16168.49,"En camino",App,Piura,Efectivo
9701,2274,2024-12-13,4155.36,Devuelto,"Tienda física",Iquitos,"Tarjeta de débito"
9702,1967,2023-09-28,8818.89,Cancelado,"Tienda física",Huancayo,Efectivo
9703,2701,2022-12-26,17415.16,Cancelado,Web,Cusco,"Tarjeta de crédito"
9704,1476,2024-10-24,3019.03,Entregado,App,Cajamarca,Yape
9705,1730,2022-11-17,10704.57,Entregado,Web,Piura,Efectivo
9706,1829,2024-12-26,2798.29,Devuelto,"Tienda física",Huancayo,Yape
9707,2710,2023-08-10,610.50,Entregado,"Tienda física",Iquitos,Yape
9708,2586,2024-07-08,8792.14,Entregado,App,Huancayo,Efectivo
9709,1189,2022-03-15,1084.59,"En camino",App,Cusco,Yape
9710,1686,2023-11-04,6258.18,Cancelado,"Tienda física",Cajamarca,Yape
9711,2410,2022-11-12,10535.68,"En camino",App,Piura,Efectivo
9712,1364,2022-04-02,13099.81,Cancelado,Web,Iquitos,Efectivo
9713,1786,2023-05-12,5074.29,Entregado,"Tienda física",Chiclayo,"Tarjeta de crédito"
9714,2966,2022-06-12,10075.90,"En camino",App,Iquitos,Efectivo
9715,1828,2023-03-28,10455.09,Cancelado,Web,Chiclayo,Efectivo
9716,1760,2022-12-10,13885.45,Cancelado,Web,Cusco,Yape
9717,2668,2024-07-31,5437.92,"En camino","Tienda física",Iquitos,Yape
9718,1681,2022-07-06,7269.59,Devuelto,App,Cajamarca,Yape
9719,2153,2022-12-10,182.09,Cancelado,Web,Huancayo,Efectivo
9720,2735,2023-03-06,864.43,"En camino",App,Piura,"Tarjeta de crédito"
9721,1136,2022-11-23,2109.16,Entregado,Web,Cusco,Yape
9722,1548,2022-02-04,2791.65,"En camino","Tienda física",Cuzco,Efectivo
9723,2000,2023-03-02,880.00,Devuelto,"Tienda física",Cajamarca,"Tarjeta de débito"
9724,2565,2024-06-04,3526.96,Entregado,"Tienda física",Tacna,Efectivo
9725,2838,2024-02-21,5713.20,"En camino",App,Cuzco,Efectivo
9726,1799,2024-12-07,15577.98,Devuelto,App,Arequipa,Yape
9727,2967,2024-06-12,4311.74,"En camino","Tienda física",Cusco,Efectivo
9728,1323,2023-08-24,12345.17,"En camino",App,Chiclayo,"Tarjeta de crédito"
9729,1758,2022-09-17,2972.48,"En camino","Tienda física",Piura,Efectivo
9730,2613,2024-06-25,6119.71,"En camino",App,Trujillo,"Tarjeta de débito"
9731,1505,2024-09-11,6617.54,Entregado,Web,Arequipa,Yape
9732,2787,2024-03-08,5274.21,Devuelto,"Tienda física",Trujillo,Efectivo
9733,2310,2022-10-06,1267.76,Cancelado,Web,Iquitos,Efectivo
9734,2047,2024-05-25,3491.80,Cancelado,App,Piura,"Tarjeta de débito"
9735,1125,2023-11-24,7613.22,"En camino",Web,Iquitos,Efectivo
9736,2269,2023-01-17,2645.47,Entregado,Web,Lima,Efectivo
9737,2877,2024-08-23,2815.83,"En camino","Tienda física",Tacna,"Tarjeta de débito"
9738,1854,2022-10-22,5390.77,Devuelto,App,Lima,Efectivo
9739,1853,2024-12-19,4293.57,"En camino",App,Cajamarca,"Tarjeta de crédito"
9740,1615,2024-08-05,5797.84,Entregado,App,Iquitos,Yape
9741,1216,2024-02-15,4733.59,Entregado,App,Cajamarca,Yape
9742,1546,2022-03-01,3138.71,Cancelado,Web,Piura,"Tarjeta de crédito"
9743,1969,2023-05-14,11102.00,"En camino",App,Tacna,Efectivo
9744,2604,2022-11-03,4334.43,Cancelado,App,Arequipa,"Tarjeta de crédito"
9745,1757,2022-01-13,3104.70,Entregado,App,Iquitos,"Tarjeta de crédito"
9746,1449,2024-11-01,7089.93,Entregado,Web,Trujillo,Efectivo
9747,1511,2024-09-16,2738.58,Cancelado,App,Cusco,Efectivo
9748,1829,2024-07-08,6042.68,Entregado,Web,Cajamarca,Efectivo
9749,2739,2023-04-09,4504.10,Devuelto,App,Trujillo,"Tarjeta de crédito"
9750,2192,2023-07-05,9163.94,Devuelto,Web,Iquitos,"Tarjeta de crédito"
9751,2430,2024-06-15,23529.89,Devuelto,Web,Iquitos,Efectivo
9752,1760,2022-06-13,7284.76,Devuelto,Web,Cajamarca,Efectivo
9753,1327,2022-01-15,1421.81,Entregado,Web,Cusco,Efectivo
9754,1591,2024-04-12,5549.64,"En camino",Web,Cusco,"Tarjeta de crédito"
9755,2799,2023-01-08,245.22,Cancelado,App,Piura,Efectivo
9756,1905,2023-04-12,23791.27,Entregado,Web,Huancayo,"Tarjeta de débito"
9757,2593,2023-03-31,18259.63,"En camino","Tienda física",Trujillo,Efectivo
9758,2944,2023-06-29,3822.49,Devuelto,"Tienda física",Arequipa,Efectivo
9759,1555,2023-12-12,5437.14,Entregado,App,Chiclayo,"Tarjeta de débito"
9760,2892,2024-01-25,5242.71,"En camino","Tienda física",Lima,Efectivo
9761,2567,2024-09-10,17621.90,Cancelado,Web,Huancayo,Yape
9762,1807,2023-05-13,9989.61,"En camino","Tienda física",Piura,Efectivo
9763,1890,2023-12-02,1006.58,Cancelado,"Tienda física",Trujillo,"Tarjeta de crédito"
9764,2474,2024-05-20,1896.64,Entregado,App,Chiclayo,"Tarjeta de débito"
9765,1651,2022-12-22,2420.72,Entregado,App,Iquitos,Efectivo
9766,2366,2023-01-31,11525.65,Cancelado,App,Cajamarca,Efectivo
9767,1478,2022-09-22,3505.36,"En camino",App,Arequipa,"Tarjeta de crédito"
9768,1693,2024-07-16,4076.36,"En camino",App,Piura,Efectivo
9769,1427,2024-10-20,14040.64,Devuelto,App,Trujillo,Efectivo
9770,2150,2022-03-16,2570.05,Cancelado,App,Cuzco,"Tarjeta de crédito"
9771,2189,2022-04-25,602.16,Entregado,App,Arequipa,Efectivo
9772,2432,2023-06-06,11126.60,Cancelado,App,Piura,Efectivo
9773,2412,2023-11-09,525.57,Devuelto,"Tienda física",Lima,Efectivo
9774,2434,2023-03-13,3867.27,Entregado,"Tienda física",Piura,Efectivo
9775,2897,2023-11-27,10550.31,Cancelado,App,Tacna,Efectivo
9776,1836,2024-12-22,5991.56,Devuelto,"Tienda física",Cajamarca,Efectivo
9777,1261,2024-01-01,8600.60,Devuelto,App,Chiclayo,"Tarjeta de débito"
9778,2561,2024-08-20,5789.62,Cancelado,Web,Chiclayo,Efectivo
9779,2299,2023-03-24,14608.78,Entregado,"Tienda física",Trujillo,Yape
9780,2804,2022-05-05,5589.76,Cancelado,"Tienda física",Cusco,"Tarjeta de débito"
9781,2569,2022-09-15,2830.44,Entregado,App,Arequipa,Yape
9782,2181,2024-08-04,7883.64,"En camino",Web,Piura,"Tarjeta de crédito"
9783,2130,2023-03-28,21863.49,Devuelto,App,Iquitos,Efectivo
9784,2820,2022-09-17,473.80,"En camino",App,Piura,"Tarjeta de débito"
9785,1695,2022-12-15,192.50,"En camino",App,Chiclayo,"Tarjeta de crédito"
9786,2532,2023-12-07,19431.48,Cancelado,"Tienda física",Lima,"Tarjeta de débito"
9787,1512,2024-07-06,8071.16,Entregado,App,Huancayo,Efectivo
9788,1316,2022-02-16,465.48,Devuelto,"Tienda física",Cajamarca,Efectivo
9789,1594,2023-10-02,4998.91,"En camino","Tienda física",Cuzco,Yape
9790,1415,2022-12-01,8270.08,Devuelto,App,Chiclayo,Efectivo
9791,2797,2023-06-06,6138.32,Entregado,App,Huancayo,"Tarjeta de crédito"
9792,2866,2022-03-27,8591.50,Cancelado,Web,Chiclayo,Efectivo
9793,2449,2022-11-09,13588.37,"En camino","Tienda física",Arequipa,Yape
9794,2547,2023-11-10,6366.64,Entregado,"Tienda física",Lima,Efectivo
9795,1796,2023-12-02,5807.32,"En camino","Tienda física",Lima,Efectivo
9796,2012,2023-11-23,6480.65,Entregado,"Tienda física",Tacna,Efectivo
9797,2892,2023-08-18,3829.69,"En camino",App,Arequipa,Efectivo
9798,2214,2024-04-20,6880.43,Entregado,"Tienda física",Huancayo,"Tarjeta de crédito"
9799,1309,2024-12-03,11725.15,"En camino",App,Tacna,"Tarjeta de débito"
9800,1610,2023-04-02,24685.43,Entregado,Web,Iquitos,"Tarjeta de crédito"
9801,1212,2024-07-10,4592.62,Entregado,Web,Trujillo,Efectivo
9802,1694,2024-07-27,16412.09,Entregado,App,Trujillo,"Tarjeta de crédito"
9803,1973,2022-03-21,2217.58,Cancelado,Web,Arequipa,"Tarjeta de crédito"
9804,1168,2021-01-15,16382.98,Devuelto,Web,Arequipa,Yape
9805,1321,2022-08-02,13287.64,Entregado,App,Iquitos,Yape
9806,2313,2022-08-01,384.21,Devuelto,"Tienda física",Tacna,Yape
9807,1938,2024-05-01,414.39,Entregado,Web,Huancayo,Efectivo
9808,2769,2024-09-03,5662.18,Entregado,"Tienda física",Arequipa,Efectivo
9809,2321,2022-05-22,12787.73,Entregado,Web,Tacna,Efectivo
9810,2430,2024-01-07,2416.63,"En camino",Web,Piura,Efectivo
9811,2913,2024-05-12,4940.23,"En camino",Web,Iquitos,"Tarjeta de débito"
9812,1857,2023-08-08,7671.31,"En camino",Web,Trujillo,"Tarjeta de débito"
9813,2948,2024-03-29,11893.03,Entregado,App,Chiclayo,Yape
9814,1403,2024-07-31,11870.98,Cancelado,"Tienda física",Iquitos,Efectivo
9815,2526,2023-04-22,1536.96,Cancelado,"Tienda física",Piura,Efectivo
9816,2281,2024-12-16,2088.48,"En camino","Tienda física",Trujillo,Yape
9817,2121,2024-03-11,3708.07,Entregado,Web,Cusco,Efectivo
9818,2908,2023-12-05,1041.99,Entregado,Web,Tacna,Yape
9819,1460,2024-02-18,1546.50,"En camino","Tienda física",Huancayo,Efectivo
9820,1664,2022-01-21,13383.39,"En camino","Tienda física",Piura,"Tarjeta de crédito"
9821,1556,2023-09-01,3345.70,Cancelado,App,Piura,Efectivo
9822,1436,2023-07-25,1774.69,"En camino",Web,Huancayo,"Tarjeta de débito"
9823,2926,2024-11-20,2631.56,"En camino","Tienda física",Lima,"Tarjeta de crédito"
9824,2351,2023-06-26,2166.28,Cancelado,"Tienda física",Arequipa,Efectivo
9825,1587,2024-06-02,9875.83,Devuelto,"Tienda física",Huancayo,"Tarjeta de débito"
9826,1842,2024-10-19,11256.46,Cancelado,"Tienda física",Chiclayo,"Tarjeta de crédito"
9827,2124,2023-04-13,12078.53,"En camino",App,Trujillo,"Tarjeta de débito"
9828,1673,2023-03-01,23210.47,"En camino",App,Lima,"Tarjeta de débito"
9829,2025,2023-01-19,8868.99,Devuelto,Web,Tacna,Efectivo
9830,2535,2023-01-01,11350.78,Entregado,Web,Cusco,Efectivo
9831,1879,2022-05-25,5303.39,"En camino","Tienda física",Iquitos,"Tarjeta de débito"
9832,1505,2022-11-30,148.95,"En camino",Web,Trujillo,Efectivo
9833,2370,2023-08-04,7103.78,Entregado,Web,Chiclayo,"Tarjeta de crédito"
9834,2184,2023-11-08,5565.43,Cancelado,Web,Huancayo,Efectivo
9835,1054,2023-12-23,6192.63,Devuelto,App,Huancayo,Efectivo
9836,1846,2024-12-30,2431.02,Entregado,"Tienda física",Huancayo,"Tarjeta de débito"
9837,2608,2024-08-10,548.95,Entregado,"Tienda física",Trujillo,Yape
9838,1208,2024-06-15,7623.56,Entregado,App,Cajamarca,"Tarjeta de crédito"
9839,1806,2022-03-01,7586.38,Cancelado,Web,Cusco,"Tarjeta de crédito"
9840,2497,2022-01-22,20788.46,Cancelado,"Tienda física",Cuzco,"Tarjeta de débito"
9841,2103,2024-05-16,2780.91,Entregado,Web,Iquitos,Yape
9842,1302,2022-11-28,10779.10,"En camino","Tienda física",Cusco,Efectivo
9843,1607,2023-05-05,716.52,Cancelado,"Tienda física",Chiclayo,"Tarjeta de débito"
9844,2159,2023-06-21,449.73,"En camino",App,Chiclayo,Efectivo
9845,1964,2023-10-03,4979.41,Entregado,"Tienda física",Huancayo,Efectivo
9846,2209,2023-07-26,8984.61,Devuelto,App,Lima,Efectivo
9847,2309,2022-11-23,9361.38,Devuelto,"Tienda física",Arequipa,Efectivo
9848,1485,2024-05-13,1445.01,Entregado,"Tienda física",Piura,"Tarjeta de crédito"
9849,2262,2023-07-17,15868.12,Entregado,"Tienda física",Lima,Yape
9850,2247,2022-03-07,1874.99,Entregado,App,Lima,Yape
9851,2541,2024-09-26,14736.81,"En camino","Tienda física",Iquitos,"Tarjeta de débito"
9852,2822,2024-04-24,7446.76,Cancelado,App,Trujillo,Efectivo
9853,2555,2022-02-19,2587.28,Cancelado,App,Huancayo,Efectivo
9854,2119,2023-10-24,2501.44,"En camino","Tienda física",Tacna,Efectivo
9855,2613,2023-02-27,4543.25,Entregado,App,Arequipa,"Tarjeta de crédito"
9856,2347,2022-05-02,6830.55,Devuelto,"Tienda física",Lima,Efectivo
9857,1159,2022-06-24,978.17,"En camino",Web,Iquitos,Efectivo
9858,1851,2022-09-21,16675.12,Cancelado,Web,Iquitos,Efectivo
9859,1197,2022-04-07,828.17,Devuelto,Web,Tacna,Efectivo
9860,1726,2023-04-07,9829.71,Entregado,App,Lima,"Tarjeta de crédito"
9861,2763,2023-05-17,20588.09,Cancelado,"Tienda física",Lima,"Tarjeta de débito"
9862,1460,2024-11-13,13109.07,Entregado,Web,Lima,Efectivo
9863,2380,2022-03-01,2647.47,Devuelto,"Tienda física",Trujillo,"Tarjeta de débito"
9864,2939,2022-08-29,7405.34,Devuelto,"Tienda física",Huancayo,Efectivo
9865,2025,2023-05-10,1092.77,"En camino","Tienda física",Trujillo,"Tarjeta de crédito"
9866,1171,2024-10-30,6582.52,Entregado,Web,Trujillo,Yape
9867,1208,2024-10-18,6048.31,Entregado,"Tienda física",Arequipa,"Tarjeta de débito"
9868,1807,2022-07-06,13947.06,Entregado,App,Piura,"Tarjeta de crédito"
9869,2837,2024-02-09,19978.79,Entregado,App,Trujillo,Efectivo
9870,2601,2022-10-22,123.15,Entregado,Web,Iquitos,"Tarjeta de crédito"
9871,2056,2023-04-04,6274.70,Cancelado,Web,Huancayo,"Tarjeta de débito"
9872,2344,2023-05-23,1051.14,Cancelado,Web,Chiclayo,"Tarjeta de crédito"
9873,1403,2023-12-30,4265.94,Cancelado,"Tienda física",Arequipa,"Tarjeta de débito"
9874,2423,2024-05-18,1735.62,Entregado,"Tienda física",Cusco,Efectivo
9875,1946,2022-04-20,20474.78,Entregado,"Tienda física",Lima,Yape
9876,1182,2023-10-19,2529.47,Devuelto,App,Cajamarca,"Tarjeta de débito"
9877,1060,2022-06-05,5068.01,Devuelto,Web,Piura,Yape
9878,1502,2022-03-20,5749.72,Devuelto,"Tienda física",Chiclayo,Efectivo
9879,1048,2022-02-04,16367.15,"En camino","Tienda física",Cajamarca,Efectivo
9880,2019,2022-08-28,1245.72,"En camino","Tienda física",Arequipa,Efectivo
9881,2652,2024-01-20,883.95,Devuelto,App,Chiclayo,"Tarjeta de crédito"
9882,1427,2023-03-24,19859.67,Devuelto,"Tienda física",Cuzco,Efectivo
9883,1971,2023-02-28,6100.17,Cancelado,"Tienda física",Tacna,Yape
9884,1268,2024-07-25,10979.14,Cancelado,Web,Arequipa,Efectivo
9885,1778,2023-07-28,1832.35,Cancelado,Web,Huancayo,"Tarjeta de crédito"
9886,1121,2023-02-09,6067.68,Cancelado,"Tienda física",Trujillo,"Tarjeta de débito"
9887,1966,2023-10-30,7250.69,Devuelto,App,Lima,Yape
9888,2416,2024-04-06,11341.15,"En camino","Tienda física",Chiclayo,"Tarjeta de crédito"
9889,1341,2024-07-27,5026.55,Entregado,"Tienda física",Arequipa,"Tarjeta de débito"
9890,2588,2022-02-13,956.21,"En camino","Tienda física",Chiclayo,"Tarjeta de crédito"
9891,2701,2022-09-22,8379.38,Cancelado,Web,Cusco,Yape
9892,2584,2024-07-10,11443.55,"En camino","Tienda física",Cajamarca,"Tarjeta de crédito"
9893,1009,2024-10-02,26384.75,"En camino",Web,Iquitos,Yape
9894,2932,2022-12-06,24188.81,Devuelto,Web,Iquitos,Efectivo
9895,1196,2024-11-13,9114.18,Cancelado,Web,Trujillo,"Tarjeta de débito"
9896,1561,2024-08-01,2210.01,Cancelado,Web,Tacna,Efectivo
9897,2099,2022-05-26,5611.80,Entregado,"Tienda física",Cusco,Yape
9898,2257,2023-10-15,7265.16,Devuelto,"Tienda física",Trujillo,Efectivo
9899,1868,2024-02-20,956.70,"En camino",Web,Lima,Yape
9900,2669,2024-01-20,4829.18,Entregado,Web,Cajamarca,Yape
9901,1988,2024-06-02,575.53,"En camino","Tienda física",Trujillo,Efectivo
9902,2964,2024-01-24,1724.87,Cancelado,Web,Cajamarca,"Tarjeta de crédito"
9903,2135,2024-08-05,2149.66,Entregado,Web,Huancayo,Yape
9904,2852,2023-08-29,4640.76,"En camino","Tienda física",Chiclayo,Efectivo
9905,2458,2023-12-25,13926.51,"En camino",Web,Iquitos,Efectivo
9906,1040,2024-10-10,9740.60,Entregado,"Tienda física",Trujillo,Efectivo
9907,2139,2023-11-29,2211.74,"En camino",Web,Iquitos,Yape
9908,2836,2023-12-04,4160.36,Cancelado,Web,Cajamarca,"Tarjeta de crédito"
9909,1287,2024-01-30,632.54,Entregado,Web,Iquitos,Efectivo
9910,1792,2024-01-24,15407.02,Devuelto,Web,Chiclayo,"Tarjeta de débito"
9911,2499,2022-02-22,7348.25,Cancelado,App,Chiclayo,Efectivo
9912,1564,2023-12-03,7359.01,Devuelto,"Tienda física",Trujillo,Efectivo
9913,2176,2023-10-26,6438.09,Cancelado,"Tienda física",Trujillo,Efectivo
9914,1426,2023-05-07,180.33,"En camino","Tienda física",Trujillo,"Tarjeta de crédito"
9915,1242,2024-03-03,6194.81,Devuelto,"Tienda física",Huancayo,"Tarjeta de débito"
9916,1270,2022-10-02,8039.23,Devuelto,App,Chiclayo,"Tarjeta de crédito"
9917,1251,2022-06-19,16897.30,Cancelado,App,Cajamarca,Yape
9918,1585,2024-06-26,3840.54,Entregado,Web,Chiclayo,"Tarjeta de débito"
9919,1816,2022-08-23,4191.96,Entregado,Web,Tacna,"Tarjeta de débito"
9920,2606,2023-09-08,10197.79,Devuelto,App,Cajamarca,Efectivo
9921,1403,2024-11-18,3472.32,Cancelado,"Tienda física",Cajamarca,Efectivo
9922,2213,2024-01-17,5555.42,Devuelto,Web,Trujillo,"Tarjeta de crédito"
9923,2574,2023-08-10,11247.47,"En camino","Tienda física",Lima,"Tarjeta de crédito"
9924,1610,2022-06-02,9691.51,Entregado,App,Piura,"Tarjeta de crédito"
9925,2604,2023-04-05,5812.13,Entregado,App,Iquitos,"Tarjeta de crédito"
9926,2584,2023-12-08,1666.17,"En camino","Tienda física",Huancayo,Yape
9927,1906,2022-11-25,1968.17,Entregado,"Tienda física",Chiclayo,"Tarjeta de crédito"
9928,1813,2023-10-03,364.15,"En camino",App,Iquitos,"Tarjeta de crédito"
9929,1377,2022-09-26,13004.76,Devuelto,Web,Chiclayo,Efectivo
9930,1663,2024-01-22,2873.85,Entregado,App,Trujillo,"Tarjeta de crédito"
9931,2316,2022-10-21,1973.94,"En camino",App,Chiclayo,Yape
9932,1570,2022-05-07,15800.47,"En camino","Tienda física",Cusco,Efectivo
9933,2717,2024-07-17,8524.50,"En camino",App,Cusco,"Tarjeta de crédito"
9934,1296,2024-12-20,18492.10,Entregado,Web,Arequipa,Efectivo
9935,2534,2024-10-22,10830.35,"En camino",Web,Tacna,Efectivo
9936,2185,2022-12-02,15243.56,"En camino",Web,Iquitos,Efectivo
9937,2703,2022-06-02,5897.26,"En camino","Tienda física",Lima,Yape
9938,2297,2024-03-18,1519.29,Cancelado,App,Huancayo,Efectivo
9939,1337,2023-10-04,6403.70,Devuelto,"Tienda física",Cusco,Efectivo
9940,1796,2022-07-17,778.16,"En camino","Tienda física",Arequipa,"Tarjeta de crédito"
9941,2726,2022-05-18,4869.11,Cancelado,App,Lima,Efectivo
9942,2439,2023-01-14,2289.73,"En camino",Web,Tacna,"Tarjeta de crédito"
9943,1608,2022-07-09,15543.74,Cancelado,Web,Huancayo,"Tarjeta de crédito"
9944,1706,2023-09-06,5828.89,Cancelado,"Tienda física",Lima,Efectivo
9945,2538,2024-02-06,3804.14,Entregado,"Tienda física",Tacna,Efectivo
9946,1831,2024-10-03,1712.69,Devuelto,Web,Trujillo,Yape
9947,1421,2023-08-28,5285.84,Cancelado,Web,Cuzco,"Tarjeta de débito"
9948,2879,2023-08-29,12236.52,Cancelado,Web,Cajamarca,"Tarjeta de débito"
9949,2672,2023-10-17,23264.05,"En camino",App,Huancayo,Efectivo
9950,1392,2022-11-02,1653.34,Cancelado,Web,Arequipa,Efectivo
9951,2225,2022-05-03,25109.86,"En camino",App,Tacna,Efectivo
9952,1223,2023-02-23,1179.35,Devuelto,"Tienda física",Trujillo,Efectivo
9953,1943,2022-03-24,10444.05,Cancelado,"Tienda física",Chiclayo,"Tarjeta de débito"
9954,1285,2022-10-05,39335.82,Entregado,Web,Cusco,"Tarjeta de débito"
9955,2533,2024-08-27,709.11,Cancelado,Web,Lima,"Tarjeta de crédito"
9956,2907,2024-02-29,15275.03,Entregado,Web,Arequipa,"Tarjeta de débito"
9957,2199,2023-06-21,1388.06,Cancelado,App,Lima,"Tarjeta de crédito"
9958,2763,2024-08-06,16624.36,Entregado,"Tienda física",Huancayo,Efectivo
9959,2652,2023-02-19,15662.79,Devuelto,"Tienda física",Arequipa,"Tarjeta de débito"
9960,2206,2022-02-22,12570.33,Cancelado,Web,Trujillo,Efectivo
9961,2292,2024-11-16,2226.79,Devuelto,App,Cusco,Yape
9962,2842,2022-10-17,12323.77,"En camino",App,Arequipa,Efectivo
9963,1616,2023-09-07,1051.14,Entregado,Web,Iquitos,"Tarjeta de crédito"
9964,1024,2022-04-27,10497.67,Cancelado,App,Tacna,Efectivo
9965,1441,2023-01-22,2615.22,"En camino",App,Chiclayo,"Tarjeta de crédito"
9966,1810,2024-01-13,2520.24,Cancelado,App,Tacna,"Tarjeta de débito"
9967,2681,2023-05-11,8533.02,Entregado,App,Tacna,Efectivo
9968,2173,2022-12-19,7376.65,"En camino",App,Trujillo,Efectivo
9969,1538,2022-07-07,10259.30,"En camino",App,Arequipa,Efectivo
9970,2036,2022-12-12,1371.29,Devuelto,"Tienda física",Huancayo,Efectivo
9971,2734,2023-08-06,2927.32,Entregado,Web,Cusco,"Tarjeta de crédito"
9972,2362,2023-08-09,2264.91,Cancelado,"Tienda física",Piura,Yape
9973,1164,2022-01-20,4096.82,Entregado,Web,Tacna,Efectivo
9974,2368,2022-12-21,7373.96,"En camino","Tienda física",Piura,Yape
9975,1225,2023-02-15,9751.76,"En camino","Tienda física",Cuzco,"Tarjeta de débito"
9976,1372,2024-06-12,1699.01,Devuelto,"Tienda física",Huancayo,"Tarjeta de crédito"
9977,2315,2023-04-24,5266.02,Cancelado,App,Chiclayo,"Tarjeta de crédito"
9978,1848,2023-08-17,2303.00,"En camino","Tienda física",Iquitos,Yape
9979,2439,2022-02-15,1255.61,Cancelado,"Tienda física",Huancayo,Yape
9980,2866,2023-05-29,9781.21,Entregado,"Tienda física",Piura,Yape
9981,1785,2022-07-04,14110.49,Cancelado,App,Trujillo,"Tarjeta de crédito"
9982,2472,2022-12-27,15133.45,Entregado,App,Trujillo,Efectivo
9983,1599,2022-07-01,4845.03,Cancelado,"Tienda física",Chiclayo,Efectivo
9984,2162,2022-03-21,6731.07,"En camino","Tienda física",Chiclayo,"Tarjeta de débito"
9985,1943,2024-01-11,7880.23,Entregado,App,Trujillo,"Tarjeta de débito"
9986,1182,2022-12-04,16820.87,Cancelado,"Tienda física",Trujillo,Efectivo
9987,2271,2023-12-26,8463.00,Entregado,"Tienda física",Trujillo,Yape
9988,1840,2024-09-06,10407.39,Entregado,Web,Tacna,Efectivo
9989,1925,2023-10-12,8398.00,Entregado,Web,Lima,Efectivo
9990,2377,2022-05-06,10780.12,Entregado,Web,Arequipa,"Tarjeta de débito"
9991,1053,2022-02-25,4480.57,Cancelado,Web,Cajamarca,"Tarjeta de crédito"
9992,1844,2023-08-02,179.99,Entregado,"Tienda física",Piura,Yape
9993,2397,2024-09-06,4036.08,"En camino",App,Piura,"Tarjeta de débito"
9994,2821,2023-06-02,19500.86,Devuelto,App,Trujillo,Efectivo
9995,2128,2022-07-01,712.23,"En camino","Tienda física",Iquitos,Efectivo
9996,1460,2022-10-07,5362.92,"En camino","Tienda física",Tacna,Efectivo
9997,1448,2023-04-30,12907.92,Cancelado,"Tienda física",Cajamarca,"Tarjeta de débito"
9998,1674,2022-11-12,8456.60,Entregado,App,Trujillo,Efectivo
9999,1452,2023-10-28,882.90,"En camino",Web,Trujillo,"Tarjeta de débito"
10000,2229,2023-09-12,14599.39,Cancelado,"Tienda física",Trujillo,"Tarjeta de débito"
