sesion_id,cliente_id,fecha_sesion,fuente_trafico,dispositivo,paginas_vistas,tiempo_sesion_seg,agrego_al_carrito,realizo_compra,pagina_salida
200001,1091,2022-06-28,Directo,Móvil,17,960,0,0,Inicio
200002,2493,2024-03-06,Correo,Móvil,18,1332,0,0,Confirmación
200003,2646,2023-04-01,Orgánico,Móvil,5,502,0,0,Confirmación
200004,1963,2024-06-28,"Meta Ads",Desktop,8,1241,1,0,Checkout
200005,1710,2023-01-02,"TikTok Ads",Móvil,16,1307,0,0,Checkout
200006,2004,2023-04-18,"Google Ads",Desktop,9,325,0,0,Carrito
200007,2156,2023-10-20,Correo,Desktop,18,701,0,0,Carrito
200008,NULL,2022-10-17,Orgánico,Móvil,7,1474,0,0,Confirmación
200009,2575,2022-10-06,Orgánico,Móvil,11,1663,0,0,Búsqueda
200010,1005,2022-04-01,Orgánico,Móvil,16,1749,1,0,Carrito
200011,2810,2022-10-31,"Google Ads",Móvil,5,1613,0,0,Búsqueda
200012,2741,2024-08-13,Directo,Desktop,10,1056,0,0,Búsqueda
200013,2112,2024-05-06,"TikTok Ads",Móvil,6,1664,0,0,Búsqueda
200014,2518,2022-02-06,Orgánico,Móvil,2,626,1,0,Producto
200015,2339,2024-07-10,"Google Ads",Desktop,15,1773,0,0,Producto
200016,2574,2022-12-05,Orgánico,Tablet,13,731,0,0,Inicio
200017,2501,2023-05-26,"TikTok Ads",Desktop,19,410,0,0,Confirmación
200018,2190,2024-09-13,Orgánico,Móvil,2,911,0,0,Confirmación
200019,NULL,2022-10-28,"Meta Ads",Tablet,9,903,0,0,Confirmación
200020,1715,2022-09-18,Correo,Móvil,8,337,0,0,Inicio
200021,2721,2023-05-02,Correo,Tablet,20,65,0,0,Inicio
200022,1876,2022-08-27,"TikTok Ads",Tablet,7,1492,1,0,Producto
200023,1329,2022-03-22,"TikTok Ads",Desktop,1,27,0,0,Producto
200024,1631,2024-11-10,Correo,Móvil,11,1167,0,0,Confirmación
200025,1045,2024-05-21,Correo,Móvil,6,1228,0,0,Producto
200026,NULL,2022-01-09,Orgánico,Móvil,13,116,1,0,Checkout
200027,NULL,2024-08-21,"TikTok Ads",Móvil,14,1142,0,0,Inicio
200028,1412,2022-11-16,Correo,Desktop,2,1363,1,0,Producto
200029,2340,2024-04-07,Correo,Tablet,5,940,0,0,Búsqueda
200030,1243,2023-06-23,Directo,Desktop,11,599,0,0,Búsqueda
200031,2784,2024-10-21,"TikTok Ads",Móvil,9,1338,0,0,Búsqueda
200032,2429,2023-04-23,"TikTok Ads",Tablet,8,877,0,0,Checkout
200033,NULL,2023-12-22,"Meta Ads",Móvil,15,1282,0,0,Producto
200034,2457,2022-08-24,Orgánico,Desktop,3,783,0,0,Producto
200035,2067,2023-10-31,Directo,Tablet,18,83,0,0,Carrito
200036,2514,2023-06-21,Directo,Desktop,2,1615,0,0,Confirmación
200037,2315,2023-02-12,"Google Ads",Desktop,7,1714,0,0,Carrito
200038,2500,2024-07-19,Directo,Móvil,16,832,0,0,Inicio
200039,2101,2024-01-31,Orgánico,Tablet,2,264,0,0,Checkout
200040,2349,2024-03-09,Directo,Tablet,20,1132,0,0,Inicio
200041,2210,2022-01-23,Correo,Tablet,8,1103,0,0,Inicio
200042,2698,2024-09-14,"Meta Ads",Desktop,10,58,0,0,Búsqueda
200043,NULL,2023-09-01,"Meta Ads",Móvil,17,1504,1,0,Confirmación
200044,1353,2023-05-13,Correo,Tablet,10,1374,1,0,Inicio
200045,1154,2023-10-28,"TikTok Ads",Desktop,7,389,1,0,Checkout
200046,1777,2023-09-25,"TikTok Ads",Móvil,14,1553,0,0,Búsqueda
200047,1591,2023-10-12,"Meta Ads",Móvil,13,544,0,0,Carrito
200048,2162,2022-11-19,"Meta Ads",Desktop,2,103,0,0,Inicio
200049,2519,2024-08-30,"TikTok Ads",Tablet,1,1291,0,0,Producto
200050,2347,2024-08-25,"TikTok Ads",Tablet,14,1414,1,0,Carrito
200051,2159,2024-02-06,Correo,Tablet,3,659,0,0,Producto
200052,1687,2022-10-08,Correo,Tablet,1,1588,0,0,Confirmación
200053,1010,2024-10-31,Orgánico,Tablet,9,581,0,0,Inicio
200054,1248,2023-09-20,"Meta Ads",Tablet,11,544,1,0,Producto
200055,1864,2022-05-21,Correo,Tablet,17,1082,0,0,Inicio
200056,NULL,2022-09-28,"Meta Ads",Tablet,8,1178,1,0,Producto
200057,1571,2023-04-13,"TikTok Ads",Tablet,4,158,1,0,Confirmación
200058,2411,2024-11-21,"Meta Ads",Tablet,1,1314,1,0,Confirmación
200059,2816,2022-11-05,"Meta Ads",Desktop,9,417,0,0,Inicio
200060,2017,2022-10-06,Orgánico,Desktop,6,249,1,0,Inicio
200061,2512,2022-07-22,Correo,Tablet,9,976,1,0,Inicio
200062,1407,2022-03-21,Directo,Tablet,6,1055,0,0,Carrito
200063,1840,2022-08-11,"Meta Ads",Tablet,13,1739,1,1,Confirmación
200064,1373,2024-11-22,Correo,Tablet,8,979,0,0,Búsqueda
200065,2320,2023-02-08,"TikTok Ads",Desktop,18,1556,0,0,Confirmación
200066,1621,2022-11-20,"Meta Ads",Móvil,12,60,1,0,Confirmación
200067,1879,2022-04-25,"Google Ads",Tablet,15,1730,0,0,Carrito
200068,1784,2024-02-04,"TikTok Ads",Desktop,1,1382,0,0,Checkout
200069,2977,2022-10-30,"Meta Ads",Móvil,4,644,1,0,Inicio
200070,1026,2023-09-23,Directo,Tablet,8,674,1,0,Búsqueda
200071,1933,2024-03-31,"Meta Ads",Desktop,16,206,0,0,Producto
200072,2446,2022-03-18,"TikTok Ads",Móvil,2,648,0,0,Confirmación
200073,1399,2024-01-18,Directo,Móvil,18,1502,1,0,Checkout
200074,2188,2023-11-30,Orgánico,Móvil,12,1475,0,0,Inicio
200075,2950,2023-05-26,"Google Ads",Móvil,13,1416,1,0,Producto
200076,NULL,2023-10-16,"Google Ads",Desktop,17,44,1,0,Confirmación
200077,NULL,2022-08-10,Orgánico,Desktop,7,1305,1,1,Confirmación
200078,1531,2024-12-13,"Google Ads",Tablet,1,1217,0,0,Carrito
200079,1794,2024-08-18,Correo,Desktop,17,781,0,0,Checkout
200080,1169,2022-05-15,Correo,Tablet,4,1397,0,0,Confirmación
200081,2528,2023-07-01,"Google Ads",Desktop,7,398,0,0,Producto
200082,1812,2024-09-03,Correo,Desktop,18,1160,0,0,Búsqueda
200083,NULL,2022-08-18,"Meta Ads",Desktop,10,1694,0,0,Checkout
200084,1276,2024-01-31,"Google Ads",Móvil,4,1569,1,0,Inicio
200085,2767,2024-04-19,"Google Ads",Móvil,19,452,0,0,Confirmación
200086,NULL,2023-11-27,Orgánico,Tablet,2,840,1,0,Checkout
200087,NULL,2024-10-24,Orgánico,Tablet,10,799,1,1,Confirmación
200088,2138,2022-08-13,"Google Ads",Móvil,1,769,0,0,Carrito
200089,1118,2024-03-09,Orgánico,Desktop,14,916,1,0,Inicio
200090,2741,2024-10-05,"TikTok Ads",Tablet,12,1078,0,0,Confirmación
200091,1494,2022-02-01,Directo,Desktop,5,1539,0,0,Carrito
200092,2762,2022-12-14,Correo,Móvil,17,590,1,0,Checkout
200093,1808,2022-01-05,Orgánico,Tablet,18,411,1,1,Confirmación
200094,2402,2022-07-21,Directo,Móvil,9,1468,0,0,Checkout
200095,1896,2023-02-16,"Google Ads",Móvil,12,1758,0,0,Búsqueda
200096,2600,2023-04-03,"Google Ads",Tablet,14,898,0,0,Checkout
200097,2468,2022-02-14,Directo,Tablet,16,348,0,0,Producto
200098,1369,2023-06-27,"TikTok Ads",Desktop,9,325,0,0,Búsqueda
200099,2045,2024-04-26,"TikTok Ads",Tablet,17,1311,0,0,Confirmación
200100,2017,2023-03-10,"Google Ads",Móvil,16,1526,0,0,Producto
200101,1853,2022-10-27,Directo,Móvil,9,1713,0,0,Carrito
200102,1036,2024-04-25,"Google Ads",Móvil,17,498,0,0,Inicio
200103,1636,2023-10-30,"Meta Ads",Desktop,3,1316,0,0,Checkout
200104,2918,2024-12-26,Correo,Móvil,15,1059,0,0,Producto
200105,2457,2022-10-22,Correo,Móvil,20,628,1,0,Confirmación
200106,2442,2024-10-17,Directo,Móvil,20,1238,0,0,Búsqueda
200107,2845,2022-03-04,Correo,Móvil,4,146,1,0,Producto
200108,1980,2024-11-26,"TikTok Ads",Móvil,8,1539,0,0,Producto
200109,NULL,2023-05-17,Correo,Tablet,13,1019,1,0,Búsqueda
200110,1674,2024-06-01,"TikTok Ads",Móvil,4,1698,1,0,Producto
200111,NULL,2023-06-03,Correo,Tablet,3,1094,1,0,Checkout
200112,2594,2024-08-22,Orgánico,Móvil,9,1585,0,0,Búsqueda
200113,1950,2024-08-06,"TikTok Ads",Desktop,3,205,0,0,Confirmación
200114,1765,2023-02-09,"Meta Ads",Desktop,11,771,1,0,Carrito
200115,2157,2024-04-18,Directo,Tablet,19,663,1,0,Producto
200116,1590,2022-01-07,"Google Ads",Tablet,8,12,0,0,Confirmación
200117,1279,2023-12-19,"Meta Ads",Móvil,1,1666,1,0,Checkout
200118,NULL,2023-07-30,"TikTok Ads",Móvil,2,251,0,0,Búsqueda
200119,1929,2023-04-08,Correo,Desktop,2,1716,1,0,Carrito
200120,2173,2023-09-04,Directo,Móvil,17,1514,1,0,Confirmación
200121,1636,2024-07-08,Orgánico,Móvil,8,568,0,0,Inicio
200122,1658,2022-04-08,Directo,Tablet,17,880,0,0,Producto
200123,2018,2023-09-30,Correo,Tablet,7,930,1,1,Confirmación
200124,NULL,2023-05-24,"Meta Ads",Móvil,12,596,1,0,Carrito
200125,1454,2024-04-20,Orgánico,Móvil,6,401,0,0,Confirmación
200126,2910,2022-09-21,Directo,Tablet,8,792,0,0,Producto
200127,2082,2023-07-20,"Meta Ads",Desktop,14,310,1,0,Confirmación
200128,2006,2023-11-12,Directo,Móvil,11,258,1,0,Producto
200129,1206,2024-02-19,"Meta Ads",Móvil,11,1631,1,0,Carrito
200130,1871,2022-02-01,"TikTok Ads",Desktop,2,777,1,0,Producto
200131,1469,2024-05-22,Directo,Tablet,14,1041,0,0,Producto
200132,1607,2024-06-23,Orgánico,Tablet,10,1040,0,0,Búsqueda
200133,2760,2022-06-27,"Google Ads",Móvil,19,988,0,0,Búsqueda
200134,2942,2024-01-19,Orgánico,Tablet,18,631,0,0,Carrito
200135,2519,2023-03-16,Orgánico,Desktop,17,426,1,0,Producto
200136,1987,2024-05-18,"Google Ads",Móvil,16,1263,0,0,Inicio
200137,1737,2022-08-02,Correo,Desktop,3,1766,0,0,Búsqueda
200138,2761,2022-06-01,"Google Ads",Tablet,11,1457,1,0,Checkout
200139,1601,2024-03-26,"Meta Ads",Móvil,19,210,0,0,Carrito
200140,1191,2023-05-05,"Google Ads",Desktop,12,1528,1,0,Búsqueda
200141,2738,2024-04-11,"Meta Ads",Tablet,16,664,0,0,Checkout
200142,1179,2023-04-17,"Google Ads",Desktop,14,383,0,0,Checkout
200143,2012,2023-08-24,Directo,Tablet,5,734,1,0,Checkout
200144,NULL,2023-05-27,Correo,Desktop,4,574,0,0,Checkout
200145,2895,2024-01-24,"TikTok Ads",Tablet,14,1760,0,0,Inicio
200146,2623,2024-02-03,"Meta Ads",Desktop,14,598,0,0,Producto
200147,2194,2024-12-20,"Google Ads",Móvil,14,772,1,1,Confirmación
200148,1519,2023-05-18,Orgánico,Tablet,18,1733,0,0,Carrito
200149,1125,2024-08-23,"Google Ads",Móvil,7,859,0,0,Carrito
200150,1188,2023-05-17,"TikTok Ads",Móvil,8,1469,1,0,Carrito
200151,2416,2023-01-20,"Meta Ads",Móvil,20,96,0,0,Carrito
200152,NULL,2022-06-12,Directo,Desktop,10,1191,0,0,Confirmación
200153,2428,2023-05-24,Directo,Móvil,6,233,0,0,Carrito
200154,1846,2022-06-18,"Google Ads",Tablet,20,1631,0,0,Búsqueda
200155,NULL,2023-08-20,"Google Ads",Desktop,20,1184,0,0,Búsqueda
200156,2614,2024-09-02,"TikTok Ads",Tablet,13,92,0,0,Inicio
200157,1396,2023-01-22,Correo,Desktop,3,505,0,0,Confirmación
200158,NULL,2022-02-13,Directo,Móvil,6,1653,0,0,Confirmación
200159,1166,2022-01-04,Correo,Desktop,8,1536,0,0,Carrito
200160,2521,2024-07-12,Orgánico,Tablet,15,767,0,0,Búsqueda
200161,1724,2024-11-20,"TikTok Ads",Móvil,7,1335,1,0,Confirmación
200162,NULL,2022-02-16,"Meta Ads",Móvil,7,1130,0,0,Producto
200163,1854,2022-06-23,"Meta Ads",Desktop,5,214,0,0,Confirmación
200164,1685,2024-01-07,"Google Ads",Móvil,14,1778,0,0,Checkout
200165,1086,2022-04-03,Directo,Tablet,11,804,0,0,Producto
200166,1308,2023-08-14,Orgánico,Tablet,7,211,0,0,Inicio
200167,1930,2024-01-21,"TikTok Ads",Desktop,4,452,0,0,Producto
200168,NULL,2022-05-03,"Google Ads",Tablet,6,30,0,0,Producto
200169,2526,2023-09-02,"Google Ads",Desktop,16,1507,0,0,Carrito
200170,NULL,2024-06-26,Correo,Desktop,4,1015,0,0,Producto
200171,1757,2022-07-06,"TikTok Ads",Tablet,15,1763,1,0,Confirmación
200172,2915,2022-11-10,Orgánico,Móvil,18,1210,0,0,Carrito
200173,1128,2022-02-11,Orgánico,Desktop,3,1488,1,0,Producto
200174,NULL,2022-10-14,Correo,Móvil,7,1566,0,0,Carrito
200175,2822,2023-03-03,"TikTok Ads",Desktop,20,1242,1,0,Confirmación
200176,NULL,2024-01-29,Orgánico,Desktop,3,16,1,0,Confirmación
200177,2758,2022-06-03,Orgánico,Desktop,19,453,0,0,Búsqueda
200178,1579,2024-03-16,Directo,Tablet,10,133,0,0,Inicio
200179,1535,2022-04-30,"Google Ads",Desktop,12,353,0,0,Producto
200180,2901,2022-05-20,"Google Ads",Tablet,14,653,0,0,Inicio
200181,1667,2024-07-17,"Meta Ads",Tablet,7,1466,0,0,Búsqueda
200182,2005,2024-04-12,Orgánico,Móvil,10,1385,0,0,Confirmación
200183,1562,2024-09-20,"Meta Ads",Desktop,11,1108,0,0,Inicio
200184,1317,2022-01-07,Orgánico,Móvil,12,254,1,0,Producto
200185,2578,2022-03-15,"TikTok Ads",Tablet,3,32,1,0,Confirmación
200186,1152,2024-12-31,Correo,Desktop,20,641,1,0,Carrito
200187,1234,2024-09-07,Correo,Móvil,8,624,0,0,Búsqueda
200188,1730,2022-08-16,"TikTok Ads",Tablet,8,579,1,0,Confirmación
200189,1057,2022-01-04,"Google Ads",Tablet,6,1141,0,0,Checkout
200190,NULL,2023-07-02,Directo,Desktop,13,1783,1,0,Carrito
200191,1330,2022-12-16,Orgánico,Desktop,1,1018,1,0,Inicio
200192,2470,2022-08-19,Correo,Desktop,14,1102,0,0,Carrito
200193,2794,2024-09-30,Directo,Tablet,3,470,0,0,Búsqueda
200194,NULL,2023-10-30,Directo,Tablet,5,615,0,0,Inicio
200195,2775,2024-08-26,Orgánico,Móvil,11,1255,1,0,Producto
200196,2756,2024-01-15,"Meta Ads",Tablet,15,1266,0,0,Producto
200197,1639,2023-08-29,Directo,Móvil,7,484,0,0,Confirmación
200198,2860,2022-11-02,"TikTok Ads",Desktop,14,250,0,0,Checkout
200199,2974,2024-09-29,"Google Ads",Móvil,7,563,1,0,Checkout
200200,1063,2024-10-14,"Meta Ads",Móvil,4,79,0,0,Carrito
200201,1989,2022-03-25,Orgánico,Móvil,12,1559,1,0,Carrito
200202,NULL,2023-10-25,"Meta Ads",Desktop,4,166,0,0,Búsqueda
200203,1762,2022-01-22,"Google Ads",Tablet,8,1532,0,0,Inicio
200204,NULL,2024-09-19,Orgánico,Móvil,8,245,0,0,Carrito
200205,2742,2023-02-09,Correo,Tablet,4,1042,0,0,Producto
200206,2275,2023-11-19,Directo,Móvil,6,1162,0,0,Inicio
200207,2751,2024-07-03,Directo,Desktop,19,1029,0,0,Confirmación
200208,NULL,2024-08-26,Orgánico,Móvil,11,1130,1,0,Checkout
200209,2078,2023-01-24,"Meta Ads",Móvil,4,1490,1,0,Búsqueda
200210,2250,2022-04-30,Directo,Móvil,13,268,0,0,Checkout
200211,2452,2022-05-05,"TikTok Ads",Móvil,1,38,0,0,Confirmación
200212,1619,2024-04-26,Directo,Móvil,5,1021,0,0,Búsqueda
200213,2273,2024-06-09,Orgánico,Desktop,12,24,0,0,Inicio
200214,NULL,2024-04-13,Directo,Desktop,13,570,0,0,Confirmación
200215,1690,2024-03-05,Directo,Desktop,2,1240,1,0,Checkout
200216,NULL,2024-05-30,"Meta Ads",Tablet,3,948,0,0,Búsqueda
200217,1423,2024-06-22,"Meta Ads",Desktop,20,146,0,0,Checkout
200218,1284,2024-02-20,Correo,Móvil,18,403,0,0,Inicio
200219,2609,2024-04-14,"Meta Ads",Tablet,9,1336,0,0,Búsqueda
200220,NULL,2024-10-31,"TikTok Ads",Móvil,6,1186,0,0,Checkout
200221,2292,2024-05-09,"Meta Ads",Móvil,13,358,0,0,Confirmación
200222,1858,2024-01-19,"TikTok Ads",Móvil,4,1707,1,0,Búsqueda
200223,1939,2023-11-24,"Google Ads",Móvil,8,1636,0,0,Carrito
200224,2987,2022-07-06,Orgánico,Móvil,3,1616,1,0,Inicio
200225,1787,2022-02-12,"Meta Ads",Tablet,12,1259,0,0,Carrito
200226,2937,2024-03-23,Correo,Móvil,6,1724,0,0,Carrito
200227,2322,2023-11-16,"Google Ads",Desktop,11,696,0,0,Producto
200228,1836,2022-06-21,Orgánico,Móvil,14,300,0,0,Checkout
200229,2061,2022-12-12,Directo,Tablet,1,38,0,0,Checkout
200230,1359,2022-06-05,Correo,Desktop,5,875,1,0,Confirmación
200231,1752,2024-08-28,Correo,Móvil,6,560,1,1,Confirmación
200232,2860,2024-05-12,Correo,Móvil,8,938,1,0,Checkout
200233,NULL,2024-03-06,"Meta Ads",Desktop,14,1256,0,0,Carrito
200234,2789,2024-05-13,"Google Ads",Móvil,20,408,0,0,Carrito
200235,1163,2023-02-27,Directo,Tablet,4,133,1,0,Checkout
200236,NULL,2023-10-31,"Google Ads",Móvil,19,835,1,1,Confirmación
200237,1365,2022-01-13,"TikTok Ads",Móvil,16,1075,0,0,Checkout
200238,1047,2024-10-09,"TikTok Ads",Tablet,8,437,0,0,Carrito
200239,1847,2023-06-15,"Google Ads",Desktop,15,96,0,0,Checkout
200240,NULL,2024-04-24,"TikTok Ads",Desktop,17,532,0,0,Producto
200241,2177,2022-08-26,Correo,Móvil,20,665,1,0,Inicio
200242,2422,2023-01-07,"TikTok Ads",Desktop,8,584,0,0,Búsqueda
200243,2184,2023-02-17,"Meta Ads",Desktop,14,1595,0,0,Checkout
200244,2075,2023-08-17,Orgánico,Desktop,12,1510,0,0,Inicio
200245,1391,2022-10-31,"TikTok Ads",Móvil,11,615,0,0,Búsqueda
200246,1430,2024-07-12,"Google Ads",Desktop,18,1064,0,0,Checkout
200247,2852,2023-12-28,"TikTok Ads",Desktop,13,1633,0,0,Producto
200248,NULL,2023-10-20,Correo,Móvil,19,815,1,0,Producto
200249,2764,2023-02-22,"TikTok Ads",Desktop,7,252,0,0,Inicio
200250,2284,2023-09-26,"Meta Ads",Desktop,2,1550,0,0,Checkout
200251,NULL,2023-02-26,"TikTok Ads",Desktop,14,1320,0,0,Inicio
200252,1180,2023-08-24,Orgánico,Tablet,19,1721,0,0,Producto
200253,NULL,2023-07-10,Directo,Móvil,9,1012,1,1,Confirmación
200254,2732,2022-01-31,Directo,Desktop,20,67,0,0,Confirmación
200255,2526,2024-12-02,Directo,Desktop,20,1379,1,0,Confirmación
200256,1031,2024-08-25,Orgánico,Móvil,15,351,1,0,Búsqueda
200257,1866,2022-03-25,"TikTok Ads",Tablet,12,1443,0,0,Confirmación
200258,1935,2023-05-29,Orgánico,Tablet,10,473,0,0,Carrito
200259,2448,2024-05-17,"Meta Ads",Tablet,4,343,0,0,Checkout
200260,2400,2023-06-28,Directo,Tablet,16,1667,0,0,Inicio
200261,1570,2024-08-02,"Meta Ads",Móvil,20,1428,0,0,Confirmación
200262,2937,2023-07-29,"Google Ads",Móvil,14,254,1,0,Confirmación
200263,1240,2022-10-19,"Google Ads",Tablet,20,1581,1,1,Confirmación
200264,1034,2022-09-30,Orgánico,Desktop,2,224,1,0,Carrito
200265,2449,2024-02-04,"TikTok Ads",Móvil,20,561,0,0,Carrito
200266,1113,2022-03-01,"Meta Ads",Tablet,13,514,0,0,Carrito
200267,2345,2024-10-08,Correo,Desktop,3,32,0,0,Producto
200268,1559,2024-09-14,Correo,Tablet,9,1515,1,0,Inicio
200269,2709,2023-11-20,"Meta Ads",Desktop,4,56,1,0,Carrito
200270,2920,2022-12-27,Orgánico,Desktop,8,659,0,0,Carrito
200271,2027,2024-01-26,Correo,Móvil,13,1287,0,0,Búsqueda
200272,2651,2022-06-03,"Google Ads",Tablet,11,395,1,0,Confirmación
200273,NULL,2024-04-28,Correo,Móvil,3,138,0,0,Búsqueda
200274,NULL,2024-01-22,"TikTok Ads",Tablet,14,724,1,0,Confirmación
200275,2826,2024-11-17,"Google Ads",Móvil,8,1215,0,0,Checkout
200276,NULL,2022-09-05,"Google Ads",Tablet,4,1746,1,0,Búsqueda
200277,1790,2022-09-17,Correo,Móvil,19,941,0,0,Carrito
200278,2109,2024-11-09,Orgánico,Desktop,13,1301,1,0,Confirmación
200279,2860,2022-11-07,Correo,Móvil,18,701,0,0,Búsqueda
200280,NULL,2022-11-19,Correo,Móvil,3,854,1,1,Confirmación
200281,NULL,2023-07-12,"Google Ads",Desktop,16,205,1,0,Carrito
200282,2137,2024-01-06,"Meta Ads",Tablet,6,788,0,0,Búsqueda
200283,2920,2022-08-25,"Google Ads",Tablet,15,648,0,0,Búsqueda
200284,NULL,2022-08-12,Directo,Móvil,8,878,0,0,Búsqueda
200285,1002,2024-02-24,"Google Ads",Móvil,11,1302,0,0,Carrito
200286,2787,2024-03-08,Correo,Tablet,19,1229,0,0,Inicio
200287,2486,2022-05-02,"Google Ads",Desktop,6,1119,0,0,Checkout
200288,2572,2024-07-30,Correo,Móvil,19,642,1,0,Inicio
200289,NULL,2023-03-04,Correo,Tablet,19,1669,0,0,Carrito
200290,2126,2023-03-12,Orgánico,Móvil,19,299,0,0,Confirmación
200291,NULL,2023-03-22,"Meta Ads",Desktop,20,1115,0,0,Producto
200292,2557,2023-10-02,"Meta Ads",Tablet,18,724,0,0,Confirmación
200293,NULL,2022-08-12,Orgánico,Tablet,16,965,0,0,Inicio
200294,2482,2023-03-18,Directo,Móvil,10,453,0,0,Producto
200295,NULL,2024-03-10,Orgánico,Móvil,3,530,1,0,Producto
200296,2700,2023-04-08,Directo,Desktop,4,925,0,0,Producto
200297,2588,2022-02-14,"Meta Ads",Móvil,5,616,1,0,Producto
200298,2021,2022-11-18,Directo,Desktop,5,1275,1,0,Inicio
200299,2847,2023-07-05,"Google Ads",Móvil,18,1740,0,0,Inicio
200300,2137,2022-06-27,"Google Ads",Desktop,16,86,1,0,Confirmación
200301,1812,2023-08-02,"Google Ads",Desktop,7,892,1,0,Búsqueda
200302,1044,2024-07-27,"Google Ads",Móvil,9,684,0,0,Carrito
200303,2712,2023-10-10,Orgánico,Tablet,3,596,0,0,Inicio
200304,2868,2023-04-13,Directo,Tablet,1,94,0,0,Confirmación
200305,NULL,2023-10-07,Orgánico,Móvil,9,37,0,0,Búsqueda
200306,2275,2024-08-13,Correo,Desktop,1,1603,0,0,Producto
200307,1814,2023-09-22,Directo,Móvil,8,1426,0,0,Producto
200308,NULL,2023-11-14,"TikTok Ads",Móvil,8,1692,1,0,Checkout
200309,2610,2023-09-24,Orgánico,Tablet,7,259,1,0,Producto
200310,2970,2022-08-04,"Meta Ads",Tablet,14,353,0,0,Inicio
200311,NULL,2022-10-25,Orgánico,Móvil,15,1671,1,0,Checkout
200312,NULL,2023-10-25,"Google Ads",Desktop,11,1348,0,0,Confirmación
200313,1364,2024-12-12,"Google Ads",Desktop,12,722,0,0,Confirmación
200314,NULL,2024-02-25,"TikTok Ads",Móvil,18,1545,0,0,Producto
200315,2914,2023-04-02,Directo,Desktop,5,152,0,0,Inicio
200316,1739,2022-05-28,"Meta Ads",Tablet,20,1385,1,0,Búsqueda
200317,NULL,2022-07-08,"TikTok Ads",Desktop,14,920,0,0,Carrito
200318,1547,2023-01-03,Orgánico,Desktop,2,139,1,0,Carrito
200319,2184,2024-02-12,Directo,Tablet,15,1104,0,0,Carrito
200320,1494,2023-01-03,"TikTok Ads",Tablet,16,505,1,0,Búsqueda
200321,NULL,2022-09-04,Directo,Desktop,20,527,0,0,Búsqueda
200322,1811,2024-12-10,Directo,Móvil,12,1642,0,0,Inicio
200323,2120,2024-10-06,Correo,Móvil,6,67,1,0,Confirmación
200324,1688,2023-01-10,Correo,Desktop,19,240,1,0,Checkout
200325,1747,2024-05-06,Orgánico,Tablet,16,695,1,0,Confirmación
200326,NULL,2023-12-30,"Google Ads",Desktop,6,1108,0,0,Inicio
200327,2945,2022-11-24,"Google Ads",Desktop,3,659,0,0,Producto
200328,2970,2023-11-29,Correo,Móvil,20,205,0,0,Inicio
200329,1894,2023-05-19,"Google Ads",Móvil,18,766,0,0,Carrito
200330,2093,2022-10-29,"Meta Ads",Tablet,13,1307,1,0,Producto
200331,2747,2023-01-06,Orgánico,Móvil,6,1335,0,0,Búsqueda
200332,2196,2022-04-24,Orgánico,Tablet,17,560,0,0,Checkout
200333,1387,2023-10-07,"Meta Ads",Desktop,11,625,0,0,Carrito
200334,2424,2023-03-21,"Meta Ads",Móvil,19,556,0,0,Inicio
200335,1124,2022-04-24,Directo,Tablet,16,1109,1,0,Producto
200336,2989,2022-05-19,Orgánico,Desktop,20,1695,1,0,Carrito
200337,2497,2022-04-23,"TikTok Ads",Desktop,5,84,0,0,Confirmación
200338,1951,2024-09-30,Correo,Desktop,17,672,0,0,Carrito
200339,2368,2023-12-09,Orgánico,Tablet,3,1106,0,0,Carrito
200340,2034,2023-07-05,"Google Ads",Tablet,15,1123,0,0,Inicio
200341,2414,2024-06-15,"Google Ads",Desktop,14,1508,0,0,Producto
200342,1270,2023-04-13,"Google Ads",Tablet,7,1427,1,1,Confirmación
200343,1619,2024-08-21,"Google Ads",Tablet,3,344,0,0,Carrito
200344,1901,2024-11-14,Correo,Desktop,11,1083,0,0,Carrito
200345,1142,2023-03-27,Correo,Desktop,7,1406,0,0,Producto
200346,1192,2023-11-01,Orgánico,Móvil,3,1340,0,0,Checkout
200347,1975,2022-11-17,Directo,Móvil,6,874,1,0,Checkout
200348,2496,2024-05-03,"TikTok Ads",Móvil,7,694,0,0,Búsqueda
200349,2739,2022-09-05,"Meta Ads",Tablet,7,1188,1,0,Búsqueda
200350,2974,2022-11-29,"TikTok Ads",Tablet,17,957,0,0,Checkout
200351,NULL,2023-01-01,Correo,Desktop,12,1195,0,0,Búsqueda
200352,1375,2024-04-13,"TikTok Ads",Desktop,15,92,0,0,Checkout
200353,2610,2024-10-09,Orgánico,Desktop,18,1376,0,0,Carrito
200354,2191,2023-12-21,Orgánico,Desktop,6,581,0,0,Checkout
200355,2429,2023-08-14,"Google Ads",Tablet,4,907,1,0,Checkout
200356,2597,2023-05-29,"Meta Ads",Móvil,19,639,0,0,Producto
200357,2865,2023-06-19,"Meta Ads",Tablet,16,161,0,0,Carrito
200358,1045,2024-01-05,"Meta Ads",Tablet,17,276,0,0,Confirmación
200359,2187,2022-09-04,"Google Ads",Tablet,2,1675,0,0,Inicio
200360,NULL,2024-08-04,"Google Ads",Tablet,8,826,0,0,Búsqueda
200361,2434,2022-10-23,Correo,Tablet,10,1742,1,0,Búsqueda
200362,1305,2023-11-29,"Meta Ads",Móvil,3,1785,1,0,Carrito
200363,NULL,2022-12-17,"Google Ads",Móvil,7,1523,0,0,Confirmación
200364,2843,2022-11-01,Directo,Tablet,16,1600,0,0,Búsqueda
200365,2322,2023-09-27,"Meta Ads",Desktop,12,1671,0,0,Inicio
200366,NULL,2024-06-14,Directo,Tablet,16,369,1,0,Confirmación
200367,2319,2023-12-13,"Google Ads",Móvil,9,143,1,0,Inicio
200368,2289,2022-11-27,"TikTok Ads",Móvil,20,976,1,0,Inicio
200369,1510,2024-12-09,"TikTok Ads",Móvil,19,1123,1,0,Búsqueda
200370,2487,2023-02-02,"TikTok Ads",Móvil,15,35,1,0,Producto
200371,1522,2024-08-19,Correo,Desktop,6,260,1,0,Producto
200372,2424,2022-06-25,"Google Ads",Móvil,17,745,0,0,Confirmación
200373,2405,2024-12-08,Correo,Tablet,10,474,0,0,Producto
200374,1007,2023-02-24,Correo,Móvil,4,1032,1,0,Carrito
200375,1426,2023-01-13,"TikTok Ads",Tablet,17,1487,0,0,Producto
200376,2271,2022-10-11,Correo,Tablet,3,676,0,0,Búsqueda
200377,2496,2024-01-13,Correo,Tablet,16,1572,1,0,Confirmación
200378,2229,2023-05-20,Directo,Móvil,12,1529,1,0,Carrito
200379,1208,2022-01-21,"TikTok Ads",Desktop,9,1334,0,0,Inicio
200380,1789,2023-01-29,Correo,Móvil,13,1339,0,0,Producto
200381,1113,2024-10-21,"Meta Ads",Tablet,15,491,1,0,Búsqueda
200382,2676,2022-03-23,"Meta Ads",Desktop,12,1262,1,0,Inicio
200383,2463,2024-04-15,Orgánico,Desktop,10,1564,0,0,Confirmación
200384,2556,2024-12-18,"Meta Ads",Desktop,1,756,0,0,Confirmación
200385,1956,2022-02-15,"Meta Ads",Móvil,20,307,0,0,Checkout
200386,2140,2023-07-10,"Meta Ads",Desktop,6,1678,1,0,Checkout
200387,1906,2022-01-01,"Google Ads",Móvil,3,1333,1,0,Carrito
200388,2776,2024-04-18,Orgánico,Tablet,9,1650,0,0,Búsqueda
200389,1717,2024-03-06,"Meta Ads",Tablet,17,184,0,0,Búsqueda
200390,2310,2023-03-21,"Meta Ads",Desktop,13,826,0,0,Checkout
200391,2938,2022-06-07,"Meta Ads",Tablet,1,1019,1,0,Carrito
200392,1628,2023-12-24,Correo,Móvil,4,910,0,0,Carrito
200393,2236,2022-09-25,Correo,Móvil,12,1316,1,0,Inicio
200394,2208,2024-10-01,"TikTok Ads",Tablet,3,354,0,0,Checkout
200395,1756,2022-09-09,Directo,Móvil,15,1497,0,0,Carrito
200396,2278,2024-04-29,"Google Ads",Desktop,18,182,0,0,Checkout
200397,2320,2023-02-17,"TikTok Ads",Tablet,16,319,1,0,Carrito
200398,1996,2022-04-25,"TikTok Ads",Desktop,5,538,1,0,Confirmación
200399,2203,2023-02-16,Directo,Móvil,17,242,0,0,Confirmación
200400,1226,2022-05-22,Orgánico,Tablet,13,1599,1,0,Producto
200401,2750,2022-04-03,Directo,Móvil,9,1178,1,0,Checkout
200402,NULL,2024-07-01,Directo,Móvil,15,445,1,0,Búsqueda
200403,2600,2023-02-04,"Meta Ads",Tablet,3,820,1,0,Checkout
200404,NULL,2022-02-04,"Meta Ads",Desktop,16,260,0,0,Carrito
200405,2196,2023-03-18,"TikTok Ads",Tablet,12,717,0,0,Inicio
200406,1903,2023-01-28,"Google Ads",Tablet,8,870,1,0,Producto
200407,1675,2022-04-14,Directo,Móvil,11,90,0,0,Inicio
200408,2158,2024-02-20,Orgánico,Desktop,4,1237,0,0,Confirmación
200409,NULL,2022-10-13,"Google Ads",Móvil,1,1385,0,0,Carrito
200410,2714,2024-10-20,"Meta Ads",Tablet,2,131,0,0,Inicio
200411,2438,2023-04-13,"Meta Ads",Móvil,13,788,0,0,Confirmación
200412,1545,2024-02-16,"Google Ads",Tablet,12,563,0,0,Confirmación
200413,2925,2023-08-05,Directo,Móvil,12,336,1,0,Carrito
200414,1696,2023-10-14,Orgánico,Desktop,11,206,0,0,Inicio
200415,1941,2022-02-18,Correo,Tablet,11,1358,1,1,Confirmación
200416,1163,2024-10-25,Orgánico,Móvil,10,547,0,0,Inicio
200417,2529,2022-11-11,"Google Ads",Desktop,8,1404,0,0,Confirmación
200418,NULL,2024-06-19,"TikTok Ads",Tablet,12,1091,1,0,Producto
200419,2119,2024-01-28,Directo,Desktop,15,567,0,0,Carrito
200420,1167,2022-08-05,"Meta Ads",Tablet,20,715,1,0,Inicio
200421,2793,2023-04-06,Correo,Desktop,9,1663,1,0,Checkout
200422,2832,2024-10-05,Correo,Desktop,11,1566,1,0,Confirmación
200423,2543,2023-06-11,"TikTok Ads",Tablet,8,1283,0,0,Producto
200424,2172,2024-06-17,"Google Ads",Desktop,3,76,1,0,Checkout
200425,1955,2022-08-27,"TikTok Ads",Móvil,11,907,0,0,Búsqueda
200426,1784,2024-05-29,"Google Ads",Desktop,10,1030,0,0,Producto
200427,NULL,2024-08-26,"Google Ads",Desktop,6,683,1,0,Confirmación
200428,2264,2023-08-15,"Meta Ads",Móvil,7,1204,0,0,Carrito
200429,1722,2024-06-29,"Meta Ads",Desktop,16,1666,0,0,Inicio
200430,2680,2022-11-13,"Meta Ads",Tablet,6,158,0,0,Carrito
200431,2085,2022-11-03,"Meta Ads",Tablet,7,243,0,0,Checkout
200432,1564,2022-10-27,"TikTok Ads",Tablet,2,248,0,0,Búsqueda
200433,1388,2024-12-24,"Google Ads",Desktop,8,1204,0,0,Carrito
200434,2357,2023-05-23,"Google Ads",Tablet,9,977,1,0,Checkout
200435,2371,2023-11-20,"Google Ads",Móvil,3,149,1,0,Checkout
200436,2052,2023-09-17,"Google Ads",Desktop,4,155,1,0,Confirmación
200437,1965,2024-08-18,"Google Ads",Desktop,18,1629,0,0,Confirmación
200438,NULL,2022-10-14,"Google Ads",Móvil,5,522,1,0,Carrito
200439,1060,2024-02-25,"Google Ads",Móvil,13,669,0,0,Inicio
200440,1105,2024-01-21,"TikTok Ads",Tablet,10,220,0,0,Inicio
200441,2300,2024-12-14,Directo,Tablet,8,1573,1,0,Carrito
200442,1551,2023-12-23,Correo,Tablet,18,566,0,0,Búsqueda
200443,2895,2023-08-17,Orgánico,Tablet,8,658,1,1,Confirmación
200444,2287,2023-10-11,Correo,Desktop,4,801,0,0,Checkout
200445,1997,2022-02-06,Directo,Móvil,18,1080,0,0,Carrito
200446,NULL,2023-10-17,"Google Ads",Desktop,14,435,0,0,Producto
200447,2620,2023-12-27,"TikTok Ads",Tablet,17,1652,0,0,Búsqueda
200448,1295,2024-10-08,Correo,Desktop,1,1042,0,0,Checkout
200449,NULL,2023-10-10,"Google Ads",Desktop,8,270,1,0,Búsqueda
200450,1903,2023-09-22,Orgánico,Móvil,10,747,0,0,Búsqueda
200451,2835,2024-02-16,Orgánico,Tablet,2,381,0,0,Producto
200452,2404,2022-09-28,Correo,Tablet,12,949,0,0,Producto
200453,1912,2022-03-24,Orgánico,Desktop,9,21,0,0,Confirmación
200454,2577,2023-01-10,Directo,Desktop,18,1231,0,0,Producto
200455,2510,2023-11-18,Correo,Móvil,18,763,0,0,Checkout
200456,2134,2024-01-11,"TikTok Ads",Tablet,19,661,1,0,Inicio
200457,1768,2024-11-10,Orgánico,Desktop,6,441,0,0,Confirmación
200458,2999,2024-09-18,"TikTok Ads",Desktop,17,1683,1,0,Búsqueda
200459,1122,2022-11-10,Correo,Desktop,10,43,0,0,Checkout
200460,2941,2023-03-23,"Meta Ads",Móvil,16,717,0,0,Carrito
200461,2903,2023-02-13,"TikTok Ads",Tablet,3,1734,0,0,Inicio
200462,2890,2023-09-19,Orgánico,Móvil,13,1083,0,0,Checkout
200463,1165,2022-10-26,Correo,Desktop,19,43,1,0,Confirmación
200464,1502,2022-05-09,"TikTok Ads",Desktop,11,292,0,0,Checkout
200465,1328,2024-08-18,Correo,Desktop,8,446,0,0,Búsqueda
200466,NULL,2022-09-15,Orgánico,Móvil,6,1102,0,0,Producto
200467,2825,2023-12-17,"Meta Ads",Móvil,17,1588,0,0,Carrito
200468,2748,2024-08-08,"Meta Ads",Móvil,2,1023,0,0,Producto
200469,2255,2023-10-29,Directo,Desktop,19,1639,1,1,Confirmación
200470,NULL,2023-05-01,"Google Ads",Móvil,6,376,0,0,Búsqueda
200471,1097,2024-09-26,Directo,Desktop,19,1267,0,0,Búsqueda
200472,1044,2024-10-09,Orgánico,Tablet,7,1538,0,0,Inicio
200473,1633,2023-08-27,"Meta Ads",Móvil,14,407,0,0,Confirmación
200474,1215,2022-09-03,Correo,Móvil,18,191,1,0,Carrito
200475,1219,2023-11-19,Correo,Móvil,18,784,0,0,Búsqueda
200476,1399,2023-08-10,"Meta Ads",Tablet,17,760,1,0,Checkout
200477,1384,2024-03-02,Directo,Tablet,18,1342,1,0,Búsqueda
200478,2753,2024-08-15,Correo,Desktop,19,834,0,0,Checkout
200479,1910,2023-11-30,"TikTok Ads",Móvil,10,92,0,0,Producto
200480,NULL,2023-06-06,Directo,Tablet,10,1089,0,0,Confirmación
200481,2570,2022-09-20,Orgánico,Móvil,2,1149,1,0,Carrito
200482,2244,2023-01-23,"TikTok Ads",Tablet,4,111,0,0,Carrito
200483,2680,2022-05-12,"Meta Ads",Móvil,7,1328,0,0,Búsqueda
200484,1039,2023-08-26,Correo,Desktop,6,1589,0,0,Confirmación
200485,2190,2024-01-31,Directo,Desktop,12,1785,0,0,Inicio
200486,2401,2023-12-31,Correo,Desktop,10,1770,0,0,Inicio
200487,NULL,2024-04-03,"Meta Ads",Desktop,9,1103,0,0,Producto
200488,2954,2022-04-06,"TikTok Ads",Desktop,10,639,1,0,Búsqueda
200489,NULL,2023-03-27,Directo,Desktop,20,1445,0,0,Inicio
200490,NULL,2024-06-18,Directo,Desktop,16,933,1,0,Inicio
200491,2894,2023-09-05,Directo,Tablet,19,936,0,0,Inicio
200492,1132,2022-05-25,Orgánico,Tablet,11,745,1,0,Inicio
200493,NULL,2023-09-13,Correo,Tablet,2,129,0,0,Producto
200494,NULL,2022-08-05,"TikTok Ads",Móvil,2,1552,1,0,Carrito
200495,2078,2024-04-08,Orgánico,Desktop,2,427,1,0,Checkout
200496,1750,2023-12-22,"TikTok Ads",Móvil,14,845,1,0,Producto
200497,NULL,2023-12-21,Orgánico,Tablet,15,926,1,0,Carrito
200498,2913,2024-11-09,Orgánico,Tablet,9,47,0,0,Producto
200499,2433,2022-05-11,Orgánico,Móvil,2,612,1,0,Carrito
200500,1232,2022-03-18,"TikTok Ads",Desktop,15,1675,0,0,Búsqueda
200501,2312,2023-09-14,Orgánico,Tablet,18,995,1,1,Confirmación
200502,2689,2022-05-19,"Google Ads",Desktop,13,34,0,0,Búsqueda
200503,2013,2022-09-05,"Meta Ads",Móvil,17,1442,1,1,Confirmación
200504,2493,2022-05-31,Orgánico,Móvil,13,1400,1,0,Checkout
200505,NULL,2022-12-13,Correo,Desktop,2,1257,0,0,Inicio
200506,1927,2022-02-11,Directo,Móvil,16,338,1,0,Búsqueda
200507,2389,2024-10-19,"Meta Ads",Desktop,6,1579,0,0,Checkout
200508,2415,2023-12-03,Correo,Tablet,9,1420,0,0,Inicio
200509,2999,2022-07-14,"Meta Ads",Móvil,18,514,1,0,Confirmación
200510,NULL,2023-01-31,"TikTok Ads",Móvil,15,1086,0,0,Carrito
200511,NULL,2024-08-05,"TikTok Ads",Móvil,2,1535,0,0,Carrito
200512,2959,2023-04-07,Directo,Desktop,10,735,0,0,Búsqueda
200513,NULL,2024-08-17,Orgánico,Desktop,10,271,0,0,Búsqueda
200514,2169,2024-04-09,Correo,Desktop,14,987,0,0,Checkout
200515,1446,2022-10-04,"Google Ads",Móvil,15,1013,1,0,Checkout
200516,2103,2023-06-30,"Google Ads",Móvil,14,387,0,0,Carrito
200517,1092,2024-03-14,Orgánico,Tablet,13,977,1,0,Checkout
200518,1547,2023-12-22,"Google Ads",Móvil,15,138,0,0,Carrito
200519,2628,2024-07-26,Orgánico,Tablet,17,1193,1,0,Checkout
200520,NULL,2022-10-09,"Meta Ads",Desktop,18,46,0,0,Inicio
200521,2888,2024-05-13,"Meta Ads",Tablet,19,1011,0,0,Confirmación
200522,1904,2023-08-17,"TikTok Ads",Tablet,8,1685,0,0,Inicio
200523,2886,2022-03-31,"Google Ads",Tablet,12,349,1,0,Inicio
200524,1620,2023-12-03,"Google Ads",Desktop,16,1483,0,0,Inicio
200525,2681,2022-09-18,Correo,Desktop,6,1267,0,0,Carrito
200526,1366,2023-01-08,Correo,Desktop,17,1536,1,0,Carrito
200527,NULL,2023-08-22,"Google Ads",Móvil,2,1623,0,0,Búsqueda
200528,1672,2022-11-29,Orgánico,Desktop,17,314,0,0,Producto
200529,2628,2023-04-15,Correo,Móvil,1,1781,0,0,Búsqueda
200530,1304,2023-05-18,Correo,Desktop,15,775,0,0,Búsqueda
200531,2230,2023-09-08,"Google Ads",Desktop,1,384,1,0,Búsqueda
200532,1775,2023-11-23,Orgánico,Tablet,9,935,0,0,Inicio
200533,2132,2023-11-16,"TikTok Ads",Móvil,7,1676,1,0,Carrito
200534,1525,2022-07-13,Directo,Desktop,16,12,0,0,Producto
200535,2109,2023-07-12,Directo,Desktop,3,1739,0,0,Producto
200536,1560,2022-02-21,Correo,Tablet,2,924,0,0,Confirmación
200537,1852,2024-01-07,"Meta Ads",Desktop,5,634,0,0,Búsqueda
200538,NULL,2022-08-17,Correo,Tablet,3,1308,0,0,Búsqueda
200539,2121,2023-05-27,Correo,Móvil,11,1527,0,0,Producto
200540,1108,2023-02-24,"Meta Ads",Desktop,14,1386,1,0,Carrito
200541,1241,2023-02-27,"TikTok Ads",Tablet,11,288,0,0,Carrito
200542,2073,2022-03-17,"TikTok Ads",Móvil,5,54,0,0,Búsqueda
200543,2649,2022-07-11,Orgánico,Tablet,17,322,0,0,Producto
200544,1470,2024-10-05,Orgánico,Tablet,9,116,0,0,Búsqueda
200545,1366,2022-07-10,Orgánico,Móvil,6,1622,0,0,Inicio
200546,1756,2022-10-16,Orgánico,Móvil,10,1331,0,0,Checkout
200547,2138,2023-07-31,Orgánico,Desktop,19,63,0,0,Producto
200548,2481,2024-10-11,Correo,Tablet,9,557,1,0,Producto
200549,1711,2022-08-27,"Google Ads",Móvil,11,1105,1,0,Carrito
200550,NULL,2022-04-20,Correo,Móvil,14,848,0,0,Producto
200551,2843,2022-11-05,"TikTok Ads",Desktop,4,243,0,0,Búsqueda
200552,2472,2022-10-11,"Google Ads",Desktop,18,1405,0,0,Búsqueda
200553,NULL,2023-04-24,"TikTok Ads",Tablet,2,144,0,0,Producto
200554,1385,2023-01-08,"Meta Ads",Móvil,13,424,0,0,Producto
200555,2349,2023-03-24,Correo,Móvil,2,731,0,0,Checkout
200556,2021,2023-12-30,Directo,Móvil,7,1483,0,0,Búsqueda
200557,1148,2022-01-19,"TikTok Ads",Desktop,14,1684,0,0,Confirmación
200558,NULL,2022-07-05,"Meta Ads",Móvil,11,721,0,0,Confirmación
200559,NULL,2022-07-17,"Google Ads",Móvil,16,486,0,0,Checkout
200560,NULL,2024-08-07,Correo,Móvil,18,1511,1,0,Inicio
200561,1203,2022-02-05,"TikTok Ads",Desktop,19,354,0,0,Producto
200562,NULL,2023-10-26,"Google Ads",Desktop,3,1414,1,0,Checkout
200563,2387,2024-10-22,"Google Ads",Tablet,14,633,0,0,Checkout
200564,2142,2022-07-23,"Google Ads",Desktop,11,1309,0,0,Carrito
200565,NULL,2024-07-17,Orgánico,Desktop,14,1132,0,0,Confirmación
200566,NULL,2023-10-30,Directo,Móvil,16,1151,0,0,Producto
200567,2272,2023-08-26,"Meta Ads",Desktop,20,1536,0,0,Búsqueda
200568,NULL,2024-12-20,"Meta Ads",Móvil,15,297,0,0,Carrito
200569,1901,2022-07-06,Orgánico,Desktop,15,1087,0,0,Producto
200570,NULL,2023-05-09,Correo,Desktop,3,1343,0,0,Checkout
200571,2277,2024-06-05,"TikTok Ads",Tablet,4,1175,0,0,Checkout
200572,1929,2023-05-02,Correo,Desktop,20,871,1,0,Confirmación
200573,1991,2024-11-09,Orgánico,Tablet,15,731,0,0,Producto
200574,2877,2022-01-10,Directo,Móvil,19,170,1,0,Confirmación
200575,1860,2024-01-04,Orgánico,Móvil,11,300,0,0,Checkout
200576,2744,2022-01-06,"Meta Ads",Móvil,18,893,0,0,Confirmación
200577,2471,2022-02-28,Correo,Desktop,16,792,1,1,Confirmación
200578,1425,2022-05-12,Orgánico,Desktop,13,904,0,0,Búsqueda
200579,1693,2024-09-09,Orgánico,Tablet,8,715,0,0,Confirmación
200580,2765,2024-10-16,"Meta Ads",Tablet,1,1216,0,0,Checkout
200581,1948,2022-08-25,Orgánico,Tablet,13,1551,0,0,Carrito
200582,NULL,2023-11-12,Orgánico,Desktop,19,207,1,0,Búsqueda
200583,2678,2022-11-27,"TikTok Ads",Móvil,15,686,1,0,Confirmación
200584,NULL,2023-10-14,Directo,Desktop,11,746,1,0,Carrito
200585,1357,2024-09-27,"Meta Ads",Desktop,18,1018,0,0,Carrito
200586,2258,2022-11-09,"Google Ads",Desktop,12,339,0,0,Carrito
200587,1945,2023-06-29,Directo,Desktop,11,1176,1,0,Checkout
200588,2685,2024-05-05,Correo,Tablet,9,1602,0,0,Carrito
200589,2552,2023-07-20,"Google Ads",Móvil,19,1570,1,0,Carrito
200590,2990,2024-12-09,Directo,Tablet,5,1277,0,0,Confirmación
200591,1098,2024-06-08,"Meta Ads",Desktop,11,1372,0,0,Producto
200592,1800,2023-03-26,Directo,Móvil,12,1150,0,0,Producto
200593,NULL,2024-04-29,Directo,Desktop,9,1068,0,0,Checkout
200594,2955,2024-06-22,"TikTok Ads",Móvil,4,277,0,0,Checkout
200595,2603,2023-05-16,Correo,Desktop,10,1167,0,0,Producto
200596,1629,2022-12-16,"Google Ads",Móvil,3,1344,1,1,Confirmación
200597,2277,2023-04-24,"Meta Ads",Desktop,6,1712,0,0,Checkout
200598,2014,2024-05-08,Directo,Tablet,6,676,0,0,Carrito
200599,2226,2022-04-11,Orgánico,Desktop,16,1236,0,0,Confirmación
200600,1985,2024-04-02,"TikTok Ads",Móvil,5,1165,0,0,Inicio
200601,2312,2024-08-04,Orgánico,Móvil,5,49,0,0,Confirmación
200602,2619,2022-06-05,"TikTok Ads",Móvil,13,1206,0,0,Búsqueda
200603,1682,2023-11-17,Orgánico,Tablet,3,343,0,0,Búsqueda
200604,1920,2024-04-16,Correo,Móvil,2,351,0,0,Carrito
200605,1914,2022-03-16,"Google Ads",Desktop,5,1426,1,0,Confirmación
200606,2861,2023-11-14,"Google Ads",Móvil,10,587,1,0,Checkout
200607,1809,2024-09-16,Directo,Desktop,12,1431,0,0,Producto
200608,1079,2023-09-26,"Google Ads",Desktop,7,1557,0,0,Carrito
200609,1623,2022-07-16,"TikTok Ads",Móvil,6,666,0,0,Carrito
200610,1291,2023-04-06,"Google Ads",Tablet,6,803,0,0,Producto
200611,1400,2024-01-21,"Meta Ads",Tablet,18,507,0,0,Checkout
200612,NULL,2023-08-29,"Meta Ads",Móvil,10,1745,0,0,Checkout
200613,1154,2024-02-05,Correo,Tablet,16,1471,0,0,Carrito
200614,1002,2024-01-04,Directo,Desktop,11,524,0,0,Búsqueda
200615,NULL,2024-08-16,"TikTok Ads",Desktop,20,1021,0,0,Búsqueda
200616,NULL,2023-08-28,Directo,Tablet,12,207,1,0,Producto
200617,2824,2024-03-04,"Meta Ads",Tablet,6,1156,1,0,Inicio
200618,1227,2024-10-24,Orgánico,Tablet,7,716,0,0,Inicio
200619,1252,2023-12-14,"Google Ads",Desktop,16,1329,1,0,Confirmación
200620,2562,2024-09-29,"Meta Ads",Tablet,7,1066,0,0,Producto
200621,2058,2023-03-31,Correo,Desktop,19,1609,0,0,Inicio
200622,1385,2023-12-25,"Meta Ads",Desktop,9,568,0,0,Checkout
200623,1969,2023-05-03,"TikTok Ads",Móvil,16,632,1,0,Checkout
200624,2046,2023-02-03,"Meta Ads",Desktop,20,979,0,0,Búsqueda
200625,2455,2023-02-24,"TikTok Ads",Tablet,20,997,0,0,Producto
200626,1769,2023-10-06,Directo,Tablet,8,906,0,0,Producto
200627,2380,2022-05-18,Directo,Móvil,9,1561,0,0,Confirmación
200628,2780,2023-03-28,"Meta Ads",Tablet,12,1510,1,0,Checkout
200629,2713,2024-11-24,Orgánico,Tablet,4,1755,1,0,Confirmación
200630,1857,2022-11-18,"Google Ads",Tablet,4,340,0,0,Búsqueda
200631,1578,2024-07-26,Directo,Móvil,7,1049,0,0,Inicio
200632,2247,2023-11-19,Correo,Móvil,13,1039,0,0,Carrito
200633,2878,2023-06-15,Correo,Tablet,3,421,1,0,Inicio
200634,NULL,2022-04-27,"Meta Ads",Desktop,5,238,1,1,Confirmación
200635,2771,2023-08-18,"Meta Ads",Tablet,4,522,0,0,Carrito
200636,1165,2024-04-26,Directo,Desktop,11,938,0,0,Producto
200637,1534,2024-08-17,"Meta Ads",Desktop,12,415,1,0,Búsqueda
200638,2594,2023-04-19,Orgánico,Móvil,13,1352,1,0,Búsqueda
200639,2204,2023-12-28,"Meta Ads",Tablet,1,299,0,0,Checkout
200640,1343,2023-11-25,"TikTok Ads",Tablet,17,687,0,0,Búsqueda
200641,NULL,2023-10-02,"TikTok Ads",Desktop,20,1338,0,0,Checkout
200642,1340,2023-02-06,Orgánico,Tablet,12,517,0,0,Carrito
200643,2225,2024-04-07,Orgánico,Desktop,2,1494,0,0,Búsqueda
200644,1180,2023-11-29,Orgánico,Desktop,14,1751,0,0,Búsqueda
200645,2727,2022-01-15,"TikTok Ads",Móvil,18,561,0,0,Carrito
200646,2956,2024-12-04,"TikTok Ads",Tablet,18,874,0,0,Confirmación
200647,1472,2022-04-01,Directo,Tablet,1,1076,0,0,Inicio
200648,2352,2023-08-05,"Google Ads",Tablet,17,1487,1,0,Producto
200649,1166,2022-12-27,Orgánico,Desktop,8,1541,0,0,Checkout
200650,2147,2023-01-26,Correo,Tablet,13,144,1,0,Inicio
200651,1222,2024-01-13,Correo,Desktop,18,574,0,0,Producto
200652,1226,2023-09-04,Orgánico,Tablet,16,1503,1,0,Confirmación
200653,2760,2022-07-25,"Google Ads",Desktop,16,1272,0,0,Confirmación
200654,2883,2023-11-19,"Google Ads",Móvil,8,1099,0,0,Producto
200655,2713,2024-11-25,Correo,Móvil,10,1383,1,0,Búsqueda
200656,1910,2023-04-28,"TikTok Ads",Tablet,4,485,0,0,Producto
200657,2764,2023-09-04,Correo,Móvil,9,27,0,0,Búsqueda
200658,2526,2022-11-21,Correo,Desktop,1,1609,0,0,Checkout
200659,1689,2022-04-25,"TikTok Ads",Tablet,4,57,0,0,Búsqueda
200660,1174,2022-01-23,Orgánico,Tablet,2,432,0,0,Inicio
200661,1093,2023-10-18,Correo,Móvil,19,575,0,0,Carrito
200662,NULL,2022-10-09,Orgánico,Desktop,8,1042,0,0,Inicio
200663,NULL,2024-09-30,Orgánico,Móvil,20,970,0,0,Carrito
200664,1357,2024-05-26,Orgánico,Tablet,15,1229,0,0,Carrito
200665,1671,2023-02-25,"TikTok Ads",Tablet,1,1483,0,0,Producto
200666,1820,2024-08-03,"Meta Ads",Tablet,16,525,0,0,Carrito
200667,1377,2024-01-29,"Meta Ads",Móvil,9,1252,0,0,Carrito
200668,NULL,2022-07-16,"Meta Ads",Tablet,15,1615,0,0,Checkout
200669,2295,2023-06-08,"TikTok Ads",Móvil,4,43,0,0,Búsqueda
200670,2073,2023-04-07,Orgánico,Tablet,10,67,1,1,Confirmación
200671,1688,2023-01-27,"TikTok Ads",Desktop,13,182,0,0,Producto
200672,1987,2024-03-17,Correo,Tablet,3,1670,1,0,Producto
200673,2882,2023-07-25,"TikTok Ads",Móvil,16,917,0,0,Inicio
200674,2802,2024-03-13,"TikTok Ads",Desktop,14,296,1,0,Carrito
200675,2855,2024-04-01,"TikTok Ads",Móvil,5,1056,0,0,Inicio
200676,2936,2024-04-28,"TikTok Ads",Móvil,15,746,0,0,Inicio
200677,1808,2023-12-23,Directo,Tablet,20,757,1,1,Confirmación
200678,NULL,2024-04-13,"Google Ads",Tablet,18,131,1,1,Confirmación
200679,2472,2023-01-15,"Google Ads",Tablet,4,67,1,0,Carrito
200680,1531,2024-10-28,"Meta Ads",Móvil,3,1193,0,0,Inicio
200681,2893,2024-03-05,"Google Ads",Tablet,19,686,0,0,Checkout
200682,1244,2022-06-22,"Google Ads",Móvil,14,1578,0,0,Confirmación
200683,1792,2022-11-11,"Google Ads",Desktop,8,776,0,0,Checkout
200684,2228,2022-01-08,Correo,Tablet,20,406,1,0,Carrito
200685,2611,2023-05-24,Correo,Móvil,9,477,0,0,Producto
200686,2630,2022-11-12,"TikTok Ads",Tablet,12,612,0,0,Inicio
200687,1310,2022-01-12,Orgánico,Móvil,2,1597,1,0,Confirmación
200688,2166,2023-09-03,"Meta Ads",Desktop,19,1153,0,0,Checkout
200689,NULL,2024-09-30,Directo,Desktop,13,1307,0,0,Carrito
200690,1795,2022-10-25,Directo,Tablet,3,412,1,0,Carrito
200691,2458,2022-12-27,"Google Ads",Desktop,8,1616,0,0,Confirmación
200692,1069,2024-04-11,"Google Ads",Desktop,7,351,0,0,Carrito
200693,2995,2022-07-31,Correo,Desktop,12,424,0,0,Carrito
200694,2895,2023-11-14,"Meta Ads",Móvil,8,358,0,0,Confirmación
200695,2800,2024-12-28,"Google Ads",Móvil,1,1601,1,0,Checkout
200696,2943,2024-09-21,"TikTok Ads",Móvil,11,106,0,0,Inicio
200697,2634,2024-08-03,Correo,Desktop,18,1623,0,0,Carrito
200698,2637,2022-09-05,"Google Ads",Desktop,1,1332,0,0,Búsqueda
200699,1146,2024-07-24,"Google Ads",Tablet,7,625,1,0,Checkout
200700,NULL,2023-01-18,"Meta Ads",Desktop,5,652,0,0,Inicio
200701,1336,2023-06-12,"TikTok Ads",Desktop,18,482,0,0,Búsqueda
200702,2920,2022-05-11,Correo,Tablet,10,754,0,0,Confirmación
200703,2058,2022-12-28,Orgánico,Tablet,20,454,0,0,Inicio
200704,1902,2023-09-23,Correo,Móvil,10,392,1,0,Búsqueda
200705,2447,2022-06-16,"Meta Ads",Móvil,2,121,1,0,Carrito
200706,1739,2022-04-29,Correo,Desktop,11,1357,0,0,Checkout
200707,2282,2022-11-19,"Google Ads",Tablet,4,117,0,0,Producto
200708,1954,2023-08-07,"TikTok Ads",Tablet,10,694,0,0,Producto
200709,1562,2022-01-11,Directo,Desktop,14,1489,0,0,Checkout
200710,NULL,2022-01-09,Orgánico,Desktop,8,1781,0,0,Checkout
200711,2521,2024-03-17,"Meta Ads",Tablet,10,745,1,0,Confirmación
200712,2168,2024-10-15,Orgánico,Tablet,8,1324,0,0,Búsqueda
200713,1713,2022-09-20,Correo,Desktop,11,315,1,0,Producto
200714,2807,2024-03-20,Directo,Móvil,13,1763,1,1,Confirmación
200715,1243,2023-01-18,Correo,Desktop,10,1337,0,0,Checkout
200716,1313,2024-05-13,"Google Ads",Móvil,19,71,1,0,Checkout
200717,1833,2023-12-09,Correo,Móvil,1,1715,0,0,Búsqueda
200718,NULL,2022-10-12,Directo,Móvil,2,370,0,0,Inicio
200719,2399,2022-08-15,Correo,Tablet,19,1416,0,0,Producto
200720,NULL,2023-10-20,"Google Ads",Tablet,5,1620,0,0,Checkout
200721,1755,2022-01-17,Directo,Desktop,3,950,0,0,Inicio
200722,1063,2024-07-20,"TikTok Ads",Móvil,5,111,1,0,Confirmación
200723,1504,2023-12-28,Directo,Desktop,20,1211,1,0,Producto
200724,2218,2022-01-02,"TikTok Ads",Desktop,1,1669,0,0,Producto
200725,2258,2024-12-26,"TikTok Ads",Móvil,16,1464,0,0,Carrito
200726,NULL,2024-10-12,"Google Ads",Tablet,18,1717,0,0,Producto
200727,1964,2024-01-17,"Meta Ads",Desktop,17,1018,0,0,Inicio
200728,1885,2024-05-20,"TikTok Ads",Móvil,4,886,1,0,Carrito
200729,NULL,2023-03-14,"Meta Ads",Móvil,20,1250,0,0,Búsqueda
200730,2460,2024-08-22,Directo,Móvil,13,1180,1,0,Confirmación
200731,1315,2022-01-08,"TikTok Ads",Móvil,3,54,0,0,Checkout
200732,2683,2023-06-06,"Google Ads",Móvil,13,511,0,0,Carrito
200733,1796,2022-06-17,"TikTok Ads",Tablet,10,1589,0,0,Carrito
200734,2003,2023-11-26,Directo,Móvil,3,1644,1,0,Inicio
200735,2140,2024-06-12,Orgánico,Tablet,13,429,0,0,Inicio
200736,1888,2022-12-29,Directo,Tablet,5,1778,1,0,Checkout
200737,2236,2024-12-30,Directo,Desktop,8,1457,1,0,Carrito
200738,1133,2022-10-26,Orgánico,Móvil,8,222,0,0,Producto
200739,2592,2024-05-20,Orgánico,Desktop,12,851,1,0,Checkout
200740,1726,2024-03-31,Directo,Móvil,8,926,0,0,Inicio
200741,1064,2022-03-13,Correo,Tablet,7,529,1,0,Confirmación
200742,2073,2023-01-03,Directo,Desktop,20,1626,0,0,Checkout
200743,1201,2024-12-28,"TikTok Ads",Desktop,15,899,1,0,Confirmación
200744,NULL,2022-10-12,Orgánico,Móvil,9,855,1,0,Carrito
200745,2127,2024-08-01,"Meta Ads",Tablet,16,1277,0,0,Confirmación
200746,2618,2023-05-05,Orgánico,Desktop,16,699,0,0,Confirmación
200747,2331,2023-02-20,"TikTok Ads",Móvil,13,741,0,0,Confirmación
200748,1326,2022-06-04,Correo,Tablet,5,1295,0,0,Checkout
200749,NULL,2023-06-15,"Meta Ads",Tablet,13,271,1,0,Carrito
200750,2499,2024-09-29,"Google Ads",Desktop,18,728,0,0,Búsqueda
200751,1026,2024-02-06,"Meta Ads",Tablet,20,759,1,0,Producto
200752,1074,2022-09-28,Orgánico,Tablet,3,1548,0,0,Inicio
200753,2322,2023-09-30,"Meta Ads",Tablet,2,185,0,0,Carrito
200754,1863,2024-06-20,"Meta Ads",Desktop,2,1003,1,0,Carrito
200755,2641,2023-05-21,Directo,Móvil,8,1033,0,0,Checkout
200756,2899,2022-11-19,Directo,Tablet,17,967,0,0,Confirmación
200757,NULL,2023-05-15,"TikTok Ads",Móvil,3,1269,0,0,Búsqueda
200758,2852,2022-12-13,Directo,Desktop,3,1747,0,0,Checkout
200759,1339,2023-01-23,"Google Ads",Móvil,9,727,0,0,Carrito
200760,2317,2023-02-02,Correo,Móvil,13,1227,0,0,Producto
200761,2789,2023-09-03,Orgánico,Móvil,19,947,0,0,Carrito
200762,2813,2022-07-22,"TikTok Ads",Móvil,14,1392,0,0,Búsqueda
200763,1389,2023-09-25,"TikTok Ads",Tablet,16,681,1,0,Checkout
200764,NULL,2023-11-06,Orgánico,Móvil,5,126,1,0,Inicio
200765,1873,2023-09-26,"TikTok Ads",Móvil,2,756,1,0,Confirmación
200766,1118,2022-09-20,"Google Ads",Móvil,5,1541,0,0,Checkout
200767,2122,2022-12-04,Correo,Móvil,1,979,1,0,Producto
200768,1512,2023-05-23,Directo,Móvil,6,435,1,0,Confirmación
200769,2218,2022-09-12,Orgánico,Móvil,5,229,0,0,Confirmación
200770,2993,2022-02-21,Orgánico,Tablet,13,1565,0,0,Carrito
200771,2951,2022-05-19,"TikTok Ads",Desktop,19,1408,0,0,Búsqueda
200772,2124,2023-12-29,Correo,Tablet,4,1540,1,0,Confirmación
200773,2843,2024-06-22,"Meta Ads",Móvil,2,959,0,0,Checkout
200774,1025,2024-07-17,Orgánico,Desktop,3,325,0,0,Inicio
200775,1386,2023-08-17,Correo,Tablet,2,908,0,0,Producto
200776,2647,2023-12-25,Directo,Desktop,11,1135,0,0,Producto
200777,1206,2023-02-12,"Google Ads",Desktop,5,1305,0,0,Inicio
200778,NULL,2024-04-10,Orgánico,Desktop,18,1182,0,0,Carrito
200779,1083,2022-05-15,"TikTok Ads",Desktop,11,1642,1,0,Producto
200780,NULL,2024-10-05,Orgánico,Desktop,17,548,0,0,Checkout
200781,2209,2024-09-09,Directo,Móvil,20,1299,1,0,Producto
200782,1594,2023-11-22,"Google Ads",Móvil,20,509,0,0,Confirmación
200783,NULL,2023-03-24,"Google Ads",Desktop,4,1754,0,0,Checkout
200784,1508,2024-05-27,Correo,Desktop,8,894,0,0,Inicio
200785,1623,2022-04-20,"TikTok Ads",Tablet,5,1558,1,0,Carrito
200786,1018,2023-05-18,"Meta Ads",Tablet,8,1534,0,0,Producto
200787,2811,2024-03-03,"Google Ads",Tablet,5,1583,1,0,Carrito
200788,2268,2023-12-23,"TikTok Ads",Móvil,8,705,0,0,Búsqueda
200789,2890,2024-01-29,Orgánico,Desktop,11,415,1,0,Confirmación
200790,NULL,2023-10-18,Correo,Desktop,20,916,1,0,Producto
200791,NULL,2022-11-08,"Google Ads",Móvil,7,1276,0,0,Carrito
200792,2105,2024-06-18,"Meta Ads",Móvil,12,1323,0,0,Carrito
200793,1629,2023-06-27,"Meta Ads",Desktop,12,931,1,0,Búsqueda
200794,1232,2024-01-17,Directo,Tablet,6,1724,0,0,Carrito
200795,2604,2024-10-07,"Meta Ads",Tablet,14,1079,0,0,Inicio
200796,1044,2022-04-15,"Google Ads",Desktop,12,1453,0,0,Carrito
200797,2687,2022-03-28,Orgánico,Móvil,12,720,0,0,Inicio
200798,NULL,2023-04-29,Orgánico,Móvil,5,1579,1,0,Inicio
200799,2710,2024-05-31,"Meta Ads",Tablet,20,11,0,0,Carrito
200800,1848,2024-08-18,"Meta Ads",Móvil,12,1689,0,0,Búsqueda
200801,2056,2024-07-14,"Google Ads",Desktop,2,1348,0,0,Checkout
200802,2496,2023-05-05,"TikTok Ads",Tablet,19,955,0,0,Búsqueda
200803,1619,2023-06-04,Directo,Desktop,16,1045,0,0,Inicio
200804,2945,2022-12-14,"TikTok Ads",Móvil,19,1673,1,0,Checkout
200805,1795,2024-06-06,"Google Ads",Móvil,14,1603,0,0,Producto
200806,2134,2022-11-27,"TikTok Ads",Tablet,6,844,0,0,Inicio
200807,1469,2022-11-28,Correo,Desktop,20,1153,0,0,Checkout
200808,NULL,2023-05-14,Correo,Desktop,20,1357,0,0,Confirmación
200809,2722,2023-05-30,"Meta Ads",Móvil,12,1297,1,0,Confirmación
200810,2902,2023-01-26,"Meta Ads",Móvil,2,198,0,0,Producto
200811,NULL,2023-11-07,Correo,Móvil,8,950,1,0,Confirmación
200812,1678,2022-03-18,"Meta Ads",Tablet,8,1134,0,0,Producto
200813,2576,2023-10-17,"Google Ads",Tablet,9,1327,0,0,Checkout
200814,2641,2024-10-29,"TikTok Ads",Móvil,18,380,1,0,Checkout
200815,NULL,2022-03-03,"TikTok Ads",Tablet,14,799,0,0,Confirmación
200816,1461,2022-11-29,Orgánico,Tablet,5,1339,0,0,Carrito
200817,NULL,2024-12-28,"Meta Ads",Móvil,2,478,0,0,Búsqueda
200818,1727,2023-05-11,"Google Ads",Desktop,19,820,1,0,Búsqueda
200819,2777,2023-03-22,Directo,Desktop,13,31,1,0,Producto
200820,2908,2024-03-09,Correo,Desktop,8,1579,0,0,Confirmación
200821,1605,2024-09-30,"TikTok Ads",Tablet,10,672,0,0,Carrito
200822,1632,2023-01-04,"Meta Ads",Desktop,11,1190,0,0,Búsqueda
200823,NULL,2022-06-13,"Meta Ads",Tablet,19,1736,0,0,Producto
200824,2416,2024-02-18,Correo,Móvil,18,161,0,0,Producto
200825,2154,2024-03-16,"TikTok Ads",Móvil,3,1708,1,0,Producto
200826,2752,2023-03-08,Directo,Tablet,15,645,0,0,Inicio
200827,2275,2023-02-19,"Google Ads",Móvil,2,796,1,0,Inicio
200828,1809,2022-02-26,"Meta Ads",Móvil,16,1008,0,0,Inicio
200829,2271,2024-12-31,Directo,Desktop,4,1466,0,0,Inicio
200830,2982,2024-06-11,Correo,Desktop,15,1278,1,1,Confirmación
200831,NULL,2023-11-28,"Google Ads",Móvil,18,729,0,0,Inicio
200832,NULL,2024-04-01,Orgánico,Móvil,14,726,1,0,Producto
200833,NULL,2024-11-30,Orgánico,Desktop,4,1605,1,0,Checkout
200834,NULL,2022-05-29,"Meta Ads",Desktop,6,717,0,0,Checkout
200835,1401,2023-12-14,"TikTok Ads",Tablet,18,149,0,0,Producto
200836,2898,2024-02-10,"Google Ads",Móvil,15,1421,0,0,Carrito
200837,2603,2023-03-27,"Google Ads",Tablet,12,1553,0,0,Confirmación
200838,2404,2023-07-28,Directo,Móvil,20,594,0,0,Confirmación
200839,1736,2023-06-25,"TikTok Ads",Tablet,11,761,0,0,Checkout
200840,NULL,2024-08-11,Orgánico,Tablet,15,535,0,0,Búsqueda
200841,2190,2022-04-30,"TikTok Ads",Tablet,3,161,0,0,Inicio
200842,2310,2022-10-15,"Google Ads",Desktop,6,1187,0,0,Confirmación
200843,NULL,2024-11-25,"TikTok Ads",Móvil,3,387,0,0,Checkout
200844,1424,2023-08-29,"TikTok Ads",Móvil,15,1419,0,0,Carrito
200845,1246,2022-12-10,"TikTok Ads",Tablet,8,1655,1,0,Confirmación
200846,1508,2024-07-06,"TikTok Ads",Móvil,10,1400,0,0,Producto
200847,1795,2023-09-29,Correo,Desktop,16,1346,0,0,Búsqueda
200848,1364,2023-02-15,"Google Ads",Móvil,20,1290,0,0,Carrito
200849,NULL,2024-08-24,"TikTok Ads",Tablet,19,438,1,0,Inicio
200850,2209,2022-10-15,"Google Ads",Móvil,15,500,0,0,Confirmación
200851,1388,2022-06-10,Correo,Tablet,12,1649,0,0,Producto
200852,1299,2024-01-21,Directo,Desktop,2,1306,0,0,Confirmación
200853,1573,2022-06-14,"Meta Ads",Desktop,8,904,1,0,Carrito
200854,1958,2023-08-01,"TikTok Ads",Tablet,19,1372,0,0,Carrito
200855,1238,2024-03-07,Directo,Móvil,2,1364,0,0,Checkout
200856,1439,2024-05-19,"Meta Ads",Móvil,12,1087,0,0,Carrito
200857,NULL,2022-01-05,"TikTok Ads",Móvil,7,1091,0,0,Inicio
200858,NULL,2023-10-03,"Google Ads",Tablet,6,600,0,0,Inicio
200859,1714,2023-05-15,"TikTok Ads",Desktop,6,1655,0,0,Búsqueda
200860,NULL,2023-12-17,"Google Ads",Móvil,4,1018,0,0,Confirmación
200861,NULL,2022-08-09,"Meta Ads",Móvil,13,1308,0,0,Inicio
200862,2542,2022-07-25,Correo,Desktop,4,1603,1,0,Inicio
200863,1237,2023-06-26,"TikTok Ads",Desktop,20,1231,0,0,Confirmación
200864,2267,2024-01-22,Orgánico,Desktop,10,185,1,0,Búsqueda
200865,1448,2023-01-13,Orgánico,Desktop,13,593,0,0,Producto
200866,1542,2023-11-13,Orgánico,Tablet,3,942,0,0,Confirmación
200867,1417,2024-10-19,Correo,Móvil,5,1083,0,0,Confirmación
200868,NULL,2022-03-05,"Google Ads",Tablet,14,694,0,0,Carrito
200869,1133,2023-12-26,Orgánico,Desktop,1,270,0,0,Inicio
200870,1263,2023-12-18,"TikTok Ads",Tablet,11,449,1,0,Checkout
200871,1586,2023-11-08,Correo,Tablet,15,1408,0,0,Búsqueda
200872,NULL,2024-06-30,Correo,Desktop,8,445,0,0,Búsqueda
200873,1190,2023-09-29,Orgánico,Tablet,2,1681,1,0,Inicio
200874,1286,2022-08-19,"Meta Ads",Desktop,19,1637,1,0,Confirmación
200875,1800,2024-04-30,"Meta Ads",Móvil,4,797,1,0,Inicio
200876,2172,2024-10-14,"TikTok Ads",Móvil,20,681,0,0,Confirmación
200877,2803,2023-10-03,Correo,Desktop,16,1502,0,0,Confirmación
200878,1168,2023-09-18,Correo,Desktop,5,525,1,1,Confirmación
200879,2123,2022-03-09,"Google Ads",Móvil,2,1308,1,1,Confirmación
200880,2639,2023-09-04,"TikTok Ads",Tablet,8,542,1,0,Carrito
200881,NULL,2024-11-15,"Meta Ads",Tablet,6,1252,1,0,Confirmación
200882,2926,2024-09-21,"TikTok Ads",Desktop,16,1556,1,0,Producto
200883,1555,2023-01-13,Directo,Móvil,8,77,0,0,Búsqueda
200884,1609,2022-09-26,"Meta Ads",Desktop,7,512,1,0,Búsqueda
200885,1106,2024-09-06,"Meta Ads",Móvil,15,1656,0,0,Inicio
200886,NULL,2023-10-19,"Google Ads",Desktop,5,707,0,0,Confirmación
200887,2458,2022-01-12,Orgánico,Móvil,19,760,0,0,Checkout
200888,2427,2022-06-22,"Meta Ads",Tablet,7,1759,0,0,Checkout
200889,1997,2022-12-02,Directo,Móvil,16,84,1,0,Carrito
200890,1437,2024-10-22,"Google Ads",Tablet,11,1448,0,0,Producto
200891,2209,2024-09-18,Correo,Desktop,18,1498,1,0,Confirmación
200892,1006,2023-05-19,"Meta Ads",Desktop,4,634,1,0,Confirmación
200893,1200,2023-03-15,"Google Ads",Desktop,18,1800,0,0,Carrito
200894,1327,2024-11-15,Correo,Tablet,14,663,0,0,Carrito
200895,1560,2022-12-09,"Meta Ads",Móvil,17,1640,0,0,Producto
200896,NULL,2024-06-29,"TikTok Ads",Móvil,5,363,0,0,Confirmación
200897,NULL,2024-07-04,"TikTok Ads",Tablet,16,1136,0,0,Carrito
200898,2509,2022-05-05,Directo,Desktop,10,578,1,0,Búsqueda
200899,1425,2022-02-26,Correo,Desktop,19,1654,1,0,Carrito
200900,1674,2022-01-18,Directo,Móvil,17,1381,1,0,Checkout
200901,NULL,2022-09-16,"TikTok Ads",Móvil,9,580,0,0,Confirmación
200902,2738,2022-06-30,Orgánico,Tablet,1,1467,0,0,Búsqueda
200903,2151,2023-01-14,Correo,Tablet,11,921,1,0,Carrito
200904,NULL,2023-07-18,Correo,Tablet,18,1228,0,0,Checkout
200905,2077,2022-09-16,"Meta Ads",Tablet,6,759,1,0,Carrito
200906,1276,2024-08-19,Correo,Desktop,2,221,1,1,Confirmación
200907,2193,2022-07-01,Orgánico,Tablet,2,633,0,0,Checkout
200908,2436,2023-11-22,Directo,Móvil,8,1288,0,0,Confirmación
200909,2806,2024-02-15,"TikTok Ads",Desktop,16,1348,0,0,Carrito
200910,NULL,2023-06-21,"TikTok Ads",Móvil,20,351,1,0,Checkout
200911,NULL,2022-12-28,"Meta Ads",Móvil,8,1541,0,0,Producto
200912,1078,2023-09-12,Directo,Tablet,9,1516,0,0,Checkout
200913,2871,2022-04-08,Orgánico,Tablet,2,735,0,0,Checkout
200914,1460,2023-05-16,"Google Ads",Tablet,2,161,0,0,Inicio
200915,2383,2023-04-28,Directo,Móvil,18,93,0,0,Búsqueda
200916,2109,2022-09-25,Orgánico,Desktop,18,199,1,0,Búsqueda
200917,1853,2023-02-13,"Meta Ads",Desktop,16,1286,1,0,Confirmación
200918,1325,2023-09-30,"Google Ads",Tablet,3,1381,1,0,Checkout
200919,1404,2023-03-15,Correo,Desktop,2,1598,0,0,Carrito
200920,1966,2023-04-20,Orgánico,Desktop,18,105,0,0,Checkout
200921,1934,2022-12-25,"TikTok Ads",Tablet,12,1349,1,0,Confirmación
200922,2650,2024-07-26,Directo,Móvil,5,204,0,0,Carrito
200923,1872,2023-08-13,Orgánico,Móvil,2,1749,0,0,Búsqueda
200924,NULL,2023-09-26,Orgánico,Desktop,12,80,0,0,Confirmación
200925,1057,2024-11-29,Orgánico,Desktop,13,110,1,0,Inicio
200926,2119,2024-11-01,Orgánico,Móvil,20,918,1,0,Confirmación
200927,1269,2022-10-29,Directo,Tablet,16,932,1,0,Checkout
200928,2026,2022-08-30,Orgánico,Desktop,2,1050,1,1,Confirmación
200929,1997,2022-06-01,Correo,Móvil,6,549,0,0,Inicio
200930,1633,2023-01-20,Directo,Móvil,10,1431,1,0,Búsqueda
200931,1559,2023-01-04,Correo,Tablet,19,501,0,0,Producto
200932,2878,2022-07-18,"TikTok Ads",Móvil,9,703,1,0,Confirmación
200933,2020,2022-09-26,"Google Ads",Tablet,8,1346,0,0,Inicio
200934,2056,2023-05-24,"TikTok Ads",Móvil,3,56,0,0,Inicio
200935,2719,2023-08-27,"Google Ads",Desktop,19,326,0,0,Producto
200936,NULL,2024-03-29,Directo,Desktop,15,732,0,0,Producto
200937,2114,2024-05-06,Correo,Tablet,20,1485,0,0,Confirmación
200938,2431,2022-06-23,"Meta Ads",Desktop,3,217,1,0,Inicio
200939,2086,2024-01-15,"Meta Ads",Móvil,12,1134,0,0,Producto
200940,1557,2024-01-30,Correo,Móvil,1,408,0,0,Producto
200941,1525,2022-03-29,"TikTok Ads",Móvil,13,1630,1,0,Carrito
200942,2170,2022-02-06,"TikTok Ads",Tablet,6,496,0,0,Carrito
200943,NULL,2022-03-14,"TikTok Ads",Móvil,12,330,0,0,Inicio
200944,2838,2024-08-09,Correo,Móvil,19,1003,0,0,Checkout
200945,1683,2022-01-13,Orgánico,Desktop,18,1505,0,0,Inicio
200946,2607,2022-05-08,"TikTok Ads",Móvil,1,1073,1,0,Búsqueda
200947,2192,2022-02-21,Orgánico,Tablet,16,300,0,0,Producto
200948,1781,2024-05-06,Correo,Desktop,6,478,1,0,Checkout
200949,1957,2023-06-04,Correo,Desktop,19,41,1,0,Búsqueda
200950,1721,2022-06-03,Orgánico,Desktop,18,295,0,0,Confirmación
200951,2489,2023-04-30,"TikTok Ads",Tablet,13,1689,1,0,Búsqueda
200952,2485,2022-08-09,Correo,Desktop,8,1557,0,0,Carrito
200953,2236,2022-04-07,"TikTok Ads",Desktop,3,1225,0,0,Inicio
200954,2586,2023-03-22,Correo,Tablet,16,1770,0,0,Carrito
200955,NULL,2024-12-25,Correo,Móvil,16,217,1,1,Confirmación
200956,1261,2022-02-04,Orgánico,Desktop,15,356,1,0,Búsqueda
200957,2415,2024-08-04,Directo,Desktop,6,393,0,0,Confirmación
200958,2365,2024-01-25,"TikTok Ads",Tablet,8,1247,0,0,Carrito
200959,1584,2022-07-07,Directo,Móvil,7,489,0,0,Confirmación
200960,1809,2024-12-24,Correo,Móvil,9,1694,0,0,Checkout
200961,2394,2022-08-28,Orgánico,Móvil,10,1088,1,0,Confirmación
200962,2565,2022-09-05,Orgánico,Desktop,11,1431,1,0,Carrito
200963,2137,2023-08-04,"Google Ads",Móvil,12,679,0,0,Carrito
200964,2836,2024-05-18,Correo,Desktop,12,1180,1,0,Confirmación
200965,1949,2022-04-14,"Meta Ads",Desktop,12,816,0,0,Inicio
200966,1860,2023-05-14,Orgánico,Tablet,16,186,1,0,Confirmación
200967,2681,2023-10-23,"Google Ads",Tablet,1,1004,1,0,Producto
200968,1854,2024-11-02,"TikTok Ads",Móvil,2,49,0,0,Checkout
200969,1887,2024-04-16,Orgánico,Tablet,16,1289,1,0,Producto
200970,1308,2023-09-13,Correo,Desktop,20,1416,0,0,Búsqueda
200971,1097,2022-01-09,"Google Ads",Desktop,12,1123,0,0,Carrito
200972,NULL,2022-02-01,Correo,Desktop,20,1173,1,0,Inicio
200973,2998,2024-01-03,Correo,Tablet,17,339,0,0,Checkout
200974,NULL,2023-03-26,Orgánico,Tablet,3,857,0,0,Carrito
200975,2112,2022-10-26,Directo,Móvil,17,363,0,0,Confirmación
200976,2027,2024-01-14,Directo,Tablet,8,1595,1,1,Confirmación
200977,2570,2024-07-21,"Meta Ads",Tablet,8,659,0,0,Producto
200978,2480,2023-04-29,"Google Ads",Móvil,1,930,1,0,Inicio
200979,2245,2022-06-21,"Google Ads",Móvil,8,528,0,0,Inicio
200980,NULL,2023-05-29,Directo,Tablet,9,904,0,0,Búsqueda
200981,1411,2024-10-27,"Meta Ads",Desktop,11,344,0,0,Producto
200982,2935,2024-06-03,Directo,Móvil,2,695,0,0,Producto
200983,2447,2023-02-13,"TikTok Ads",Desktop,20,1399,0,0,Carrito
200984,2182,2023-04-14,"Google Ads",Desktop,14,1093,1,0,Checkout
200985,2059,2022-01-29,Directo,Móvil,10,778,0,0,Inicio
200986,NULL,2022-05-13,Correo,Tablet,15,1130,0,0,Confirmación
200987,1958,2023-03-08,Correo,Desktop,10,1706,1,0,Confirmación
200988,1224,2023-01-18,"Meta Ads",Desktop,2,836,1,0,Checkout
200989,1755,2024-07-16,"Meta Ads",Tablet,9,629,0,0,Búsqueda
200990,1340,2022-07-12,"Meta Ads",Tablet,13,996,0,0,Carrito
200991,2290,2023-05-26,Correo,Desktop,13,1705,1,0,Inicio
200992,2215,2024-05-16,Directo,Móvil,19,111,0,0,Inicio
200993,2652,2022-01-22,Correo,Tablet,18,1056,0,0,Carrito
200994,NULL,2023-01-24,Correo,Desktop,7,700,1,1,Confirmación
200995,1283,2023-06-05,Correo,Desktop,15,1161,0,0,Confirmación
200996,2189,2024-08-01,Correo,Desktop,4,1154,0,0,Producto
200997,1554,2023-03-07,Directo,Desktop,17,958,1,0,Carrito
200998,1196,2022-03-01,"TikTok Ads",Tablet,5,1261,1,0,Confirmación
200999,NULL,2022-01-04,Directo,Tablet,9,719,0,0,Inicio
201000,1507,2024-01-07,"Meta Ads",Tablet,16,1421,0,0,Checkout
201001,2944,2023-09-26,Orgánico,Móvil,12,1628,0,0,Confirmación
201002,2397,2024-10-05,"TikTok Ads",Tablet,8,1513,1,0,Confirmación
201003,2745,2023-07-30,"TikTok Ads",Desktop,9,416,0,0,Confirmación
201004,1730,2022-12-16,Orgánico,Móvil,16,58,0,0,Producto
201005,2689,2022-12-28,Directo,Tablet,4,1485,0,0,Confirmación
201006,2354,2024-07-30,"Meta Ads",Desktop,4,162,1,0,Carrito
201007,2226,2022-06-03,Orgánico,Tablet,19,679,0,0,Carrito
201008,1025,2024-11-02,Orgánico,Móvil,15,75,0,0,Confirmación
201009,2847,2022-09-20,Directo,Desktop,8,1574,1,0,Confirmación
201010,1597,2024-07-19,Orgánico,Tablet,8,1049,0,0,Carrito
201011,NULL,2024-03-24,Correo,Tablet,5,1002,0,0,Confirmación
201012,2997,2024-03-20,"Google Ads",Móvil,18,163,1,0,Checkout
201013,1587,2022-09-23,"Meta Ads",Tablet,16,938,0,0,Carrito
201014,1874,2022-08-17,Orgánico,Tablet,14,1053,0,0,Confirmación
201015,1428,2023-10-25,"Google Ads",Desktop,5,578,0,0,Producto
201016,1549,2023-04-11,"TikTok Ads",Desktop,3,1107,0,0,Producto
201017,2187,2023-11-22,"Meta Ads",Tablet,8,634,1,0,Carrito
201018,1646,2022-03-26,"Google Ads",Desktop,3,424,0,0,Checkout
201019,1233,2022-12-17,Correo,Desktop,12,1367,1,1,Confirmación
201020,2712,2024-07-14,Orgánico,Tablet,4,127,0,0,Búsqueda
201021,1944,2023-08-12,Correo,Desktop,20,667,0,0,Confirmación
201022,1317,2023-12-13,"Meta Ads",Desktop,2,271,0,0,Inicio
201023,NULL,2024-05-12,"Meta Ads",Móvil,2,789,1,0,Carrito
201024,2290,2023-06-07,Correo,Móvil,1,437,0,0,Producto
201025,2211,2022-01-21,"Google Ads",Desktop,13,891,0,0,Inicio
201026,1909,2024-04-15,Orgánico,Tablet,16,1681,0,0,Checkout
201027,2643,2022-11-10,Orgánico,Móvil,1,769,0,0,Inicio
201028,2947,2023-08-09,"TikTok Ads",Tablet,5,1209,0,0,Producto
201029,1728,2022-06-06,"Meta Ads",Móvil,1,1489,1,0,Carrito
201030,1999,2023-03-06,"Meta Ads",Tablet,14,266,0,0,Confirmación
201031,NULL,2022-03-25,"TikTok Ads",Tablet,14,782,0,0,Carrito
201032,NULL,2022-04-13,Directo,Desktop,15,865,0,0,Producto
201033,1041,2023-07-10,"TikTok Ads",Tablet,19,616,0,0,Producto
201034,2822,2024-10-09,Correo,Desktop,15,1414,1,0,Confirmación
201035,1022,2024-04-28,"Google Ads",Móvil,4,843,0,0,Búsqueda
201036,1505,2022-11-22,Correo,Desktop,19,1281,0,0,Inicio
201037,2281,2023-09-19,Directo,Tablet,19,926,0,0,Carrito
201038,1883,2023-12-17,"Meta Ads",Desktop,5,1375,1,0,Confirmación
201039,1660,2024-02-12,"Meta Ads",Tablet,10,1763,1,1,Confirmación
201040,1770,2023-12-19,Directo,Desktop,14,939,1,0,Confirmación
201041,1608,2024-04-11,Orgánico,Desktop,15,899,0,0,Checkout
201042,2419,2024-12-13,"Google Ads",Desktop,3,1688,0,0,Carrito
201043,1436,2022-11-17,Orgánico,Tablet,8,1704,0,0,Búsqueda
201044,1729,2022-03-21,"Google Ads",Tablet,11,595,0,0,Confirmación
201045,1459,2023-08-17,"Google Ads",Desktop,10,886,1,0,Búsqueda
201046,2927,2023-01-30,"Google Ads",Móvil,12,88,1,0,Checkout
201047,2301,2024-04-30,"Google Ads",Tablet,9,170,1,0,Búsqueda
201048,1966,2023-03-18,"Meta Ads",Tablet,6,1106,1,0,Inicio
201049,1196,2024-11-10,"Meta Ads",Desktop,8,569,0,0,Búsqueda
201050,1846,2023-10-27,Directo,Tablet,17,1705,1,0,Confirmación
201051,2814,2022-06-30,Directo,Tablet,4,1798,1,0,Producto
201052,2502,2023-11-18,"TikTok Ads",Tablet,17,560,1,0,Inicio
201053,2000,2024-07-27,Directo,Desktop,6,1776,0,0,Confirmación
201054,1787,2023-11-24,Directo,Desktop,18,1753,0,0,Checkout
201055,2382,2022-06-22,Orgánico,Desktop,13,479,0,0,Inicio
201056,2552,2023-11-28,Directo,Tablet,17,546,0,0,Confirmación
201057,NULL,2023-02-22,Correo,Desktop,12,1168,0,0,Checkout
201058,1498,2023-05-19,"Meta Ads",Desktop,18,1600,0,0,Carrito
201059,1176,2022-02-12,"Google Ads",Desktop,6,577,0,0,Confirmación
201060,2086,2022-06-02,"Google Ads",Desktop,18,1402,0,0,Inicio
201061,1104,2024-05-10,"Meta Ads",Móvil,20,455,1,0,Confirmación
201062,1250,2024-09-28,"Google Ads",Desktop,7,1611,0,0,Carrito
201063,2624,2024-11-14,Orgánico,Tablet,5,747,0,0,Búsqueda
201064,2534,2022-02-10,Correo,Tablet,9,426,1,1,Confirmación
201065,NULL,2022-03-06,Orgánico,Móvil,1,757,1,0,Checkout
201066,2339,2024-08-27,Correo,Tablet,12,1155,1,0,Checkout
201067,1465,2023-07-04,Correo,Tablet,15,1386,0,0,Carrito
201068,1917,2024-10-30,"Google Ads",Tablet,17,458,0,0,Inicio
201069,2369,2022-10-01,"Google Ads",Tablet,20,1755,0,0,Búsqueda
201070,NULL,2024-08-22,Correo,Desktop,15,610,0,0,Producto
201071,NULL,2023-02-19,"Meta Ads",Desktop,12,1478,0,0,Confirmación
201072,1378,2024-07-15,Orgánico,Desktop,9,901,0,0,Producto
201073,NULL,2022-04-16,"Meta Ads",Móvil,2,1242,0,0,Producto
201074,1116,2022-04-08,"Meta Ads",Tablet,17,85,1,0,Confirmación
201075,2272,2022-08-18,Correo,Desktop,6,1565,1,0,Carrito
201076,1170,2023-01-24,Orgánico,Tablet,8,804,1,0,Producto
201077,2797,2022-02-01,Orgánico,Móvil,12,120,0,0,Inicio
201078,2974,2022-06-06,"Meta Ads",Desktop,1,703,0,0,Producto
201079,NULL,2022-07-11,"Meta Ads",Desktop,1,1048,0,0,Confirmación
201080,1303,2024-08-30,"Meta Ads",Tablet,1,190,1,0,Búsqueda
201081,1954,2023-05-26,Directo,Tablet,6,272,0,0,Búsqueda
201082,1062,2024-01-29,Orgánico,Desktop,5,1612,0,0,Búsqueda
201083,2698,2023-11-13,"TikTok Ads",Tablet,10,117,0,0,Inicio
201084,1946,2024-06-12,"Google Ads",Móvil,14,627,1,0,Producto
201085,NULL,2022-01-26,"Meta Ads",Móvil,11,1071,0,0,Inicio
201086,1363,2023-03-05,Orgánico,Tablet,13,43,1,0,Búsqueda
201087,1754,2023-11-16,Directo,Móvil,17,1166,1,0,Confirmación
201088,1375,2023-04-15,"Meta Ads",Tablet,15,993,0,0,Producto
201089,1530,2023-02-23,"TikTok Ads",Desktop,11,163,0,0,Inicio
201090,2568,2022-07-28,"Meta Ads",Tablet,11,521,1,0,Inicio
201091,2765,2023-07-17,Directo,Desktop,10,1435,0,0,Confirmación
201092,NULL,2023-06-21,"Meta Ads",Tablet,3,1607,1,0,Confirmación
201093,2071,2022-11-02,"TikTok Ads",Desktop,1,613,0,0,Carrito
201094,2524,2024-01-08,"TikTok Ads",Tablet,9,636,0,0,Inicio
201095,NULL,2022-10-20,"Meta Ads",Tablet,16,521,1,0,Inicio
201096,NULL,2022-05-05,"Meta Ads",Desktop,16,1520,1,0,Producto
201097,2525,2023-09-21,"Meta Ads",Desktop,19,884,0,0,Inicio
201098,2810,2023-09-03,Directo,Desktop,5,341,1,0,Producto
201099,1831,2024-08-27,"TikTok Ads",Móvil,18,1738,1,0,Confirmación
201100,2670,2024-02-21,Directo,Tablet,12,970,0,0,Búsqueda
201101,2312,2023-08-29,"TikTok Ads",Móvil,13,805,0,0,Producto
201102,2072,2022-11-08,"Google Ads",Móvil,1,1353,0,0,Carrito
201103,2887,2023-12-23,Directo,Tablet,15,11,0,0,Inicio
201104,NULL,2024-08-25,Directo,Móvil,1,1110,0,0,Producto
201105,NULL,2024-02-02,Directo,Móvil,17,322,1,0,Producto
201106,2684,2024-04-27,"Meta Ads",Tablet,14,856,0,0,Inicio
201107,2480,2024-08-16,Directo,Móvil,15,474,1,1,Confirmación
201108,NULL,2022-07-05,"Meta Ads",Móvil,5,1007,1,0,Búsqueda
201109,1425,2022-09-22,Directo,Móvil,7,27,1,1,Confirmación
201110,NULL,2024-07-12,"Meta Ads",Desktop,5,1517,0,0,Confirmación
201111,1218,2024-05-30,"TikTok Ads",Desktop,14,219,1,0,Carrito
201112,1167,2024-07-15,"TikTok Ads",Tablet,13,1381,1,0,Checkout
201113,1953,2023-11-09,"TikTok Ads",Móvil,3,1783,0,0,Checkout
201114,2450,2022-09-10,Directo,Móvil,9,1265,1,0,Búsqueda
201115,2161,2024-08-15,Directo,Móvil,18,1297,0,0,Confirmación
201116,2137,2024-09-29,Directo,Desktop,2,1579,0,0,Checkout
201117,1086,2024-04-25,"Meta Ads",Tablet,13,503,1,0,Checkout
201118,1884,2024-04-10,"Google Ads",Tablet,19,1396,0,0,Confirmación
201119,1488,2023-06-24,"TikTok Ads",Móvil,3,1220,1,0,Confirmación
201120,1313,2023-10-31,"TikTok Ads",Tablet,2,481,0,0,Checkout
201121,2608,2022-05-29,Orgánico,Móvil,15,1634,1,0,Inicio
201122,2147,2023-09-14,"Meta Ads",Desktop,16,1425,1,0,Búsqueda
201123,1117,2023-07-14,"TikTok Ads",Móvil,2,306,0,0,Carrito
201124,1822,2022-05-27,"TikTok Ads",Tablet,7,1194,0,0,Confirmación
201125,2439,2023-08-18,Orgánico,Desktop,7,888,0,0,Checkout
201126,2101,2023-01-02,Directo,Tablet,11,1607,1,0,Carrito
201127,2016,2024-04-05,"TikTok Ads",Tablet,12,490,1,1,Confirmación
201128,1157,2024-03-29,"Meta Ads",Tablet,7,727,0,0,Carrito
201129,NULL,2024-12-09,Orgánico,Desktop,4,335,0,0,Producto
201130,1579,2024-07-06,Directo,Tablet,16,390,0,0,Inicio
201131,1722,2024-07-10,Orgánico,Tablet,9,304,0,0,Producto
201132,1710,2022-12-08,Directo,Tablet,17,1308,0,0,Confirmación
201133,2753,2022-08-03,Directo,Tablet,7,516,0,0,Confirmación
201134,1267,2024-09-08,Directo,Móvil,8,999,0,0,Producto
201135,2341,2024-08-02,Correo,Tablet,1,463,0,0,Producto
201136,1777,2022-03-22,Orgánico,Tablet,11,576,0,0,Confirmación
201137,2997,2024-03-25,Orgánico,Móvil,9,457,0,0,Confirmación
201138,NULL,2023-05-06,Directo,Desktop,18,1266,1,0,Búsqueda
201139,1587,2024-03-01,"Google Ads",Tablet,12,839,0,0,Búsqueda
201140,2427,2024-06-22,"TikTok Ads",Desktop,7,759,0,0,Producto
201141,NULL,2023-07-13,"TikTok Ads",Tablet,8,19,0,0,Búsqueda
201142,2504,2023-03-21,"Google Ads",Desktop,9,19,0,0,Confirmación
201143,NULL,2024-08-02,"TikTok Ads",Tablet,10,1714,0,0,Carrito
201144,1572,2022-06-01,"Meta Ads",Desktop,19,439,0,0,Búsqueda
201145,2810,2023-09-16,"Google Ads",Tablet,12,1653,0,0,Carrito
201146,1452,2024-09-05,Directo,Desktop,12,907,1,1,Confirmación
201147,2346,2022-09-06,"Google Ads",Móvil,9,398,1,0,Producto
201148,1139,2024-03-31,Orgánico,Desktop,18,919,0,0,Carrito
201149,1760,2024-11-12,"TikTok Ads",Tablet,16,879,0,0,Producto
201150,NULL,2022-06-07,"Google Ads",Tablet,15,27,1,1,Confirmación
201151,1839,2024-01-16,Correo,Desktop,10,1795,1,0,Inicio
201152,2922,2022-06-19,Directo,Móvil,14,709,0,0,Producto
201153,2786,2023-04-07,Directo,Tablet,15,1181,0,0,Búsqueda
201154,2564,2022-07-10,Directo,Tablet,6,186,0,0,Carrito
201155,NULL,2023-12-04,"Meta Ads",Tablet,2,241,0,0,Producto
201156,1754,2022-08-21,"Google Ads",Desktop,11,26,0,0,Producto
201157,NULL,2023-12-24,Directo,Tablet,18,1054,0,0,Checkout
201158,2883,2022-06-03,"Meta Ads",Tablet,7,1206,0,0,Búsqueda
201159,2930,2023-10-25,Directo,Tablet,3,271,0,0,Inicio
201160,1579,2022-01-19,"Meta Ads",Móvil,12,1699,1,0,Carrito
201161,2587,2023-05-08,"TikTok Ads",Desktop,20,1247,0,0,Búsqueda
201162,NULL,2023-10-13,"Google Ads",Desktop,18,534,0,0,Carrito
201163,1638,2024-03-29,Directo,Tablet,3,158,1,0,Carrito
201164,2010,2023-07-01,Correo,Móvil,13,563,0,0,Búsqueda
201165,2323,2024-03-15,Correo,Tablet,14,1297,0,0,Búsqueda
201166,NULL,2024-03-03,Directo,Móvil,18,1522,1,0,Búsqueda
201167,2613,2023-01-29,Directo,Tablet,17,662,1,0,Carrito
201168,2619,2022-07-20,Orgánico,Móvil,12,1680,1,0,Inicio
201169,2275,2022-09-21,"TikTok Ads",Móvil,2,186,0,0,Búsqueda
201170,2022,2023-10-04,Correo,Tablet,17,1074,1,0,Carrito
201171,1307,2022-02-26,Correo,Tablet,10,1166,0,0,Carrito
201172,1309,2022-08-17,Orgánico,Desktop,19,275,0,0,Inicio
201173,1768,2024-06-26,"TikTok Ads",Tablet,10,1069,1,0,Carrito
201174,NULL,2023-12-21,Orgánico,Móvil,5,1184,0,0,Checkout
201175,2649,2024-03-21,Directo,Desktop,5,1211,0,0,Búsqueda
201176,1381,2023-01-16,Correo,Tablet,18,1025,0,0,Inicio
201177,2654,2022-07-22,Correo,Móvil,16,701,0,0,Producto
201178,2426,2022-08-16,"TikTok Ads",Tablet,17,160,1,0,Búsqueda
201179,1943,2024-11-08,"Meta Ads",Tablet,10,345,1,0,Checkout
201180,1435,2024-03-27,Orgánico,Desktop,14,145,0,0,Inicio
201181,1881,2023-05-27,Correo,Desktop,14,1557,0,0,Confirmación
201182,1424,2024-01-15,"Google Ads",Desktop,14,294,0,0,Producto
201183,NULL,2023-05-09,"TikTok Ads",Desktop,4,714,0,0,Checkout
201184,2758,2024-02-21,"TikTok Ads",Móvil,7,1381,1,0,Búsqueda
201185,1989,2022-05-31,"TikTok Ads",Tablet,11,561,0,0,Producto
201186,2728,2022-09-01,"TikTok Ads",Desktop,12,78,0,0,Búsqueda
201187,1204,2024-05-08,"TikTok Ads",Móvil,8,406,0,0,Checkout
201188,1713,2024-05-18,"Meta Ads",Tablet,12,1177,0,0,Checkout
201189,2583,2023-01-26,Directo,Móvil,2,1785,0,0,Producto
201190,1716,2023-01-08,"TikTok Ads",Móvil,15,296,0,0,Checkout
201191,2193,2022-10-05,"Meta Ads",Tablet,20,614,1,0,Confirmación
201192,1995,2024-11-04,"TikTok Ads",Tablet,11,1181,1,0,Confirmación
201193,NULL,2023-11-11,"Meta Ads",Tablet,13,133,0,0,Inicio
201194,1004,2024-03-16,"TikTok Ads",Desktop,15,237,0,0,Producto
201195,1197,2023-02-16,Orgánico,Tablet,19,139,1,0,Búsqueda
201196,NULL,2024-04-28,"TikTok Ads",Tablet,19,272,0,0,Búsqueda
201197,2015,2023-12-19,"Meta Ads",Desktop,7,1146,0,0,Confirmación
201198,1069,2024-07-02,"Meta Ads",Desktop,1,1534,0,0,Checkout
201199,NULL,2024-05-22,Orgánico,Desktop,15,1045,0,0,Carrito
201200,1135,2022-09-27,Directo,Tablet,20,149,1,0,Búsqueda
201201,2044,2022-02-09,"TikTok Ads",Desktop,19,1078,0,0,Inicio
201202,NULL,2022-09-27,"TikTok Ads",Móvil,11,200,0,0,Carrito
201203,NULL,2023-03-04,"Google Ads",Móvil,19,1213,1,1,Confirmación
201204,NULL,2022-05-17,"Meta Ads",Tablet,12,819,0,0,Checkout
201205,1724,2023-09-02,Correo,Móvil,3,997,0,0,Confirmación
201206,1854,2024-03-24,Directo,Móvil,12,89,1,0,Búsqueda
201207,1927,2022-04-21,Correo,Móvil,5,890,0,0,Carrito
201208,2097,2022-05-28,Orgánico,Tablet,1,657,0,0,Producto
201209,2263,2023-11-08,"Google Ads",Tablet,4,1506,0,0,Checkout
201210,1994,2022-01-01,"Meta Ads",Desktop,10,937,0,0,Producto
201211,1184,2024-04-20,Orgánico,Móvil,10,253,1,0,Inicio
201212,2929,2022-10-19,Directo,Desktop,19,1477,0,0,Producto
201213,2141,2022-01-10,"Meta Ads",Móvil,7,311,1,0,Carrito
201214,1434,2022-12-12,"Meta Ads",Desktop,14,1476,1,0,Búsqueda
201215,2087,2024-11-02,"Google Ads",Desktop,4,1220,0,0,Checkout
201216,1911,2022-02-12,Correo,Tablet,9,679,0,0,Inicio
201217,1278,2023-09-30,Directo,Móvil,9,904,1,0,Confirmación
201218,1467,2023-06-21,Orgánico,Móvil,20,1720,0,0,Inicio
201219,2415,2023-05-16,"Meta Ads",Móvil,14,1333,0,0,Búsqueda
201220,2970,2024-06-13,Orgánico,Móvil,12,249,0,0,Confirmación
201221,1034,2024-05-15,Directo,Móvil,17,176,1,0,Producto
201222,1284,2023-09-06,Orgánico,Tablet,4,959,0,0,Checkout
201223,2557,2023-03-30,Directo,Desktop,8,1152,1,0,Carrito
201224,NULL,2024-08-21,"TikTok Ads",Tablet,7,238,1,0,Búsqueda
201225,2892,2022-04-20,"Google Ads",Desktop,12,1181,1,0,Carrito
201226,2735,2024-08-16,"Google Ads",Desktop,6,1589,0,0,Carrito
201227,2946,2022-08-12,"Meta Ads",Tablet,8,435,1,0,Inicio
201228,1161,2022-05-28,"TikTok Ads",Móvil,17,1684,1,0,Búsqueda
201229,2501,2024-08-06,"Google Ads",Móvil,14,616,0,0,Producto
201230,1535,2022-01-06,"Google Ads",Móvil,19,460,0,0,Carrito
201231,2639,2024-04-02,Orgánico,Móvil,13,1586,0,0,Inicio
201232,NULL,2023-03-24,"Google Ads",Tablet,3,1654,1,0,Producto
201233,1728,2022-02-22,Correo,Desktop,18,852,0,0,Carrito
201234,1633,2024-10-26,"TikTok Ads",Tablet,13,1190,0,0,Producto
201235,2880,2023-07-07,Orgánico,Desktop,10,35,0,0,Carrito
201236,NULL,2024-12-21,"Google Ads",Móvil,4,1617,1,0,Carrito
201237,2634,2023-07-26,Directo,Móvil,3,123,0,0,Búsqueda
201238,NULL,2024-08-16,Orgánico,Desktop,14,405,1,0,Inicio
201239,2132,2024-09-29,"Google Ads",Tablet,2,217,0,0,Producto
201240,NULL,2024-09-23,"TikTok Ads",Desktop,17,1525,0,0,Producto
201241,NULL,2022-02-10,Directo,Móvil,1,985,1,0,Inicio
201242,1582,2023-03-22,"TikTok Ads",Móvil,18,154,0,0,Checkout
201243,1439,2022-03-21,Directo,Tablet,18,429,0,0,Checkout
201244,NULL,2024-08-14,"TikTok Ads",Tablet,12,488,0,0,Confirmación
201245,2409,2023-07-18,"Meta Ads",Tablet,15,727,0,0,Checkout
201246,1036,2022-11-20,"Meta Ads",Desktop,3,1384,0,0,Carrito
201247,2767,2023-08-29,"Google Ads",Móvil,5,523,1,0,Búsqueda
201248,1652,2024-02-07,Correo,Tablet,11,156,0,0,Búsqueda
201249,2965,2023-04-22,"Meta Ads",Desktop,3,364,0,0,Checkout
201250,1905,2023-06-30,"Meta Ads",Móvil,19,82,1,0,Checkout
201251,1268,2023-01-27,"TikTok Ads",Tablet,1,1378,0,0,Búsqueda
201252,1703,2023-01-24,"Google Ads",Tablet,18,676,0,0,Búsqueda
201253,2402,2022-03-05,Directo,Tablet,13,1450,1,0,Carrito
201254,1701,2023-09-05,Directo,Desktop,6,995,0,0,Checkout
201255,1198,2022-12-02,"Meta Ads",Tablet,7,1027,1,0,Producto
201256,1889,2024-05-05,"TikTok Ads",Móvil,13,1488,1,0,Carrito
201257,2689,2023-12-22,Orgánico,Tablet,12,1103,0,0,Inicio
201258,1528,2023-06-05,Directo,Desktop,14,456,1,0,Búsqueda
201259,2597,2022-09-11,Orgánico,Móvil,11,980,0,0,Carrito
201260,NULL,2024-02-05,Directo,Móvil,14,941,1,0,Checkout
201261,1469,2022-07-01,Orgánico,Tablet,19,699,0,0,Confirmación
201262,2603,2023-12-04,"TikTok Ads",Desktop,9,1494,0,0,Confirmación
201263,1034,2023-01-28,Correo,Móvil,4,74,0,0,Búsqueda
201264,NULL,2024-11-02,"Meta Ads",Desktop,15,853,1,0,Checkout
201265,1200,2022-04-13,"TikTok Ads",Desktop,5,1439,0,0,Confirmación
201266,2280,2023-01-05,Directo,Desktop,10,1193,1,0,Búsqueda
201267,2751,2024-07-28,"Google Ads",Móvil,14,1700,0,0,Producto
201268,2059,2022-06-26,Correo,Desktop,6,638,0,0,Checkout
201269,1400,2023-05-07,"Meta Ads",Desktop,9,625,0,0,Carrito
201270,2885,2022-04-16,"Meta Ads",Móvil,17,179,0,0,Checkout
201271,1373,2022-09-08,"Meta Ads",Móvil,8,1016,0,0,Producto
201272,2376,2023-05-06,"Meta Ads",Móvil,1,997,1,0,Búsqueda
201273,NULL,2022-07-23,Directo,Móvil,1,919,0,0,Producto
201274,1586,2024-08-02,"Meta Ads",Móvil,18,1584,1,0,Confirmación
201275,NULL,2023-09-28,"Meta Ads",Tablet,16,1800,1,0,Búsqueda
201276,1447,2022-10-14,"TikTok Ads",Tablet,15,512,0,0,Inicio
201277,NULL,2024-02-27,"TikTok Ads",Tablet,13,1358,1,0,Confirmación
201278,2584,2022-12-19,Directo,Desktop,8,1452,0,0,Confirmación
201279,2583,2022-04-20,Correo,Móvil,12,1492,1,0,Búsqueda
201280,2953,2023-08-14,Directo,Tablet,7,1633,1,0,Carrito
201281,NULL,2022-12-17,"TikTok Ads",Móvil,17,490,0,0,Carrito
201282,1641,2023-05-23,Orgánico,Tablet,10,1217,0,0,Producto
201283,2558,2024-05-11,Orgánico,Tablet,6,515,1,0,Inicio
201284,2095,2023-03-03,"TikTok Ads",Móvil,1,454,0,0,Búsqueda
201285,1865,2024-11-27,Orgánico,Móvil,7,1369,1,0,Inicio
201286,1773,2024-12-29,"Google Ads",Móvil,8,794,0,0,Inicio
201287,2295,2022-10-04,Orgánico,Desktop,8,260,0,0,Inicio
201288,2612,2024-06-20,"Meta Ads",Desktop,3,1734,1,0,Búsqueda
201289,1439,2024-11-13,"Meta Ads",Tablet,16,1151,0,0,Checkout
201290,1918,2023-05-21,"Google Ads",Tablet,1,1037,0,0,Búsqueda
201291,1472,2024-04-23,Directo,Móvil,18,1620,0,0,Búsqueda
201292,2941,2024-04-12,Correo,Tablet,20,1685,0,0,Confirmación
201293,1816,2024-09-16,"TikTok Ads",Móvil,19,943,1,1,Confirmación
201294,2408,2022-03-14,"Google Ads",Móvil,19,810,1,0,Carrito
201295,2465,2022-07-17,Orgánico,Móvil,18,867,0,0,Producto
201296,2578,2023-08-28,"Meta Ads",Tablet,8,1085,0,0,Producto
201297,2931,2024-03-21,Orgánico,Desktop,5,711,0,0,Inicio
201298,1921,2022-10-04,"Meta Ads",Móvil,17,1687,1,0,Producto
201299,1019,2022-02-04,Directo,Tablet,16,335,0,0,Inicio
201300,2487,2023-03-01,"TikTok Ads",Desktop,11,754,0,0,Producto
201301,1621,2024-03-27,Correo,Tablet,9,1589,1,0,Carrito
201302,NULL,2022-01-21,Orgánico,Tablet,5,89,0,0,Checkout
201303,2049,2023-09-08,Correo,Tablet,16,999,0,0,Checkout
201304,1346,2023-07-30,"Google Ads",Desktop,1,637,1,0,Búsqueda
201305,1173,2022-04-26,"Meta Ads",Tablet,11,1514,0,0,Carrito
201306,1352,2022-05-10,"TikTok Ads",Desktop,12,38,0,0,Confirmación
201307,NULL,2023-09-11,"Google Ads",Tablet,7,1202,1,0,Carrito
201308,2724,2022-09-20,"Google Ads",Desktop,15,144,1,0,Inicio
201309,1030,2023-11-06,"Meta Ads",Tablet,10,187,0,0,Búsqueda
201310,2792,2024-02-21,Orgánico,Móvil,1,1065,0,0,Checkout
201311,2319,2022-12-28,"Google Ads",Desktop,12,443,1,0,Búsqueda
201312,2471,2024-11-14,Directo,Móvil,13,1270,1,0,Búsqueda
201313,2214,2023-05-26,"Google Ads",Tablet,7,328,1,1,Confirmación
201314,1516,2022-10-28,Directo,Desktop,15,373,1,0,Producto
201315,NULL,2024-09-01,Orgánico,Tablet,18,1216,1,0,Carrito
201316,1427,2023-04-15,"Meta Ads",Desktop,9,1151,0,0,Checkout
201317,2834,2024-11-15,Directo,Tablet,10,46,1,1,Confirmación
201318,2175,2023-04-21,"Google Ads",Tablet,20,307,0,0,Confirmación
201319,2480,2024-03-30,"Google Ads",Tablet,4,1696,0,0,Búsqueda
201320,1969,2023-04-08,Orgánico,Tablet,12,1669,0,0,Búsqueda
201321,2931,2022-05-30,Directo,Tablet,2,596,1,0,Carrito
201322,2335,2022-03-15,"TikTok Ads",Tablet,6,1360,1,0,Carrito
201323,2081,2023-10-17,"Google Ads",Desktop,4,102,0,0,Búsqueda
201324,2612,2024-02-23,"Meta Ads",Móvil,5,234,1,1,Confirmación
201325,2347,2022-07-30,Correo,Desktop,20,308,0,0,Checkout
201326,2488,2023-01-01,"Google Ads",Tablet,7,780,0,0,Checkout
201327,2271,2022-06-12,"TikTok Ads",Tablet,19,741,1,0,Checkout
201328,2106,2023-01-31,Orgánico,Desktop,13,818,0,0,Inicio
201329,2026,2022-05-27,"Google Ads",Móvil,1,962,0,0,Inicio
201330,1327,2023-01-11,Orgánico,Desktop,20,567,0,0,Checkout
201331,1405,2024-02-03,"Meta Ads",Tablet,5,1672,0,0,Búsqueda
201332,1361,2022-03-08,Directo,Tablet,20,81,1,0,Producto
201333,2076,2022-07-14,Correo,Tablet,11,528,1,0,Búsqueda
201334,2856,2024-02-29,Correo,Desktop,19,462,1,0,Búsqueda
201335,2605,2022-11-18,Directo,Desktop,13,415,0,0,Inicio
201336,2758,2024-07-01,Directo,Móvil,5,975,0,0,Carrito
201337,2000,2022-09-20,Correo,Móvil,20,1023,0,0,Inicio
201338,2566,2023-07-18,Correo,Desktop,14,1278,0,0,Carrito
201339,1129,2024-08-18,"TikTok Ads",Desktop,12,29,0,0,Confirmación
201340,1800,2022-04-25,"Google Ads",Móvil,7,127,0,0,Búsqueda
201341,2748,2022-03-07,"TikTok Ads",Tablet,7,1019,0,0,Confirmación
201342,2801,2024-04-20,Orgánico,Móvil,8,1789,1,0,Checkout
201343,1148,2024-01-14,Orgánico,Móvil,7,340,0,0,Confirmación
201344,2494,2023-01-23,"TikTok Ads",Desktop,5,679,0,0,Confirmación
201345,2011,2022-10-27,"Google Ads",Desktop,13,969,1,0,Producto
201346,2627,2022-07-14,"Meta Ads",Tablet,11,132,1,0,Inicio
201347,2704,2024-09-16,"TikTok Ads",Desktop,6,1416,1,0,Producto
201348,1590,2024-07-12,"Meta Ads",Móvil,9,491,0,0,Confirmación
201349,2678,2022-08-24,"TikTok Ads",Desktop,2,1420,0,0,Búsqueda
201350,1858,2024-05-08,"Google Ads",Móvil,20,53,1,0,Confirmación
201351,1142,2022-05-16,"TikTok Ads",Móvil,13,545,0,0,Búsqueda
201352,1665,2024-03-15,"Meta Ads",Tablet,9,178,0,0,Búsqueda
201353,2597,2022-06-01,"TikTok Ads",Desktop,14,271,0,0,Checkout
201354,2034,2022-12-31,"TikTok Ads",Móvil,20,637,0,0,Checkout
201355,2970,2022-02-14,"Meta Ads",Tablet,3,47,0,0,Carrito
201356,2976,2022-07-29,Directo,Desktop,16,1096,0,0,Inicio
201357,2229,2022-06-28,"Google Ads",Móvil,9,1765,1,0,Confirmación
201358,2813,2023-02-21,Orgánico,Móvil,14,1085,0,0,Checkout
201359,1029,2023-10-12,Correo,Desktop,12,466,0,0,Inicio
201360,1363,2022-10-14,Correo,Móvil,3,230,0,0,Confirmación
201361,1967,2023-04-06,"Google Ads",Móvil,20,769,0,0,Búsqueda
201362,1547,2022-08-03,"TikTok Ads",Desktop,4,428,0,0,Producto
201363,NULL,2023-01-31,"Meta Ads",Desktop,8,180,1,0,Búsqueda
201364,2783,2022-07-13,"Meta Ads",Móvil,9,419,0,0,Producto
201365,NULL,2023-04-23,Directo,Desktop,2,1119,1,0,Producto
201366,2325,2024-03-30,"Meta Ads",Desktop,3,1374,0,0,Búsqueda
201367,1243,2022-08-13,Directo,Móvil,16,172,1,0,Producto
201368,2724,2022-01-31,"Meta Ads",Móvil,5,688,0,0,Producto
201369,NULL,2022-06-08,"Google Ads",Tablet,6,684,0,0,Inicio
201370,2181,2024-01-31,"Google Ads",Tablet,11,132,0,0,Confirmación
201371,2663,2024-11-04,"TikTok Ads",Tablet,16,1691,1,0,Búsqueda
201372,2994,2024-01-20,Orgánico,Tablet,9,1114,1,0,Inicio
201373,1137,2023-06-05,"TikTok Ads",Desktop,7,1742,0,0,Producto
201374,2919,2023-02-06,"Google Ads",Tablet,3,1061,0,0,Confirmación
201375,1321,2022-11-13,Directo,Desktop,8,821,1,0,Búsqueda
201376,NULL,2023-01-09,Directo,Móvil,18,1178,0,0,Producto
201377,1586,2022-04-15,Correo,Móvil,1,1448,0,0,Producto
201378,2993,2024-01-02,Orgánico,Tablet,5,471,1,0,Producto
201379,1319,2024-03-20,"TikTok Ads",Móvil,17,702,1,0,Carrito
201380,1215,2022-06-23,"Google Ads",Desktop,14,1013,0,0,Producto
201381,1920,2023-12-04,Orgánico,Tablet,14,585,0,0,Carrito
201382,1782,2023-09-19,"TikTok Ads",Desktop,16,750,0,0,Carrito
201383,1216,2022-02-26,"Meta Ads",Tablet,15,908,0,0,Búsqueda
201384,NULL,2022-02-20,Correo,Tablet,2,913,0,0,Confirmación
201385,NULL,2023-10-03,"Google Ads",Tablet,7,103,1,0,Producto
201386,NULL,2024-05-26,Correo,Tablet,13,142,1,1,Confirmación
201387,2270,2024-06-26,Correo,Móvil,17,166,0,0,Búsqueda
201388,1146,2022-08-22,Orgánico,Tablet,5,977,0,0,Inicio
201389,1612,2024-08-07,Directo,Desktop,10,797,0,0,Checkout
201390,2704,2022-12-26,Correo,Móvil,18,1525,0,0,Producto
201391,NULL,2022-10-28,Directo,Tablet,8,1348,0,0,Inicio
201392,1417,2023-01-13,"TikTok Ads",Desktop,4,775,0,0,Carrito
201393,2105,2023-03-26,Directo,Móvil,2,1464,0,0,Búsqueda
201394,2728,2023-10-17,Orgánico,Tablet,13,900,0,0,Checkout
201395,1963,2022-09-08,Orgánico,Tablet,18,594,1,0,Carrito
201396,1436,2023-07-29,Directo,Tablet,15,794,0,0,Confirmación
201397,1782,2023-08-02,Orgánico,Desktop,8,1234,1,1,Confirmación
201398,2651,2023-06-07,"Meta Ads",Móvil,5,1014,0,0,Confirmación
201399,2104,2024-10-21,Correo,Tablet,19,606,0,0,Confirmación
201400,2096,2024-06-04,"Meta Ads",Móvil,10,153,0,0,Checkout
201401,2034,2024-07-26,"TikTok Ads",Desktop,13,973,0,0,Confirmación
201402,2430,2022-08-02,"TikTok Ads",Desktop,19,1245,0,0,Checkout
201403,NULL,2024-04-01,Correo,Tablet,10,1658,0,0,Búsqueda
201404,1006,2024-02-20,Correo,Tablet,17,752,1,0,Producto
201405,2076,2024-10-23,"TikTok Ads",Tablet,3,1391,0,0,Confirmación
201406,1123,2022-09-04,Correo,Desktop,11,624,1,0,Inicio
201407,NULL,2024-04-21,"Google Ads",Tablet,9,327,1,0,Producto
201408,2866,2022-05-06,"Google Ads",Tablet,4,498,0,0,Inicio
201409,1363,2023-03-11,"Meta Ads",Tablet,2,692,0,0,Producto
201410,2561,2023-06-23,"TikTok Ads",Tablet,9,1662,1,0,Búsqueda
201411,NULL,2023-10-28,"Meta Ads",Tablet,17,745,0,0,Carrito
201412,1386,2024-11-18,"Meta Ads",Desktop,10,623,1,0,Checkout
201413,1885,2022-04-15,"Meta Ads",Tablet,12,846,0,0,Checkout
201414,1832,2024-05-24,Orgánico,Desktop,3,296,0,0,Inicio
201415,1833,2022-03-10,Orgánico,Desktop,18,667,0,0,Producto
201416,NULL,2023-05-06,"TikTok Ads",Desktop,7,1493,0,0,Checkout
201417,1867,2024-01-06,"TikTok Ads",Móvil,5,688,0,0,Búsqueda
201418,1540,2023-04-08,Correo,Desktop,19,983,0,0,Checkout
201419,2280,2024-10-26,"Google Ads",Móvil,15,985,0,0,Producto
201420,1110,2024-12-16,"TikTok Ads",Desktop,15,1172,1,0,Búsqueda
201421,2223,2024-10-03,"Meta Ads",Tablet,3,1560,1,0,Inicio
201422,1195,2022-02-22,Correo,Móvil,19,668,0,0,Producto
201423,2869,2024-12-15,Directo,Desktop,11,44,0,0,Carrito
201424,2686,2022-01-09,Orgánico,Móvil,9,455,0,0,Búsqueda
201425,2890,2023-12-04,"Google Ads",Tablet,5,340,1,0,Confirmación
201426,2020,2022-11-25,"Google Ads",Desktop,2,1640,0,0,Confirmación
201427,1161,2022-05-20,"TikTok Ads",Desktop,1,776,0,0,Búsqueda
201428,2420,2023-12-26,"Google Ads",Desktop,9,567,1,0,Confirmación
201429,NULL,2024-12-13,Directo,Móvil,16,44,0,0,Inicio
201430,1786,2023-11-13,"Meta Ads",Móvil,6,152,0,0,Búsqueda
201431,NULL,2024-04-30,Directo,Desktop,19,170,0,0,Checkout
201432,1489,2022-04-02,"Meta Ads",Desktop,12,458,1,0,Confirmación
201433,2288,2022-08-09,"Meta Ads",Tablet,15,1177,1,1,Confirmación
201434,1785,2024-08-05,"Google Ads",Móvil,4,1379,1,0,Búsqueda
201435,1393,2024-04-15,"Meta Ads",Tablet,2,524,0,0,Búsqueda
201436,2067,2022-01-01,Correo,Móvil,1,1740,0,0,Búsqueda
201437,1015,2023-11-27,Orgánico,Tablet,15,1337,1,0,Inicio
201438,NULL,2024-04-21,Orgánico,Desktop,16,102,0,0,Carrito
201439,1858,2022-02-16,"Meta Ads",Tablet,16,573,1,0,Confirmación
201440,2682,2024-12-28,"Meta Ads",Móvil,17,633,0,0,Producto
201441,2960,2022-12-14,Correo,Desktop,3,241,0,0,Carrito
201442,NULL,2023-06-12,"Google Ads",Tablet,5,811,0,0,Checkout
201443,1579,2023-10-22,"Meta Ads",Móvil,20,946,1,0,Checkout
201444,2469,2023-02-19,Orgánico,Desktop,6,613,1,1,Confirmación
201445,NULL,2022-02-11,"Google Ads",Desktop,12,749,1,0,Confirmación
201446,2693,2022-05-03,Directo,Desktop,19,1190,1,1,Confirmación
201447,2028,2022-09-13,"Google Ads",Desktop,16,280,1,0,Checkout
201448,2774,2022-12-27,"Meta Ads",Tablet,5,1566,1,0,Checkout
201449,NULL,2022-05-11,Directo,Desktop,19,22,1,0,Carrito
201450,2761,2023-11-02,Correo,Desktop,10,1455,1,0,Producto
201451,2116,2023-11-15,Orgánico,Desktop,11,877,0,0,Búsqueda
201452,2538,2022-10-25,Orgánico,Tablet,9,861,0,0,Confirmación
201453,1291,2023-07-04,"Meta Ads",Desktop,2,883,0,0,Inicio
201454,1991,2022-01-09,"Meta Ads",Tablet,2,436,0,0,Confirmación
201455,1382,2022-04-13,Orgánico,Tablet,15,1718,0,0,Carrito
201456,2487,2024-07-21,Orgánico,Móvil,1,1220,0,0,Producto
201457,2694,2022-07-30,Directo,Móvil,18,388,0,0,Checkout
201458,1078,2024-09-15,Correo,Tablet,13,1074,1,0,Inicio
201459,2013,2022-09-25,Orgánico,Tablet,7,1506,1,0,Confirmación
201460,1290,2022-12-17,Orgánico,Tablet,14,451,0,0,Confirmación
201461,NULL,2022-05-25,Correo,Móvil,14,1228,1,0,Producto
201462,NULL,2023-11-01,Correo,Móvil,14,429,0,0,Producto
201463,2149,2022-10-02,"Meta Ads",Móvil,3,248,0,0,Producto
201464,1742,2023-04-20,"Meta Ads",Tablet,8,489,0,0,Confirmación
201465,2496,2024-03-25,Orgánico,Desktop,17,1554,1,0,Carrito
201466,1052,2024-06-22,"TikTok Ads",Móvil,11,1785,1,0,Confirmación
201467,1245,2024-01-17,Directo,Móvil,18,920,0,0,Producto
201468,NULL,2022-01-08,Correo,Móvil,5,730,0,0,Confirmación
201469,NULL,2022-07-19,"Meta Ads",Tablet,11,1283,0,0,Inicio
201470,1371,2024-04-03,"Meta Ads",Desktop,3,746,1,0,Checkout
201471,1693,2024-03-19,"Meta Ads",Desktop,14,1322,0,0,Carrito
201472,1862,2022-08-26,Directo,Móvil,11,1771,0,0,Búsqueda
201473,NULL,2024-10-10,Orgánico,Tablet,16,1677,0,0,Producto
201474,3000,2022-09-26,"Google Ads",Tablet,8,325,0,0,Inicio
201475,1132,2023-01-13,"Meta Ads",Desktop,10,1426,0,0,Inicio
201476,2206,2023-01-26,Orgánico,Móvil,5,1174,1,0,Búsqueda
201477,1827,2024-06-14,"Meta Ads",Tablet,1,709,0,0,Checkout
201478,1003,2024-03-15,Correo,Desktop,4,713,0,0,Inicio
201479,2602,2022-04-03,Directo,Desktop,16,853,0,0,Inicio
201480,NULL,2022-01-25,Directo,Tablet,10,1376,1,0,Producto
201481,1361,2023-01-03,Orgánico,Desktop,15,402,0,0,Producto
201482,1891,2024-09-06,"TikTok Ads",Tablet,5,145,1,0,Inicio
201483,2507,2022-02-02,Correo,Tablet,15,133,0,0,Inicio
201484,NULL,2022-03-18,Directo,Móvil,7,1483,0,0,Búsqueda
201485,1724,2023-01-13,Directo,Móvil,4,1393,1,0,Checkout
201486,1279,2023-02-21,Directo,Móvil,1,1232,0,0,Búsqueda
201487,2877,2024-08-06,Directo,Tablet,19,251,1,0,Carrito
201488,NULL,2022-02-24,Orgánico,Desktop,1,1124,1,0,Inicio
201489,2419,2023-07-25,Directo,Tablet,8,47,0,0,Carrito
201490,1027,2024-06-06,"Meta Ads",Móvil,13,961,0,0,Carrito
201491,1041,2023-10-01,"TikTok Ads",Desktop,5,876,1,0,Confirmación
201492,1144,2023-05-27,"Google Ads",Móvil,2,1179,0,0,Búsqueda
201493,1981,2024-10-25,"Meta Ads",Tablet,1,234,0,0,Búsqueda
201494,2751,2024-12-05,Orgánico,Tablet,7,1754,0,0,Búsqueda
201495,2559,2024-10-13,"Google Ads",Móvil,5,677,1,0,Confirmación
201496,2612,2024-07-29,Orgánico,Tablet,20,586,0,0,Confirmación
201497,2581,2024-09-17,Orgánico,Desktop,7,548,0,0,Producto
201498,2787,2022-04-01,"Google Ads",Móvil,5,189,1,0,Producto
201499,NULL,2024-09-11,"TikTok Ads",Desktop,18,1477,0,0,Confirmación
201500,1070,2022-09-08,"TikTok Ads",Desktop,7,958,1,1,Confirmación
201501,2029,2023-11-25,"TikTok Ads",Tablet,6,236,0,0,Carrito
201502,1731,2022-06-28,Correo,Tablet,10,1770,0,0,Inicio
201503,2466,2022-04-28,Orgánico,Desktop,15,113,1,0,Búsqueda
201504,1821,2024-12-27,Directo,Tablet,8,1183,0,0,Producto
201505,2025,2022-04-14,"Meta Ads",Móvil,17,1647,1,0,Búsqueda
201506,NULL,2023-07-17,"Meta Ads",Móvil,20,440,0,0,Inicio
201507,2679,2024-11-24,Orgánico,Móvil,9,1592,0,0,Producto
201508,2233,2022-10-08,Correo,Móvil,9,208,1,1,Confirmación
201509,1815,2022-08-08,Directo,Móvil,17,722,1,0,Búsqueda
201510,1807,2022-01-14,"Meta Ads",Móvil,9,1639,0,0,Producto
201511,1023,2024-01-18,"Meta Ads",Tablet,4,1177,0,0,Carrito
201512,1336,2024-10-27,"TikTok Ads",Móvil,4,195,1,0,Confirmación
201513,2629,2022-03-24,"Meta Ads",Desktop,2,533,0,0,Carrito
201514,2534,2022-11-07,Orgánico,Móvil,7,1413,0,0,Checkout
201515,1483,2024-02-19,"TikTok Ads",Desktop,18,160,0,0,Carrito
201516,2392,2022-07-21,Directo,Tablet,4,1665,1,0,Confirmación
201517,NULL,2023-11-28,"Meta Ads",Desktop,8,497,0,0,Búsqueda
201518,2354,2023-07-27,Orgánico,Tablet,14,346,0,0,Carrito
201519,1174,2024-09-18,"Google Ads",Móvil,10,520,0,0,Inicio
201520,2817,2024-11-13,Orgánico,Móvil,18,364,0,0,Producto
201521,2573,2022-12-09,"TikTok Ads",Móvil,19,1797,0,0,Búsqueda
201522,1472,2023-11-02,Directo,Desktop,8,1570,1,0,Confirmación
201523,2536,2023-03-28,Correo,Tablet,9,1754,0,0,Carrito
201524,1958,2023-02-01,Orgánico,Tablet,19,36,0,0,Inicio
201525,2641,2022-07-14,Correo,Tablet,4,1347,0,0,Inicio
201526,1528,2022-12-06,Orgánico,Tablet,8,1092,1,1,Confirmación
201527,1734,2024-07-17,Directo,Desktop,7,86,0,0,Búsqueda
201528,2955,2022-06-22,Orgánico,Desktop,3,1452,1,0,Checkout
201529,1308,2022-05-12,"Meta Ads",Tablet,20,157,1,0,Búsqueda
201530,2884,2023-06-18,Correo,Móvil,9,634,0,0,Búsqueda
201531,2715,2024-10-06,Directo,Móvil,17,1200,0,0,Búsqueda
201532,2852,2022-08-21,"Google Ads",Tablet,3,602,0,0,Inicio
201533,1578,2023-10-08,Orgánico,Móvil,17,1096,0,0,Confirmación
201534,2599,2023-10-06,"TikTok Ads",Desktop,10,937,0,0,Producto
201535,1971,2024-08-01,"TikTok Ads",Móvil,15,1475,1,0,Inicio
201536,NULL,2024-12-25,Directo,Móvil,13,214,0,0,Checkout
201537,2806,2023-06-25,Directo,Móvil,3,786,0,0,Confirmación
201538,NULL,2023-04-21,Correo,Móvil,1,1566,0,0,Carrito
201539,1352,2023-02-18,Directo,Móvil,11,324,0,0,Producto
201540,2865,2024-03-01,"Meta Ads",Móvil,9,221,0,0,Checkout
201541,1639,2024-01-21,"Meta Ads",Tablet,6,683,1,0,Búsqueda
201542,2133,2024-11-27,"Google Ads",Desktop,18,677,1,0,Checkout
201543,NULL,2022-10-28,"Google Ads",Tablet,7,1800,0,0,Carrito
201544,2698,2024-10-25,"TikTok Ads",Desktop,5,1721,0,0,Producto
201545,1183,2024-08-06,"Meta Ads",Desktop,9,571,0,0,Producto
201546,1363,2022-03-27,"TikTok Ads",Móvil,3,769,0,0,Inicio
201547,1593,2023-11-26,Correo,Desktop,17,353,0,0,Inicio
201548,1682,2024-11-06,Correo,Móvil,13,1047,0,0,Búsqueda
201549,2790,2022-02-26,"Google Ads",Tablet,16,1318,0,0,Confirmación
201550,2811,2023-04-29,Correo,Desktop,2,374,1,0,Producto
201551,1596,2022-11-06,"Google Ads",Móvil,4,1448,0,0,Carrito
201552,1463,2023-11-16,Correo,Desktop,3,702,0,0,Checkout
201553,2169,2023-12-04,Orgánico,Tablet,11,580,1,0,Inicio
201554,1878,2022-03-11,Correo,Móvil,18,979,0,0,Confirmación
201555,1696,2024-03-25,"TikTok Ads",Desktop,3,928,0,0,Checkout
201556,NULL,2022-12-19,"Meta Ads",Móvil,2,987,1,0,Producto
201557,2037,2022-05-21,Orgánico,Móvil,13,1746,1,0,Búsqueda
201558,2898,2023-12-10,Correo,Móvil,17,616,0,0,Búsqueda
201559,1353,2024-04-02,Orgánico,Desktop,9,593,0,0,Inicio
201560,1779,2024-02-12,"TikTok Ads",Móvil,1,939,1,1,Confirmación
201561,1069,2024-02-04,"Meta Ads",Móvil,2,282,0,0,Confirmación
201562,1618,2024-08-07,Directo,Móvil,2,1360,1,0,Búsqueda
201563,2910,2024-11-29,Correo,Desktop,15,490,0,0,Confirmación
201564,1254,2024-08-27,Correo,Tablet,18,1494,0,0,Búsqueda
201565,1781,2024-05-15,Correo,Móvil,14,1195,0,0,Carrito
201566,NULL,2024-08-28,Orgánico,Tablet,10,1207,0,0,Checkout
201567,2758,2023-03-10,"Meta Ads",Tablet,3,406,0,0,Producto
201568,1200,2022-02-03,Directo,Desktop,10,1395,0,0,Checkout
201569,2309,2024-11-09,"TikTok Ads",Tablet,11,1774,0,0,Carrito
201570,1277,2022-06-01,Correo,Desktop,1,1372,0,0,Inicio
201571,2930,2023-01-14,Correo,Tablet,18,466,0,0,Búsqueda
201572,1119,2022-09-17,"TikTok Ads",Móvil,19,1420,1,0,Carrito
201573,NULL,2022-08-29,Orgánico,Tablet,13,1725,1,0,Confirmación
201574,2989,2024-09-21,Correo,Desktop,11,502,0,0,Checkout
201575,1324,2022-09-29,Orgánico,Tablet,9,1670,0,0,Producto
201576,2859,2024-03-19,"TikTok Ads",Tablet,12,1788,0,0,Búsqueda
201577,1151,2023-04-26,Correo,Tablet,6,1519,0,0,Búsqueda
201578,2521,2022-07-21,Orgánico,Tablet,3,737,0,0,Búsqueda
201579,1829,2023-03-06,Directo,Tablet,1,1273,0,0,Búsqueda
201580,NULL,2024-09-06,Correo,Móvil,4,669,0,0,Confirmación
201581,1354,2023-12-09,Directo,Móvil,2,1044,0,0,Confirmación
201582,2347,2024-06-07,"Meta Ads",Móvil,12,43,0,0,Confirmación
201583,NULL,2023-06-03,Correo,Tablet,8,1636,0,0,Confirmación
201584,1035,2022-10-29,Orgánico,Tablet,6,676,0,0,Confirmación
201585,2498,2022-12-13,Directo,Desktop,7,388,0,0,Búsqueda
201586,1174,2022-03-10,Directo,Desktop,2,627,0,0,Búsqueda
201587,2733,2024-05-09,Orgánico,Tablet,16,858,0,0,Producto
201588,2400,2022-03-28,"TikTok Ads",Desktop,7,1709,0,0,Producto
201589,2795,2023-02-03,"Google Ads",Tablet,1,373,0,0,Carrito
201590,1052,2024-03-21,"Meta Ads",Móvil,8,1084,0,0,Inicio
201591,2391,2023-04-04,Directo,Desktop,20,852,0,0,Búsqueda
201592,2506,2023-07-19,Directo,Desktop,1,1729,0,0,Inicio
201593,1271,2023-07-06,Correo,Desktop,7,1273,0,0,Carrito
201594,2757,2022-11-16,"Google Ads",Tablet,2,405,0,0,Búsqueda
201595,2755,2022-08-21,Orgánico,Desktop,8,892,0,0,Carrito
201596,1199,2023-06-21,Correo,Desktop,6,1730,1,0,Checkout
201597,2996,2024-02-09,Directo,Móvil,7,1040,1,0,Checkout
201598,1710,2023-05-05,Directo,Desktop,14,1017,0,0,Inicio
201599,2801,2024-06-27,Orgánico,Tablet,10,1648,0,0,Checkout
201600,1490,2024-01-23,"TikTok Ads",Tablet,11,79,0,0,Checkout
201601,NULL,2023-04-28,Orgánico,Tablet,10,1767,1,0,Búsqueda
201602,2707,2024-06-06,"Google Ads",Desktop,7,475,0,0,Carrito
201603,2758,2022-09-15,Orgánico,Tablet,9,607,0,0,Producto
201604,2834,2022-09-11,Orgánico,Tablet,18,127,1,0,Producto
201605,1170,2024-05-15,Correo,Tablet,12,1185,1,1,Confirmación
201606,1591,2023-03-24,Orgánico,Tablet,18,1733,1,0,Búsqueda
201607,2466,2022-09-08,Orgánico,Tablet,18,67,0,0,Carrito
201608,2109,2024-01-11,"Google Ads",Tablet,11,522,0,0,Confirmación
201609,2508,2024-03-21,"TikTok Ads",Tablet,1,388,0,0,Producto
201610,2195,2022-06-01,"Google Ads",Desktop,20,965,0,0,Confirmación
201611,1861,2022-09-25,"Meta Ads",Desktop,17,917,0,0,Confirmación
201612,2451,2024-12-31,Correo,Móvil,4,567,0,0,Checkout
201613,NULL,2023-12-13,"TikTok Ads",Tablet,1,334,0,0,Búsqueda
201614,2531,2022-03-07,Correo,Tablet,4,379,0,0,Producto
201615,NULL,2022-04-03,Correo,Móvil,12,1645,1,0,Búsqueda
201616,1895,2023-05-30,Orgánico,Tablet,17,1189,1,0,Inicio
201617,2093,2024-08-29,"TikTok Ads",Desktop,11,716,0,0,Confirmación
201618,NULL,2024-02-13,Correo,Desktop,1,883,1,0,Inicio
201619,NULL,2022-09-11,Correo,Móvil,15,1682,0,0,Inicio
201620,2664,2024-06-10,Orgánico,Desktop,16,1017,0,0,Inicio
201621,1112,2024-10-13,"Meta Ads",Desktop,10,1155,0,0,Carrito
201622,2977,2022-11-03,Correo,Móvil,18,1000,0,0,Confirmación
201623,1947,2022-08-11,Directo,Móvil,19,1179,0,0,Búsqueda
201624,1406,2023-05-07,"Google Ads",Móvil,4,1459,1,0,Carrito
201625,1347,2022-12-13,Directo,Móvil,18,614,0,0,Inicio
201626,2086,2023-10-14,"Meta Ads",Móvil,10,1293,0,0,Confirmación
201627,2529,2024-02-08,Directo,Tablet,13,429,1,0,Checkout
201628,2406,2022-04-07,"Meta Ads",Móvil,10,730,1,1,Confirmación
201629,1903,2023-08-13,"Meta Ads",Desktop,12,75,0,0,Carrito
201630,1996,2022-06-09,Directo,Móvil,6,511,0,0,Confirmación
201631,NULL,2024-07-09,"Google Ads",Móvil,1,1681,0,0,Producto
201632,1418,2022-06-18,"TikTok Ads",Móvil,5,1162,0,0,Carrito
201633,1146,2024-02-04,"TikTok Ads",Tablet,19,1540,0,0,Checkout
201634,1776,2023-03-20,"Meta Ads",Tablet,17,1208,0,0,Inicio
201635,2161,2023-12-13,"TikTok Ads",Móvil,17,512,0,0,Confirmación
201636,1544,2022-01-07,Correo,Desktop,3,1762,1,0,Inicio
201637,2265,2023-02-05,"Meta Ads",Tablet,15,1568,1,0,Confirmación
201638,NULL,2024-02-11,"TikTok Ads",Móvil,9,1669,0,0,Búsqueda
201639,1716,2023-05-16,"Meta Ads",Tablet,1,392,0,0,Búsqueda
201640,2093,2024-03-27,"Google Ads",Desktop,10,1536,0,0,Carrito
201641,1076,2024-11-12,"Google Ads",Móvil,14,337,0,0,Búsqueda
201642,2925,2024-11-23,"Google Ads",Tablet,3,1482,0,0,Confirmación
201643,2608,2023-04-02,Orgánico,Desktop,3,1108,0,0,Inicio
201644,2771,2024-04-24,"Meta Ads",Tablet,14,1400,0,0,Checkout
201645,1466,2024-01-08,"Meta Ads",Móvil,5,371,0,0,Producto
201646,2401,2022-01-23,"Meta Ads",Desktop,3,340,1,0,Producto
201647,2869,2024-01-31,"Meta Ads",Desktop,3,358,0,0,Producto
201648,2766,2023-05-11,Directo,Desktop,20,18,0,0,Inicio
201649,2451,2024-07-24,Orgánico,Desktop,16,329,0,0,Búsqueda
201650,1952,2022-07-19,"Meta Ads",Tablet,18,1627,1,0,Búsqueda
201651,1100,2022-01-25,"TikTok Ads",Desktop,6,1507,0,0,Carrito
201652,1488,2022-07-05,Directo,Desktop,12,259,0,0,Búsqueda
201653,2305,2024-08-16,"Google Ads",Tablet,7,1609,0,0,Checkout
201654,2224,2023-08-02,Orgánico,Tablet,19,573,0,0,Carrito
201655,NULL,2024-07-10,"Google Ads",Móvil,10,362,0,0,Checkout
201656,1422,2023-09-17,"Meta Ads",Desktop,13,141,1,0,Producto
201657,2375,2022-08-09,Correo,Tablet,1,853,1,0,Checkout
201658,NULL,2024-12-08,Directo,Desktop,4,1288,1,1,Confirmación
201659,2741,2024-02-15,"Meta Ads",Desktop,2,363,0,0,Búsqueda
201660,2853,2024-03-25,Correo,Tablet,2,914,0,0,Inicio
201661,2686,2022-05-02,"Google Ads",Desktop,1,1779,0,0,Checkout
201662,1547,2023-06-27,"Meta Ads",Tablet,19,943,0,0,Producto
201663,1314,2023-11-22,"Meta Ads",Móvil,5,1380,0,0,Confirmación
201664,1496,2022-03-02,"Meta Ads",Desktop,15,1333,1,0,Confirmación
201665,1725,2023-11-15,Correo,Desktop,17,1580,0,0,Confirmación
201666,2479,2024-01-05,"TikTok Ads",Móvil,7,152,1,0,Checkout
201667,1203,2022-02-20,Directo,Tablet,17,1414,0,0,Búsqueda
201668,1029,2022-05-26,"TikTok Ads",Tablet,8,72,1,0,Inicio
201669,1791,2024-07-23,"Meta Ads",Desktop,10,347,1,0,Búsqueda
201670,NULL,2022-09-10,"Google Ads",Móvil,14,1126,0,0,Inicio
201671,1019,2022-03-06,"Meta Ads",Móvil,10,804,1,0,Inicio
201672,2559,2024-01-02,"Google Ads",Tablet,20,440,0,0,Carrito
201673,2007,2023-11-16,Directo,Móvil,9,1477,0,0,Checkout
201674,NULL,2022-05-13,Orgánico,Móvil,3,1352,0,0,Producto
201675,2645,2024-08-15,Correo,Móvil,14,766,1,0,Checkout
201676,1880,2022-05-09,"TikTok Ads",Móvil,5,1201,0,0,Confirmación
201677,NULL,2024-08-27,Directo,Tablet,2,1351,1,0,Búsqueda
201678,1281,2024-05-10,Orgánico,Tablet,8,1506,1,0,Producto
201679,2302,2022-09-23,Orgánico,Tablet,20,1363,0,0,Carrito
201680,2328,2022-04-19,"Meta Ads",Desktop,16,228,0,0,Producto
201681,1670,2024-08-12,Directo,Móvil,9,1148,1,0,Búsqueda
201682,1855,2022-08-10,Correo,Móvil,6,1641,0,0,Checkout
201683,NULL,2024-12-21,"Google Ads",Tablet,13,1543,0,0,Producto
201684,1079,2022-02-18,Orgánico,Tablet,5,96,0,0,Producto
201685,2274,2022-08-12,"Google Ads",Desktop,7,455,0,0,Checkout
201686,2435,2023-02-15,"TikTok Ads",Tablet,4,728,0,0,Producto
201687,2693,2022-09-21,Correo,Desktop,2,1253,1,0,Checkout
201688,2115,2024-10-13,Correo,Desktop,7,1221,1,0,Búsqueda
201689,1457,2024-11-06,"Meta Ads",Móvil,20,827,0,0,Carrito
201690,1749,2023-01-17,Orgánico,Desktop,5,1569,0,0,Producto
201691,2006,2023-12-30,"Google Ads",Desktop,4,1793,0,0,Producto
201692,2680,2022-12-16,Orgánico,Tablet,5,252,1,0,Inicio
201693,1089,2023-08-09,"TikTok Ads",Desktop,16,1190,0,0,Inicio
201694,1938,2022-04-20,"Meta Ads",Desktop,18,1586,0,0,Checkout
201695,2951,2022-09-27,"Meta Ads",Desktop,3,326,0,0,Confirmación
201696,2906,2024-05-25,Orgánico,Móvil,5,1502,0,0,Inicio
201697,1911,2024-03-02,Orgánico,Tablet,7,141,0,0,Inicio
201698,1135,2022-02-25,Correo,Desktop,8,1740,0,0,Inicio
201699,2683,2023-12-02,"Meta Ads",Móvil,20,116,0,0,Checkout
201700,1664,2023-05-18,Orgánico,Móvil,19,1082,0,0,Carrito
201701,2916,2024-05-21,Orgánico,Tablet,5,646,0,0,Carrito
201702,2742,2024-11-07,Correo,Tablet,12,1497,0,0,Checkout
201703,NULL,2024-12-26,"TikTok Ads",Tablet,15,996,0,0,Producto
201704,NULL,2023-03-17,"Meta Ads",Móvil,17,591,0,0,Producto
201705,2994,2022-04-15,Directo,Móvil,18,646,1,0,Producto
201706,NULL,2022-10-19,"TikTok Ads",Desktop,5,989,0,0,Carrito
201707,1775,2024-01-02,"Meta Ads",Tablet,9,1564,1,0,Confirmación
201708,2011,2024-04-24,Orgánico,Desktop,6,1714,1,0,Producto
201709,1996,2022-10-21,Correo,Móvil,16,998,0,0,Carrito
201710,1347,2023-10-23,Orgánico,Desktop,10,768,0,0,Checkout
201711,1873,2023-11-23,Orgánico,Móvil,18,369,0,0,Checkout
201712,1544,2022-02-08,"Meta Ads",Tablet,11,15,0,0,Búsqueda
201713,1863,2024-03-18,Directo,Desktop,12,1138,1,0,Producto
201714,2229,2023-09-20,Directo,Tablet,18,712,0,0,Inicio
201715,2955,2022-12-06,Correo,Desktop,14,1317,1,1,Confirmación
201716,2214,2023-09-15,"Google Ads",Desktop,11,968,1,0,Checkout
201717,NULL,2022-07-29,Orgánico,Desktop,17,57,1,0,Inicio
201718,2878,2024-05-04,Directo,Desktop,19,925,0,0,Inicio
201719,1986,2023-07-15,Correo,Desktop,9,1478,0,0,Producto
201720,2294,2023-01-17,Directo,Tablet,17,1116,0,0,Checkout
201721,1569,2022-11-03,Correo,Móvil,1,55,0,0,Confirmación
201722,2610,2022-11-16,Orgánico,Tablet,19,1411,0,0,Inicio
201723,1336,2024-10-15,"Meta Ads",Tablet,6,1270,0,0,Confirmación
201724,2637,2022-02-24,Orgánico,Tablet,1,522,1,1,Confirmación
201725,2936,2024-01-17,"TikTok Ads",Desktop,20,1200,0,0,Inicio
201726,NULL,2022-01-14,Correo,Móvil,16,1105,1,0,Confirmación
201727,1522,2022-03-22,"TikTok Ads",Tablet,13,203,0,0,Inicio
201728,NULL,2022-09-24,"TikTok Ads",Desktop,10,1439,0,0,Checkout
201729,1982,2023-04-27,Correo,Tablet,6,1697,0,0,Búsqueda
201730,1947,2023-02-21,Directo,Móvil,13,1262,0,0,Producto
201731,2841,2023-06-02,Orgánico,Móvil,12,1423,0,0,Producto
201732,2967,2024-12-20,"Meta Ads",Tablet,2,1299,1,0,Confirmación
201733,2446,2024-08-29,Orgánico,Desktop,5,730,0,0,Producto
201734,1852,2023-09-21,Correo,Desktop,4,726,0,0,Inicio
201735,1095,2022-11-27,"TikTok Ads",Móvil,8,1750,1,0,Carrito
201736,1330,2022-08-28,Directo,Tablet,10,927,1,1,Confirmación
201737,1533,2022-12-30,"Google Ads",Desktop,16,1655,0,0,Producto
201738,1434,2022-08-02,Directo,Móvil,15,1301,1,0,Carrito
201739,2639,2023-01-22,Directo,Desktop,16,60,0,0,Confirmación
201740,1911,2022-08-22,"TikTok Ads",Móvil,5,425,1,0,Confirmación
201741,2590,2022-03-12,"Google Ads",Tablet,11,193,1,0,Carrito
201742,1947,2024-08-05,Orgánico,Móvil,1,520,1,1,Confirmación
201743,2908,2024-06-29,"TikTok Ads",Desktop,3,1451,1,0,Confirmación
201744,2138,2022-04-15,"Meta Ads",Tablet,7,893,1,0,Carrito
201745,2185,2022-09-06,"Google Ads",Móvil,10,1520,1,0,Inicio
201746,2218,2024-04-18,"Google Ads",Móvil,6,909,1,0,Checkout
201747,2220,2022-01-13,"TikTok Ads",Desktop,19,440,1,0,Inicio
201748,2942,2024-08-14,Directo,Móvil,8,1302,0,0,Carrito
201749,2309,2023-04-01,Orgánico,Móvil,4,277,0,0,Confirmación
201750,2152,2024-01-25,"Meta Ads",Desktop,11,1791,0,0,Checkout
201751,2535,2023-05-07,"Google Ads",Móvil,7,1443,1,1,Confirmación
201752,NULL,2024-02-23,"Meta Ads",Desktop,16,26,0,0,Inicio
201753,2950,2022-09-09,Correo,Tablet,20,465,0,0,Confirmación
201754,2571,2024-10-05,Directo,Tablet,15,45,1,0,Confirmación
201755,1918,2022-01-22,"Google Ads",Tablet,3,674,0,0,Inicio
201756,1791,2022-04-25,Correo,Móvil,14,208,0,0,Checkout
201757,1044,2024-02-16,Directo,Desktop,7,1748,1,0,Producto
201758,1925,2023-10-29,"Google Ads",Móvil,20,628,0,0,Inicio
201759,2928,2024-10-28,Orgánico,Tablet,11,1488,0,0,Checkout
201760,1860,2023-12-25,"Google Ads",Tablet,6,1436,1,1,Confirmación
201761,2170,2024-03-14,"TikTok Ads",Desktop,4,1346,0,0,Inicio
201762,2006,2024-11-21,"TikTok Ads",Móvil,20,489,0,0,Producto
201763,2162,2024-02-01,"Meta Ads",Tablet,10,247,0,0,Búsqueda
201764,2427,2024-03-04,"Meta Ads",Tablet,20,597,0,0,Confirmación
201765,1285,2024-06-19,Orgánico,Móvil,15,853,1,1,Confirmación
201766,2094,2023-05-16,"Google Ads",Desktop,17,997,0,0,Checkout
201767,NULL,2023-10-04,"TikTok Ads",Tablet,13,962,1,0,Producto
201768,2622,2023-07-24,Directo,Tablet,17,194,0,0,Carrito
201769,2977,2023-02-10,"TikTok Ads",Tablet,19,1316,0,0,Inicio
201770,NULL,2024-01-31,"Google Ads",Tablet,16,309,0,0,Producto
201771,1814,2024-12-03,"TikTok Ads",Móvil,14,46,0,0,Checkout
201772,2254,2022-09-26,"Google Ads",Tablet,15,639,0,0,Búsqueda
201773,1926,2024-05-17,"Meta Ads",Desktop,7,1601,1,0,Confirmación
201774,2349,2023-11-16,Correo,Desktop,13,510,0,0,Checkout
201775,1375,2022-09-08,Correo,Desktop,17,983,0,0,Búsqueda
201776,NULL,2023-03-07,Orgánico,Tablet,20,1019,0,0,Inicio
201777,2777,2022-08-12,Directo,Desktop,7,905,0,0,Carrito
201778,1225,2023-11-15,"Meta Ads",Móvil,18,252,0,0,Búsqueda
201779,NULL,2023-11-23,Correo,Tablet,18,1093,0,0,Inicio
201780,2072,2023-04-18,Correo,Móvil,6,1627,0,0,Carrito
201781,NULL,2022-01-07,"Google Ads",Desktop,11,196,1,0,Inicio
201782,1080,2024-12-04,"Google Ads",Desktop,19,1128,1,0,Producto
201783,NULL,2024-07-24,"TikTok Ads",Desktop,2,877,1,0,Checkout
201784,2158,2023-06-05,"Google Ads",Tablet,14,132,1,0,Confirmación
201785,NULL,2024-04-03,"TikTok Ads",Desktop,12,711,0,0,Checkout
201786,2158,2024-04-23,Correo,Tablet,5,1781,0,0,Confirmación
201787,1274,2023-12-05,Correo,Tablet,20,1551,0,0,Checkout
201788,1899,2022-09-09,Directo,Desktop,6,57,0,0,Búsqueda
201789,2628,2023-08-10,Directo,Desktop,20,64,0,0,Checkout
201790,2700,2023-03-27,"Google Ads",Móvil,14,1771,1,0,Inicio
201791,2819,2023-12-19,Orgánico,Desktop,20,320,1,0,Confirmación
201792,NULL,2024-05-03,Correo,Tablet,10,73,0,0,Producto
201793,1245,2023-02-15,Orgánico,Móvil,12,243,0,0,Checkout
201794,1300,2022-02-23,Directo,Desktop,5,363,0,0,Producto
201795,NULL,2024-08-14,Correo,Tablet,5,930,0,0,Checkout
201796,2554,2022-11-14,"TikTok Ads",Desktop,15,317,1,0,Búsqueda
201797,1506,2023-12-15,Directo,Móvil,14,608,1,0,Carrito
201798,1740,2023-09-25,"Meta Ads",Tablet,6,174,0,0,Inicio
201799,1599,2023-07-12,Directo,Tablet,12,982,0,0,Carrito
201800,2119,2023-03-09,"Google Ads",Móvil,17,391,0,0,Búsqueda
201801,2042,2023-02-23,"Google Ads",Móvil,16,442,0,0,Búsqueda
201802,1624,2023-05-07,Correo,Móvil,19,605,0,0,Producto
201803,2554,2024-06-23,"Google Ads",Tablet,17,24,0,0,Carrito
201804,NULL,2022-05-23,"TikTok Ads",Desktop,8,29,1,0,Checkout
201805,NULL,2024-01-06,"Meta Ads",Móvil,4,119,0,0,Carrito
201806,2678,2023-04-17,"Google Ads",Móvil,8,292,1,1,Confirmación
201807,2749,2023-09-13,"TikTok Ads",Tablet,18,1654,0,0,Checkout
201808,2438,2022-12-08,Correo,Tablet,11,1184,0,0,Inicio
201809,1318,2023-05-24,Orgánico,Móvil,8,1056,1,0,Confirmación
201810,2594,2022-09-12,"Google Ads",Tablet,9,1681,1,1,Confirmación
201811,2733,2022-12-28,"Meta Ads",Desktop,8,622,0,0,Confirmación
201812,NULL,2023-10-11,Correo,Móvil,6,1065,0,0,Checkout
201813,2612,2024-06-03,"Meta Ads",Tablet,18,1733,0,0,Producto
201814,2635,2023-01-25,"Meta Ads",Desktop,8,263,1,0,Checkout
201815,2097,2023-12-05,"TikTok Ads",Desktop,16,130,0,0,Producto
201816,1006,2022-07-03,Correo,Tablet,1,1215,0,0,Carrito
201817,NULL,2022-04-18,Orgánico,Tablet,4,1324,0,0,Búsqueda
201818,1937,2022-08-10,"TikTok Ads",Tablet,14,141,0,0,Confirmación
201819,2820,2024-11-26,"Meta Ads",Tablet,1,457,0,0,Producto
201820,1797,2023-02-11,Orgánico,Tablet,11,497,0,0,Confirmación
201821,2869,2023-02-11,"Meta Ads",Móvil,20,239,0,0,Inicio
201822,2113,2024-12-25,"Meta Ads",Tablet,6,1093,0,0,Carrito
201823,2475,2023-11-07,Orgánico,Móvil,11,125,0,0,Carrito
201824,2967,2024-03-21,"TikTok Ads",Tablet,16,829,0,0,Búsqueda
201825,2393,2024-02-02,"Google Ads",Desktop,17,574,0,0,Búsqueda
201826,2376,2023-12-17,"TikTok Ads",Desktop,18,35,0,0,Confirmación
201827,NULL,2024-08-20,"Google Ads",Tablet,4,704,0,0,Producto
201828,2548,2023-01-18,"Meta Ads",Tablet,5,1447,1,0,Producto
201829,1086,2022-07-13,"Google Ads",Móvil,5,658,0,0,Confirmación
201830,1683,2024-08-15,Directo,Tablet,4,793,1,0,Inicio
201831,NULL,2023-06-02,"Google Ads",Tablet,2,1018,0,0,Inicio
201832,NULL,2022-10-16,Directo,Tablet,1,1689,1,0,Confirmación
201833,1934,2022-04-19,"TikTok Ads",Móvil,6,1711,1,0,Producto
201834,NULL,2024-02-06,Directo,Desktop,5,1296,0,0,Carrito
201835,2648,2022-04-21,Directo,Desktop,3,1628,1,0,Carrito
201836,2298,2024-09-28,Directo,Desktop,17,1621,0,0,Inicio
201837,2953,2022-07-17,"TikTok Ads",Desktop,20,1316,0,0,Carrito
201838,2059,2024-04-23,"TikTok Ads",Tablet,3,513,0,0,Búsqueda
201839,2172,2024-08-23,Correo,Móvil,9,47,0,0,Producto
201840,2513,2022-04-29,"Meta Ads",Desktop,14,1714,1,0,Producto
201841,1640,2023-08-04,"Meta Ads",Móvil,6,974,0,0,Búsqueda
201842,1531,2022-04-12,Orgánico,Desktop,18,858,0,0,Inicio
201843,1282,2023-08-24,"Meta Ads",Tablet,15,962,0,0,Checkout
201844,1539,2022-05-13,Orgánico,Móvil,10,1267,1,0,Producto
201845,1733,2022-11-05,"Google Ads",Desktop,15,1300,0,0,Confirmación
201846,1369,2022-08-29,Orgánico,Móvil,9,963,1,0,Confirmación
201847,2747,2023-01-30,"Google Ads",Tablet,8,1068,1,0,Confirmación
201848,1416,2023-08-21,"TikTok Ads",Tablet,14,515,0,0,Inicio
201849,1432,2024-02-09,Correo,Móvil,9,1271,0,0,Producto
201850,2067,2023-11-26,Directo,Móvil,3,1282,1,0,Producto
201851,2164,2023-08-18,"Meta Ads",Móvil,14,178,1,0,Búsqueda
201852,2500,2022-12-21,Directo,Tablet,6,1325,0,0,Checkout
201853,NULL,2024-10-03,"Google Ads",Móvil,10,27,0,0,Búsqueda
201854,1739,2024-05-21,Orgánico,Desktop,4,784,1,0,Confirmación
201855,2400,2024-04-16,"Google Ads",Tablet,12,766,0,0,Carrito
201856,1053,2022-06-04,Orgánico,Desktop,3,1312,0,0,Carrito
201857,NULL,2024-11-26,"Google Ads",Móvil,8,1183,0,0,Producto
201858,2632,2024-08-16,Orgánico,Móvil,10,673,0,0,Checkout
201859,2764,2023-12-08,Correo,Tablet,10,1616,0,0,Producto
201860,2778,2022-06-14,"TikTok Ads",Desktop,1,45,0,0,Carrito
201861,2288,2022-01-06,Orgánico,Tablet,4,649,0,0,Confirmación
201862,NULL,2022-03-01,Orgánico,Móvil,5,984,0,0,Checkout
201863,2232,2024-03-04,"Meta Ads",Móvil,15,1205,0,0,Checkout
201864,NULL,2022-02-17,Correo,Tablet,8,1744,0,0,Carrito
201865,1349,2023-03-04,Directo,Móvil,1,430,1,0,Inicio
201866,1224,2024-10-24,Directo,Móvil,1,999,0,0,Búsqueda
201867,1677,2023-04-26,"TikTok Ads",Tablet,19,1017,0,0,Búsqueda
201868,2903,2022-12-16,"TikTok Ads",Desktop,5,826,0,0,Checkout
201869,2619,2024-07-01,"Meta Ads",Tablet,9,361,1,0,Búsqueda
201870,NULL,2024-08-02,"TikTok Ads",Móvil,11,146,1,0,Producto
201871,NULL,2023-04-08,Orgánico,Desktop,4,474,0,0,Checkout
201872,1368,2022-04-26,"TikTok Ads",Móvil,16,509,1,0,Carrito
201873,2827,2024-12-05,"TikTok Ads",Desktop,17,1291,0,0,Inicio
201874,2066,2024-07-22,"TikTok Ads",Desktop,17,1005,0,0,Confirmación
201875,2219,2022-06-08,"Google Ads",Móvil,16,1382,0,0,Búsqueda
201876,NULL,2022-03-18,"Meta Ads",Desktop,3,996,0,0,Búsqueda
201877,1940,2023-11-01,Directo,Tablet,14,207,0,0,Producto
201878,2593,2022-02-17,Orgánico,Tablet,8,1788,0,0,Confirmación
201879,1549,2022-12-11,"Google Ads",Desktop,15,1761,0,0,Carrito
201880,2118,2023-10-28,"Meta Ads",Móvil,11,1166,0,0,Producto
201881,1582,2023-02-12,Correo,Desktop,11,1667,0,0,Búsqueda
201882,1981,2023-07-03,"Google Ads",Desktop,8,106,0,0,Checkout
201883,2056,2022-09-05,Directo,Desktop,13,786,0,0,Checkout
201884,NULL,2023-11-10,Orgánico,Tablet,9,969,0,0,Inicio
201885,2215,2022-12-02,"TikTok Ads",Tablet,7,786,1,0,Inicio
201886,2455,2023-07-14,Directo,Desktop,5,1229,0,0,Carrito
201887,1571,2023-09-11,"Meta Ads",Móvil,14,317,1,1,Confirmación
201888,2715,2024-03-21,Correo,Tablet,2,325,0,0,Producto
201889,2665,2024-09-09,"Meta Ads",Móvil,9,682,0,0,Búsqueda
201890,1778,2023-01-25,"Meta Ads",Móvil,15,1750,0,0,Producto
201891,1721,2022-05-05,"Meta Ads",Desktop,1,480,1,0,Confirmación
201892,NULL,2022-03-23,"Google Ads",Móvil,12,150,1,0,Carrito
201893,1575,2022-07-11,Correo,Móvil,14,997,1,0,Inicio
201894,2919,2022-06-06,Correo,Desktop,17,493,1,0,Producto
201895,2916,2024-08-11,"TikTok Ads",Móvil,18,256,1,0,Producto
201896,1951,2022-08-16,Directo,Tablet,19,1748,1,0,Checkout
201897,1564,2022-05-03,Correo,Móvil,13,897,0,0,Búsqueda
201898,1553,2022-12-12,Directo,Tablet,12,982,0,0,Confirmación
201899,NULL,2024-08-06,Orgánico,Tablet,14,388,0,0,Inicio
201900,NULL,2022-05-16,Orgánico,Móvil,1,1378,0,0,Checkout
201901,NULL,2024-05-09,"TikTok Ads",Móvil,13,365,0,0,Confirmación
201902,2849,2022-07-17,Directo,Móvil,20,1009,1,1,Confirmación
201903,2532,2024-09-30,Directo,Móvil,18,924,0,0,Carrito
201904,2673,2023-07-04,Directo,Desktop,20,408,0,0,Búsqueda
201905,1172,2023-10-09,"TikTok Ads",Móvil,8,361,0,0,Búsqueda
201906,NULL,2022-10-01,"TikTok Ads",Desktop,20,1374,0,0,Checkout
201907,1427,2024-11-17,"TikTok Ads",Tablet,12,1629,0,0,Inicio
201908,1544,2022-04-01,"Meta Ads",Tablet,15,196,0,0,Checkout
201909,2557,2022-12-17,"Meta Ads",Tablet,3,1324,0,0,Checkout
201910,2095,2023-07-30,"Meta Ads",Tablet,18,1103,1,0,Carrito
201911,NULL,2023-06-03,Directo,Tablet,6,439,1,0,Confirmación
201912,1675,2022-08-09,"Google Ads",Móvil,5,191,0,0,Checkout
201913,1148,2022-02-20,"Google Ads",Desktop,18,568,0,0,Confirmación
201914,2626,2024-01-03,"Meta Ads",Desktop,14,1432,1,1,Confirmación
201915,2048,2022-03-17,"TikTok Ads",Tablet,16,1236,0,0,Carrito
201916,2727,2024-05-26,"Meta Ads",Desktop,20,1626,0,0,Checkout
201917,2806,2023-12-22,Directo,Desktop,8,788,0,0,Producto
201918,1053,2023-04-29,"Google Ads",Móvil,18,860,0,0,Checkout
201919,2796,2024-10-31,Correo,Tablet,3,1000,1,1,Confirmación
201920,2772,2022-09-15,Correo,Desktop,17,296,0,0,Confirmación
201921,NULL,2022-12-16,Directo,Tablet,2,1124,0,0,Inicio
201922,2000,2023-05-14,"Meta Ads",Móvil,4,172,1,0,Checkout
201923,2383,2023-09-30,"Google Ads",Desktop,16,1638,0,0,Checkout
201924,1437,2023-06-17,Orgánico,Tablet,8,286,0,0,Producto
201925,1005,2022-02-18,"Google Ads",Tablet,19,764,1,0,Carrito
201926,2509,2024-12-28,Directo,Móvil,7,1569,0,0,Búsqueda
201927,1014,2024-07-01,Directo,Tablet,19,326,0,0,Inicio
201928,2394,2024-09-16,"Meta Ads",Móvil,7,886,0,0,Búsqueda
201929,2685,2024-08-15,"Google Ads",Móvil,7,707,0,0,Confirmación
201930,2812,2022-04-09,"TikTok Ads",Desktop,11,1588,1,0,Confirmación
201931,2246,2023-02-02,"Meta Ads",Tablet,10,142,1,0,Checkout
201932,2623,2022-02-24,Directo,Móvil,6,1294,0,0,Confirmación
201933,2796,2024-04-14,Directo,Desktop,14,1653,1,0,Carrito
201934,1312,2023-09-22,Directo,Tablet,11,745,0,0,Búsqueda
201935,2486,2024-06-05,Directo,Tablet,19,634,0,0,Checkout
201936,1890,2022-03-17,Directo,Móvil,8,617,1,0,Producto
201937,2023,2023-06-02,Directo,Tablet,17,1392,1,0,Inicio
201938,1370,2024-05-11,Correo,Desktop,4,936,1,0,Carrito
201939,2745,2024-09-25,"Meta Ads",Móvil,1,958,0,0,Confirmación
201940,1306,2023-04-04,"TikTok Ads",Tablet,13,1342,0,0,Carrito
201941,2651,2024-07-30,"TikTok Ads",Tablet,18,593,1,0,Producto
201942,1074,2024-01-11,"TikTok Ads",Desktop,14,1226,0,0,Checkout
201943,2160,2024-05-18,Orgánico,Móvil,18,1198,0,0,Producto
201944,2433,2022-06-03,"TikTok Ads",Desktop,18,719,1,0,Producto
201945,2771,2024-10-23,Correo,Desktop,14,605,0,0,Búsqueda
201946,NULL,2022-11-09,Directo,Móvil,5,513,1,1,Confirmación
201947,2424,2023-08-27,"TikTok Ads",Desktop,7,285,0,0,Producto
201948,1213,2023-11-09,Correo,Desktop,20,1595,1,0,Carrito
201949,1209,2023-02-07,Directo,Tablet,2,250,1,0,Inicio
201950,2805,2024-07-31,Correo,Desktop,9,945,0,0,Producto
201951,1965,2022-12-16,"Meta Ads",Tablet,20,1791,0,0,Inicio
201952,2580,2023-09-27,Directo,Móvil,13,1519,1,0,Confirmación
201953,2827,2023-05-22,"Google Ads",Móvil,6,1210,0,0,Búsqueda
201954,1221,2022-06-01,Correo,Móvil,5,1706,0,0,Confirmación
201955,2114,2024-05-16,Orgánico,Móvil,6,1347,0,0,Producto
201956,1866,2022-04-08,"Google Ads",Móvil,20,98,0,0,Producto
201957,2922,2024-09-14,Orgánico,Móvil,9,470,1,0,Búsqueda
201958,1999,2024-12-06,Orgánico,Desktop,13,265,1,0,Inicio
201959,1249,2023-01-08,Directo,Móvil,10,510,1,0,Carrito
201960,1572,2024-05-28,"TikTok Ads",Tablet,19,534,1,1,Confirmación
201961,2547,2022-06-22,Directo,Desktop,1,1377,1,1,Confirmación
201962,2355,2022-12-20,"Google Ads",Desktop,12,39,1,0,Búsqueda
201963,2849,2024-02-29,Orgánico,Móvil,1,142,0,0,Inicio
201964,1401,2024-07-05,"Meta Ads",Móvil,15,1077,0,0,Checkout
201965,1290,2024-06-03,Directo,Desktop,20,1733,0,0,Producto
201966,NULL,2024-02-09,Directo,Móvil,11,232,0,0,Producto
201967,NULL,2023-06-22,Directo,Móvil,1,1615,0,0,Carrito
201968,1615,2024-05-28,Directo,Tablet,16,534,0,0,Carrito
201969,1175,2022-04-15,Correo,Tablet,18,1107,1,1,Confirmación
201970,NULL,2023-01-23,"TikTok Ads",Móvil,19,1617,1,0,Checkout
201971,1939,2022-10-11,Orgánico,Desktop,6,1030,1,0,Búsqueda
201972,2980,2022-09-02,Orgánico,Desktop,5,556,1,0,Checkout
201973,1910,2023-08-24,"Meta Ads",Desktop,6,1609,0,0,Checkout
201974,2013,2023-01-19,Directo,Desktop,16,1505,0,0,Producto
201975,1638,2022-04-24,Directo,Desktop,16,1334,0,0,Confirmación
201976,1479,2024-07-22,"Google Ads",Tablet,4,1656,0,0,Búsqueda
201977,2756,2023-11-10,"Meta Ads",Móvil,7,163,1,0,Confirmación
201978,2731,2024-04-11,Directo,Móvil,13,361,0,0,Checkout
201979,2881,2024-08-22,"Google Ads",Móvil,6,957,1,1,Confirmación
201980,1711,2023-07-22,"Meta Ads",Tablet,18,1357,0,0,Búsqueda
201981,1984,2022-10-18,Correo,Desktop,8,252,0,0,Carrito
201982,NULL,2023-12-09,Correo,Tablet,17,472,0,0,Checkout
201983,2569,2024-06-17,Directo,Tablet,1,469,1,1,Confirmación
201984,2977,2024-03-06,Orgánico,Desktop,3,46,0,0,Carrito
201985,1166,2022-03-25,Directo,Móvil,17,705,0,0,Inicio
201986,2926,2022-06-24,"TikTok Ads",Desktop,1,1291,0,0,Producto
201987,2226,2024-09-05,Correo,Tablet,19,741,0,0,Checkout
201988,1728,2024-02-25,Correo,Desktop,18,788,1,0,Producto
201989,2807,2024-10-31,"TikTok Ads",Desktop,9,105,0,0,Carrito
201990,1905,2022-09-02,Orgánico,Móvil,2,1478,1,0,Checkout
201991,1396,2024-06-17,"TikTok Ads",Desktop,12,1263,0,0,Búsqueda
201992,2794,2023-03-13,Orgánico,Tablet,14,1697,1,0,Carrito
201993,1808,2023-12-06,"Meta Ads",Tablet,19,1412,1,0,Búsqueda
201994,2517,2023-07-12,"TikTok Ads",Desktop,2,1131,0,0,Carrito
201995,1042,2022-04-21,Correo,Desktop,7,65,0,0,Checkout
201996,2915,2022-02-06,Correo,Tablet,18,552,0,0,Producto
201997,1930,2022-06-21,"Meta Ads",Tablet,12,381,0,0,Inicio
201998,1551,2023-06-05,"Google Ads",Desktop,18,378,0,0,Búsqueda
201999,2354,2024-03-03,Directo,Móvil,19,525,1,0,Checkout
202000,2395,2022-04-09,"Meta Ads",Desktop,4,1800,1,0,Búsqueda
202001,2994,2022-10-27,Orgánico,Móvil,14,1526,1,0,Inicio
202002,2101,2023-04-27,"Meta Ads",Móvil,17,1613,1,0,Checkout
202003,2245,2024-02-10,"Google Ads",Desktop,4,840,0,0,Carrito
202004,1319,2024-09-22,Correo,Móvil,18,633,0,0,Búsqueda
202005,2070,2024-04-07,"Meta Ads",Desktop,19,722,1,0,Carrito
202006,2066,2024-07-19,Orgánico,Tablet,16,1499,1,0,Inicio
202007,2945,2023-04-15,Directo,Desktop,9,1544,0,0,Carrito
202008,1804,2024-08-17,"Google Ads",Desktop,19,855,1,0,Producto
202009,NULL,2024-08-28,"Google Ads",Móvil,20,1071,1,0,Producto
202010,1266,2024-11-10,Correo,Desktop,10,1129,0,0,Carrito
202011,1820,2023-03-10,Orgánico,Desktop,13,1728,1,0,Búsqueda
202012,2124,2024-02-05,"Google Ads",Tablet,11,808,1,0,Producto
202013,1837,2023-11-12,"TikTok Ads",Móvil,12,1202,1,0,Producto
202014,1899,2022-11-15,Orgánico,Móvil,5,1677,0,0,Producto
202015,2612,2023-04-04,"Google Ads",Móvil,6,1089,1,0,Carrito
202016,1616,2022-01-05,"Meta Ads",Tablet,3,698,0,0,Búsqueda
202017,2631,2024-08-24,"Meta Ads",Tablet,14,1644,0,0,Confirmación
202018,1063,2023-11-25,Correo,Tablet,1,292,1,0,Carrito
202019,1606,2023-03-15,Correo,Móvil,13,1659,1,0,Confirmación
202020,NULL,2023-12-18,Orgánico,Desktop,2,217,1,1,Confirmación
202021,2111,2022-08-01,"TikTok Ads",Desktop,10,1299,0,0,Búsqueda
202022,2807,2022-04-23,"Google Ads",Tablet,2,120,0,0,Producto
202023,1797,2024-03-24,Directo,Desktop,9,1086,0,0,Inicio
202024,1228,2024-10-23,"TikTok Ads",Móvil,7,1111,1,0,Búsqueda
202025,2500,2024-10-16,"Google Ads",Tablet,7,568,0,0,Producto
202026,2480,2024-10-21,"Google Ads",Desktop,10,1071,0,0,Confirmación
202027,1900,2024-03-04,"Meta Ads",Tablet,13,1038,1,0,Producto
202028,NULL,2022-01-03,"Google Ads",Desktop,19,1347,0,0,Inicio
202029,1093,2024-04-17,Correo,Desktop,4,285,1,0,Búsqueda
202030,2566,2023-06-03,"Google Ads",Tablet,8,1274,0,0,Confirmación
202031,2248,2022-01-25,Directo,Móvil,13,579,0,0,Producto
202032,1287,2023-08-12,Orgánico,Tablet,5,1243,0,0,Confirmación
202033,1130,2023-10-08,Orgánico,Desktop,8,1271,1,0,Búsqueda
202034,1718,2023-01-20,Orgánico,Tablet,1,850,0,0,Carrito
202035,1768,2022-08-23,Correo,Desktop,4,988,0,0,Búsqueda
202036,1833,2022-02-06,Orgánico,Desktop,11,1623,0,0,Búsqueda
202037,1150,2023-09-16,"TikTok Ads",Tablet,7,464,1,0,Producto
202038,NULL,2024-07-30,Directo,Móvil,3,1112,0,0,Checkout
202039,1695,2022-08-12,Orgánico,Móvil,4,1275,1,0,Producto
202040,2744,2023-07-04,Correo,Desktop,6,576,0,0,Confirmación
202041,1766,2023-02-02,"Meta Ads",Desktop,6,880,1,0,Inicio
202042,NULL,2023-04-10,"TikTok Ads",Desktop,2,1551,0,0,Producto
202043,2535,2022-08-22,Correo,Móvil,7,1521,1,0,Inicio
202044,1527,2024-01-12,Correo,Móvil,15,354,0,0,Confirmación
202045,1202,2023-05-06,"Meta Ads",Desktop,8,1716,0,0,Carrito
202046,2660,2024-11-14,"Meta Ads",Desktop,8,1771,0,0,Búsqueda
202047,2251,2024-01-12,"Meta Ads",Desktop,2,1332,0,0,Producto
202048,2554,2023-06-03,"Meta Ads",Móvil,2,1506,0,0,Inicio
202049,1434,2022-03-19,"Meta Ads",Tablet,16,403,1,0,Inicio
202050,2802,2023-07-09,Orgánico,Tablet,11,917,1,0,Búsqueda
202051,2236,2023-11-02,"Google Ads",Tablet,3,1563,0,0,Checkout
202052,2370,2023-06-15,"Google Ads",Desktop,10,96,0,0,Inicio
202053,2971,2024-03-22,"TikTok Ads",Móvil,4,307,1,0,Producto
202054,1449,2023-10-09,Orgánico,Tablet,7,105,0,0,Producto
202055,NULL,2022-08-02,"TikTok Ads",Tablet,7,799,0,0,Inicio
202056,1103,2022-03-18,"TikTok Ads",Desktop,19,1379,0,0,Inicio
202057,2722,2023-07-13,Directo,Móvil,18,922,0,0,Confirmación
202058,1367,2022-09-22,"Meta Ads",Desktop,14,1108,1,0,Confirmación
202059,1095,2023-06-10,Correo,Tablet,6,1618,0,0,Inicio
202060,2563,2024-02-14,"Meta Ads",Móvil,12,224,1,0,Producto
202061,2758,2023-05-29,Correo,Tablet,18,715,1,1,Confirmación
202062,NULL,2024-09-05,"Meta Ads",Tablet,16,256,0,0,Producto
202063,1359,2022-04-15,Correo,Tablet,12,42,0,0,Confirmación
202064,2247,2024-05-17,Correo,Móvil,10,835,0,0,Carrito
202065,2990,2024-03-19,"TikTok Ads",Móvil,1,1109,0,0,Carrito
202066,2105,2022-02-13,Correo,Desktop,14,1313,0,0,Producto
202067,2782,2023-08-03,"Google Ads",Desktop,19,202,0,0,Inicio
202068,1659,2024-07-12,"Google Ads",Tablet,11,530,0,0,Búsqueda
202069,NULL,2024-12-03,"Meta Ads",Tablet,3,1682,0,0,Inicio
202070,2913,2024-11-26,Orgánico,Tablet,12,723,0,0,Checkout
202071,1951,2022-11-14,Directo,Tablet,7,1765,1,0,Producto
202072,NULL,2024-07-18,Directo,Tablet,16,814,1,0,Producto
202073,1923,2024-04-15,"TikTok Ads",Desktop,10,1756,0,0,Búsqueda
202074,2040,2024-08-03,"TikTok Ads",Tablet,2,1161,0,0,Confirmación
202075,NULL,2023-01-27,"Google Ads",Tablet,15,1734,0,0,Confirmación
202076,NULL,2022-04-28,Orgánico,Desktop,5,1699,0,0,Producto
202077,2264,2024-10-27,Directo,Desktop,19,408,0,0,Producto
202078,2661,2024-04-12,Correo,Desktop,13,33,0,0,Checkout
202079,2742,2022-07-31,"Meta Ads",Desktop,11,631,0,0,Carrito
202080,2872,2022-01-31,Correo,Móvil,2,828,1,0,Búsqueda
202081,NULL,2023-01-26,"TikTok Ads",Tablet,19,162,1,0,Búsqueda
202082,1725,2023-11-02,"Meta Ads",Móvil,16,1269,0,0,Búsqueda
202083,1317,2024-02-15,Correo,Móvil,19,986,0,0,Producto
202084,1854,2023-03-29,"Google Ads",Móvil,6,281,0,0,Producto
202085,2472,2022-02-09,Orgánico,Móvil,19,1424,1,0,Carrito
202086,1205,2022-07-27,Directo,Móvil,10,1125,0,0,Búsqueda
202087,NULL,2023-08-22,"Google Ads",Móvil,17,1600,0,0,Confirmación
202088,2037,2023-07-19,Correo,Móvil,18,1641,0,0,Checkout
202089,NULL,2024-04-20,Orgánico,Tablet,15,413,1,0,Confirmación
202090,1589,2024-12-18,"Meta Ads",Móvil,11,1441,0,0,Confirmación
202091,1887,2022-11-25,Directo,Desktop,12,642,0,0,Carrito
202092,2238,2024-01-18,Orgánico,Tablet,15,1004,1,0,Búsqueda
202093,NULL,2024-03-17,"Meta Ads",Desktop,4,645,0,0,Carrito
202094,2514,2023-10-28,"TikTok Ads",Móvil,6,1724,0,0,Carrito
202095,1689,2022-04-04,"Meta Ads",Móvil,18,1221,0,0,Carrito
202096,2805,2023-04-20,"Google Ads",Tablet,20,998,1,0,Búsqueda
202097,2904,2022-01-25,Directo,Desktop,1,429,1,0,Inicio
202098,2708,2022-12-08,Directo,Móvil,4,1326,1,0,Checkout
202099,1526,2024-09-18,"Google Ads",Desktop,4,561,1,0,Carrito
202100,2475,2024-01-17,"TikTok Ads",Desktop,2,1146,0,0,Carrito
202101,2318,2024-09-11,"Meta Ads",Desktop,14,1319,1,0,Búsqueda
202102,1171,2023-04-24,Correo,Tablet,16,849,1,0,Búsqueda
202103,2525,2024-05-30,"Google Ads",Desktop,3,76,1,0,Carrito
202104,2558,2024-06-24,Correo,Tablet,15,1303,0,0,Producto
202105,1812,2023-04-10,Correo,Móvil,13,268,0,0,Búsqueda
202106,1899,2023-01-03,Orgánico,Desktop,7,1299,0,0,Confirmación
202107,2853,2022-07-20,Directo,Desktop,1,1532,0,0,Carrito
202108,NULL,2024-05-03,Correo,Móvil,3,1779,0,0,Checkout
202109,1763,2024-10-13,Correo,Tablet,7,655,0,0,Checkout
202110,NULL,2024-04-18,"Meta Ads",Desktop,17,1106,0,0,Confirmación
202111,2311,2024-06-03,Orgánico,Tablet,13,1165,0,0,Búsqueda
202112,1201,2024-08-23,"Meta Ads",Móvil,9,1776,1,0,Carrito
202113,2086,2023-04-21,Correo,Móvil,9,1390,1,0,Inicio
202114,1767,2022-08-07,Correo,Tablet,1,1782,0,0,Inicio
202115,2026,2024-04-13,"TikTok Ads",Tablet,4,1604,1,0,Producto
202116,1893,2023-05-22,"Meta Ads",Móvil,3,796,0,0,Inicio
202117,2229,2023-09-12,Orgánico,Desktop,4,591,1,1,Confirmación
202118,2658,2022-12-19,"Google Ads",Tablet,13,1499,0,0,Inicio
202119,2511,2022-08-09,Directo,Tablet,20,520,0,0,Inicio
202120,1605,2024-08-14,Correo,Móvil,19,1612,0,0,Checkout
202121,NULL,2022-12-19,"Meta Ads",Móvil,17,1556,0,0,Inicio
202122,1019,2023-04-27,Correo,Desktop,15,184,1,0,Búsqueda
202123,1436,2022-08-15,"TikTok Ads",Móvil,8,850,0,0,Inicio
202124,2102,2023-07-04,"TikTok Ads",Tablet,19,607,1,1,Confirmación
202125,1470,2024-11-18,"Meta Ads",Desktop,17,1103,0,0,Carrito
202126,NULL,2023-11-30,Directo,Desktop,14,256,1,0,Checkout
202127,NULL,2024-02-17,Correo,Tablet,14,242,0,0,Inicio
202128,NULL,2023-08-12,"Meta Ads",Tablet,19,1762,1,0,Producto
202129,2383,2023-10-06,"Google Ads",Desktop,15,300,0,0,Confirmación
202130,NULL,2022-11-22,Directo,Tablet,11,1115,0,0,Producto
202131,1830,2023-10-28,Orgánico,Desktop,20,1555,1,0,Confirmación
202132,2795,2023-06-06,Directo,Móvil,1,226,0,0,Producto
202133,2983,2024-02-17,"TikTok Ads",Desktop,9,1567,0,0,Confirmación
202134,2460,2023-11-01,"Meta Ads",Tablet,11,1574,0,0,Búsqueda
202135,1701,2022-11-25,Correo,Móvil,7,1605,0,0,Inicio
202136,2706,2022-12-23,Directo,Desktop,5,121,0,0,Producto
202137,2862,2023-11-22,"Meta Ads",Tablet,15,1341,1,1,Confirmación
202138,2555,2024-07-08,Directo,Móvil,11,1389,0,0,Producto
202139,NULL,2024-07-02,Correo,Tablet,6,1330,1,0,Carrito
202140,1034,2023-12-10,"Meta Ads",Tablet,14,659,0,0,Producto
202141,1989,2022-05-07,"Google Ads",Tablet,20,545,1,0,Producto
202142,2124,2023-01-31,Directo,Tablet,3,75,1,0,Confirmación
202143,1667,2024-06-02,"Meta Ads",Móvil,3,264,0,0,Confirmación
202144,1356,2022-09-08,Orgánico,Desktop,14,736,1,0,Carrito
202145,2515,2024-08-22,Directo,Desktop,11,1274,1,1,Confirmación
202146,2992,2022-10-01,Correo,Tablet,5,1017,0,0,Producto
202147,2767,2024-03-27,"TikTok Ads",Desktop,12,1495,0,0,Producto
202148,2984,2024-06-19,"TikTok Ads",Tablet,13,1588,0,0,Producto
202149,2761,2022-12-24,Orgánico,Móvil,18,680,0,0,Inicio
202150,2099,2024-12-06,"Google Ads",Móvil,14,1678,0,0,Confirmación
202151,NULL,2023-02-22,"Meta Ads",Desktop,11,980,1,0,Búsqueda
202152,2385,2024-01-06,Directo,Móvil,13,1793,0,0,Búsqueda
202153,2273,2022-08-27,Correo,Móvil,8,548,0,0,Carrito
202154,NULL,2024-09-29,"TikTok Ads",Desktop,9,324,0,0,Producto
202155,2498,2024-01-27,Orgánico,Tablet,13,1074,0,0,Checkout
202156,1795,2022-01-09,"Meta Ads",Desktop,12,135,0,0,Confirmación
202157,2453,2024-09-26,"Meta Ads",Móvil,13,923,0,0,Búsqueda
202158,2457,2024-03-16,"TikTok Ads",Móvil,7,1544,0,0,Checkout
202159,2940,2023-01-07,"TikTok Ads",Móvil,16,1278,0,0,Carrito
202160,NULL,2024-09-15,"Meta Ads",Móvil,8,1198,1,0,Inicio
202161,2634,2023-07-19,"Google Ads",Móvil,3,765,0,0,Inicio
202162,NULL,2023-09-15,Correo,Móvil,7,523,1,1,Confirmación
202163,2934,2024-01-27,"Google Ads",Desktop,9,101,1,0,Búsqueda
202164,1212,2023-11-27,Orgánico,Desktop,10,974,0,0,Checkout
202165,2729,2022-11-10,Orgánico,Tablet,3,70,0,0,Confirmación
202166,1218,2022-02-06,"Google Ads",Móvil,6,651,0,0,Checkout
202167,1116,2022-05-22,"TikTok Ads",Desktop,12,897,1,0,Producto
202168,2552,2023-06-29,"Google Ads",Móvil,14,439,0,0,Checkout
202169,1970,2024-03-29,"Google Ads",Móvil,14,723,1,0,Búsqueda
202170,1876,2022-04-01,Directo,Móvil,13,959,1,0,Inicio
202171,1418,2024-05-09,"TikTok Ads",Desktop,6,538,1,0,Producto
202172,2173,2022-12-08,"TikTok Ads",Móvil,18,479,0,0,Carrito
202173,1084,2023-09-24,"TikTok Ads",Tablet,8,743,0,0,Inicio
202174,2991,2023-08-21,Orgánico,Desktop,15,1143,0,0,Producto
202175,NULL,2022-09-04,Correo,Desktop,12,1701,0,0,Carrito
202176,2843,2024-04-25,Directo,Móvil,4,1149,1,0,Confirmación
202177,2665,2023-11-27,"TikTok Ads",Móvil,9,444,0,0,Confirmación
202178,1754,2023-11-04,Directo,Móvil,6,539,1,1,Confirmación
202179,2318,2024-07-18,"Google Ads",Desktop,17,729,1,0,Carrito
202180,2649,2023-05-11,Directo,Tablet,9,136,1,0,Confirmación
202181,2527,2023-02-25,Orgánico,Desktop,12,1434,0,0,Checkout
202182,2056,2023-09-13,Directo,Desktop,12,53,0,0,Búsqueda
202183,2611,2024-06-04,Orgánico,Móvil,11,1285,0,0,Producto
202184,2444,2023-07-30,Correo,Tablet,11,1508,0,0,Carrito
202185,1858,2024-02-16,"Google Ads",Desktop,3,1025,0,0,Producto
202186,1567,2024-08-25,Orgánico,Móvil,6,688,1,0,Checkout
202187,2699,2023-04-28,Orgánico,Desktop,16,546,0,0,Carrito
202188,2441,2024-06-24,Correo,Tablet,13,637,0,0,Carrito
202189,2825,2022-11-13,"Google Ads",Tablet,2,1219,0,0,Confirmación
202190,NULL,2023-11-02,"TikTok Ads",Tablet,7,827,0,0,Carrito
202191,2279,2022-03-16,"TikTok Ads",Tablet,3,847,0,0,Checkout
202192,1703,2024-09-28,Directo,Desktop,4,121,1,0,Inicio
202193,1754,2024-12-01,"Google Ads",Tablet,8,1446,0,0,Checkout
202194,1431,2024-12-20,"Google Ads",Desktop,4,1689,1,0,Confirmación
202195,2719,2022-10-29,"Google Ads",Desktop,15,922,1,0,Búsqueda
202196,2989,2022-01-02,Directo,Desktop,18,1099,1,0,Confirmación
202197,2695,2024-10-23,Correo,Móvil,17,718,0,0,Búsqueda
202198,2427,2024-03-18,"Meta Ads",Desktop,10,834,0,0,Confirmación
202199,1817,2022-12-03,Orgánico,Desktop,12,1501,1,0,Confirmación
202200,1506,2024-10-14,"Google Ads",Tablet,20,1066,1,0,Inicio
202201,1747,2023-01-17,"Google Ads",Desktop,18,558,0,0,Búsqueda
202202,2667,2022-01-24,Correo,Móvil,16,1610,1,0,Checkout
202203,2301,2022-09-20,"Meta Ads",Móvil,19,977,0,0,Carrito
202204,1166,2022-05-27,"TikTok Ads",Desktop,13,729,1,1,Confirmación
202205,2779,2024-10-19,"Google Ads",Desktop,1,512,0,0,Checkout
202206,NULL,2023-07-23,"Meta Ads",Móvil,18,365,1,0,Búsqueda
202207,1068,2022-01-17,"TikTok Ads",Desktop,20,682,0,0,Carrito
202208,1824,2024-04-28,Directo,Móvil,5,485,1,1,Confirmación
202209,2151,2024-07-29,Directo,Tablet,17,145,1,1,Confirmación
202210,1508,2024-02-28,"Meta Ads",Móvil,10,551,1,0,Checkout
202211,NULL,2023-07-23,"Meta Ads",Móvil,11,915,1,0,Confirmación
202212,1438,2022-01-06,Directo,Desktop,7,1593,0,0,Producto
202213,1219,2023-06-12,"TikTok Ads",Desktop,9,1244,1,0,Checkout
202214,1627,2023-06-14,"TikTok Ads",Tablet,13,331,0,0,Inicio
202215,2277,2024-03-28,"Meta Ads",Desktop,20,1182,0,0,Checkout
202216,2488,2023-11-10,Correo,Desktop,6,966,0,0,Producto
202217,1493,2024-07-21,Directo,Desktop,4,142,0,0,Búsqueda
202218,2923,2024-12-18,Correo,Móvil,5,431,0,0,Carrito
202219,NULL,2024-08-11,Orgánico,Tablet,13,156,0,0,Producto
202220,1668,2023-02-09,"Google Ads",Móvil,6,1558,1,0,Confirmación
202221,1483,2024-01-01,Correo,Móvil,2,645,0,0,Producto
202222,2035,2024-02-13,"Google Ads",Móvil,10,963,1,1,Confirmación
202223,2094,2024-04-24,"Meta Ads",Tablet,10,1174,0,0,Producto
202224,NULL,2022-08-07,"Meta Ads",Móvil,18,34,0,0,Confirmación
202225,1968,2023-11-23,Orgánico,Móvil,12,465,1,0,Inicio
202226,1126,2022-02-12,"TikTok Ads",Tablet,17,686,1,0,Búsqueda
202227,2866,2024-02-15,Directo,Desktop,6,24,0,0,Carrito
202228,1167,2023-10-06,Orgánico,Tablet,1,1546,0,0,Checkout
202229,1640,2022-08-30,"Meta Ads",Desktop,17,216,0,0,Confirmación
202230,2566,2022-06-21,Orgánico,Móvil,19,596,0,0,Producto
202231,1434,2022-02-03,Directo,Desktop,6,1426,0,0,Búsqueda
202232,1133,2024-06-18,Directo,Desktop,13,977,0,0,Producto
202233,NULL,2022-01-16,Orgánico,Desktop,10,111,0,0,Checkout
202234,2053,2023-12-14,"TikTok Ads",Tablet,12,1727,0,0,Checkout
202235,1073,2022-10-23,"Meta Ads",Tablet,10,892,0,0,Carrito
202236,2508,2024-07-23,Correo,Tablet,7,1581,0,0,Checkout
202237,1721,2023-09-01,Orgánico,Tablet,20,180,0,0,Producto
202238,1212,2024-07-20,Correo,Desktop,11,1198,1,0,Carrito
202239,1521,2024-11-29,Orgánico,Móvil,2,1509,0,0,Checkout
202240,2482,2024-06-01,Directo,Móvil,6,896,0,0,Producto
202241,2288,2024-04-18,"Google Ads",Desktop,6,1108,0,0,Búsqueda
202242,1700,2023-05-04,"Meta Ads",Tablet,2,497,1,0,Confirmación
202243,NULL,2023-12-08,Orgánico,Móvil,13,1594,0,0,Búsqueda
202244,2767,2022-11-15,Correo,Desktop,6,1289,1,0,Carrito
202245,2020,2022-02-27,"Meta Ads",Móvil,10,916,1,0,Confirmación
202246,1089,2022-02-06,"TikTok Ads",Tablet,4,1162,0,0,Inicio
202247,1635,2022-06-09,"TikTok Ads",Móvil,19,1583,0,0,Checkout
202248,NULL,2024-01-25,"TikTok Ads",Desktop,1,445,0,0,Checkout
202249,1101,2022-12-23,Orgánico,Tablet,6,430,0,0,Checkout
202250,1310,2023-01-25,"TikTok Ads",Desktop,15,1762,0,0,Producto
202251,NULL,2024-04-25,"TikTok Ads",Tablet,3,51,0,0,Checkout
202252,2338,2024-12-18,"TikTok Ads",Desktop,17,1058,0,0,Producto
202253,1337,2024-03-18,"TikTok Ads",Desktop,11,1018,1,0,Inicio
202254,1426,2023-03-09,"Meta Ads",Tablet,16,38,0,0,Checkout
202255,NULL,2023-05-11,"TikTok Ads",Tablet,10,336,0,0,Búsqueda
202256,1355,2024-03-15,Directo,Tablet,11,1352,0,0,Confirmación
202257,2314,2024-05-01,Orgánico,Desktop,4,85,1,0,Carrito
202258,1594,2023-02-23,Correo,Móvil,11,549,0,0,Producto
202259,2141,2024-11-03,Directo,Desktop,8,293,0,0,Carrito
202260,2927,2024-08-22,Directo,Tablet,19,1276,0,0,Búsqueda
202261,1656,2023-11-17,"Google Ads",Móvil,10,371,0,0,Producto
202262,2425,2024-11-17,"TikTok Ads",Móvil,19,583,0,0,Carrito
202263,1302,2024-11-30,Orgánico,Desktop,7,699,1,0,Producto
202264,2829,2022-05-18,Directo,Tablet,12,881,0,0,Búsqueda
202265,2886,2022-04-28,Directo,Tablet,4,1671,0,0,Producto
202266,1667,2022-06-12,"Meta Ads",Desktop,9,130,0,0,Carrito
202267,NULL,2022-04-02,"Meta Ads",Tablet,15,266,0,0,Producto
202268,2112,2022-08-12,"TikTok Ads",Desktop,19,1004,0,0,Producto
202269,2110,2023-12-22,Correo,Móvil,15,1770,1,0,Producto
202270,2175,2024-03-17,Orgánico,Móvil,4,904,0,0,Producto
202271,1593,2024-11-17,Directo,Tablet,5,1498,0,0,Inicio
202272,NULL,2022-11-08,"TikTok Ads",Tablet,19,1146,0,0,Checkout
202273,2338,2022-09-07,Directo,Desktop,14,291,1,0,Checkout
202274,1933,2023-03-18,Orgánico,Tablet,20,1565,1,1,Confirmación
202275,2821,2024-04-07,"TikTok Ads",Móvil,3,97,0,0,Carrito
202276,1998,2022-11-25,Directo,Tablet,11,1754,0,0,Carrito
202277,2558,2024-01-14,"TikTok Ads",Desktop,19,453,1,0,Confirmación
202278,1374,2022-10-28,"Google Ads",Tablet,17,1253,1,0,Checkout
202279,2065,2024-10-02,Correo,Desktop,10,28,0,0,Inicio
202280,1209,2023-01-20,Correo,Desktop,10,395,1,1,Confirmación
202281,1182,2022-11-20,"Google Ads",Desktop,8,619,1,0,Carrito
202282,2322,2022-12-27,"TikTok Ads",Desktop,18,1517,0,0,Inicio
202283,2330,2023-11-12,"Google Ads",Desktop,14,497,1,0,Checkout
202284,2235,2024-08-28,Correo,Tablet,11,1035,0,0,Inicio
202285,NULL,2022-02-04,"TikTok Ads",Desktop,3,1252,0,0,Producto
202286,1903,2022-02-18,Orgánico,Móvil,19,825,0,0,Confirmación
202287,1171,2022-06-17,"Google Ads",Desktop,5,1069,0,0,Carrito
202288,2580,2024-06-01,"TikTok Ads",Desktop,11,1693,0,0,Inicio
202289,NULL,2023-08-10,Correo,Móvil,10,865,0,0,Carrito
202290,2895,2023-06-04,"TikTok Ads",Desktop,3,298,0,0,Carrito
202291,2732,2024-05-16,"Meta Ads",Tablet,9,1407,1,0,Confirmación
202292,NULL,2022-09-29,Directo,Tablet,11,1105,1,0,Búsqueda
202293,2856,2022-05-28,Correo,Desktop,11,167,1,1,Confirmación
202294,2261,2024-10-06,Orgánico,Tablet,1,925,0,0,Inicio
202295,NULL,2024-07-18,Directo,Desktop,13,649,1,0,Inicio
202296,2648,2024-07-01,Correo,Desktop,4,620,0,0,Búsqueda
202297,2054,2023-10-20,"TikTok Ads",Móvil,12,985,0,0,Carrito
202298,2204,2022-07-16,Orgánico,Desktop,12,1194,0,0,Checkout
202299,2770,2024-03-08,"Google Ads",Desktop,14,1373,0,0,Checkout
202300,1856,2022-06-07,Orgánico,Tablet,18,1613,0,0,Búsqueda
202301,1208,2024-11-26,Directo,Móvil,15,1786,1,0,Carrito
202302,NULL,2023-01-24,Correo,Móvil,5,237,0,0,Inicio
202303,2276,2024-06-02,Directo,Desktop,2,731,1,0,Confirmación
202304,NULL,2022-10-07,Directo,Tablet,16,1329,0,0,Inicio
202305,2423,2023-10-06,"Google Ads",Tablet,1,1538,1,1,Confirmación
202306,NULL,2022-09-08,"Google Ads",Tablet,12,1420,0,0,Producto
202307,1845,2024-06-09,Directo,Desktop,19,1751,0,0,Inicio
202308,1167,2022-12-25,"Google Ads",Móvil,2,985,0,0,Producto
202309,1568,2024-10-21,Correo,Tablet,10,268,0,0,Búsqueda
202310,2350,2022-08-21,"Meta Ads",Tablet,3,1785,1,0,Inicio
202311,2157,2024-12-20,Directo,Móvil,13,269,0,0,Confirmación
202312,1671,2023-12-16,"Meta Ads",Desktop,14,404,1,0,Inicio
202313,2928,2022-12-08,"Meta Ads",Móvil,14,498,1,1,Confirmación
202314,2067,2023-07-17,Correo,Desktop,6,701,0,0,Confirmación
202315,1013,2022-09-19,"Google Ads",Móvil,15,30,0,0,Inicio
202316,2406,2022-03-23,Directo,Tablet,8,1509,0,0,Confirmación
202317,NULL,2022-05-11,Orgánico,Móvil,10,202,1,0,Checkout
202318,NULL,2023-01-19,Correo,Tablet,6,196,0,0,Confirmación
202319,2496,2023-04-17,"Google Ads",Tablet,9,1346,1,1,Confirmación
202320,1076,2023-04-05,"TikTok Ads",Tablet,12,571,1,0,Confirmación
202321,NULL,2022-10-24,Orgánico,Móvil,18,812,1,0,Producto
202322,2066,2024-11-22,"Meta Ads",Tablet,14,847,0,0,Inicio
202323,2833,2024-04-25,Correo,Móvil,7,743,0,0,Inicio
202324,1703,2023-01-30,"TikTok Ads",Tablet,10,552,0,0,Búsqueda
202325,1622,2023-04-28,Orgánico,Móvil,10,228,0,0,Inicio
202326,1328,2024-07-09,"Google Ads",Móvil,18,838,1,0,Búsqueda
202327,NULL,2023-03-09,Orgánico,Desktop,10,1617,0,0,Checkout
202328,1439,2022-02-01,Directo,Tablet,1,1653,1,0,Producto
202329,2029,2022-03-12,"Meta Ads",Desktop,11,651,0,0,Producto
202330,2762,2024-05-01,"Google Ads",Móvil,19,1631,1,0,Confirmación
202331,1083,2022-07-04,"Google Ads",Desktop,2,1163,0,0,Inicio
202332,2864,2024-09-05,"Meta Ads",Desktop,7,998,1,0,Checkout
202333,1878,2023-05-09,Orgánico,Desktop,20,1025,1,1,Confirmación
202334,1521,2023-06-25,"TikTok Ads",Tablet,9,1357,0,0,Carrito
202335,1389,2023-10-17,Directo,Desktop,3,1229,0,0,Carrito
202336,2011,2024-06-18,Correo,Tablet,11,1203,0,0,Carrito
202337,1190,2023-01-31,"Meta Ads",Móvil,12,1239,0,0,Carrito
202338,1480,2024-08-07,"Meta Ads",Móvil,12,1691,0,0,Confirmación
202339,2895,2024-11-08,Correo,Desktop,12,1526,1,1,Confirmación
202340,NULL,2022-05-17,Orgánico,Móvil,4,1274,0,0,Carrito
202341,NULL,2023-05-30,Correo,Tablet,15,1177,0,0,Confirmación
202342,2580,2022-08-03,Correo,Tablet,5,1584,0,0,Búsqueda
202343,2473,2022-01-23,"Meta Ads",Desktop,20,523,1,0,Inicio
202344,1432,2022-01-18,Directo,Tablet,6,725,1,0,Búsqueda
202345,NULL,2022-10-23,"Google Ads",Móvil,6,925,0,0,Producto
202346,1957,2024-10-30,Directo,Móvil,16,1523,0,0,Inicio
202347,2702,2023-10-17,Correo,Móvil,8,563,0,0,Carrito
202348,1138,2023-01-20,"Google Ads",Móvil,2,22,1,0,Confirmación
202349,1396,2023-06-02,"Meta Ads",Desktop,20,1305,0,0,Inicio
202350,2528,2024-07-30,"Google Ads",Desktop,13,165,0,0,Carrito
202351,2655,2023-07-30,"TikTok Ads",Tablet,4,1086,0,0,Producto
202352,1312,2023-05-14,Orgánico,Tablet,1,365,1,0,Producto
202353,NULL,2024-07-16,Correo,Tablet,5,1723,0,0,Producto
202354,NULL,2024-03-18,"TikTok Ads",Móvil,15,1768,0,0,Carrito
202355,2143,2023-01-13,"TikTok Ads",Desktop,9,121,0,0,Checkout
202356,1588,2023-03-19,Orgánico,Desktop,19,693,0,0,Checkout
202357,1926,2023-06-24,Directo,Tablet,11,1091,0,0,Checkout
202358,1175,2023-09-17,Orgánico,Desktop,12,1018,0,0,Búsqueda
202359,NULL,2022-02-13,"TikTok Ads",Tablet,10,983,0,0,Carrito
202360,2715,2023-07-12,Directo,Móvil,11,1135,1,0,Inicio
202361,2216,2024-11-08,"Google Ads",Tablet,9,590,1,0,Confirmación
202362,NULL,2022-12-07,Directo,Desktop,9,1157,1,0,Producto
202363,2754,2022-01-27,"Google Ads",Tablet,7,1162,0,0,Confirmación
202364,2885,2024-07-09,Orgánico,Móvil,11,135,1,0,Inicio
202365,NULL,2022-05-15,Orgánico,Móvil,20,1434,0,0,Producto
202366,2082,2023-07-18,"TikTok Ads",Desktop,14,588,0,0,Checkout
202367,1179,2022-01-01,"TikTok Ads",Móvil,18,124,0,0,Carrito
202368,2785,2024-06-20,"Google Ads",Móvil,10,981,0,0,Checkout
202369,2230,2023-12-05,Correo,Desktop,13,914,1,0,Confirmación
202370,1303,2023-06-01,Orgánico,Desktop,18,1046,0,0,Checkout
202371,2627,2024-09-24,"Meta Ads",Móvil,18,1641,1,0,Confirmación
202372,NULL,2022-04-04,Correo,Desktop,8,601,1,0,Búsqueda
202373,2378,2023-03-27,Orgánico,Tablet,11,1495,1,0,Búsqueda
202374,1604,2024-04-08,"Google Ads",Desktop,4,1575,0,0,Búsqueda
202375,1494,2024-08-02,Correo,Desktop,12,521,0,0,Confirmación
202376,2965,2024-10-03,Orgánico,Tablet,3,1699,0,0,Checkout
202377,2114,2022-02-12,"Meta Ads",Tablet,15,413,1,0,Producto
202378,2625,2024-11-23,"Google Ads",Móvil,8,477,0,0,Producto
202379,2487,2022-10-02,"Google Ads",Tablet,1,46,0,0,Checkout
202380,NULL,2023-02-08,Orgánico,Móvil,13,1242,0,0,Confirmación
202381,NULL,2024-07-23,Directo,Tablet,17,1700,1,0,Búsqueda
202382,NULL,2024-11-08,Orgánico,Tablet,20,96,0,0,Inicio
202383,2821,2023-01-11,"Meta Ads",Móvil,17,1345,0,0,Confirmación
202384,1667,2024-02-04,"Meta Ads",Tablet,4,922,1,0,Confirmación
202385,1808,2024-03-01,Directo,Móvil,7,25,1,0,Checkout
202386,NULL,2024-05-15,"Meta Ads",Desktop,6,1758,1,1,Confirmación
202387,2783,2023-01-28,Directo,Tablet,9,1090,1,0,Checkout
202388,1234,2023-05-16,Correo,Tablet,16,298,0,0,Checkout
202389,1372,2024-03-05,"Google Ads",Móvil,3,439,0,0,Inicio
202390,2414,2023-10-03,Orgánico,Móvil,19,1432,0,0,Producto
202391,NULL,2024-05-19,Directo,Móvil,16,1501,0,0,Inicio
202392,2796,2024-11-23,"Meta Ads",Tablet,15,1737,0,0,Confirmación
202393,1294,2024-10-21,Orgánico,Móvil,4,166,1,0,Confirmación
202394,2958,2022-02-03,"Google Ads",Desktop,15,1076,0,0,Inicio
202395,1623,2022-08-09,"Google Ads",Desktop,9,701,0,0,Confirmación
202396,1207,2022-01-17,"Google Ads",Tablet,8,181,0,0,Búsqueda
202397,1926,2022-10-07,"Google Ads",Desktop,19,45,0,0,Confirmación
202398,1607,2023-08-26,Directo,Tablet,17,69,0,0,Carrito
202399,1503,2023-01-14,"Google Ads",Desktop,3,1011,0,0,Inicio
202400,2486,2024-10-14,Directo,Móvil,1,1331,0,0,Confirmación
202401,NULL,2023-05-21,Correo,Desktop,9,650,1,0,Confirmación
202402,2041,2024-10-27,"TikTok Ads",Tablet,2,1656,0,0,Búsqueda
202403,2300,2024-01-20,"Meta Ads",Tablet,11,1799,1,0,Checkout
202404,1949,2024-04-03,"Google Ads",Móvil,15,1536,0,0,Confirmación
202405,NULL,2022-08-13,Correo,Desktop,10,608,0,0,Producto
202406,2388,2023-06-29,"Meta Ads",Móvil,7,737,0,0,Carrito
202407,1200,2023-02-11,"Google Ads",Móvil,15,546,0,0,Inicio
202408,NULL,2023-08-17,"TikTok Ads",Móvil,2,1563,1,0,Checkout
202409,2413,2022-12-25,Correo,Desktop,18,973,0,0,Búsqueda
202410,1083,2024-03-19,"Meta Ads",Móvil,14,174,1,0,Búsqueda
202411,1209,2022-06-17,"TikTok Ads",Desktop,3,1205,0,0,Producto
202412,2156,2024-11-12,Correo,Tablet,19,276,1,1,Confirmación
202413,2357,2023-08-12,Directo,Tablet,2,1795,0,0,Producto
202414,1133,2022-09-12,Correo,Tablet,18,703,0,0,Búsqueda
202415,1488,2022-03-17,"Meta Ads",Tablet,16,541,1,0,Producto
202416,2401,2023-03-27,Directo,Tablet,14,1087,0,0,Carrito
202417,2459,2024-12-10,"TikTok Ads",Tablet,17,1126,0,0,Producto
202418,NULL,2023-06-22,Correo,Desktop,16,1023,0,0,Producto
202419,2877,2024-11-28,"Google Ads",Móvil,19,589,0,0,Carrito
202420,NULL,2023-01-21,"Google Ads",Tablet,8,996,0,0,Confirmación
202421,2032,2023-12-11,Correo,Móvil,13,1012,1,0,Checkout
202422,NULL,2023-03-23,"Google Ads",Móvil,4,84,1,0,Inicio
202423,1677,2022-04-15,Correo,Tablet,13,519,0,0,Carrito
202424,2660,2023-03-21,Directo,Tablet,6,1360,1,0,Carrito
202425,2390,2022-08-22,Orgánico,Tablet,8,842,1,0,Checkout
202426,2743,2022-06-09,"Google Ads",Móvil,3,1048,1,0,Producto
202427,1482,2023-02-24,"Meta Ads",Desktop,2,721,1,0,Inicio
202428,1648,2023-11-06,Orgánico,Tablet,17,467,0,0,Checkout
202429,1368,2024-07-22,"Google Ads",Móvil,1,517,0,0,Inicio
202430,2879,2023-07-24,"Meta Ads",Tablet,6,433,0,0,Inicio
202431,2998,2024-07-07,Orgánico,Desktop,17,461,0,0,Producto
202432,NULL,2024-06-29,"TikTok Ads",Móvil,8,1741,0,0,Carrito
202433,NULL,2022-02-01,"Google Ads",Tablet,7,851,1,1,Confirmación
202434,1084,2023-07-28,Correo,Móvil,10,550,0,0,Confirmación
202435,1103,2023-03-15,"Meta Ads",Tablet,17,767,0,0,Checkout
202436,2766,2022-12-20,"Google Ads",Tablet,3,353,1,0,Carrito
202437,2311,2024-03-26,Directo,Tablet,18,130,0,0,Producto
202438,2147,2024-08-17,Correo,Móvil,12,1016,0,0,Búsqueda
202439,1706,2023-09-30,"Meta Ads",Desktop,14,206,1,0,Inicio
202440,2361,2023-05-02,Correo,Móvil,2,1384,0,0,Producto
202441,2780,2023-04-10,"Meta Ads",Tablet,15,478,0,0,Checkout
202442,NULL,2022-01-16,Directo,Tablet,10,564,1,0,Confirmación
202443,2961,2023-01-19,"Google Ads",Móvil,19,206,0,0,Búsqueda
202444,NULL,2024-08-31,Correo,Tablet,6,582,0,0,Confirmación
202445,1472,2024-02-19,"TikTok Ads",Móvil,8,335,0,0,Checkout
202446,2441,2024-11-12,Directo,Desktop,4,245,1,0,Búsqueda
202447,NULL,2023-05-23,Directo,Móvil,4,1094,0,0,Confirmación
202448,1734,2023-07-10,Orgánico,Desktop,2,276,0,0,Carrito
202449,2444,2023-09-01,Directo,Móvil,20,1593,0,0,Inicio
202450,2121,2022-04-15,"TikTok Ads",Desktop,14,183,0,0,Búsqueda
202451,2994,2022-06-24,Directo,Móvil,7,256,0,0,Carrito
202452,2006,2022-10-19,Correo,Móvil,3,919,1,0,Búsqueda
202453,1640,2024-06-18,"Google Ads",Tablet,9,737,1,0,Carrito
202454,2660,2024-11-04,Correo,Desktop,8,903,0,0,Búsqueda
202455,1825,2023-06-21,Orgánico,Desktop,19,1627,1,0,Inicio
202456,2358,2023-11-10,"Google Ads",Desktop,3,716,0,0,Checkout
202457,1861,2022-02-04,"Google Ads",Móvil,10,1772,0,0,Producto
202458,1643,2023-07-20,Orgánico,Desktop,1,1569,1,0,Checkout
202459,2668,2024-01-31,Directo,Móvil,8,288,1,0,Búsqueda
202460,2857,2024-01-30,"TikTok Ads",Móvil,7,57,0,0,Carrito
202461,1781,2024-11-22,"Google Ads",Móvil,14,1375,0,0,Producto
202462,2835,2022-02-04,"TikTok Ads",Desktop,2,1542,0,0,Confirmación
202463,2899,2022-03-25,Correo,Desktop,20,789,0,0,Confirmación
202464,1059,2022-07-03,Correo,Tablet,6,452,0,0,Confirmación
202465,NULL,2023-01-07,"Meta Ads",Desktop,12,477,1,0,Producto
202466,1234,2024-01-20,"TikTok Ads",Tablet,7,286,1,0,Carrito
202467,1188,2023-12-27,"Meta Ads",Móvil,12,1773,0,0,Producto
202468,1657,2022-07-17,Directo,Desktop,12,307,0,0,Producto
202469,NULL,2024-03-20,"Google Ads",Desktop,17,353,0,0,Producto
202470,1033,2022-01-13,Directo,Tablet,19,1332,1,0,Inicio
202471,1926,2022-07-21,"TikTok Ads",Móvil,13,1384,0,0,Inicio
202472,NULL,2023-07-04,"Meta Ads",Desktop,3,672,1,0,Carrito
202473,2696,2022-11-27,"Google Ads",Móvil,4,1718,0,0,Inicio
202474,NULL,2024-03-04,"Google Ads",Desktop,20,56,0,0,Producto
202475,NULL,2023-01-21,Directo,Desktop,18,1426,0,0,Inicio
202476,NULL,2024-01-24,"Google Ads",Móvil,6,1118,1,0,Inicio
202477,1225,2022-10-24,Orgánico,Desktop,14,687,0,0,Inicio
202478,2118,2022-01-21,"TikTok Ads",Móvil,6,358,0,0,Confirmación
202479,NULL,2022-05-07,Correo,Tablet,17,997,0,0,Búsqueda
202480,1182,2023-01-12,Correo,Móvil,9,1361,1,0,Carrito
202481,1546,2024-08-22,Directo,Desktop,12,1222,1,0,Búsqueda
202482,1583,2024-06-16,Orgánico,Tablet,16,1557,1,0,Inicio
202483,1846,2022-09-03,Directo,Tablet,4,516,0,0,Inicio
202484,NULL,2022-06-02,Directo,Tablet,10,1332,1,0,Checkout
202485,NULL,2023-02-04,"Google Ads",Tablet,17,1300,0,0,Carrito
202486,2047,2022-09-26,"Meta Ads",Desktop,13,857,0,0,Inicio
202487,1361,2022-12-08,Directo,Desktop,14,683,0,0,Búsqueda
202488,2815,2023-12-25,Correo,Desktop,5,915,0,0,Búsqueda
202489,NULL,2022-04-06,Orgánico,Móvil,12,912,0,0,Confirmación
202490,1767,2023-07-08,"Meta Ads",Tablet,12,1207,0,0,Producto
202491,1403,2022-01-18,Orgánico,Móvil,1,1665,0,0,Confirmación
202492,1821,2023-02-09,Correo,Desktop,15,511,0,0,Checkout
202493,2130,2023-04-09,"TikTok Ads",Tablet,13,474,0,0,Checkout
202494,1553,2022-02-28,Orgánico,Desktop,9,1277,0,0,Carrito
202495,1967,2023-10-04,"TikTok Ads",Tablet,7,475,0,0,Búsqueda
202496,NULL,2023-02-11,Directo,Desktop,7,1284,0,0,Inicio
202497,1826,2023-01-14,"Meta Ads",Desktop,8,1375,1,0,Confirmación
202498,2025,2024-10-08,"Meta Ads",Tablet,11,82,0,0,Confirmación
202499,1286,2023-07-24,Orgánico,Móvil,5,1609,1,0,Búsqueda
202500,1596,2023-11-17,Directo,Móvil,11,1063,0,0,Checkout
202501,1423,2022-10-10,"TikTok Ads",Desktop,17,1639,0,0,Producto
202502,1479,2023-10-04,Orgánico,Móvil,3,1795,1,0,Inicio
202503,1533,2022-04-21,"TikTok Ads",Tablet,16,1406,0,0,Búsqueda
202504,1943,2023-04-07,Correo,Tablet,11,858,0,0,Búsqueda
202505,2347,2022-05-12,"Meta Ads",Móvil,11,314,0,0,Carrito
202506,2223,2023-09-06,Correo,Tablet,4,794,0,0,Confirmación
202507,NULL,2023-01-13,"Google Ads",Desktop,4,1773,0,0,Búsqueda
202508,2035,2022-10-01,Correo,Tablet,9,1019,1,0,Carrito
202509,1685,2023-11-07,"Meta Ads",Tablet,5,1553,0,0,Confirmación
202510,2049,2022-07-30,"Meta Ads",Tablet,1,1573,0,0,Búsqueda
202511,2680,2023-09-27,Correo,Tablet,18,475,1,0,Confirmación
202512,1123,2023-10-02,Correo,Móvil,19,170,1,0,Búsqueda
202513,1223,2023-01-08,Orgánico,Desktop,11,1556,0,0,Carrito
202514,2116,2024-04-22,Directo,Móvil,9,1635,0,0,Checkout
202515,NULL,2022-10-17,"Meta Ads",Tablet,6,180,1,0,Checkout
202516,2486,2023-09-28,"Google Ads",Desktop,8,185,0,0,Producto
202517,2790,2024-04-20,"Meta Ads",Tablet,20,909,0,0,Inicio
202518,1932,2023-10-29,"TikTok Ads",Móvil,5,1403,0,0,Inicio
202519,2203,2024-04-29,"Meta Ads",Tablet,16,1204,0,0,Producto
202520,1539,2022-09-17,Correo,Tablet,16,1470,0,0,Confirmación
202521,1409,2022-03-31,Orgánico,Desktop,9,1436,0,0,Checkout
202522,2300,2024-01-04,"Google Ads",Tablet,13,1697,0,0,Carrito
202523,1002,2022-04-19,Correo,Tablet,16,516,0,0,Confirmación
202524,2517,2022-01-22,"Meta Ads",Desktop,1,458,1,0,Producto
202525,2219,2023-10-11,Directo,Desktop,4,341,0,0,Producto
202526,1432,2023-07-11,"TikTok Ads",Tablet,14,435,0,0,Checkout
202527,1369,2022-02-18,Directo,Desktop,8,1529,0,0,Inicio
202528,1665,2022-04-28,Correo,Móvil,18,922,0,0,Producto
202529,2190,2024-09-09,"TikTok Ads",Desktop,15,307,1,0,Búsqueda
202530,1298,2022-02-03,Correo,Tablet,16,408,0,0,Confirmación
202531,2938,2024-02-03,Directo,Móvil,9,665,0,0,Checkout
202532,2895,2022-01-19,Directo,Desktop,9,360,1,0,Inicio
202533,2170,2024-01-02,Correo,Móvil,14,1294,0,0,Checkout
202534,1882,2023-07-06,Directo,Desktop,20,233,0,0,Búsqueda
202535,1589,2022-07-12,"Meta Ads",Desktop,9,729,0,0,Carrito
202536,1027,2024-11-09,"TikTok Ads",Desktop,19,758,0,0,Producto
202537,2029,2022-02-17,"Google Ads",Tablet,17,1758,1,0,Checkout
202538,2378,2023-04-22,"Meta Ads",Tablet,8,1750,1,0,Producto
202539,2325,2023-01-14,Orgánico,Desktop,9,1097,1,0,Producto
202540,1476,2024-04-22,Directo,Desktop,4,1606,1,0,Producto
202541,1445,2023-08-29,Directo,Desktop,17,1296,0,0,Carrito
202542,2374,2022-09-01,Orgánico,Móvil,12,867,1,1,Confirmación
202543,2010,2024-07-10,Correo,Desktop,1,1244,1,0,Carrito
202544,2382,2023-04-14,"Google Ads",Móvil,6,792,1,0,Producto
202545,1695,2024-05-26,Orgánico,Móvil,19,959,1,0,Checkout
202546,1085,2023-12-05,"Google Ads",Móvil,1,156,0,0,Búsqueda
202547,2876,2022-09-16,"Google Ads",Móvil,7,1171,0,0,Carrito
202548,1936,2024-10-07,Orgánico,Móvil,20,537,0,0,Carrito
202549,1335,2023-06-19,"Meta Ads",Desktop,6,210,0,0,Confirmación
202550,2418,2022-05-04,Orgánico,Tablet,2,1301,0,0,Inicio
202551,2471,2023-04-24,Orgánico,Tablet,19,567,0,0,Carrito
202552,1270,2022-11-01,Orgánico,Móvil,16,217,0,0,Checkout
202553,1951,2022-10-09,Correo,Desktop,18,702,1,0,Checkout
202554,1596,2024-12-08,"Meta Ads",Tablet,11,1453,0,0,Checkout
202555,NULL,2024-04-12,"TikTok Ads",Móvil,17,883,0,0,Inicio
202556,NULL,2022-02-21,Correo,Tablet,13,1098,0,0,Inicio
202557,1711,2022-02-20,Correo,Móvil,3,1334,0,0,Búsqueda
202558,NULL,2024-01-07,"Google Ads",Móvil,10,419,1,0,Producto
202559,1315,2023-07-12,Directo,Móvil,10,347,0,0,Confirmación
202560,2230,2024-08-14,Orgánico,Desktop,2,1156,0,0,Búsqueda
202561,1869,2022-02-01,Correo,Móvil,7,157,1,0,Carrito
202562,2794,2024-09-25,"TikTok Ads",Tablet,7,1536,0,0,Carrito
202563,1827,2022-02-09,"TikTok Ads",Tablet,5,840,0,0,Checkout
202564,2281,2023-09-13,Directo,Tablet,6,1620,0,0,Producto
202565,NULL,2024-08-01,Directo,Tablet,4,431,0,0,Inicio
202566,1368,2022-03-25,Directo,Móvil,16,1422,0,0,Producto
202567,2504,2023-10-18,Correo,Tablet,14,1096,1,0,Inicio
202568,2921,2024-01-29,"Meta Ads",Desktop,1,553,0,0,Checkout
202569,1467,2022-11-24,"TikTok Ads",Desktop,11,1303,1,0,Búsqueda
202570,1744,2023-10-28,Correo,Tablet,8,584,1,0,Carrito
202571,2419,2024-04-16,Orgánico,Móvil,5,1793,0,0,Inicio
202572,NULL,2022-08-22,"Meta Ads",Tablet,1,1518,0,0,Búsqueda
202573,NULL,2022-02-15,Orgánico,Desktop,18,358,1,0,Producto
202574,2009,2024-02-22,"Meta Ads",Tablet,19,1666,0,0,Búsqueda
202575,1586,2023-02-05,Directo,Desktop,20,1522,0,0,Checkout
202576,1309,2023-08-02,Directo,Móvil,5,19,0,0,Producto
202577,2075,2023-09-14,Correo,Desktop,3,75,1,0,Confirmación
202578,2999,2023-08-04,Correo,Móvil,11,1147,0,0,Búsqueda
202579,1153,2023-09-25,"TikTok Ads",Móvil,7,1292,1,1,Confirmación
202580,1929,2022-04-29,"Meta Ads",Desktop,9,1486,1,1,Confirmación
202581,2390,2024-09-13,Correo,Tablet,6,697,0,0,Producto
202582,1210,2024-03-30,"Meta Ads",Móvil,2,512,0,0,Producto
202583,1635,2022-10-29,Orgánico,Tablet,17,506,0,0,Checkout
202584,1567,2023-01-29,Directo,Tablet,12,1186,0,0,Confirmación
202585,NULL,2023-05-03,Directo,Tablet,6,1064,0,0,Carrito
202586,NULL,2022-10-21,Orgánico,Tablet,4,1288,0,0,Confirmación
202587,2106,2023-08-02,Correo,Desktop,14,877,0,0,Carrito
202588,1603,2022-07-30,"TikTok Ads",Móvil,2,1648,0,0,Carrito
202589,1681,2024-03-23,"Google Ads",Desktop,11,585,0,0,Inicio
202590,1465,2024-09-26,"TikTok Ads",Desktop,3,164,1,0,Checkout
202591,1998,2023-02-19,Correo,Móvil,16,399,1,0,Confirmación
202592,2409,2023-03-27,Orgánico,Tablet,12,1404,0,0,Confirmación
202593,1539,2024-04-08,"Google Ads",Móvil,5,111,0,0,Carrito
202594,1582,2023-04-11,"Meta Ads",Móvil,11,402,0,0,Carrito
202595,1297,2023-01-05,"Google Ads",Móvil,6,695,0,0,Búsqueda
202596,2595,2023-10-11,"Meta Ads",Desktop,2,159,0,0,Producto
202597,1747,2024-06-04,Correo,Móvil,10,127,1,1,Confirmación
202598,1083,2023-09-03,"TikTok Ads",Móvil,14,250,0,0,Carrito
202599,1681,2022-01-25,"TikTok Ads",Desktop,4,1717,1,0,Confirmación
202600,2780,2023-03-09,Correo,Tablet,18,1694,1,0,Producto
202601,2198,2023-10-24,"TikTok Ads",Desktop,6,1149,1,0,Confirmación
202602,1870,2023-06-23,"Meta Ads",Desktop,1,1617,0,0,Inicio
202603,NULL,2024-09-22,"TikTok Ads",Tablet,16,844,0,0,Carrito
202604,2845,2024-09-10,"Google Ads",Tablet,8,1561,0,0,Confirmación
202605,1583,2022-12-01,Correo,Desktop,9,832,0,0,Confirmación
202606,2303,2024-11-28,Directo,Desktop,10,971,0,0,Búsqueda
202607,1988,2023-08-13,"TikTok Ads",Móvil,12,592,0,0,Producto
202608,NULL,2023-09-05,"Meta Ads",Móvil,2,307,0,0,Checkout
202609,NULL,2024-09-14,Directo,Desktop,20,1472,0,0,Producto
202610,NULL,2022-04-25,"Meta Ads",Tablet,6,695,1,0,Inicio
202611,NULL,2023-08-08,"Google Ads",Móvil,13,1544,0,0,Búsqueda
202612,2108,2022-05-13,Correo,Tablet,11,1429,0,0,Carrito
202613,1464,2024-06-16,Correo,Móvil,10,483,0,0,Confirmación
202614,1187,2022-01-18,"Google Ads",Móvil,6,1221,0,0,Carrito
202615,1626,2024-02-01,"Google Ads",Tablet,2,1002,1,0,Inicio
202616,NULL,2024-10-27,Directo,Móvil,17,1710,0,0,Producto
202617,2981,2022-08-15,Correo,Móvil,9,1241,0,0,Producto
202618,1084,2023-11-29,Orgánico,Móvil,15,1747,1,0,Búsqueda
202619,2677,2023-03-19,Correo,Tablet,5,1506,1,0,Confirmación
202620,1629,2023-03-05,Correo,Tablet,4,245,0,0,Checkout
202621,2144,2023-10-13,"Google Ads",Tablet,7,1750,0,0,Búsqueda
202622,1727,2022-12-26,Directo,Tablet,12,448,0,0,Inicio
202623,NULL,2024-06-27,Orgánico,Móvil,17,785,0,0,Confirmación
202624,1034,2023-03-13,"Meta Ads",Desktop,8,882,1,0,Inicio
202625,2372,2023-11-09,"Google Ads",Móvil,3,336,0,0,Checkout
202626,1979,2024-04-18,Orgánico,Tablet,16,524,0,0,Checkout
202627,NULL,2023-10-17,"TikTok Ads",Móvil,18,1061,1,0,Confirmación
202628,1921,2024-06-12,Correo,Móvil,2,1111,0,0,Checkout
202629,2041,2024-03-14,Orgánico,Desktop,14,166,0,0,Checkout
202630,NULL,2024-10-04,Correo,Tablet,8,305,0,0,Producto
202631,1796,2022-01-25,Correo,Tablet,10,474,0,0,Confirmación
202632,1030,2023-01-11,Orgánico,Tablet,2,1351,0,0,Checkout
202633,2102,2022-06-16,Directo,Tablet,1,1547,1,0,Carrito
202634,1059,2023-11-28,Directo,Desktop,15,376,1,0,Confirmación
202635,NULL,2024-12-03,Directo,Móvil,12,1229,0,0,Producto
202636,1159,2022-09-02,"TikTok Ads",Tablet,13,711,0,0,Búsqueda
202637,1787,2022-11-11,"Meta Ads",Móvil,5,236,0,0,Confirmación
202638,1589,2023-11-26,Directo,Tablet,13,1149,0,0,Confirmación
202639,2199,2023-04-03,"TikTok Ads",Móvil,6,299,0,0,Producto
202640,2310,2022-07-07,"Meta Ads",Móvil,14,986,0,0,Checkout
202641,2958,2022-12-30,"TikTok Ads",Móvil,11,1098,0,0,Inicio
202642,1430,2023-07-02,Correo,Móvil,20,496,0,0,Carrito
202643,1760,2023-04-26,"Meta Ads",Móvil,14,1430,0,0,Producto
202644,1512,2022-11-11,Directo,Desktop,9,854,0,0,Confirmación
202645,2464,2023-02-24,"TikTok Ads",Tablet,5,956,1,0,Checkout
202646,2074,2022-06-07,"TikTok Ads",Móvil,5,765,0,0,Búsqueda
202647,2365,2023-09-19,Directo,Móvil,11,257,0,0,Inicio
202648,2727,2024-08-02,Directo,Tablet,5,1423,0,0,Confirmación
202649,2311,2024-07-12,"Google Ads",Desktop,13,480,1,0,Producto
202650,2644,2023-03-04,Directo,Tablet,5,1497,0,0,Confirmación
202651,1616,2022-01-08,"Meta Ads",Móvil,4,787,1,0,Checkout
202652,1142,2022-03-18,Correo,Móvil,15,1585,1,0,Producto
202653,2430,2024-08-12,Correo,Desktop,2,1734,0,0,Inicio
202654,NULL,2023-04-03,Directo,Desktop,2,1490,1,0,Búsqueda
202655,NULL,2023-10-20,"Google Ads",Tablet,8,632,0,0,Producto
202656,1315,2024-10-08,Directo,Tablet,4,1534,1,0,Checkout
202657,2827,2023-02-16,"Meta Ads",Móvil,13,1325,1,0,Carrito
202658,2793,2023-05-17,"Meta Ads",Desktop,6,989,0,0,Producto
202659,2020,2024-08-27,Orgánico,Tablet,12,556,1,0,Inicio
202660,2040,2022-09-02,Orgánico,Móvil,2,502,1,0,Producto
202661,1845,2024-12-21,"Google Ads",Desktop,3,25,0,0,Confirmación
202662,1430,2022-08-01,Directo,Desktop,6,1486,1,0,Inicio
202663,2153,2024-02-04,Orgánico,Desktop,17,1350,0,0,Confirmación
202664,2660,2023-09-28,"TikTok Ads",Tablet,12,49,0,0,Checkout
202665,1735,2024-08-27,"Google Ads",Móvil,20,1323,1,0,Confirmación
202666,2355,2024-07-27,Directo,Tablet,11,692,0,0,Checkout
202667,1028,2023-05-04,Directo,Móvil,15,799,0,0,Checkout
202668,1262,2023-05-04,Directo,Tablet,16,872,0,0,Carrito
202669,1307,2023-05-31,Correo,Móvil,1,1025,1,0,Confirmación
202670,NULL,2022-03-13,Directo,Móvil,6,992,0,0,Carrito
202671,2261,2024-08-10,"TikTok Ads",Móvil,16,1137,0,0,Confirmación
202672,2200,2023-11-28,Directo,Desktop,7,1769,1,0,Carrito
202673,1744,2022-04-23,"Meta Ads",Móvil,18,768,1,0,Búsqueda
202674,NULL,2022-06-18,Orgánico,Tablet,19,893,0,0,Checkout
202675,2141,2024-09-15,"Google Ads",Tablet,16,1393,1,0,Búsqueda
202676,1551,2023-04-14,"Google Ads",Tablet,9,304,0,0,Producto
202677,2079,2022-06-03,"TikTok Ads",Tablet,11,273,0,0,Inicio
202678,1581,2024-06-26,"TikTok Ads",Tablet,10,1722,0,0,Carrito
202679,1162,2024-04-06,Orgánico,Desktop,5,595,0,0,Producto
202680,2266,2022-06-10,"Google Ads",Móvil,19,714,1,0,Búsqueda
202681,2024,2023-02-11,"Google Ads",Tablet,4,1399,0,0,Confirmación
202682,2340,2023-02-18,Correo,Desktop,2,90,1,0,Confirmación
202683,2055,2023-01-05,Correo,Tablet,18,1583,0,0,Inicio
202684,1619,2022-01-15,Correo,Móvil,15,1415,0,0,Carrito
202685,2269,2023-11-28,Correo,Desktop,17,206,0,0,Producto
202686,2667,2023-07-12,Correo,Tablet,19,1376,1,0,Confirmación
202687,1744,2023-06-17,Orgánico,Móvil,5,1096,1,0,Inicio
202688,2207,2022-07-06,Directo,Móvil,19,565,0,0,Inicio
202689,2379,2022-08-12,Directo,Móvil,6,1742,0,0,Búsqueda
202690,1264,2022-07-24,Directo,Tablet,8,1100,1,0,Búsqueda
202691,1122,2022-01-07,"Meta Ads",Móvil,7,1278,0,0,Inicio
202692,2490,2022-12-06,"TikTok Ads",Tablet,14,650,0,0,Checkout
202693,2565,2023-01-26,"Google Ads",Móvil,10,190,0,0,Búsqueda
202694,2732,2024-12-16,Directo,Tablet,18,1077,1,0,Carrito
202695,2946,2023-05-22,"Google Ads",Móvil,18,900,0,0,Confirmación
202696,2063,2023-04-19,"TikTok Ads",Móvil,4,1383,1,0,Confirmación
202697,2575,2024-12-16,Orgánico,Desktop,15,1616,0,0,Carrito
202698,1906,2022-08-08,"Meta Ads",Desktop,2,1669,1,0,Confirmación
202699,2316,2024-04-18,Directo,Tablet,6,85,0,0,Confirmación
202700,1663,2023-03-10,"Meta Ads",Tablet,14,135,1,0,Inicio
202701,NULL,2024-04-23,"Meta Ads",Tablet,18,886,0,0,Producto
202702,2241,2024-05-08,Orgánico,Tablet,18,1524,0,0,Checkout
202703,1518,2024-08-16,"Meta Ads",Desktop,14,286,0,0,Búsqueda
202704,2542,2023-08-08,Orgánico,Tablet,13,981,0,0,Búsqueda
202705,1377,2022-06-08,"Google Ads",Desktop,20,1606,0,0,Inicio
202706,2552,2023-07-14,"Google Ads",Móvil,16,1391,0,0,Inicio
202707,2660,2023-03-15,Correo,Móvil,18,496,1,0,Carrito
202708,NULL,2022-01-08,"Google Ads",Móvil,15,1051,1,0,Búsqueda
202709,2418,2022-09-09,"TikTok Ads",Móvil,18,1665,0,0,Carrito
202710,2673,2024-10-22,"Google Ads",Desktop,8,1792,0,0,Confirmación
202711,1535,2023-12-12,"Google Ads",Móvil,10,416,0,0,Búsqueda
202712,1924,2024-05-29,Correo,Desktop,4,1138,0,0,Confirmación
202713,2797,2022-10-03,"Meta Ads",Móvil,14,298,1,0,Búsqueda
202714,1920,2022-10-12,Correo,Desktop,3,1010,0,0,Carrito
202715,NULL,2024-11-03,"TikTok Ads",Desktop,18,23,0,0,Carrito
202716,1651,2024-09-02,Directo,Tablet,19,761,1,0,Inicio
202717,2753,2023-09-03,"Google Ads",Tablet,13,49,1,1,Confirmación
202718,2555,2023-04-14,Orgánico,Móvil,6,511,1,0,Búsqueda
202719,1669,2022-07-13,"Meta Ads",Tablet,15,297,0,0,Producto
202720,1764,2024-09-07,"Meta Ads",Desktop,18,582,0,0,Checkout
202721,2616,2022-01-07,"Google Ads",Tablet,3,462,0,0,Carrito
202722,1839,2024-07-24,Directo,Desktop,15,1025,0,0,Producto
202723,2127,2023-02-07,Correo,Tablet,13,828,0,0,Inicio
202724,2958,2022-12-03,"Meta Ads",Móvil,3,1777,0,0,Checkout
202725,2140,2024-02-24,"Meta Ads",Tablet,20,1280,0,0,Carrito
202726,1247,2024-11-15,Correo,Móvil,19,353,1,0,Confirmación
202727,NULL,2024-07-09,"Google Ads",Móvil,17,954,1,0,Carrito
202728,2506,2023-05-28,Orgánico,Móvil,2,1138,0,0,Carrito
202729,2955,2024-04-09,Correo,Tablet,11,1765,0,0,Carrito
202730,NULL,2022-04-18,"Google Ads",Móvil,11,1761,0,0,Búsqueda
202731,1758,2022-03-15,"Google Ads",Tablet,14,1318,0,0,Confirmación
202732,1004,2023-12-17,Orgánico,Desktop,3,137,1,1,Confirmación
202733,1387,2024-01-01,"TikTok Ads",Desktop,6,168,0,0,Checkout
202734,1713,2024-01-25,Directo,Desktop,13,10,0,0,Inicio
202735,1620,2023-01-19,"Google Ads",Móvil,10,299,1,0,Checkout
202736,1138,2022-11-17,"TikTok Ads",Móvil,1,555,1,0,Búsqueda
202737,1799,2022-01-18,"Meta Ads",Desktop,15,858,0,0,Checkout
202738,2895,2023-05-26,Orgánico,Móvil,17,1387,1,0,Búsqueda
202739,NULL,2023-01-02,Correo,Móvil,10,819,0,0,Búsqueda
202740,1992,2023-10-27,Directo,Tablet,4,1509,0,0,Búsqueda
202741,NULL,2022-11-19,Orgánico,Desktop,6,840,1,0,Checkout
202742,1002,2022-06-24,Correo,Móvil,13,1356,0,0,Búsqueda
202743,1933,2022-07-13,"Google Ads",Móvil,13,1645,0,0,Carrito
202744,2579,2023-04-16,Correo,Móvil,14,285,0,0,Inicio
202745,NULL,2024-03-10,Correo,Desktop,17,1404,0,0,Confirmación
202746,2963,2023-04-02,"TikTok Ads",Móvil,7,582,0,0,Inicio
202747,NULL,2024-03-15,"TikTok Ads",Móvil,6,1156,1,0,Carrito
202748,NULL,2024-01-22,Directo,Desktop,2,1798,0,0,Búsqueda
202749,1986,2024-09-25,"Google Ads",Tablet,10,685,1,0,Producto
202750,1601,2022-10-08,"Meta Ads",Móvil,13,1142,0,0,Confirmación
202751,2940,2024-11-29,Correo,Desktop,17,754,0,0,Producto
202752,NULL,2022-12-22,Orgánico,Tablet,3,876,0,0,Carrito
202753,2032,2024-12-12,Orgánico,Tablet,8,1036,0,0,Inicio
202754,1207,2024-07-01,Correo,Móvil,11,1445,0,0,Inicio
202755,1017,2024-11-20,"TikTok Ads",Móvil,6,1459,0,0,Búsqueda
202756,NULL,2024-02-05,"TikTok Ads",Móvil,20,822,0,0,Inicio
202757,1033,2023-11-17,Correo,Desktop,2,1616,1,0,Carrito
202758,1863,2023-10-23,"Google Ads",Desktop,14,1006,0,0,Producto
202759,2116,2023-11-26,"TikTok Ads",Desktop,18,1781,0,0,Confirmación
202760,2472,2022-05-21,Orgánico,Tablet,13,474,0,0,Confirmación
202761,2794,2023-04-12,"Google Ads",Móvil,9,1763,0,0,Checkout
202762,2581,2022-04-05,Correo,Tablet,6,943,1,0,Inicio
202763,1346,2024-07-21,Directo,Móvil,3,519,1,0,Confirmación
202764,NULL,2023-02-27,Correo,Móvil,2,1036,1,0,Producto
202765,2281,2024-08-11,"TikTok Ads",Móvil,6,318,1,0,Inicio
202766,2523,2024-02-10,"Meta Ads",Desktop,18,372,0,0,Checkout
202767,2906,2024-02-11,Orgánico,Tablet,1,566,0,0,Checkout
202768,2671,2024-01-25,"TikTok Ads",Tablet,12,949,0,0,Checkout
202769,2381,2023-03-24,"Google Ads",Tablet,15,732,1,0,Producto
202770,1849,2023-02-24,"Google Ads",Desktop,18,1252,0,0,Búsqueda
202771,1680,2024-06-01,"Meta Ads",Tablet,6,611,0,0,Producto
202772,NULL,2023-03-29,Directo,Desktop,10,205,1,0,Búsqueda
202773,NULL,2022-03-31,Orgánico,Tablet,4,34,1,0,Checkout
202774,NULL,2023-01-18,Correo,Desktop,14,1598,1,0,Producto
202775,2447,2023-07-09,"Meta Ads",Desktop,5,25,1,0,Confirmación
202776,1874,2023-11-10,Orgánico,Tablet,5,285,1,0,Producto
202777,1656,2022-01-30,Directo,Desktop,2,1707,0,0,Confirmación
202778,1297,2022-07-24,"Meta Ads",Móvil,2,1129,1,0,Búsqueda
202779,2373,2022-07-06,Directo,Desktop,19,1421,0,0,Búsqueda
202780,1412,2024-05-31,Correo,Desktop,5,1556,0,0,Búsqueda
202781,2502,2024-07-28,Directo,Desktop,19,1329,0,0,Confirmación
202782,1053,2022-10-13,"TikTok Ads",Tablet,15,219,1,0,Búsqueda
202783,1268,2024-04-10,"Google Ads",Tablet,7,1776,1,0,Búsqueda
202784,1285,2022-09-13,"TikTok Ads",Desktop,6,918,1,0,Checkout
202785,1019,2022-06-10,Correo,Tablet,2,219,0,0,Búsqueda
202786,2654,2024-06-26,Correo,Desktop,2,239,0,0,Producto
202787,NULL,2024-09-03,"Google Ads",Tablet,20,760,0,0,Inicio
202788,2806,2024-01-11,Directo,Desktop,4,389,1,0,Búsqueda
202789,2892,2023-12-18,"TikTok Ads",Tablet,15,1693,0,0,Búsqueda
202790,2297,2024-01-16,Orgánico,Desktop,10,1599,0,0,Producto
202791,1237,2024-01-19,"TikTok Ads",Desktop,19,524,1,0,Inicio
202792,1590,2024-03-10,Orgánico,Tablet,5,1798,1,0,Confirmación
202793,1658,2023-06-28,"TikTok Ads",Móvil,8,1136,1,0,Producto
202794,NULL,2022-09-27,"Google Ads",Tablet,7,1550,0,0,Producto
202795,NULL,2024-08-16,"TikTok Ads",Tablet,7,834,0,0,Búsqueda
202796,2405,2023-11-05,"Google Ads",Móvil,2,563,0,0,Producto
202797,1050,2023-11-10,Orgánico,Tablet,19,499,0,0,Producto
202798,2562,2023-10-27,Correo,Móvil,5,1269,0,0,Carrito
202799,2102,2022-11-25,"Google Ads",Móvil,2,844,0,0,Inicio
202800,NULL,2022-11-03,Orgánico,Desktop,8,337,0,0,Búsqueda
202801,2951,2024-05-27,"Meta Ads",Tablet,17,1354,0,0,Producto
202802,1120,2023-05-25,"Meta Ads",Tablet,3,929,0,0,Carrito
202803,2162,2022-08-02,Correo,Tablet,20,537,1,0,Producto
202804,2527,2023-12-24,"Google Ads",Desktop,9,1206,0,0,Confirmación
202805,2385,2023-01-08,Directo,Tablet,9,640,0,0,Producto
202806,2236,2022-05-18,Correo,Tablet,17,1768,1,0,Checkout
202807,2366,2023-12-25,Orgánico,Móvil,13,557,1,0,Confirmación
202808,2797,2024-12-24,Correo,Desktop,16,1081,0,0,Carrito
202809,1257,2024-11-21,Correo,Móvil,2,596,1,0,Carrito
202810,2418,2022-04-09,"TikTok Ads",Móvil,5,83,1,0,Carrito
202811,2746,2024-08-12,"TikTok Ads",Desktop,2,341,1,0,Inicio
202812,2982,2023-07-22,"Meta Ads",Desktop,4,1019,0,0,Confirmación
202813,2760,2022-05-28,Orgánico,Tablet,13,124,1,0,Checkout
202814,1643,2023-11-24,"TikTok Ads",Desktop,7,1236,0,0,Carrito
202815,1719,2024-04-21,Correo,Desktop,9,861,1,0,Carrito
202816,2350,2023-04-23,"Meta Ads",Móvil,17,527,1,0,Checkout
202817,2866,2023-04-29,Orgánico,Móvil,14,407,0,0,Inicio
202818,1374,2024-07-19,Directo,Desktop,11,1574,0,0,Producto
202819,1877,2023-11-11,Directo,Desktop,7,1683,0,0,Carrito
202820,2080,2023-12-01,"Google Ads",Móvil,16,294,0,0,Confirmación
202821,2709,2024-11-10,Correo,Desktop,4,707,0,0,Carrito
202822,2551,2023-03-22,"TikTok Ads",Móvil,9,958,0,0,Búsqueda
202823,1002,2023-01-04,Orgánico,Desktop,12,937,1,0,Inicio
202824,NULL,2022-02-01,Correo,Móvil,12,567,1,0,Checkout
202825,1322,2024-10-25,"Meta Ads",Móvil,19,1438,1,0,Checkout
202826,2504,2023-04-22,Directo,Móvil,7,1636,0,0,Checkout
202827,NULL,2023-11-07,Directo,Tablet,15,1707,1,1,Confirmación
202828,1483,2022-05-13,Correo,Tablet,15,1523,1,0,Checkout
202829,2085,2023-09-03,Orgánico,Móvil,7,180,0,0,Producto
202830,1948,2024-12-28,"TikTok Ads",Móvil,20,440,1,0,Producto
202831,1078,2023-09-09,"Google Ads",Desktop,16,305,0,0,Carrito
202832,1894,2022-01-21,"Meta Ads",Móvil,16,292,0,0,Confirmación
202833,2575,2024-06-22,"TikTok Ads",Desktop,11,503,0,0,Carrito
202834,1694,2022-07-16,"Meta Ads",Desktop,13,1586,0,0,Carrito
202835,NULL,2022-02-09,"TikTok Ads",Móvil,11,884,0,0,Producto
202836,1898,2023-03-09,"Google Ads",Móvil,5,41,0,0,Checkout
202837,1860,2024-08-26,Orgánico,Tablet,14,72,1,1,Confirmación
202838,NULL,2024-10-23,"Google Ads",Tablet,4,863,0,0,Inicio
202839,1813,2024-10-28,"TikTok Ads",Móvil,16,1592,1,0,Búsqueda
202840,2032,2024-11-10,"Meta Ads",Tablet,14,948,0,0,Búsqueda
202841,1347,2022-04-09,"Google Ads",Tablet,20,449,0,0,Búsqueda
202842,1979,2024-03-03,Directo,Desktop,20,1522,0,0,Carrito
202843,2045,2023-11-25,Orgánico,Tablet,14,752,0,0,Inicio
202844,NULL,2022-02-09,"TikTok Ads",Tablet,9,1467,0,0,Confirmación
202845,1341,2023-07-10,"Meta Ads",Móvil,16,1298,0,0,Carrito
202846,1650,2023-12-03,Orgánico,Tablet,11,1302,0,0,Checkout
202847,2189,2024-06-12,Orgánico,Móvil,11,297,0,0,Checkout
202848,1377,2023-08-29,"Meta Ads",Tablet,18,415,1,0,Búsqueda
202849,2235,2023-07-06,Orgánico,Móvil,10,901,0,0,Inicio
202850,2857,2023-03-23,"TikTok Ads",Tablet,15,685,1,0,Producto
202851,NULL,2022-02-09,Orgánico,Móvil,14,337,0,0,Carrito
202852,1121,2022-01-27,"Google Ads",Desktop,18,1126,0,0,Checkout
202853,1727,2022-06-25,"Meta Ads",Desktop,1,1782,0,0,Búsqueda
202854,1638,2022-09-14,"Meta Ads",Móvil,8,973,0,0,Búsqueda
202855,1176,2024-07-03,"Meta Ads",Móvil,6,60,1,0,Producto
202856,2084,2023-04-09,"Meta Ads",Móvil,6,678,0,0,Búsqueda
202857,2739,2023-11-04,Orgánico,Desktop,7,1338,0,0,Confirmación
202858,2510,2023-06-19,"Google Ads",Móvil,14,1698,0,0,Checkout
202859,2345,2024-11-25,"Google Ads",Desktop,17,1224,0,0,Carrito
202860,2964,2024-12-14,"Google Ads",Móvil,1,1230,0,0,Checkout
202861,NULL,2023-03-21,"Meta Ads",Desktop,8,531,0,0,Producto
202862,NULL,2023-08-04,Orgánico,Móvil,20,341,0,0,Checkout
202863,1829,2022-12-20,"Google Ads",Móvil,16,1659,0,0,Búsqueda
202864,1903,2023-06-30,Orgánico,Tablet,15,111,0,0,Checkout
202865,2907,2022-02-18,Correo,Móvil,6,1424,0,0,Checkout
202866,1219,2023-11-17,Correo,Tablet,12,225,1,0,Producto
202867,1304,2023-04-11,"Meta Ads",Móvil,14,1011,0,0,Checkout
202868,2941,2024-08-22,Correo,Móvil,10,884,1,1,Confirmación
202869,NULL,2023-07-11,Directo,Desktop,11,1698,0,0,Carrito
202870,1685,2023-03-18,"TikTok Ads",Móvil,10,647,0,0,Checkout
202871,1605,2022-12-20,"TikTok Ads",Tablet,14,715,1,0,Confirmación
202872,2146,2022-06-06,"TikTok Ads",Tablet,6,965,0,0,Confirmación
202873,1946,2023-11-09,Correo,Móvil,16,788,0,0,Carrito
202874,2151,2022-01-24,"TikTok Ads",Desktop,17,994,0,0,Confirmación
202875,1208,2024-12-26,"TikTok Ads",Móvil,14,417,0,0,Inicio
202876,2322,2024-11-05,"Google Ads",Desktop,18,558,0,0,Inicio
202877,2740,2023-12-22,Correo,Desktop,19,1726,0,0,Producto
202878,2364,2023-10-22,Directo,Desktop,2,1293,0,0,Checkout
202879,1568,2024-08-21,Correo,Tablet,6,1430,1,0,Confirmación
202880,1904,2023-06-06,"Meta Ads",Tablet,16,1728,1,0,Producto
202881,1817,2022-06-18,"Google Ads",Móvil,1,430,1,0,Inicio
202882,2578,2022-11-18,Directo,Desktop,16,913,0,0,Búsqueda
202883,2221,2022-08-17,"Meta Ads",Tablet,13,665,0,0,Carrito
202884,1447,2024-12-11,Orgánico,Móvil,7,169,0,0,Búsqueda
202885,1845,2023-03-26,"Google Ads",Móvil,20,1755,1,0,Checkout
202886,1996,2023-03-20,"TikTok Ads",Desktop,17,1782,1,0,Inicio
202887,2287,2024-02-02,"Meta Ads",Tablet,9,40,0,0,Confirmación
202888,2859,2022-08-17,Orgánico,Tablet,2,881,0,0,Producto
202889,1765,2022-10-14,Orgánico,Tablet,17,842,0,0,Búsqueda
202890,2255,2023-03-27,Directo,Móvil,17,1686,1,0,Producto
202891,2008,2022-07-12,Orgánico,Móvil,2,1168,0,0,Producto
202892,1474,2023-07-06,"Google Ads",Desktop,4,454,0,0,Checkout
202893,NULL,2024-01-27,"Google Ads",Móvil,11,700,0,0,Producto
202894,2655,2024-04-09,"TikTok Ads",Desktop,14,982,0,0,Checkout
202895,2314,2024-12-02,Correo,Desktop,6,676,0,0,Checkout
202896,1894,2022-06-04,"Meta Ads",Tablet,15,1130,0,0,Inicio
202897,1380,2022-01-02,"TikTok Ads",Tablet,17,358,0,0,Producto
202898,1886,2024-06-17,"TikTok Ads",Desktop,12,445,1,0,Carrito
202899,1356,2022-08-21,"Google Ads",Desktop,14,1593,1,0,Confirmación
202900,2358,2022-01-29,Directo,Móvil,13,13,0,0,Búsqueda
202901,2860,2023-09-23,Directo,Móvil,14,105,1,0,Producto
202902,1904,2022-12-28,"Meta Ads",Móvil,3,832,1,1,Confirmación
202903,2284,2022-08-07,Correo,Móvil,19,1211,0,0,Producto
202904,2686,2024-04-20,"Google Ads",Tablet,14,470,1,0,Producto
202905,1942,2023-09-27,"Google Ads",Desktop,2,764,0,0,Producto
202906,2921,2024-10-08,Orgánico,Tablet,9,815,1,0,Confirmación
202907,2008,2023-02-18,Orgánico,Móvil,6,1122,1,0,Confirmación
202908,1088,2023-04-16,"TikTok Ads",Tablet,17,1236,0,0,Producto
202909,2012,2023-02-18,"Meta Ads",Móvil,7,1549,1,0,Producto
202910,1622,2023-03-27,"Google Ads",Desktop,11,672,0,0,Búsqueda
202911,1316,2023-11-16,"Google Ads",Móvil,14,981,0,0,Producto
202912,2336,2023-01-16,"Google Ads",Tablet,16,1035,0,0,Búsqueda
202913,1179,2024-08-04,Correo,Desktop,16,196,1,0,Producto
202914,1209,2024-07-14,"Meta Ads",Desktop,9,1337,1,0,Búsqueda
202915,NULL,2023-10-10,"Meta Ads",Tablet,9,426,0,0,Inicio
202916,1723,2023-06-18,Correo,Tablet,18,693,0,0,Búsqueda
202917,1272,2023-12-17,Directo,Móvil,3,164,0,0,Búsqueda
202918,2005,2022-03-05,"Google Ads",Móvil,14,771,0,0,Búsqueda
202919,NULL,2022-03-28,Directo,Tablet,2,250,0,0,Carrito
202920,2883,2024-12-15,Directo,Móvil,11,1408,1,0,Producto
202921,2884,2022-01-18,"Google Ads",Desktop,4,583,0,0,Inicio
202922,1939,2022-03-30,Correo,Tablet,3,161,0,0,Carrito
202923,1965,2024-01-06,Directo,Tablet,3,1101,0,0,Inicio
202924,2991,2024-03-24,"Meta Ads",Tablet,19,119,0,0,Inicio
202925,1876,2023-01-23,Directo,Móvil,16,1647,1,1,Confirmación
202926,1341,2024-12-01,"Meta Ads",Desktop,5,1307,0,0,Búsqueda
202927,1452,2022-01-08,Orgánico,Móvil,8,1768,0,0,Checkout
202928,2957,2022-05-06,"Meta Ads",Tablet,16,1225,0,0,Confirmación
202929,NULL,2023-11-07,"Google Ads",Móvil,11,333,0,0,Checkout
202930,1017,2024-04-05,Correo,Desktop,9,302,0,0,Checkout
202931,1074,2023-10-07,Directo,Desktop,1,1326,1,1,Confirmación
202932,1039,2023-06-28,"Google Ads",Desktop,7,650,0,0,Búsqueda
202933,2630,2023-12-26,Directo,Tablet,10,1447,0,0,Checkout
202934,NULL,2022-09-04,Orgánico,Desktop,11,1120,0,0,Carrito
202935,2558,2023-12-20,Directo,Desktop,7,1297,1,0,Búsqueda
202936,2050,2023-10-17,Orgánico,Móvil,1,1539,1,0,Producto
202937,2122,2024-12-22,"TikTok Ads",Móvil,16,370,0,0,Búsqueda
202938,2925,2024-09-15,"Meta Ads",Móvil,12,343,0,0,Checkout
202939,1915,2022-08-30,Correo,Desktop,12,1732,1,0,Confirmación
202940,1347,2023-03-12,"Google Ads",Móvil,8,1443,1,0,Búsqueda
202941,NULL,2024-04-19,Orgánico,Tablet,7,1426,1,1,Confirmación
202942,2085,2023-11-19,Orgánico,Tablet,1,248,0,0,Inicio
202943,2683,2023-10-06,"TikTok Ads",Tablet,18,1663,0,0,Búsqueda
202944,1534,2023-02-03,"Meta Ads",Móvil,1,150,0,0,Confirmación
202945,1764,2022-03-13,Directo,Móvil,14,860,0,0,Carrito
202946,1939,2023-03-13,"Meta Ads",Desktop,9,669,0,0,Producto
202947,2674,2022-09-06,Directo,Desktop,17,804,0,0,Producto
202948,2816,2023-08-11,"Google Ads",Tablet,8,1132,1,0,Confirmación
202949,NULL,2024-10-19,"Google Ads",Móvil,8,1146,1,0,Producto
202950,2107,2022-08-31,"TikTok Ads",Móvil,19,627,0,0,Búsqueda
202951,2100,2024-12-29,Orgánico,Tablet,19,771,0,0,Confirmación
202952,1041,2023-10-02,"TikTok Ads",Desktop,19,1636,0,0,Búsqueda
202953,2345,2022-11-24,Orgánico,Móvil,1,1601,0,0,Producto
202954,2784,2024-12-14,Orgánico,Desktop,10,442,1,0,Inicio
202955,2397,2024-01-28,"TikTok Ads",Móvil,16,900,1,0,Producto
202956,NULL,2022-09-06,Correo,Móvil,11,52,0,0,Carrito
202957,NULL,2022-05-18,Orgánico,Móvil,18,535,0,0,Búsqueda
202958,2778,2022-05-19,Directo,Tablet,13,1335,0,0,Checkout
202959,1165,2024-10-05,Correo,Desktop,5,1539,1,0,Producto
202960,2828,2022-11-09,"Meta Ads",Tablet,5,1245,0,0,Confirmación
202961,1136,2023-01-18,"Meta Ads",Tablet,19,1325,0,0,Producto
202962,2629,2022-11-08,Directo,Desktop,9,698,0,0,Inicio
202963,2261,2024-02-11,"TikTok Ads",Tablet,3,903,0,0,Producto
202964,1224,2022-03-19,"Google Ads",Tablet,1,294,1,0,Producto
202965,2402,2024-08-27,"Meta Ads",Desktop,16,1526,0,0,Búsqueda
202966,2394,2024-12-21,Directo,Móvil,4,1692,0,0,Inicio
202967,NULL,2024-10-25,"Google Ads",Desktop,4,207,1,0,Búsqueda
202968,2356,2022-03-31,"Meta Ads",Tablet,8,127,0,0,Producto
202969,2615,2023-07-11,Correo,Móvil,5,215,1,0,Inicio
202970,2326,2023-04-09,"Google Ads",Desktop,10,1451,0,0,Carrito
202971,1332,2024-06-16,Directo,Tablet,12,1621,0,0,Confirmación
202972,2542,2024-09-13,"TikTok Ads",Desktop,10,695,1,0,Inicio
202973,1068,2022-01-04,"TikTok Ads",Móvil,16,1749,0,0,Producto
202974,2509,2024-08-16,Orgánico,Desktop,8,965,0,0,Búsqueda
202975,1284,2023-07-07,Directo,Móvil,9,236,0,0,Carrito
202976,2433,2022-12-22,"Google Ads",Móvil,1,850,0,0,Producto
202977,2796,2022-07-15,"Google Ads",Móvil,4,1706,1,0,Confirmación
202978,2884,2022-02-25,"Google Ads",Móvil,4,1646,0,0,Búsqueda
202979,1452,2024-08-14,"Meta Ads",Tablet,2,770,1,0,Inicio
202980,NULL,2022-09-17,"Meta Ads",Móvil,12,1541,0,0,Checkout
202981,2107,2022-01-08,Directo,Desktop,16,1625,1,0,Inicio
202982,1750,2023-08-19,Correo,Tablet,2,349,0,0,Producto
202983,2098,2024-07-31,Orgánico,Móvil,3,629,1,0,Producto
202984,2678,2023-06-23,Directo,Tablet,14,743,1,0,Búsqueda
202985,2868,2024-08-10,Orgánico,Desktop,6,1466,0,0,Carrito
202986,2177,2024-09-18,Correo,Móvil,2,1603,0,0,Checkout
202987,2188,2024-07-29,Directo,Tablet,7,1414,0,0,Carrito
202988,1083,2022-07-04,"Google Ads",Móvil,4,1154,1,0,Checkout
202989,2322,2024-07-02,"TikTok Ads",Desktop,6,1275,0,0,Carrito
202990,2830,2023-03-31,"Google Ads",Móvil,1,517,1,0,Búsqueda
202991,2150,2022-02-02,Correo,Tablet,18,243,0,0,Inicio
202992,1270,2024-11-01,Correo,Desktop,1,1157,0,0,Carrito
202993,1308,2023-03-29,"TikTok Ads",Móvil,8,1073,1,0,Búsqueda
202994,1508,2024-05-28,"Meta Ads",Tablet,6,1748,0,0,Checkout
202995,2108,2024-07-06,Orgánico,Móvil,7,1029,0,0,Búsqueda
202996,2806,2022-05-10,Orgánico,Móvil,1,311,0,0,Checkout
202997,NULL,2022-07-02,"TikTok Ads",Tablet,9,47,0,0,Checkout
202998,1177,2022-10-29,"TikTok Ads",Móvil,13,695,0,0,Búsqueda
202999,1594,2022-04-27,Directo,Móvil,1,994,1,0,Confirmación
203000,NULL,2024-03-06,"Google Ads",Desktop,14,1292,0,0,Búsqueda
203001,2910,2024-12-21,"Meta Ads",Tablet,12,281,0,0,Confirmación
203002,2347,2023-05-13,Correo,Tablet,20,1079,1,0,Producto
203003,2912,2023-05-07,Directo,Móvil,2,479,0,0,Producto
203004,1430,2024-09-01,Directo,Móvil,20,44,0,0,Confirmación
203005,1526,2023-03-17,Orgánico,Tablet,18,1054,0,0,Checkout
203006,1027,2023-10-11,Correo,Desktop,17,657,1,1,Confirmación
203007,2816,2023-04-28,"Meta Ads",Móvil,3,1438,0,0,Búsqueda
203008,1784,2023-07-19,Orgánico,Móvil,18,275,0,0,Producto
203009,NULL,2024-07-12,Correo,Tablet,19,1671,0,0,Inicio
203010,2724,2023-03-24,"TikTok Ads",Tablet,8,1480,0,0,Producto
203011,1619,2022-06-04,"Google Ads",Tablet,14,773,0,0,Confirmación
203012,2255,2024-11-24,Directo,Tablet,1,673,0,0,Carrito
203013,1193,2023-02-15,Directo,Móvil,2,1454,1,0,Confirmación
203014,NULL,2023-11-21,"Google Ads",Tablet,15,1172,1,1,Confirmación
203015,NULL,2024-07-20,Orgánico,Móvil,7,655,0,0,Búsqueda
203016,2851,2022-05-29,Orgánico,Desktop,16,922,0,0,Carrito
203017,NULL,2023-03-05,"TikTok Ads",Desktop,12,1260,0,0,Confirmación
203018,1474,2023-09-12,Correo,Tablet,3,1788,1,0,Confirmación
203019,1772,2024-01-22,"Google Ads",Tablet,12,748,1,0,Checkout
203020,2990,2023-04-21,"Google Ads",Tablet,17,1100,1,0,Carrito
203021,2500,2022-04-15,"Google Ads",Tablet,13,733,0,0,Carrito
203022,1736,2024-04-01,Correo,Tablet,3,133,0,0,Carrito
203023,NULL,2024-08-12,"Google Ads",Desktop,7,1575,0,0,Checkout
203024,2203,2022-12-29,Orgánico,Tablet,9,1516,0,0,Inicio
203025,1122,2022-12-25,"Google Ads",Desktop,7,642,0,0,Carrito
203026,1110,2023-07-07,Orgánico,Tablet,7,1266,1,0,Checkout
203027,NULL,2022-05-14,Directo,Móvil,5,1641,0,0,Búsqueda
203028,2386,2023-02-03,"Meta Ads",Tablet,10,1679,1,0,Inicio
203029,NULL,2023-01-12,"Google Ads",Tablet,1,280,1,0,Inicio
203030,2744,2023-03-24,"TikTok Ads",Desktop,5,1464,1,0,Búsqueda
203031,2671,2023-08-04,"Google Ads",Móvil,6,177,0,0,Inicio
203032,2545,2023-05-17,Correo,Desktop,9,321,1,0,Checkout
203033,1991,2022-04-11,Directo,Desktop,12,207,1,0,Producto
203034,2454,2022-05-23,Orgánico,Desktop,10,1328,1,1,Confirmación
203035,1753,2023-03-06,Correo,Móvil,13,1733,0,0,Confirmación
203036,NULL,2024-05-11,"TikTok Ads",Móvil,6,660,0,0,Búsqueda
203037,NULL,2023-10-13,"Meta Ads",Móvil,17,233,0,0,Inicio
203038,2602,2024-01-31,Orgánico,Tablet,19,780,0,0,Carrito
203039,1063,2023-07-11,Directo,Desktop,4,740,0,0,Inicio
203040,1032,2023-02-03,"Meta Ads",Desktop,14,1243,0,0,Producto
203041,2547,2023-08-14,Directo,Desktop,1,832,0,0,Confirmación
203042,2051,2024-12-14,Correo,Tablet,19,973,0,0,Carrito
203043,2257,2024-07-24,"TikTok Ads",Tablet,2,361,1,0,Producto
203044,2590,2023-12-27,"Google Ads",Desktop,1,1030,1,1,Confirmación
203045,2501,2022-08-11,"TikTok Ads",Desktop,4,55,0,0,Confirmación
203046,2061,2024-08-29,"Meta Ads",Móvil,19,1449,0,0,Confirmación
203047,2244,2024-09-12,"Meta Ads",Móvil,17,448,1,0,Producto
203048,2442,2024-07-30,"Google Ads",Móvil,17,1722,0,0,Checkout
203049,1678,2024-09-03,Correo,Móvil,2,1557,0,0,Producto
203050,1368,2022-05-31,"Meta Ads",Desktop,9,1643,0,0,Búsqueda
203051,2163,2023-06-16,Orgánico,Tablet,17,1640,0,0,Inicio
203052,2477,2024-12-06,Directo,Desktop,4,257,0,0,Producto
203053,2763,2022-05-06,"Meta Ads",Desktop,4,233,1,0,Búsqueda
203054,2402,2022-06-12,Orgánico,Desktop,2,14,1,0,Inicio
203055,NULL,2024-08-07,"Google Ads",Móvil,7,61,1,0,Confirmación
203056,2201,2022-12-24,"TikTok Ads",Desktop,7,1122,1,0,Búsqueda
203057,1954,2023-03-19,Orgánico,Tablet,8,1060,0,0,Inicio
203058,1498,2024-09-04,Correo,Desktop,11,1477,1,0,Producto
203059,1655,2022-12-07,"TikTok Ads",Desktop,19,1348,1,0,Carrito
203060,1844,2024-09-07,Correo,Desktop,11,434,1,0,Checkout
203061,2196,2022-10-16,"Meta Ads",Desktop,13,1190,0,0,Inicio
203062,1223,2022-11-23,Correo,Móvil,18,120,0,0,Carrito
203063,1910,2024-02-18,Directo,Móvil,9,1115,1,0,Confirmación
203064,2919,2023-06-21,"TikTok Ads",Móvil,5,1736,0,0,Confirmación
203065,1806,2023-09-03,"TikTok Ads",Desktop,11,672,1,1,Confirmación
203066,1802,2024-02-29,"Google Ads",Tablet,17,694,0,0,Inicio
203067,2392,2022-10-22,Directo,Tablet,5,253,1,1,Confirmación
203068,2508,2024-01-14,Directo,Móvil,10,1643,0,0,Producto
203069,2253,2022-11-17,Orgánico,Desktop,13,1138,0,0,Confirmación
203070,NULL,2022-12-08,Correo,Tablet,13,377,0,0,Checkout
203071,1844,2023-11-21,"Meta Ads",Móvil,1,394,0,0,Inicio
203072,1954,2023-06-18,"Google Ads",Móvil,9,1013,1,0,Inicio
203073,2054,2024-12-12,Correo,Desktop,14,1680,1,0,Inicio
203074,NULL,2024-11-18,"Meta Ads",Tablet,8,1082,0,0,Búsqueda
203075,1771,2024-11-05,"TikTok Ads",Móvil,2,235,0,0,Producto
203076,1607,2022-10-21,Orgánico,Desktop,8,1018,0,0,Inicio
203077,1321,2023-05-12,Directo,Tablet,10,72,0,0,Búsqueda
203078,2506,2022-12-18,Directo,Móvil,17,1438,0,0,Inicio
203079,NULL,2024-03-12,"TikTok Ads",Móvil,19,914,0,0,Inicio
203080,1122,2024-04-11,Correo,Tablet,19,528,0,0,Confirmación
203081,1592,2023-07-31,"Google Ads",Desktop,18,581,0,0,Búsqueda
203082,2279,2022-02-26,"TikTok Ads",Desktop,7,1620,0,0,Inicio
203083,1980,2022-11-26,"Google Ads",Móvil,3,601,0,0,Checkout
203084,2859,2022-12-24,Orgánico,Desktop,18,286,1,0,Carrito
203085,1869,2023-07-03,"TikTok Ads",Desktop,16,1231,0,0,Carrito
203086,1684,2022-03-03,Correo,Desktop,2,131,1,0,Confirmación
203087,2787,2023-05-06,Correo,Desktop,8,255,1,0,Carrito
203088,NULL,2022-07-20,"TikTok Ads",Desktop,3,1364,0,0,Búsqueda
203089,NULL,2024-11-19,Correo,Desktop,4,32,0,0,Carrito
203090,NULL,2024-03-22,"Google Ads",Tablet,6,326,0,0,Checkout
203091,NULL,2024-11-11,Correo,Móvil,1,140,1,0,Producto
203092,1131,2024-01-26,Orgánico,Móvil,6,96,1,0,Confirmación
203093,1438,2022-12-10,Directo,Tablet,9,798,0,0,Carrito
203094,1415,2023-06-02,"Meta Ads",Móvil,18,1040,0,0,Confirmación
203095,1014,2023-10-29,Orgánico,Tablet,15,1176,0,0,Confirmación
203096,1397,2022-05-27,Orgánico,Desktop,20,662,1,0,Confirmación
203097,1909,2023-08-03,"Meta Ads",Desktop,15,176,0,0,Inicio
203098,2981,2024-07-11,"Google Ads",Tablet,19,245,0,0,Checkout
203099,1206,2022-10-23,"TikTok Ads",Móvil,8,1058,1,0,Búsqueda
203100,2787,2022-11-02,Directo,Desktop,11,437,0,0,Producto
203101,2035,2024-11-18,Correo,Móvil,14,209,1,0,Carrito
203102,1316,2024-10-28,"TikTok Ads",Móvil,12,292,0,0,Checkout
203103,2272,2024-05-09,Orgánico,Desktop,9,1061,1,0,Inicio
203104,1140,2024-04-15,Orgánico,Desktop,7,289,0,0,Carrito
203105,NULL,2024-06-10,Directo,Desktop,2,1678,0,0,Confirmación
203106,1490,2024-05-10,"Meta Ads",Tablet,3,1421,0,0,Producto
203107,NULL,2023-11-20,"Google Ads",Tablet,15,1596,1,1,Confirmación
203108,2119,2024-09-03,"TikTok Ads",Desktop,20,465,0,0,Confirmación
203109,1708,2022-12-01,"Google Ads",Móvil,3,1165,1,0,Carrito
203110,1919,2022-10-11,"Meta Ads",Desktop,12,118,0,0,Inicio
203111,1189,2022-06-25,Orgánico,Móvil,4,415,0,0,Confirmación
203112,1667,2022-02-16,Correo,Móvil,10,200,1,0,Checkout
203113,1315,2023-12-02,"TikTok Ads",Tablet,15,392,0,0,Confirmación
203114,1728,2024-04-26,Directo,Desktop,18,10,0,0,Búsqueda
203115,1522,2022-11-12,Directo,Tablet,12,284,0,0,Búsqueda
203116,NULL,2024-11-20,"Google Ads",Tablet,12,1228,1,0,Confirmación
203117,1026,2022-07-19,Orgánico,Tablet,5,956,0,0,Búsqueda
203118,2264,2022-10-06,"TikTok Ads",Desktop,10,1544,0,0,Carrito
203119,1787,2022-03-14,Orgánico,Móvil,12,232,1,0,Producto
203120,2753,2022-08-29,"TikTok Ads",Móvil,12,1797,1,0,Inicio
203121,NULL,2023-03-02,Directo,Desktop,15,689,1,0,Checkout
203122,1066,2022-03-12,"Meta Ads",Móvil,6,776,0,0,Carrito
203123,2854,2022-11-28,Directo,Tablet,14,1426,1,1,Confirmación
203124,1001,2023-10-04,Directo,Móvil,7,1534,0,0,Búsqueda
203125,2474,2022-12-21,Directo,Móvil,2,1686,1,0,Checkout
203126,2382,2024-01-29,Directo,Tablet,7,747,0,0,Checkout
203127,NULL,2022-01-25,Orgánico,Tablet,11,1281,1,0,Confirmación
203128,1318,2022-11-06,"Meta Ads",Desktop,20,1004,1,1,Confirmación
203129,1480,2024-01-12,Correo,Móvil,20,563,0,0,Carrito
203130,1055,2022-04-22,"Google Ads",Móvil,11,1741,0,0,Producto
203131,1906,2024-02-26,Orgánico,Móvil,12,1323,0,0,Producto
203132,2458,2022-10-12,"Google Ads",Desktop,6,897,0,0,Producto
203133,2004,2024-07-09,Directo,Desktop,7,1131,1,0,Inicio
203134,2114,2024-04-24,"Google Ads",Desktop,11,154,1,0,Carrito
203135,2737,2023-12-25,"Meta Ads",Móvil,1,1070,1,0,Checkout
203136,1091,2023-02-05,Directo,Desktop,4,695,1,1,Confirmación
203137,2531,2024-08-15,"TikTok Ads",Tablet,9,774,0,0,Producto
203138,1804,2024-08-18,"Meta Ads",Tablet,3,416,1,0,Búsqueda
203139,2568,2023-10-30,Directo,Móvil,15,1396,1,0,Inicio
203140,NULL,2024-04-15,"TikTok Ads",Móvil,17,472,0,0,Búsqueda
203141,2078,2022-05-09,"Meta Ads",Desktop,20,1166,1,0,Confirmación
203142,2830,2022-10-13,"TikTok Ads",Móvil,15,296,0,0,Búsqueda
203143,NULL,2023-12-15,Correo,Desktop,2,311,0,0,Confirmación
203144,NULL,2023-04-08,Orgánico,Desktop,3,1252,0,0,Confirmación
203145,2175,2024-04-15,"Meta Ads",Móvil,5,1090,1,1,Confirmación
203146,2137,2023-03-02,Orgánico,Desktop,11,981,0,0,Inicio
203147,1034,2023-07-13,"TikTok Ads",Tablet,15,1341,0,0,Producto
203148,NULL,2022-01-04,Directo,Tablet,9,1509,0,0,Carrito
203149,2694,2022-12-20,"TikTok Ads",Móvil,14,257,0,0,Carrito
203150,1100,2024-09-28,Directo,Móvil,18,1431,0,0,Búsqueda
203151,2013,2023-04-02,"Meta Ads",Desktop,11,1164,1,0,Producto
203152,2185,2024-01-21,"Meta Ads",Móvil,7,442,1,0,Confirmación
203153,NULL,2022-03-27,Correo,Móvil,18,949,0,0,Checkout
203154,1047,2024-02-20,Correo,Móvil,6,49,0,0,Carrito
203155,1409,2024-05-23,Correo,Desktop,11,1275,0,0,Checkout
203156,1731,2022-04-28,"Google Ads",Tablet,9,588,0,0,Confirmación
203157,2193,2022-04-23,Orgánico,Tablet,4,852,1,0,Inicio
203158,NULL,2023-05-22,Orgánico,Desktop,19,372,0,0,Confirmación
203159,1637,2023-04-24,Correo,Tablet,1,556,0,0,Confirmación
203160,1594,2024-01-24,Directo,Tablet,20,1487,1,0,Inicio
203161,1290,2024-11-23,"Google Ads",Móvil,12,233,0,0,Búsqueda
203162,1099,2022-09-13,"Meta Ads",Móvil,10,883,0,0,Confirmación
203163,NULL,2022-11-25,Orgánico,Desktop,19,1228,0,0,Confirmación
203164,1808,2023-06-11,"Google Ads",Móvil,3,423,0,0,Confirmación
203165,1680,2022-04-20,"Google Ads",Tablet,16,228,0,0,Producto
203166,1950,2022-09-02,"Meta Ads",Tablet,3,841,1,0,Confirmación
203167,NULL,2022-06-27,"TikTok Ads",Tablet,15,1087,1,0,Checkout
203168,1506,2023-08-19,Directo,Móvil,11,175,0,0,Inicio
203169,1638,2023-09-26,Correo,Móvil,6,939,0,0,Búsqueda
203170,2127,2022-09-16,"Meta Ads",Tablet,7,25,1,0,Búsqueda
203171,1259,2022-09-16,"Google Ads",Móvil,10,1145,0,0,Confirmación
203172,NULL,2022-07-30,"Meta Ads",Tablet,12,209,1,0,Búsqueda
203173,2618,2022-07-29,"TikTok Ads",Tablet,10,972,0,0,Búsqueda
203174,NULL,2024-08-23,"Google Ads",Tablet,4,519,0,0,Checkout
203175,2102,2022-11-17,Correo,Desktop,1,548,0,0,Checkout
203176,2431,2024-03-12,Correo,Tablet,16,351,1,0,Checkout
203177,1498,2023-11-28,"Meta Ads",Móvil,11,1675,1,0,Búsqueda
203178,NULL,2024-03-28,Correo,Tablet,10,1060,0,0,Inicio
203179,2510,2022-02-08,"TikTok Ads",Móvil,6,814,0,0,Producto
203180,NULL,2023-07-17,"TikTok Ads",Móvil,11,387,0,0,Producto
203181,1367,2024-06-05,"Google Ads",Desktop,15,759,0,0,Confirmación
203182,2505,2022-11-06,"TikTok Ads",Tablet,17,1396,0,0,Inicio
203183,2327,2023-09-16,Correo,Desktop,2,1219,0,0,Producto
203184,1345,2023-02-22,Correo,Desktop,16,1165,0,0,Checkout
203185,2512,2022-01-04,"Google Ads",Tablet,19,181,0,0,Checkout
203186,2810,2023-07-29,"Google Ads",Tablet,8,1060,0,0,Checkout
203187,NULL,2023-06-01,"Meta Ads",Desktop,20,789,1,0,Carrito
203188,2774,2022-06-02,"TikTok Ads",Móvil,9,1001,0,0,Confirmación
203189,2501,2024-10-19,Orgánico,Tablet,14,1037,0,0,Confirmación
203190,1126,2023-06-10,"Google Ads",Móvil,9,928,1,0,Producto
203191,1548,2024-01-16,"Google Ads",Desktop,14,978,0,0,Carrito
203192,2047,2023-12-25,"Google Ads",Desktop,1,545,0,0,Carrito
203193,1196,2023-03-28,"Meta Ads",Tablet,20,946,0,0,Carrito
203194,NULL,2023-08-09,"TikTok Ads",Tablet,9,667,0,0,Confirmación
203195,1962,2022-02-07,Orgánico,Móvil,8,680,0,0,Inicio
203196,1707,2023-06-05,"Meta Ads",Móvil,17,1653,0,0,Producto
203197,2823,2023-08-13,"Google Ads",Tablet,10,1267,0,0,Producto
203198,1359,2024-06-14,"Meta Ads",Desktop,1,1017,1,0,Carrito
203199,1878,2022-01-26,"TikTok Ads",Móvil,4,1273,1,0,Producto
203200,1311,2022-06-06,"Meta Ads",Tablet,8,1610,0,0,Inicio
203201,1963,2024-05-14,"TikTok Ads",Desktop,3,965,1,1,Confirmación
203202,NULL,2023-10-03,"Google Ads",Móvil,4,1115,0,0,Producto
203203,2782,2022-08-17,Correo,Desktop,9,1199,1,0,Búsqueda
203204,1747,2022-10-20,Orgánico,Móvil,18,728,0,0,Producto
203205,1032,2023-03-04,"Google Ads",Tablet,5,675,0,0,Producto
203206,NULL,2024-11-22,Orgánico,Tablet,3,1549,1,0,Inicio
203207,NULL,2022-11-08,"Meta Ads",Móvil,11,1172,0,0,Checkout
203208,NULL,2022-07-29,Directo,Desktop,19,853,0,0,Producto
203209,1449,2023-12-15,Correo,Tablet,3,369,0,0,Confirmación
203210,2106,2023-12-31,"Meta Ads",Tablet,7,157,0,0,Producto
203211,1071,2024-08-04,"Meta Ads",Móvil,19,1027,0,0,Carrito
203212,1539,2022-08-23,"Google Ads",Tablet,19,646,1,0,Carrito
203213,1305,2022-10-04,"Meta Ads",Desktop,20,726,1,0,Checkout
203214,2534,2024-08-23,"Google Ads",Móvil,7,1347,0,0,Carrito
203215,1562,2022-01-30,"TikTok Ads",Desktop,20,851,0,0,Checkout
203216,1105,2022-03-31,"Meta Ads",Tablet,13,99,0,0,Carrito
203217,2326,2023-05-12,Correo,Móvil,13,1722,0,0,Producto
203218,1560,2022-10-19,"Meta Ads",Tablet,13,600,0,0,Checkout
203219,1686,2024-05-26,"Meta Ads",Tablet,1,1675,0,0,Inicio
203220,2194,2024-05-15,Orgánico,Móvil,14,876,0,0,Producto
203221,1508,2023-09-11,"Google Ads",Desktop,14,496,1,0,Checkout
203222,1593,2024-08-29,Orgánico,Móvil,4,1501,1,0,Carrito
203223,2189,2024-07-29,Orgánico,Desktop,5,1734,0,0,Checkout
203224,2415,2023-11-03,Directo,Móvil,6,387,1,0,Inicio
203225,NULL,2023-04-21,"Meta Ads",Tablet,18,675,1,1,Confirmación
203226,NULL,2024-03-07,Orgánico,Móvil,5,46,0,0,Confirmación
203227,1391,2023-03-03,"Google Ads",Tablet,18,1278,0,0,Búsqueda
203228,1277,2022-10-07,Directo,Móvil,10,1647,0,0,Checkout
203229,2744,2023-04-02,Directo,Tablet,7,1373,0,0,Búsqueda
203230,2780,2022-04-12,Directo,Desktop,5,228,0,0,Búsqueda
203231,2121,2023-10-15,"Google Ads",Desktop,9,1631,0,0,Producto
203232,NULL,2024-11-25,Directo,Tablet,18,707,0,0,Checkout
203233,2964,2022-08-19,"TikTok Ads",Móvil,6,1578,1,1,Confirmación
203234,1200,2024-04-20,"Google Ads",Móvil,19,445,0,0,Checkout
203235,2559,2022-03-23,Directo,Tablet,20,16,1,0,Carrito
203236,NULL,2023-12-11,Correo,Desktop,5,122,1,0,Búsqueda
203237,2658,2022-05-02,"Meta Ads",Móvil,11,50,1,0,Checkout
203238,2263,2023-04-17,Orgánico,Desktop,13,360,0,0,Producto
203239,1107,2023-10-07,"Google Ads",Móvil,13,966,1,0,Producto
203240,1390,2022-11-13,"TikTok Ads",Móvil,8,279,0,0,Búsqueda
203241,1521,2023-02-02,"TikTok Ads",Desktop,7,1110,0,0,Confirmación
203242,2973,2022-08-17,"TikTok Ads",Tablet,7,1143,1,0,Búsqueda
203243,1008,2024-05-10,"Google Ads",Móvil,19,1494,1,0,Carrito
203244,2152,2023-05-05,Correo,Desktop,15,539,0,0,Producto
203245,NULL,2022-12-07,Directo,Tablet,15,222,0,0,Producto
203246,1638,2022-02-20,"TikTok Ads",Tablet,4,128,0,0,Confirmación
203247,1224,2023-05-18,Orgánico,Móvil,5,700,0,0,Carrito
203248,1460,2022-11-08,Orgánico,Tablet,1,863,0,0,Inicio
203249,2608,2024-11-16,"TikTok Ads",Tablet,6,1388,1,0,Inicio
203250,1743,2024-05-28,Correo,Desktop,14,1036,0,0,Inicio
203251,2280,2022-10-13,Orgánico,Desktop,20,1555,1,1,Confirmación
203252,1310,2024-08-21,"Meta Ads",Desktop,6,475,0,0,Confirmación
203253,NULL,2023-11-03,"Meta Ads",Tablet,2,1494,0,0,Producto
203254,1346,2022-01-10,Orgánico,Móvil,7,1042,0,0,Confirmación
203255,2688,2024-12-31,Directo,Desktop,10,262,0,0,Carrito
203256,2638,2024-07-19,Correo,Móvil,16,72,1,0,Carrito
203257,1616,2022-01-21,Orgánico,Móvil,12,1321,1,0,Inicio
203258,NULL,2023-10-07,"Google Ads",Móvil,13,638,1,0,Confirmación
203259,2065,2023-02-24,Orgánico,Tablet,19,1138,1,0,Confirmación
203260,1465,2024-01-28,"Meta Ads",Móvil,13,1504,0,0,Confirmación
203261,1995,2023-05-27,Correo,Móvil,3,1048,0,0,Inicio
203262,1252,2022-02-04,Orgánico,Desktop,13,1290,0,0,Inicio
203263,2354,2024-05-11,"Google Ads",Tablet,15,1369,1,0,Confirmación
203264,2548,2024-02-03,"Meta Ads",Tablet,9,792,0,0,Búsqueda
203265,1995,2023-07-13,"TikTok Ads",Móvil,18,646,0,0,Búsqueda
203266,2042,2024-02-17,Orgánico,Desktop,11,1066,0,0,Checkout
203267,1329,2024-02-23,"TikTok Ads",Desktop,20,1447,0,0,Inicio
203268,2201,2022-04-12,"Google Ads",Móvil,2,1339,0,0,Búsqueda
203269,2327,2023-04-27,"TikTok Ads",Tablet,12,1709,0,0,Carrito
203270,1817,2022-07-04,Directo,Móvil,16,1748,1,0,Confirmación
203271,1874,2024-03-15,"Google Ads",Tablet,12,63,0,0,Inicio
203272,2660,2022-10-09,Directo,Desktop,7,1228,1,1,Confirmación
203273,2304,2024-02-29,Orgánico,Tablet,2,668,0,0,Búsqueda
203274,2933,2024-03-12,Directo,Desktop,1,1333,0,0,Inicio
203275,1943,2024-04-01,"Google Ads",Móvil,9,816,1,0,Confirmación
203276,2507,2023-12-19,"Meta Ads",Tablet,10,84,1,0,Búsqueda
203277,1370,2022-04-13,Directo,Tablet,3,1292,1,0,Búsqueda
203278,1965,2023-10-15,"Meta Ads",Desktop,12,340,1,0,Producto
203279,1129,2022-05-31,"Google Ads",Móvil,19,834,1,0,Carrito
203280,2110,2024-08-27,Correo,Tablet,4,426,0,0,Confirmación
203281,1817,2024-02-16,"Meta Ads",Desktop,20,83,1,0,Confirmación
203282,2797,2023-04-15,"TikTok Ads",Móvil,16,221,0,0,Checkout
203283,2076,2022-06-01,"TikTok Ads",Tablet,20,832,1,0,Carrito
203284,1763,2023-03-15,Orgánico,Desktop,10,1516,1,0,Búsqueda
203285,1478,2024-11-11,"Meta Ads",Desktop,5,1491,1,0,Producto
203286,2642,2023-10-11,"Meta Ads",Tablet,4,1063,1,0,Confirmación
203287,2773,2024-06-17,"Meta Ads",Tablet,19,219,1,0,Checkout
203288,2252,2023-08-16,Directo,Móvil,5,624,0,0,Producto
203289,1219,2022-11-16,Orgánico,Desktop,1,1488,1,0,Inicio
203290,1359,2022-05-08,"Google Ads",Desktop,18,808,1,0,Inicio
203291,1312,2022-12-19,Correo,Desktop,11,1116,0,0,Confirmación
203292,NULL,2023-04-05,"Meta Ads",Desktop,18,1224,1,1,Confirmación
203293,NULL,2024-03-21,"Meta Ads",Desktop,19,605,0,0,Confirmación
203294,2035,2023-02-01,"Google Ads",Móvil,14,487,0,0,Checkout
203295,2704,2024-02-28,Orgánico,Móvil,16,1419,0,0,Checkout
203296,1856,2023-01-22,Orgánico,Tablet,17,1537,1,0,Checkout
203297,2846,2024-06-07,"Google Ads",Móvil,12,1290,0,0,Confirmación
203298,2835,2024-07-22,Orgánico,Desktop,13,1627,0,0,Búsqueda
203299,2782,2024-12-19,"TikTok Ads",Tablet,9,1189,0,0,Producto
203300,1843,2024-10-01,"Google Ads",Móvil,12,799,0,0,Carrito
203301,2947,2024-02-12,Correo,Tablet,1,194,1,0,Carrito
203302,1335,2024-12-20,"Google Ads",Tablet,5,91,0,0,Búsqueda
203303,NULL,2024-11-21,Orgánico,Desktop,6,1788,0,0,Confirmación
203304,2047,2023-09-16,Orgánico,Móvil,9,1554,0,0,Producto
203305,1519,2024-04-22,Correo,Tablet,16,650,1,0,Búsqueda
203306,2245,2023-01-15,"Meta Ads",Desktop,14,729,1,0,Búsqueda
203307,2818,2024-05-19,"Google Ads",Tablet,19,1568,0,0,Confirmación
203308,2955,2023-12-14,"TikTok Ads",Móvil,20,691,1,1,Confirmación
203309,2011,2023-01-21,"TikTok Ads",Tablet,18,1145,0,0,Confirmación
203310,NULL,2024-01-26,Orgánico,Móvil,12,691,0,0,Carrito
203311,1054,2024-11-21,Orgánico,Desktop,10,1644,1,0,Confirmación
203312,2584,2024-12-17,Orgánico,Tablet,2,171,0,0,Checkout
203313,1511,2024-03-19,Correo,Tablet,14,615,0,0,Búsqueda
203314,2087,2022-07-22,"Google Ads",Tablet,14,981,0,0,Confirmación
203315,1457,2022-02-14,Orgánico,Tablet,15,167,0,0,Producto
203316,2556,2022-03-25,Directo,Móvil,7,1009,0,0,Inicio
203317,2532,2023-10-31,"Google Ads",Desktop,19,215,1,1,Confirmación
203318,2479,2024-11-17,"Meta Ads",Móvil,2,500,1,0,Producto
203319,NULL,2023-04-29,Correo,Tablet,2,1340,0,0,Checkout
203320,1731,2022-11-05,Correo,Desktop,7,957,1,0,Inicio
203321,1358,2023-04-02,"Google Ads",Móvil,18,1710,0,0,Checkout
203322,2197,2023-06-27,Orgánico,Tablet,5,465,0,0,Carrito
203323,2609,2024-03-09,"Google Ads",Tablet,4,569,1,0,Confirmación
203324,2014,2023-03-28,"TikTok Ads",Desktop,12,47,0,0,Confirmación
203325,1508,2024-08-07,Directo,Móvil,12,1371,1,0,Checkout
203326,1707,2022-04-24,Correo,Desktop,16,1112,1,0,Inicio
203327,1035,2023-04-27,"Google Ads",Móvil,14,1776,1,0,Producto
203328,1656,2024-12-11,"Meta Ads",Tablet,17,289,0,0,Inicio
203329,NULL,2024-10-30,"TikTok Ads",Móvil,5,624,0,0,Confirmación
203330,2001,2022-06-12,"Google Ads",Móvil,4,438,0,0,Búsqueda
203331,1628,2022-07-11,Orgánico,Desktop,13,610,0,0,Inicio
203332,2888,2024-11-27,Orgánico,Desktop,11,1262,1,0,Checkout
203333,2119,2023-10-23,Directo,Móvil,7,1597,0,0,Carrito
203334,NULL,2022-04-14,"TikTok Ads",Desktop,4,160,0,0,Carrito
203335,1167,2022-03-02,Correo,Desktop,11,1611,1,0,Carrito
203336,2041,2024-05-29,"Meta Ads",Tablet,7,636,0,0,Búsqueda
203337,2800,2024-12-22,"Meta Ads",Móvil,17,974,1,0,Checkout
203338,1902,2023-11-15,"TikTok Ads",Móvil,15,825,0,0,Checkout
203339,2236,2024-03-05,"Google Ads",Tablet,5,1522,0,0,Checkout
203340,NULL,2022-08-31,"Google Ads",Tablet,5,714,1,0,Búsqueda
203341,1681,2022-03-01,"Google Ads",Desktop,8,689,0,0,Búsqueda
203342,1167,2024-05-24,"Google Ads",Móvil,3,1696,1,0,Confirmación
203343,NULL,2024-05-22,"Google Ads",Móvil,18,173,0,0,Confirmación
203344,1641,2023-07-05,"TikTok Ads",Móvil,6,1402,1,0,Checkout
203345,1260,2024-04-03,"Google Ads",Móvil,17,447,1,0,Inicio
203346,2516,2024-07-09,Correo,Tablet,7,1705,1,0,Carrito
203347,1247,2023-04-20,Orgánico,Desktop,1,1197,1,0,Checkout
203348,1175,2023-03-27,Orgánico,Móvil,4,874,0,0,Confirmación
203349,2663,2023-08-14,Directo,Desktop,16,1015,0,0,Confirmación
203350,2050,2022-07-24,Directo,Móvil,6,963,0,0,Checkout
203351,2991,2024-11-21,Correo,Tablet,20,1567,0,0,Búsqueda
203352,2024,2022-08-26,Correo,Tablet,11,917,1,0,Confirmación
203353,2172,2022-05-03,"Meta Ads",Desktop,18,300,1,1,Confirmación
203354,1526,2024-11-18,"Meta Ads",Móvil,15,156,0,0,Inicio
203355,NULL,2023-07-26,Directo,Desktop,13,417,0,0,Checkout
203356,NULL,2023-08-26,"Google Ads",Desktop,16,318,0,0,Búsqueda
203357,1653,2023-09-01,"Meta Ads",Tablet,16,11,1,0,Producto
203358,1934,2022-09-24,"Meta Ads",Tablet,1,735,0,0,Confirmación
203359,1825,2023-07-03,"Meta Ads",Tablet,15,1223,0,0,Inicio
203360,2629,2023-02-26,Directo,Tablet,4,978,1,0,Carrito
203361,1216,2022-03-26,"Google Ads",Tablet,16,713,0,0,Producto
203362,1793,2022-03-25,Orgánico,Desktop,12,1045,0,0,Checkout
203363,2086,2024-11-01,Correo,Desktop,8,642,1,0,Producto
203364,2669,2022-05-25,Orgánico,Móvil,8,677,1,0,Inicio
203365,1833,2022-05-21,Directo,Móvil,11,591,0,0,Inicio
203366,2889,2022-01-01,Correo,Tablet,6,260,1,0,Confirmación
203367,1448,2024-10-06,Correo,Desktop,6,1592,0,0,Confirmación
203368,2308,2022-04-23,"Meta Ads",Desktop,9,509,1,0,Confirmación
203369,2398,2024-08-22,Orgánico,Tablet,13,1427,0,0,Checkout
203370,1451,2024-01-03,Directo,Móvil,12,747,0,0,Inicio
203371,1504,2023-11-21,Orgánico,Desktop,9,221,0,0,Carrito
203372,2421,2022-02-09,Correo,Móvil,9,1338,1,0,Búsqueda
203373,2694,2022-07-22,Directo,Móvil,10,1650,1,0,Búsqueda
203374,2449,2024-03-08,"Google Ads",Desktop,2,877,0,0,Inicio
203375,NULL,2023-06-05,Correo,Desktop,6,1651,0,0,Búsqueda
203376,2773,2024-11-10,Orgánico,Móvil,8,993,0,0,Carrito
203377,2686,2024-12-21,"TikTok Ads",Desktop,19,951,0,0,Checkout
203378,2759,2023-08-30,Correo,Tablet,14,1708,0,0,Carrito
203379,2463,2024-01-03,Directo,Tablet,9,141,1,0,Checkout
203380,1587,2024-12-29,"TikTok Ads",Móvil,18,933,0,0,Inicio
203381,2101,2023-11-05,Orgánico,Tablet,17,1707,0,0,Inicio
203382,2401,2022-06-02,"TikTok Ads",Tablet,13,55,0,0,Confirmación
203383,2105,2022-06-13,Correo,Móvil,2,227,0,0,Búsqueda
203384,2051,2023-04-17,"TikTok Ads",Tablet,16,475,0,0,Producto
203385,2154,2023-08-04,Directo,Tablet,1,416,1,0,Inicio
203386,1169,2024-10-03,Orgánico,Desktop,11,246,1,0,Producto
203387,1647,2023-10-03,Correo,Tablet,3,443,1,0,Confirmación
203388,1250,2022-06-28,"Meta Ads",Móvil,11,123,0,0,Confirmación
203389,1846,2022-03-13,"TikTok Ads",Tablet,2,1392,0,0,Búsqueda
203390,1727,2022-12-13,Correo,Móvil,18,1530,1,0,Carrito
203391,1944,2022-07-16,"Meta Ads",Móvil,12,567,0,0,Producto
203392,2345,2022-08-04,"Meta Ads",Móvil,5,491,1,1,Confirmación
203393,2271,2023-06-01,"TikTok Ads",Móvil,15,1070,0,0,Inicio
203394,2129,2023-08-14,"Google Ads",Desktop,18,1538,1,0,Checkout
203395,2612,2023-01-22,Correo,Desktop,5,1762,0,0,Confirmación
203396,NULL,2023-04-19,Directo,Desktop,1,56,0,0,Checkout
203397,2966,2023-07-13,"Meta Ads",Tablet,7,1333,1,0,Checkout
203398,2812,2022-03-26,"Meta Ads",Móvil,15,531,1,0,Búsqueda
203399,2758,2024-03-25,Correo,Desktop,20,1303,1,1,Confirmación
203400,NULL,2022-02-11,Correo,Desktop,10,719,0,0,Carrito
203401,1567,2022-08-31,"TikTok Ads",Desktop,6,477,1,0,Inicio
203402,NULL,2022-12-29,"Google Ads",Móvil,17,145,0,0,Checkout
203403,2986,2023-05-23,Directo,Tablet,7,1443,0,0,Búsqueda
203404,1004,2024-05-12,"Meta Ads",Desktop,6,1543,0,0,Búsqueda
203405,1087,2024-07-09,Orgánico,Tablet,3,788,1,0,Carrito
203406,2365,2022-12-16,Directo,Móvil,15,93,0,0,Confirmación
203407,2368,2022-07-28,Directo,Desktop,18,463,1,0,Checkout
203408,2416,2022-01-05,"TikTok Ads",Desktop,14,589,1,0,Búsqueda
203409,2324,2022-07-20,Orgánico,Desktop,4,680,1,0,Producto
203410,1789,2022-09-05,Directo,Desktop,17,1073,0,0,Confirmación
203411,1299,2024-08-07,Orgánico,Desktop,2,1215,0,0,Inicio
203412,NULL,2023-05-20,Correo,Móvil,16,1790,0,0,Producto
203413,2397,2022-06-27,"Meta Ads",Desktop,4,1677,1,0,Confirmación
203414,NULL,2023-01-31,Directo,Tablet,15,1563,0,0,Producto
203415,1168,2024-11-01,"Meta Ads",Desktop,16,695,1,0,Producto
203416,1092,2022-07-03,Correo,Tablet,15,986,0,0,Producto
203417,NULL,2024-07-31,Directo,Desktop,10,931,1,0,Confirmación
203418,2369,2022-10-07,"Meta Ads",Móvil,12,1483,0,0,Checkout
203419,2487,2024-05-01,"TikTok Ads",Móvil,19,635,1,1,Confirmación
203420,2324,2023-02-23,"Google Ads",Móvil,5,276,1,0,Inicio
203421,1137,2022-07-14,Correo,Móvil,1,56,1,0,Inicio
203422,1977,2023-08-14,Orgánico,Tablet,1,1721,0,0,Checkout
203423,1189,2022-07-14,Orgánico,Móvil,16,175,1,0,Búsqueda
203424,1807,2024-09-18,Correo,Móvil,7,793,1,0,Carrito
203425,1781,2024-06-21,"TikTok Ads",Tablet,6,1136,1,0,Inicio
203426,2256,2022-06-01,"Google Ads",Móvil,2,180,1,0,Inicio
203427,2708,2022-08-27,"Meta Ads",Desktop,1,1205,0,0,Checkout
203428,1343,2023-07-21,Directo,Desktop,14,1284,0,0,Carrito
203429,1363,2022-06-07,"Meta Ads",Tablet,12,1689,0,0,Checkout
203430,NULL,2024-05-03,Directo,Móvil,2,1298,1,0,Carrito
203431,1152,2023-12-14,Directo,Desktop,4,279,0,0,Producto
203432,1470,2024-07-04,Correo,Tablet,16,776,0,0,Carrito
203433,NULL,2024-09-04,"TikTok Ads",Tablet,9,1748,0,0,Carrito
203434,NULL,2022-08-15,"Google Ads",Móvil,14,1021,0,0,Búsqueda
203435,1161,2023-06-08,Directo,Tablet,14,1217,0,0,Búsqueda
203436,2784,2023-03-21,"TikTok Ads",Móvil,6,1665,1,0,Inicio
203437,2995,2024-04-04,Orgánico,Desktop,9,1576,0,0,Confirmación
203438,2617,2024-02-11,"Meta Ads",Móvil,14,1778,0,0,Checkout
203439,2854,2023-12-05,Directo,Desktop,2,131,0,0,Inicio
203440,2662,2024-11-26,Correo,Tablet,12,921,0,0,Confirmación
203441,1845,2023-04-16,"TikTok Ads",Móvil,12,1231,1,0,Carrito
203442,2736,2023-01-05,Correo,Tablet,16,1762,0,0,Inicio
203443,2134,2024-11-14,"Google Ads",Móvil,15,86,0,0,Inicio
203444,2152,2023-02-01,Orgánico,Desktop,5,51,1,0,Producto
203445,2950,2023-02-19,Directo,Tablet,3,849,1,1,Confirmación
203446,2095,2022-03-12,Correo,Desktop,17,807,1,0,Confirmación
203447,1680,2023-06-28,"TikTok Ads",Móvil,7,588,1,0,Confirmación
203448,2024,2023-12-27,"Meta Ads",Desktop,14,1625,1,0,Producto
203449,NULL,2023-12-02,Directo,Móvil,15,439,1,1,Confirmación
203450,2891,2022-09-12,"Google Ads",Móvil,18,232,1,0,Búsqueda
203451,NULL,2024-03-19,Correo,Tablet,19,973,0,0,Checkout
203452,2403,2024-06-08,"Meta Ads",Tablet,6,23,1,0,Producto
203453,2203,2024-06-21,"Google Ads",Desktop,5,672,1,0,Checkout
203454,1718,2022-03-23,Directo,Desktop,9,1446,1,0,Inicio
203455,NULL,2023-12-27,"Meta Ads",Móvil,12,300,1,0,Inicio
203456,1010,2023-07-29,"TikTok Ads",Móvil,14,177,0,0,Carrito
203457,1496,2023-01-31,"TikTok Ads",Desktop,13,1599,0,0,Búsqueda
203458,1742,2023-12-08,Correo,Móvil,4,1355,0,0,Checkout
203459,2106,2024-03-20,"Meta Ads",Desktop,12,499,0,0,Carrito
203460,1500,2024-04-30,Correo,Móvil,20,348,0,0,Búsqueda
203461,NULL,2024-05-16,Directo,Desktop,16,678,0,0,Búsqueda
203462,2297,2024-07-24,Orgánico,Desktop,16,62,0,0,Confirmación
203463,1808,2024-07-12,"Meta Ads",Móvil,2,1071,1,0,Búsqueda
203464,2796,2024-10-12,Directo,Desktop,7,338,1,0,Búsqueda
203465,1733,2023-06-02,Correo,Móvil,7,646,0,0,Producto
203466,NULL,2024-10-27,"Google Ads",Móvil,9,23,0,0,Producto
203467,1430,2024-09-15,Correo,Móvil,12,880,1,0,Checkout
203468,1519,2022-10-31,Directo,Móvil,17,1373,0,0,Producto
203469,2392,2022-06-30,"TikTok Ads",Tablet,12,116,0,0,Búsqueda
203470,NULL,2022-09-14,"Google Ads",Desktop,15,807,0,0,Checkout
203471,1629,2023-10-14,"TikTok Ads",Tablet,19,87,0,0,Checkout
203472,1960,2024-03-27,Directo,Desktop,9,1634,0,0,Inicio
203473,2192,2023-02-25,"Meta Ads",Tablet,20,1545,0,0,Búsqueda
203474,NULL,2022-10-10,"Meta Ads",Desktop,2,60,1,0,Checkout
203475,1128,2023-01-13,Directo,Móvil,13,1609,0,0,Inicio
203476,2026,2022-06-15,Orgánico,Tablet,9,1627,0,0,Producto
203477,1780,2023-06-05,Directo,Tablet,16,236,1,0,Confirmación
203478,1049,2024-03-30,"Google Ads",Tablet,18,681,1,0,Carrito
203479,2218,2024-01-11,"Meta Ads",Tablet,20,212,1,0,Producto
203480,2777,2022-10-09,Correo,Móvil,19,728,0,0,Checkout
203481,1227,2023-01-16,Directo,Desktop,18,19,0,0,Inicio
203482,1564,2023-09-23,"Google Ads",Móvil,3,1291,0,0,Producto
203483,1486,2023-05-05,"Meta Ads",Móvil,6,1392,1,0,Carrito
203484,2673,2024-08-29,"Google Ads",Móvil,13,1018,1,0,Búsqueda
203485,NULL,2023-11-28,"TikTok Ads",Móvil,15,1797,0,0,Confirmación
203486,2324,2023-05-20,"Meta Ads",Móvil,7,950,0,0,Confirmación
203487,2358,2022-06-11,Directo,Tablet,10,1000,1,1,Confirmación
203488,2898,2022-02-14,Orgánico,Móvil,20,275,0,0,Confirmación
203489,2000,2023-03-15,"TikTok Ads",Tablet,7,1436,1,0,Carrito
203490,1427,2022-12-07,"TikTok Ads",Desktop,11,412,1,0,Búsqueda
203491,2093,2024-08-18,"Meta Ads",Móvil,4,255,0,0,Checkout
203492,2027,2023-02-21,"Google Ads",Tablet,16,706,0,0,Inicio
203493,2447,2022-08-22,Directo,Desktop,10,1711,0,0,Producto
203494,2579,2024-05-24,"Google Ads",Desktop,19,47,0,0,Checkout
203495,2450,2022-11-04,Orgánico,Móvil,17,1338,0,0,Producto
203496,2657,2023-05-05,"TikTok Ads",Móvil,20,1671,0,0,Inicio
203497,NULL,2023-10-10,Correo,Desktop,13,1785,0,0,Confirmación
203498,2965,2024-09-11,"Google Ads",Móvil,20,1489,0,0,Inicio
203499,1392,2024-04-07,"TikTok Ads",Desktop,13,50,1,0,Confirmación
203500,2724,2023-04-28,Orgánico,Desktop,6,653,0,0,Confirmación
203501,1090,2024-12-03,"Meta Ads",Tablet,4,444,0,0,Inicio
203502,1004,2024-10-21,Correo,Móvil,19,1060,1,0,Checkout
203503,NULL,2024-06-08,Directo,Desktop,10,499,0,0,Carrito
203504,2941,2022-02-10,Directo,Móvil,3,1723,0,0,Búsqueda
203505,NULL,2023-10-12,"Google Ads",Tablet,4,113,1,1,Confirmación
203506,2681,2022-01-26,"Google Ads",Tablet,4,1206,0,0,Inicio
203507,1579,2022-08-20,"TikTok Ads",Tablet,4,446,0,0,Checkout
203508,2470,2023-08-16,"TikTok Ads",Tablet,12,627,1,1,Confirmación
203509,2845,2024-07-20,"Meta Ads",Móvil,6,1636,0,0,Producto
203510,1147,2023-07-13,"TikTok Ads",Móvil,6,1681,0,0,Producto
203511,NULL,2023-10-02,"TikTok Ads",Móvil,18,1048,1,0,Búsqueda
203512,2421,2022-02-28,"Meta Ads",Tablet,16,1594,0,0,Inicio
203513,2973,2022-11-23,"Google Ads",Desktop,20,283,0,0,Carrito
203514,1945,2023-11-14,Correo,Desktop,16,826,0,0,Inicio
203515,1187,2024-04-11,Orgánico,Móvil,4,1513,1,0,Inicio
203516,1818,2024-09-04,"Google Ads",Desktop,17,47,1,0,Confirmación
203517,1546,2022-08-21,"TikTok Ads",Tablet,11,842,0,0,Confirmación
203518,1775,2024-02-03,"Google Ads",Desktop,16,1317,1,1,Confirmación
203519,2158,2022-02-24,"Google Ads",Desktop,11,1356,0,0,Producto
203520,2216,2022-09-03,Correo,Desktop,8,1380,0,0,Carrito
203521,2290,2024-02-26,"Meta Ads",Móvil,18,1575,1,0,Confirmación
203522,1616,2022-12-07,"Meta Ads",Desktop,18,1112,1,0,Producto
203523,1318,2023-04-12,"TikTok Ads",Móvil,10,1732,1,0,Inicio
203524,2880,2022-01-28,"Google Ads",Móvil,18,1744,1,0,Inicio
203525,NULL,2022-07-12,Correo,Desktop,6,1131,0,0,Carrito
203526,NULL,2022-10-25,Orgánico,Móvil,16,1489,0,0,Confirmación
203527,1311,2024-12-22,"TikTok Ads",Móvil,3,251,1,0,Producto
203528,1631,2023-03-15,"Meta Ads",Desktop,15,767,1,0,Checkout
203529,1346,2023-01-11,"TikTok Ads",Móvil,3,1111,0,0,Inicio
203530,2669,2022-04-20,Orgánico,Desktop,18,1315,0,0,Búsqueda
203531,1174,2024-05-30,"Google Ads",Desktop,7,1242,1,1,Confirmación
203532,NULL,2024-02-18,"Meta Ads",Móvil,19,316,0,0,Confirmación
203533,2294,2023-06-17,"Google Ads",Móvil,2,945,0,0,Confirmación
203534,2663,2024-10-05,"Meta Ads",Móvil,14,1000,0,0,Producto
203535,2994,2022-03-07,"TikTok Ads",Desktop,17,202,0,0,Checkout
203536,1991,2022-03-12,Correo,Móvil,4,1785,0,0,Confirmación
203537,2850,2023-05-16,Orgánico,Móvil,1,1551,0,0,Checkout
203538,1987,2024-07-24,"TikTok Ads",Tablet,14,1481,0,0,Búsqueda
203539,NULL,2022-06-15,Directo,Tablet,18,1385,0,0,Carrito
203540,2426,2022-05-15,"Meta Ads",Desktop,11,1725,0,0,Carrito
203541,1643,2023-07-25,"TikTok Ads",Móvil,15,853,1,0,Producto
203542,2565,2022-07-10,"Google Ads",Desktop,1,1607,0,0,Inicio
203543,NULL,2022-08-05,"Google Ads",Tablet,7,1781,0,0,Inicio
203544,1685,2024-12-30,"Meta Ads",Desktop,4,1566,1,0,Checkout
203545,1039,2024-11-13,Correo,Móvil,15,1022,1,1,Confirmación
203546,1408,2023-03-28,"Google Ads",Desktop,4,658,1,0,Búsqueda
203547,1932,2023-09-20,Orgánico,Móvil,9,496,1,1,Confirmación
203548,1775,2022-08-26,"TikTok Ads",Desktop,6,262,0,0,Búsqueda
203549,1244,2023-09-26,Orgánico,Desktop,3,1557,0,0,Búsqueda
203550,1184,2023-06-23,Correo,Tablet,15,428,0,0,Búsqueda
203551,1379,2022-10-21,"TikTok Ads",Tablet,9,533,0,0,Inicio
203552,1023,2022-10-14,"TikTok Ads",Tablet,9,900,0,0,Checkout
203553,NULL,2024-11-27,"TikTok Ads",Móvil,15,848,1,0,Inicio
203554,1454,2024-11-29,"Meta Ads",Desktop,3,579,0,0,Carrito
203555,1423,2022-05-06,"Meta Ads",Móvil,16,522,1,0,Producto
203556,NULL,2023-03-29,Correo,Tablet,16,891,1,0,Confirmación
203557,2605,2024-01-21,"Google Ads",Desktop,5,1184,1,1,Confirmación
203558,1651,2023-08-01,Correo,Móvil,13,1308,1,0,Confirmación
203559,2287,2022-01-10,Directo,Desktop,18,587,1,0,Búsqueda
203560,1888,2022-12-12,Correo,Móvil,11,1068,1,0,Checkout
203561,1278,2023-04-16,Correo,Desktop,9,711,1,0,Producto
203562,2287,2024-07-03,Correo,Tablet,6,432,0,0,Carrito
203563,2744,2023-11-12,"Meta Ads",Tablet,12,350,0,0,Inicio
203564,NULL,2023-11-10,"Google Ads",Desktop,17,1712,1,0,Producto
203565,2329,2024-09-13,Orgánico,Tablet,1,853,0,0,Búsqueda
203566,2530,2024-12-18,Directo,Desktop,9,408,0,0,Inicio
203567,1294,2024-10-24,Directo,Desktop,6,290,1,0,Búsqueda
203568,2222,2022-07-19,Directo,Tablet,10,872,1,0,Carrito
203569,1615,2023-09-07,Orgánico,Desktop,17,750,1,0,Búsqueda
203570,1529,2023-12-25,Directo,Desktop,14,852,1,0,Búsqueda
203571,1472,2023-04-29,Directo,Tablet,15,837,0,0,Producto
203572,2004,2023-11-18,"TikTok Ads",Móvil,3,946,1,0,Producto
203573,1878,2024-05-10,Directo,Desktop,18,731,0,0,Producto
203574,1912,2022-11-28,"TikTok Ads",Móvil,17,201,0,0,Checkout
203575,NULL,2022-02-27,"Meta Ads",Tablet,15,828,0,0,Producto
203576,1072,2022-02-14,Orgánico,Tablet,12,290,0,0,Inicio
203577,2115,2023-10-13,"Google Ads",Tablet,15,1706,0,0,Búsqueda
203578,2074,2023-04-15,Correo,Tablet,12,453,1,1,Confirmación
203579,2585,2024-03-30,"TikTok Ads",Móvil,10,986,1,0,Checkout
203580,2101,2024-12-11,"Meta Ads",Móvil,17,1530,0,0,Búsqueda
203581,1238,2022-04-07,Directo,Tablet,7,1694,1,0,Checkout
203582,1171,2023-02-23,"Meta Ads",Móvil,18,1577,0,0,Producto
203583,1007,2022-01-17,"TikTok Ads",Desktop,16,1681,1,0,Confirmación
203584,1643,2024-05-22,"Google Ads",Móvil,18,906,0,0,Confirmación
203585,2394,2022-10-08,"Google Ads",Desktop,19,1468,0,0,Inicio
203586,NULL,2023-07-25,"TikTok Ads",Móvil,4,166,0,0,Confirmación
203587,1356,2024-10-27,Orgánico,Tablet,9,1666,1,0,Producto
203588,1302,2024-10-27,"Meta Ads",Desktop,14,1362,1,0,Producto
203589,2514,2023-07-21,Orgánico,Móvil,4,43,0,0,Checkout
203590,NULL,2023-07-09,"Meta Ads",Tablet,16,964,0,0,Confirmación
203591,1983,2024-01-19,"Google Ads",Tablet,13,85,1,0,Carrito
203592,2632,2023-11-01,"Meta Ads",Desktop,4,1514,1,0,Carrito
203593,NULL,2024-06-04,"TikTok Ads",Desktop,19,1684,1,0,Búsqueda
203594,2014,2024-06-07,"Meta Ads",Tablet,13,1203,1,0,Producto
203595,1866,2024-09-02,Correo,Desktop,17,521,0,0,Checkout
203596,1720,2023-11-14,"TikTok Ads",Tablet,12,1360,0,0,Carrito
203597,2583,2024-01-06,"Meta Ads",Móvil,8,736,0,0,Producto
203598,2280,2022-02-07,"Meta Ads",Desktop,1,107,1,0,Búsqueda
203599,1040,2022-03-25,Correo,Desktop,6,1146,0,0,Carrito
203600,2258,2022-01-25,Directo,Desktop,13,623,0,0,Carrito
203601,2868,2022-02-04,Orgánico,Desktop,19,622,0,0,Búsqueda
203602,1093,2022-03-13,"Google Ads",Móvil,7,1581,0,0,Inicio
203603,2223,2023-04-13,"Google Ads",Desktop,4,654,0,0,Carrito
203604,2620,2022-07-31,"Google Ads",Tablet,10,1741,0,0,Búsqueda
203605,1530,2024-03-04,"TikTok Ads",Tablet,7,399,1,0,Carrito
203606,1993,2024-05-20,Orgánico,Desktop,5,1013,1,0,Confirmación
203607,2559,2022-09-13,"TikTok Ads",Móvil,8,1741,0,0,Carrito
203608,2344,2023-11-06,"TikTok Ads",Tablet,7,1452,0,0,Producto
203609,NULL,2022-01-23,Correo,Móvil,18,333,1,0,Búsqueda
203610,2228,2023-05-08,Correo,Móvil,12,1118,0,0,Inicio
203611,2308,2024-03-03,Correo,Tablet,3,1611,0,0,Inicio
203612,NULL,2023-08-19,Correo,Móvil,10,91,0,0,Confirmación
203613,2939,2022-01-18,"Google Ads",Desktop,20,999,0,0,Inicio
203614,2176,2022-05-09,Correo,Tablet,15,823,0,0,Carrito
203615,1479,2022-01-08,"TikTok Ads",Tablet,1,1347,1,0,Producto
203616,2386,2022-06-24,Correo,Desktop,19,442,0,0,Confirmación
203617,2074,2024-11-09,Orgánico,Móvil,13,1088,0,0,Carrito
203618,2314,2023-05-14,Correo,Tablet,15,1408,0,0,Checkout
203619,2811,2024-02-15,Directo,Desktop,18,1712,0,0,Carrito
203620,NULL,2023-07-24,"Meta Ads",Tablet,4,1705,0,0,Producto
203621,NULL,2024-01-25,Orgánico,Desktop,16,1795,1,0,Confirmación
203622,1554,2024-09-29,Orgánico,Tablet,5,331,1,0,Producto
203623,2180,2022-12-17,Directo,Tablet,1,656,0,0,Producto
203624,1355,2023-05-19,Directo,Móvil,7,519,0,0,Producto
203625,2848,2023-04-14,Directo,Desktop,5,1677,1,0,Producto
203626,1760,2022-03-28,"Google Ads",Tablet,7,1106,0,0,Inicio
203627,2823,2024-03-19,"Meta Ads",Móvil,7,484,0,0,Búsqueda
203628,2250,2024-04-11,Directo,Desktop,6,72,0,0,Confirmación
203629,2306,2024-08-15,"Meta Ads",Desktop,18,1313,1,1,Confirmación
203630,2246,2023-01-02,"Meta Ads",Desktop,3,1446,0,0,Búsqueda
203631,1308,2024-08-09,"TikTok Ads",Tablet,1,988,1,0,Carrito
203632,2903,2024-12-06,"Meta Ads",Desktop,6,494,0,0,Inicio
203633,1903,2024-11-17,Orgánico,Desktop,7,352,1,0,Producto
203634,NULL,2022-10-05,Orgánico,Desktop,20,174,0,0,Búsqueda
203635,2286,2023-05-26,Orgánico,Desktop,9,1020,1,1,Confirmación
203636,2344,2023-12-04,Correo,Móvil,12,595,0,0,Confirmación
203637,2319,2023-03-29,Orgánico,Tablet,13,1594,1,0,Carrito
203638,NULL,2024-10-03,Directo,Móvil,15,654,0,0,Confirmación
203639,NULL,2023-02-18,"Google Ads",Tablet,5,1697,1,0,Checkout
203640,NULL,2022-02-20,Directo,Tablet,11,318,1,1,Confirmación
203641,2234,2023-09-21,Orgánico,Móvil,6,829,0,0,Carrito
203642,1874,2024-04-20,"Google Ads",Tablet,11,1155,0,0,Búsqueda
203643,1310,2024-05-23,"TikTok Ads",Tablet,15,103,0,0,Carrito
203644,NULL,2022-11-07,Orgánico,Tablet,12,1045,0,0,Producto
203645,NULL,2024-12-11,"Meta Ads",Desktop,3,1615,1,1,Confirmación
203646,1597,2022-09-22,"Google Ads",Móvil,3,1210,1,0,Checkout
203647,2277,2022-07-15,Orgánico,Tablet,12,435,0,0,Búsqueda
203648,1737,2024-09-22,Correo,Tablet,9,1472,0,0,Producto
203649,2110,2022-01-06,"Meta Ads",Tablet,4,1273,0,0,Inicio
203650,NULL,2022-01-09,"Meta Ads",Tablet,12,1455,0,0,Búsqueda
203651,1747,2023-01-06,"TikTok Ads",Tablet,1,858,0,0,Producto
203652,1539,2023-12-04,Directo,Desktop,13,947,1,0,Confirmación
203653,1853,2022-07-16,"Google Ads",Tablet,15,1493,1,0,Inicio
203654,1783,2024-05-15,Orgánico,Móvil,14,1638,0,0,Producto
203655,NULL,2024-12-15,Directo,Desktop,7,891,0,0,Inicio
203656,2223,2022-03-13,Correo,Móvil,20,802,1,0,Búsqueda
203657,NULL,2022-10-27,Directo,Tablet,11,368,0,0,Inicio
203658,2018,2023-06-19,Directo,Tablet,10,1284,0,0,Checkout
203659,1215,2022-09-13,"Meta Ads",Desktop,1,211,0,0,Carrito
203660,1542,2024-07-17,"Meta Ads",Móvil,16,499,1,0,Checkout
203661,2482,2022-09-27,Correo,Desktop,15,1121,0,0,Búsqueda
203662,2866,2023-02-04,"Google Ads",Móvil,5,109,0,0,Checkout
203663,1410,2024-09-11,Directo,Tablet,5,1607,1,0,Carrito
203664,2011,2022-12-06,Directo,Tablet,19,179,1,1,Confirmación
203665,2411,2022-04-04,Correo,Tablet,11,1146,0,0,Búsqueda
203666,1918,2024-06-25,Orgánico,Móvil,8,1046,0,0,Producto
203667,2300,2022-03-13,Orgánico,Tablet,4,1659,1,0,Checkout
203668,2226,2022-03-30,"Google Ads",Desktop,14,1375,0,0,Producto
203669,2721,2024-04-09,"TikTok Ads",Móvil,14,1013,0,0,Confirmación
203670,2727,2023-06-04,"Meta Ads",Desktop,1,273,0,0,Inicio
203671,2549,2022-05-15,"TikTok Ads",Desktop,16,1216,0,0,Producto
203672,2877,2023-01-22,"Google Ads",Móvil,18,969,1,0,Checkout
203673,1950,2023-06-16,Orgánico,Desktop,7,1077,0,0,Producto
203674,2283,2022-08-15,Correo,Móvil,4,1337,1,0,Producto
203675,1183,2024-11-06,Correo,Móvil,1,1525,0,0,Búsqueda
203676,1331,2022-07-31,"Meta Ads",Móvil,9,738,0,0,Producto
203677,1168,2022-02-20,"TikTok Ads",Tablet,8,12,1,1,Confirmación
203678,NULL,2024-03-20,Orgánico,Móvil,11,1661,0,0,Inicio
203679,1109,2022-05-22,Orgánico,Tablet,19,1537,1,0,Carrito
203680,1360,2024-08-01,"Google Ads",Desktop,14,968,0,0,Inicio
203681,1136,2023-07-15,Orgánico,Tablet,16,1290,0,0,Producto
203682,1351,2022-02-25,"Google Ads",Móvil,5,148,0,0,Checkout
203683,2699,2023-04-15,Correo,Móvil,15,275,1,0,Producto
203684,2540,2023-03-03,Correo,Móvil,16,1659,0,0,Checkout
203685,2944,2024-02-03,"Google Ads",Tablet,1,1160,0,0,Búsqueda
203686,2717,2023-05-10,Correo,Móvil,4,1569,0,0,Confirmación
203687,1953,2023-10-20,"Google Ads",Tablet,12,355,0,0,Confirmación
203688,2475,2022-07-03,"Meta Ads",Tablet,13,1394,1,0,Búsqueda
203689,2549,2023-12-07,"Google Ads",Desktop,19,15,0,0,Producto
203690,2207,2024-01-09,Correo,Desktop,8,707,0,0,Checkout
203691,2296,2022-01-31,"Meta Ads",Móvil,8,1507,1,0,Carrito
203692,1289,2023-08-09,Directo,Desktop,15,1791,0,0,Checkout
203693,1948,2024-12-17,"Meta Ads",Móvil,1,1627,1,0,Carrito
203694,2072,2022-06-16,"TikTok Ads",Tablet,7,1264,1,0,Producto
203695,1788,2023-06-09,Orgánico,Tablet,2,259,0,0,Checkout
203696,2044,2022-05-15,"Google Ads",Móvil,19,1703,0,0,Carrito
203697,2852,2022-10-03,"Google Ads",Tablet,20,368,0,0,Inicio
203698,1883,2023-08-28,"TikTok Ads",Tablet,14,488,0,0,Carrito
203699,1384,2024-06-21,Directo,Tablet,1,1754,1,0,Carrito
203700,1761,2023-10-22,Directo,Tablet,13,225,0,0,Búsqueda
203701,2581,2024-02-27,Orgánico,Móvil,4,1491,1,0,Producto
203702,1170,2023-04-26,Correo,Tablet,8,257,1,0,Búsqueda
203703,NULL,2023-09-15,"TikTok Ads",Tablet,14,1433,1,0,Checkout
203704,2452,2022-01-12,Directo,Desktop,15,935,1,0,Producto
203705,1562,2022-12-11,Correo,Desktop,12,75,1,0,Producto
203706,2097,2023-11-20,"Meta Ads",Tablet,14,1129,0,0,Inicio
203707,1701,2022-01-30,Orgánico,Tablet,12,1385,1,0,Búsqueda
203708,1990,2024-04-29,Directo,Desktop,19,1782,1,0,Confirmación
203709,1117,2022-12-30,Directo,Desktop,6,1622,1,0,Inicio
203710,1479,2024-03-14,Orgánico,Tablet,16,1377,1,0,Búsqueda
203711,NULL,2024-05-14,"Meta Ads",Móvil,9,1597,0,0,Inicio
203712,2027,2023-10-01,Directo,Tablet,15,118,1,0,Carrito
203713,2555,2022-04-06,"Google Ads",Tablet,7,142,0,0,Inicio
203714,1954,2024-10-22,"Meta Ads",Desktop,13,1326,0,0,Producto
203715,2909,2024-04-07,"Meta Ads",Móvil,5,1352,0,0,Búsqueda
203716,2968,2022-07-13,"TikTok Ads",Desktop,1,345,0,0,Producto
203717,2756,2022-09-16,Correo,Desktop,15,516,0,0,Búsqueda
203718,2503,2023-01-13,"Google Ads",Desktop,13,1359,0,0,Checkout
203719,1618,2023-06-29,"Google Ads",Móvil,16,649,0,0,Confirmación
203720,1579,2022-01-19,"Google Ads",Móvil,9,507,1,0,Confirmación
203721,2546,2022-01-23,"Meta Ads",Móvil,6,1271,0,0,Confirmación
203722,1057,2023-04-15,Orgánico,Desktop,11,1138,0,0,Confirmación
203723,1620,2024-03-20,"Google Ads",Desktop,11,1626,0,0,Producto
203724,1363,2024-11-07,Orgánico,Desktop,8,35,0,0,Carrito
203725,2869,2024-12-03,Correo,Tablet,12,147,0,0,Confirmación
203726,2862,2024-12-21,Correo,Desktop,12,1490,0,0,Búsqueda
203727,1268,2022-12-06,"Meta Ads",Desktop,10,1593,0,0,Confirmación
203728,2446,2022-09-15,Correo,Tablet,15,62,0,0,Búsqueda
203729,2743,2022-10-09,Directo,Tablet,2,607,0,0,Confirmación
203730,2835,2022-09-12,"Google Ads",Móvil,19,389,0,0,Confirmación
203731,2650,2022-10-10,Correo,Móvil,17,1320,0,0,Checkout
203732,2757,2022-10-26,"Google Ads",Móvil,17,871,0,0,Inicio
203733,2941,2023-12-09,Orgánico,Tablet,12,1799,1,0,Carrito
203734,2969,2023-02-27,"TikTok Ads",Móvil,7,1609,1,0,Checkout
203735,NULL,2022-08-14,"Meta Ads",Tablet,7,1496,0,0,Confirmación
203736,NULL,2024-05-19,"Meta Ads",Desktop,11,1738,0,0,Inicio
203737,2294,2023-02-28,Correo,Desktop,9,481,1,0,Búsqueda
203738,1204,2023-10-05,Directo,Desktop,13,740,0,0,Confirmación
203739,NULL,2022-03-18,Directo,Móvil,4,1546,0,0,Inicio
203740,2168,2022-02-06,Directo,Desktop,4,384,0,0,Búsqueda
203741,1010,2022-09-29,"Google Ads",Móvil,6,1278,1,0,Checkout
203742,1771,2022-08-18,"Meta Ads",Tablet,12,1743,1,1,Confirmación
203743,1474,2023-10-22,Correo,Móvil,3,893,1,0,Inicio
203744,2463,2023-11-10,"Meta Ads",Tablet,17,281,1,0,Inicio
203745,1029,2022-10-08,Orgánico,Tablet,7,1737,0,0,Búsqueda
203746,2084,2022-05-11,Orgánico,Desktop,1,400,0,0,Carrito
203747,2846,2023-07-20,Correo,Tablet,17,1208,0,0,Confirmación
203748,2010,2023-07-11,"Google Ads",Móvil,16,890,0,0,Checkout
203749,NULL,2022-02-16,Directo,Desktop,9,241,0,0,Producto
203750,2469,2022-09-11,Directo,Tablet,18,639,0,0,Confirmación
203751,2805,2023-06-09,Orgánico,Tablet,19,1009,0,0,Carrito
203752,1964,2022-05-16,Orgánico,Móvil,4,1002,1,0,Confirmación
203753,NULL,2024-07-04,"Meta Ads",Móvil,2,868,0,0,Checkout
203754,2940,2022-09-04,Orgánico,Tablet,8,1189,1,0,Producto
203755,1915,2023-11-13,"Meta Ads",Desktop,5,1766,0,0,Confirmación
203756,2017,2022-01-03,Orgánico,Desktop,1,1443,1,0,Checkout
203757,1335,2024-06-17,Correo,Tablet,16,1726,1,0,Carrito
203758,NULL,2024-06-22,"Meta Ads",Móvil,19,647,1,1,Confirmación
203759,2772,2024-10-18,"Meta Ads",Móvil,11,680,1,0,Producto
203760,2610,2022-02-14,"TikTok Ads",Desktop,13,1176,0,0,Búsqueda
203761,2472,2024-10-11,"Meta Ads",Tablet,16,206,0,0,Carrito
203762,NULL,2022-12-03,"Google Ads",Móvil,13,589,0,0,Checkout
203763,2897,2023-09-07,Correo,Desktop,14,353,0,0,Checkout
203764,2488,2023-10-31,Directo,Tablet,4,810,0,0,Carrito
203765,1445,2023-09-10,"Meta Ads",Tablet,18,47,0,0,Búsqueda
203766,2975,2023-09-22,"Meta Ads",Desktop,2,371,1,0,Carrito
203767,1998,2022-07-17,"TikTok Ads",Móvil,6,81,0,0,Inicio
203768,1619,2022-02-14,"TikTok Ads",Desktop,16,1597,1,0,Búsqueda
203769,NULL,2024-02-28,Directo,Móvil,12,913,1,0,Checkout
203770,1924,2023-10-02,Orgánico,Móvil,15,1792,0,0,Producto
203771,2419,2023-02-17,Correo,Tablet,11,747,1,0,Carrito
203772,2484,2022-08-11,"Meta Ads",Móvil,7,12,1,0,Producto
203773,2194,2024-06-29,"TikTok Ads",Desktop,8,586,0,0,Confirmación
203774,NULL,2023-01-14,"TikTok Ads",Desktop,1,20,0,0,Búsqueda
203775,1405,2022-07-30,Orgánico,Tablet,16,346,0,0,Búsqueda
203776,1564,2023-02-01,"Google Ads",Móvil,6,1291,1,0,Confirmación
203777,2771,2024-09-16,Correo,Desktop,6,1370,0,0,Confirmación
203778,NULL,2023-08-08,Directo,Desktop,12,494,1,0,Producto
203779,NULL,2024-01-05,Correo,Tablet,10,1004,1,0,Carrito
203780,1492,2024-07-15,"Google Ads",Desktop,18,1694,0,0,Búsqueda
203781,NULL,2024-09-27,"Meta Ads",Móvil,5,247,0,0,Búsqueda
203782,NULL,2024-02-03,Directo,Móvil,3,280,0,0,Búsqueda
203783,1600,2022-08-09,Orgánico,Desktop,20,757,0,0,Checkout
203784,1979,2022-07-27,Orgánico,Tablet,5,26,0,0,Carrito
203785,1367,2023-09-12,"Google Ads",Desktop,6,226,0,0,Producto
203786,2057,2022-07-11,"Google Ads",Móvil,4,517,1,0,Producto
203787,2813,2023-02-28,Correo,Tablet,19,210,0,0,Producto
203788,2788,2024-02-25,"Meta Ads",Móvil,7,1005,0,0,Inicio
203789,1891,2024-04-07,"TikTok Ads",Desktop,19,773,0,0,Confirmación
203790,1895,2023-05-03,Correo,Móvil,4,79,0,0,Producto
203791,NULL,2022-09-09,Orgánico,Tablet,8,885,0,0,Carrito
203792,1050,2022-07-29,Correo,Desktop,14,1418,0,0,Checkout
203793,2225,2022-05-29,"Meta Ads",Tablet,6,555,0,0,Inicio
203794,NULL,2022-04-12,Correo,Móvil,7,1257,1,0,Búsqueda
203795,1205,2024-02-09,"TikTok Ads",Tablet,6,31,1,0,Búsqueda
203796,1156,2022-12-08,"Google Ads",Desktop,14,1055,1,0,Inicio
203797,2403,2023-02-18,"TikTok Ads",Tablet,8,1063,0,0,Checkout
203798,NULL,2022-07-02,"Google Ads",Móvil,1,164,0,0,Carrito
203799,1631,2024-02-23,Correo,Desktop,14,1328,0,0,Producto
203800,2418,2024-01-22,Correo,Desktop,17,1041,0,0,Checkout
203801,1178,2023-11-04,"Google Ads",Móvil,7,887,0,0,Confirmación
203802,2145,2023-07-15,Directo,Desktop,19,1334,0,0,Carrito
203803,1793,2023-01-09,"Google Ads",Tablet,1,103,1,1,Confirmación
203804,1405,2024-05-13,"Meta Ads",Tablet,20,1166,0,0,Inicio
203805,1140,2024-03-05,Orgánico,Desktop,17,1221,0,0,Inicio
203806,2711,2024-12-06,"TikTok Ads",Móvil,19,226,0,0,Producto
203807,NULL,2022-05-08,"Meta Ads",Móvil,2,370,0,0,Carrito
203808,2005,2024-08-26,"TikTok Ads",Desktop,8,456,1,0,Búsqueda
203809,1155,2022-08-26,Correo,Móvil,11,293,0,0,Inicio
203810,2432,2022-01-31,Orgánico,Tablet,8,1418,0,0,Carrito
203811,NULL,2022-08-24,"Google Ads",Móvil,8,841,1,0,Confirmación
203812,1214,2022-06-09,"TikTok Ads",Desktop,4,326,0,0,Búsqueda
203813,1957,2022-01-01,"Google Ads",Tablet,12,416,0,0,Confirmación
203814,NULL,2022-11-07,Orgánico,Tablet,18,520,0,0,Checkout
203815,1051,2024-11-03,Orgánico,Desktop,12,1426,1,0,Inicio
203816,NULL,2023-12-24,"TikTok Ads",Desktop,20,347,0,0,Inicio
203817,1296,2024-05-15,Directo,Desktop,6,919,0,0,Carrito
203818,2691,2024-05-06,Correo,Desktop,15,1001,0,0,Carrito
203819,2805,2023-08-07,"Google Ads",Tablet,16,1779,0,0,Inicio
203820,2464,2022-07-21,Correo,Tablet,5,1038,0,0,Carrito
203821,2397,2024-11-01,Correo,Desktop,11,1452,0,0,Inicio
203822,1109,2024-02-06,"Meta Ads",Desktop,6,1362,1,0,Carrito
203823,2736,2022-10-06,Directo,Móvil,20,1383,0,0,Producto
203824,1228,2022-10-27,"Google Ads",Móvil,7,1202,1,0,Producto
203825,NULL,2024-02-11,Orgánico,Móvil,20,468,0,0,Búsqueda
203826,1039,2024-04-29,"Google Ads",Desktop,15,1389,0,0,Confirmación
203827,NULL,2023-07-29,Correo,Desktop,2,1123,0,0,Inicio
203828,1707,2022-01-08,Correo,Móvil,5,883,0,0,Confirmación
203829,2749,2023-01-19,Orgánico,Tablet,12,122,0,0,Carrito
203830,2604,2023-12-22,"Google Ads",Tablet,2,292,1,0,Producto
203831,2352,2022-06-18,Directo,Tablet,20,1505,0,0,Búsqueda
203832,2150,2022-03-31,Directo,Desktop,15,538,0,0,Checkout
203833,1795,2023-02-06,Directo,Desktop,11,1246,0,0,Confirmación
203834,2925,2023-07-01,"Google Ads",Tablet,17,1127,1,0,Producto
203835,1549,2024-03-15,Correo,Tablet,8,1049,0,0,Producto
203836,2580,2024-04-05,Directo,Móvil,1,1019,1,0,Checkout
203837,2723,2024-08-28,Orgánico,Desktop,10,674,0,0,Búsqueda
203838,2085,2022-09-01,"Google Ads",Desktop,9,728,1,0,Checkout
203839,2041,2024-01-22,Directo,Móvil,1,744,0,0,Producto
203840,NULL,2023-12-29,Directo,Móvil,5,1753,0,0,Búsqueda
203841,1544,2024-06-29,Directo,Desktop,4,1737,0,0,Inicio
203842,1447,2022-06-16,"TikTok Ads",Desktop,12,72,0,0,Checkout
203843,2515,2022-12-13,"Google Ads",Móvil,13,1725,1,0,Checkout
203844,NULL,2024-08-24,"Google Ads",Tablet,9,562,0,0,Búsqueda
203845,NULL,2024-11-03,Correo,Móvil,20,770,0,0,Búsqueda
203846,2246,2023-12-15,Directo,Tablet,15,789,0,0,Confirmación
203847,1378,2024-04-28,"Meta Ads",Desktop,1,149,1,0,Checkout
203848,1826,2023-11-17,Correo,Tablet,8,845,0,0,Confirmación
203849,1306,2022-05-31,"TikTok Ads",Desktop,7,98,0,0,Confirmación
203850,NULL,2022-12-08,"Google Ads",Desktop,12,1583,0,0,Confirmación
203851,1817,2024-08-01,Directo,Tablet,18,1545,0,0,Confirmación
203852,2740,2022-11-21,"TikTok Ads",Desktop,12,634,0,0,Inicio
203853,1510,2024-07-31,"Meta Ads",Tablet,6,1151,0,0,Producto
203854,NULL,2024-10-08,"Meta Ads",Móvil,19,211,0,0,Inicio
203855,NULL,2023-08-12,"TikTok Ads",Móvil,20,889,1,0,Producto
203856,1296,2023-04-28,Directo,Móvil,2,1353,0,0,Inicio
203857,2175,2022-08-30,Correo,Móvil,18,1782,1,0,Confirmación
203858,2582,2022-12-19,"Meta Ads",Móvil,4,340,0,0,Inicio
203859,NULL,2022-06-30,Orgánico,Móvil,14,1166,1,0,Inicio
203860,1944,2024-12-18,"TikTok Ads",Móvil,17,1499,0,0,Confirmación
203861,NULL,2024-04-27,"TikTok Ads",Desktop,7,23,1,0,Checkout
203862,1370,2022-12-25,Correo,Tablet,17,1338,0,0,Checkout
203863,1288,2024-04-26,"TikTok Ads",Tablet,3,1621,1,0,Checkout
203864,NULL,2022-12-29,Correo,Tablet,9,1692,1,0,Producto
203865,NULL,2024-06-11,Directo,Tablet,2,73,0,0,Carrito
203866,1887,2024-12-24,"Google Ads",Tablet,14,1402,1,0,Checkout
203867,1645,2024-08-06,"TikTok Ads",Desktop,6,925,0,0,Producto
203868,2579,2022-09-25,"TikTok Ads",Tablet,4,1326,0,0,Inicio
203869,1190,2024-06-04,Directo,Tablet,2,969,0,0,Confirmación
203870,1082,2022-08-17,Orgánico,Tablet,14,1232,1,0,Confirmación
203871,2924,2022-04-15,Directo,Desktop,19,45,0,0,Carrito
203872,1480,2022-06-27,Correo,Desktop,16,1339,1,1,Confirmación
203873,1397,2024-01-08,Orgánico,Desktop,1,706,0,0,Producto
203874,2097,2023-04-13,Directo,Desktop,5,633,1,0,Inicio
203875,1377,2022-07-26,"TikTok Ads",Móvil,2,953,0,0,Checkout
203876,1144,2023-11-02,"Google Ads",Móvil,15,1219,0,0,Producto
203877,2676,2024-12-02,Correo,Desktop,1,665,0,0,Confirmación
203878,2159,2023-04-28,Directo,Móvil,20,687,0,0,Confirmación
203879,2587,2022-04-15,Orgánico,Móvil,19,1572,0,0,Carrito
203880,2618,2023-11-12,"Meta Ads",Desktop,20,1645,0,0,Producto
203881,NULL,2022-01-20,"Meta Ads",Tablet,1,720,0,0,Producto
203882,2684,2024-01-25,"Meta Ads",Móvil,15,757,1,0,Búsqueda
203883,2010,2022-05-24,"Google Ads",Desktop,10,135,1,0,Checkout
203884,2610,2023-12-21,Orgánico,Desktop,16,950,1,0,Carrito
203885,NULL,2023-10-22,"TikTok Ads",Desktop,6,317,1,1,Confirmación
203886,NULL,2023-03-03,Correo,Desktop,19,308,0,0,Checkout
203887,2708,2023-02-19,"Google Ads",Móvil,15,802,0,0,Producto
203888,2645,2023-02-04,Correo,Tablet,6,227,1,0,Inicio
203889,1579,2022-03-10,"TikTok Ads",Tablet,4,1584,1,1,Confirmación
203890,NULL,2023-09-27,"Meta Ads",Móvil,20,424,0,0,Inicio
203891,NULL,2022-08-31,Orgánico,Móvil,15,719,1,0,Producto
203892,1217,2024-10-01,Correo,Tablet,12,183,1,0,Carrito
203893,2772,2024-07-12,"TikTok Ads",Tablet,7,667,0,0,Checkout
203894,2264,2024-09-07,"Meta Ads",Tablet,1,549,1,0,Carrito
203895,1682,2023-05-27,Correo,Móvil,2,90,0,0,Carrito
203896,1652,2024-12-18,Directo,Móvil,10,471,0,0,Checkout
203897,2956,2023-12-20,Orgánico,Desktop,4,877,0,0,Inicio
203898,NULL,2022-05-01,Correo,Desktop,6,30,0,0,Confirmación
203899,2524,2022-01-28,"Google Ads",Móvil,3,277,0,0,Inicio
203900,1420,2023-02-02,Correo,Móvil,17,471,1,0,Checkout
203901,NULL,2024-11-15,"TikTok Ads",Tablet,1,1149,0,0,Confirmación
203902,1960,2023-03-04,"Google Ads",Móvil,16,1124,0,0,Carrito
203903,2338,2023-04-07,Correo,Móvil,1,641,0,0,Producto
203904,1170,2023-08-15,"Meta Ads",Móvil,10,714,0,0,Búsqueda
203905,NULL,2022-03-19,Correo,Desktop,13,339,0,0,Confirmación
203906,2872,2024-06-05,Directo,Tablet,4,1092,0,0,Confirmación
203907,NULL,2023-06-14,Correo,Tablet,19,932,0,0,Confirmación
203908,2085,2022-10-05,Correo,Tablet,10,712,0,0,Checkout
203909,1934,2023-05-01,"TikTok Ads",Desktop,19,1494,0,0,Carrito
203910,1687,2023-12-05,"Meta Ads",Móvil,6,1411,0,0,Producto
203911,2054,2024-12-13,Orgánico,Tablet,8,1017,0,0,Inicio
203912,2217,2024-11-15,Orgánico,Desktop,8,428,1,0,Carrito
203913,2200,2022-06-17,Correo,Tablet,9,174,1,0,Inicio
203914,1123,2023-01-02,Correo,Móvil,13,1499,0,0,Producto
203915,2060,2023-08-19,Directo,Tablet,9,1151,0,0,Producto
203916,2271,2023-10-30,Directo,Desktop,12,1533,1,0,Carrito
203917,2262,2024-09-09,Correo,Tablet,14,1640,1,1,Confirmación
203918,NULL,2024-03-20,Directo,Móvil,11,810,0,0,Producto
203919,2308,2023-08-19,"Meta Ads",Desktop,5,613,1,0,Inicio
203920,1221,2024-07-18,Correo,Tablet,5,1738,0,0,Inicio
203921,1559,2023-11-26,Correo,Tablet,7,760,0,0,Producto
203922,1461,2024-09-06,"Meta Ads",Desktop,18,1728,0,0,Inicio
203923,1270,2022-05-24,Orgánico,Desktop,14,1719,0,0,Búsqueda
203924,1276,2024-11-10,Orgánico,Tablet,10,866,1,0,Producto
203925,2745,2023-07-03,Correo,Móvil,16,1305,0,0,Inicio
203926,NULL,2023-09-26,Directo,Desktop,12,339,1,0,Producto
203927,1742,2024-01-15,"Meta Ads",Desktop,16,1029,1,0,Inicio
203928,2976,2023-09-08,Directo,Desktop,11,1352,1,1,Confirmación
203929,NULL,2024-02-05,Correo,Desktop,4,111,1,1,Confirmación
203930,2952,2024-09-29,Correo,Tablet,17,915,0,0,Producto
203931,2507,2022-01-11,Directo,Tablet,1,223,0,0,Inicio
203932,1751,2022-05-11,"TikTok Ads",Tablet,14,1402,1,0,Búsqueda
203933,NULL,2024-10-24,"TikTok Ads",Desktop,8,1338,1,0,Carrito
203934,1660,2023-06-16,Correo,Desktop,3,502,1,0,Inicio
203935,2867,2023-02-21,Correo,Desktop,18,349,1,1,Confirmación
203936,2439,2022-01-19,Directo,Móvil,8,904,0,0,Checkout
203937,2659,2024-05-01,Directo,Móvil,5,757,0,0,Producto
203938,1456,2023-09-21,Directo,Tablet,5,1548,0,0,Producto
203939,2460,2023-12-18,"Google Ads",Móvil,2,1306,0,0,Inicio
203940,1466,2022-04-07,"Meta Ads",Móvil,15,1470,0,0,Confirmación
203941,2225,2023-06-02,Correo,Móvil,17,223,0,0,Confirmación
203942,1603,2024-04-25,"TikTok Ads",Tablet,15,816,0,0,Producto
203943,2760,2022-08-04,"TikTok Ads",Tablet,3,1264,1,0,Carrito
203944,NULL,2022-01-18,Directo,Móvil,15,1448,1,0,Búsqueda
203945,1419,2023-01-18,Orgánico,Tablet,11,933,0,0,Producto
203946,2635,2023-04-19,"Meta Ads",Móvil,15,1250,0,0,Carrito
203947,2764,2022-09-24,"TikTok Ads",Tablet,3,1145,0,0,Carrito
203948,2413,2022-07-19,Correo,Tablet,18,173,1,0,Búsqueda
203949,1180,2022-05-19,"TikTok Ads",Móvil,4,1081,1,0,Producto
203950,2587,2024-04-15,"Google Ads",Desktop,19,446,0,0,Carrito
203951,1169,2023-01-25,Directo,Desktop,12,394,0,0,Inicio
203952,2181,2024-05-26,"TikTok Ads",Móvil,3,317,0,0,Inicio
203953,2187,2022-03-05,Correo,Tablet,20,1586,0,0,Carrito
203954,2611,2022-03-28,Directo,Desktop,1,887,0,0,Inicio
203955,1837,2024-06-18,Orgánico,Tablet,1,1747,1,0,Producto
203956,1561,2022-09-16,Correo,Móvil,7,488,1,0,Confirmación
203957,2971,2024-03-18,Orgánico,Móvil,6,1341,1,0,Inicio
203958,1531,2022-11-01,"Meta Ads",Tablet,20,757,0,0,Confirmación
203959,2794,2024-07-27,"TikTok Ads",Móvil,17,216,0,0,Confirmación
203960,2674,2024-03-13,"Google Ads",Desktop,18,1650,0,0,Búsqueda
203961,1382,2024-10-22,Orgánico,Desktop,3,431,1,0,Checkout
203962,1432,2022-10-09,Orgánico,Móvil,10,78,1,0,Inicio
203963,2397,2023-03-11,"Google Ads",Tablet,13,977,0,0,Confirmación
203964,2983,2024-09-28,Orgánico,Desktop,7,1508,0,0,Búsqueda
203965,NULL,2023-09-27,Orgánico,Desktop,8,1194,0,0,Producto
203966,2341,2022-02-22,Directo,Tablet,4,1633,0,0,Búsqueda
203967,1172,2024-04-05,Directo,Tablet,8,940,0,0,Producto
203968,2211,2024-11-16,"Google Ads",Tablet,10,584,0,0,Búsqueda
203969,2867,2023-12-14,Directo,Tablet,12,51,0,0,Inicio
203970,1340,2022-02-28,Directo,Desktop,14,1524,1,0,Producto
203971,2504,2024-04-12,"Meta Ads",Móvil,15,1190,0,0,Producto
203972,NULL,2022-06-25,"TikTok Ads",Móvil,10,966,0,0,Producto
203973,1456,2024-02-05,Correo,Móvil,12,660,1,0,Checkout
203974,2749,2023-05-08,Orgánico,Tablet,16,1037,1,0,Búsqueda
203975,1538,2024-07-24,Directo,Desktop,2,1300,1,0,Producto
203976,2245,2024-02-26,"Google Ads",Desktop,13,1008,0,0,Carrito
203977,2134,2023-03-18,"TikTok Ads",Tablet,7,1359,1,0,Confirmación
203978,2893,2023-09-15,Orgánico,Tablet,2,1641,0,0,Búsqueda
203979,2298,2023-08-18,Orgánico,Desktop,18,1036,0,0,Checkout
203980,2602,2024-03-10,"Meta Ads",Tablet,3,806,0,0,Confirmación
203981,1345,2023-01-04,"Meta Ads",Tablet,8,794,1,0,Checkout
203982,1375,2022-01-11,"Meta Ads",Móvil,7,236,1,0,Carrito
203983,2752,2022-12-09,Correo,Tablet,12,639,0,0,Producto
203984,1724,2024-02-27,Directo,Móvil,15,640,0,0,Búsqueda
203985,1705,2024-05-10,"Google Ads",Móvil,8,974,1,0,Inicio
203986,NULL,2023-04-17,Correo,Tablet,20,1533,0,0,Búsqueda
203987,2950,2022-11-17,Correo,Móvil,8,1067,0,0,Inicio
203988,2415,2023-07-07,Correo,Tablet,12,779,1,0,Confirmación
203989,1286,2022-08-21,"TikTok Ads",Desktop,5,1486,0,0,Checkout
203990,1592,2024-06-22,Orgánico,Desktop,11,731,1,0,Búsqueda
203991,2421,2022-04-14,"TikTok Ads",Desktop,17,199,0,0,Producto
203992,2390,2022-03-25,"Google Ads",Móvil,12,1451,1,0,Producto
203993,1550,2022-10-30,Directo,Móvil,6,25,1,0,Checkout
203994,2471,2022-12-30,"Google Ads",Móvil,12,1535,0,0,Carrito
203995,NULL,2023-07-15,"Google Ads",Desktop,10,565,1,0,Inicio
203996,1660,2023-07-18,"TikTok Ads",Desktop,6,199,1,0,Producto
203997,1988,2023-01-24,Directo,Desktop,17,1500,0,0,Confirmación
203998,1443,2023-06-29,"TikTok Ads",Tablet,11,640,0,0,Producto
203999,1866,2024-11-21,"Google Ads",Tablet,20,1194,0,0,Producto
204000,NULL,2022-11-10,"TikTok Ads",Tablet,18,603,1,1,Confirmación
204001,NULL,2023-07-31,"TikTok Ads",Tablet,7,713,0,0,Inicio
204002,1121,2023-12-30,"Meta Ads",Desktop,2,1217,0,0,Confirmación
204003,2793,2023-10-14,Correo,Desktop,13,930,0,0,Búsqueda
204004,2577,2023-06-28,"Google Ads",Tablet,2,1079,0,0,Búsqueda
204005,1907,2024-06-06,"Google Ads",Tablet,17,1510,0,0,Carrito
204006,1940,2022-02-06,"Google Ads",Móvil,4,1795,0,0,Producto
204007,NULL,2023-11-10,"Google Ads",Tablet,12,1552,1,0,Inicio
204008,2610,2023-09-07,Correo,Tablet,9,503,0,0,Producto
204009,1968,2022-06-29,"Google Ads",Móvil,7,658,1,0,Checkout
204010,2282,2022-01-15,Correo,Desktop,3,1462,0,0,Producto
204011,NULL,2023-06-08,"Google Ads",Tablet,8,461,0,0,Confirmación
204012,NULL,2022-03-20,"Meta Ads",Desktop,1,1524,0,0,Búsqueda
204013,1992,2023-06-13,Correo,Tablet,6,1578,0,0,Carrito
204014,2578,2023-11-10,"Google Ads",Tablet,8,687,1,0,Búsqueda
204015,2961,2023-10-24,Orgánico,Tablet,6,1707,1,0,Checkout
204016,2021,2023-04-24,Directo,Tablet,16,1567,1,0,Búsqueda
204017,2570,2024-02-08,Orgánico,Desktop,16,525,1,0,Checkout
204018,NULL,2024-03-05,Correo,Desktop,13,1563,0,0,Checkout
204019,2938,2022-02-22,Directo,Móvil,11,602,1,0,Checkout
204020,2852,2024-06-14,Directo,Tablet,5,543,0,0,Checkout
204021,2457,2023-03-07,Directo,Móvil,12,1252,0,0,Inicio
204022,1101,2023-05-06,Directo,Móvil,8,131,0,0,Inicio
204023,2711,2023-07-16,Directo,Móvil,19,952,1,0,Inicio
204024,2622,2024-08-13,"TikTok Ads",Móvil,18,710,0,0,Checkout
204025,1287,2024-05-22,"Meta Ads",Desktop,1,261,1,1,Confirmación
204026,2942,2023-12-16,Correo,Tablet,6,733,1,0,Carrito
204027,2040,2023-05-15,Directo,Tablet,5,16,1,0,Carrito
204028,NULL,2024-03-05,Orgánico,Móvil,9,659,1,0,Búsqueda
204029,NULL,2022-01-13,Orgánico,Tablet,16,364,0,0,Producto
204030,2009,2024-10-20,"Google Ads",Tablet,11,1162,0,0,Carrito
204031,2927,2024-11-12,"Google Ads",Tablet,9,991,0,0,Checkout
204032,1202,2022-09-27,Correo,Desktop,1,667,1,0,Checkout
204033,1836,2022-11-01,"Meta Ads",Tablet,9,83,1,0,Checkout
204034,1773,2023-09-07,"Meta Ads",Móvil,2,221,1,0,Producto
204035,1755,2022-11-26,"Google Ads",Desktop,11,1124,0,0,Producto
204036,2334,2024-08-09,"Google Ads",Tablet,8,390,1,1,Confirmación
204037,1946,2023-11-04,Orgánico,Tablet,17,1007,0,0,Checkout
204038,2552,2024-10-31,"TikTok Ads",Desktop,13,1019,0,0,Confirmación
204039,2035,2023-06-20,Directo,Desktop,18,64,0,0,Confirmación
204040,1531,2023-04-03,"Google Ads",Móvil,16,1256,0,0,Checkout
204041,1415,2022-03-19,"TikTok Ads",Tablet,3,908,1,0,Inicio
204042,1023,2023-07-08,"TikTok Ads",Móvil,8,1362,1,0,Producto
204043,NULL,2024-07-05,"Google Ads",Móvil,11,596,1,0,Checkout
204044,NULL,2022-10-26,"TikTok Ads",Móvil,16,1172,0,0,Búsqueda
204045,1403,2024-06-04,"Meta Ads",Desktop,6,608,0,0,Confirmación
204046,2299,2023-12-02,"Google Ads",Tablet,10,728,1,0,Producto
204047,1536,2023-07-12,Correo,Desktop,7,690,0,0,Confirmación
204048,1946,2023-12-16,Orgánico,Móvil,2,410,1,0,Carrito
204049,1502,2023-06-20,Correo,Desktop,13,747,0,0,Inicio
204050,1938,2022-10-26,Directo,Móvil,18,1101,0,0,Búsqueda
204051,2759,2024-01-11,Directo,Tablet,12,1398,0,0,Carrito
204052,2799,2023-05-02,Directo,Tablet,10,502,0,0,Inicio
204053,1027,2023-09-03,Directo,Móvil,13,351,0,0,Confirmación
204054,2081,2024-03-25,Correo,Desktop,1,648,1,0,Checkout
204055,1683,2022-12-28,"Meta Ads",Desktop,15,262,1,0,Carrito
204056,1397,2022-12-13,Directo,Tablet,10,1610,0,0,Búsqueda
204057,1989,2024-11-20,Correo,Desktop,10,846,0,0,Checkout
204058,2252,2022-07-03,Orgánico,Desktop,18,1321,0,0,Producto
204059,NULL,2022-04-13,Directo,Móvil,8,859,0,0,Producto
204060,1068,2023-12-26,Directo,Tablet,20,1368,0,0,Búsqueda
204061,1472,2024-10-23,Directo,Móvil,13,262,1,0,Checkout
204062,2175,2023-09-26,"Meta Ads",Móvil,2,1465,0,0,Checkout
204063,2922,2022-03-08,Orgánico,Desktop,6,126,1,0,Carrito
204064,2312,2023-08-25,Correo,Móvil,7,62,1,0,Búsqueda
204065,2509,2023-01-18,Directo,Móvil,9,1633,1,0,Producto
204066,1443,2024-07-12,Correo,Desktop,19,164,0,0,Carrito
204067,2813,2024-09-17,"Meta Ads",Desktop,18,1577,0,0,Confirmación
204068,2427,2024-12-30,"TikTok Ads",Tablet,2,1260,0,0,Inicio
204069,1520,2022-05-29,"Google Ads",Desktop,20,308,1,1,Confirmación
204070,2815,2024-05-29,"Meta Ads",Tablet,14,1141,0,0,Confirmación
204071,2528,2022-05-30,"Google Ads",Tablet,3,1114,0,0,Inicio
204072,2390,2022-06-19,"TikTok Ads",Desktop,1,817,1,0,Carrito
204073,1933,2024-02-16,"Google Ads",Tablet,9,1326,1,0,Búsqueda
204074,2953,2022-05-27,"TikTok Ads",Tablet,4,1659,1,0,Carrito
204075,1735,2024-07-21,Correo,Desktop,18,654,0,0,Checkout
204076,1883,2023-01-07,"TikTok Ads",Tablet,20,1610,0,0,Confirmación
204077,1674,2022-04-07,"TikTok Ads",Desktop,15,1672,1,0,Producto
204078,1980,2023-12-02,Correo,Móvil,17,1504,0,0,Confirmación
204079,2407,2022-12-26,"Google Ads",Desktop,14,582,0,0,Producto
204080,2960,2022-12-10,Directo,Desktop,13,60,0,0,Búsqueda
204081,1080,2023-12-25,Correo,Tablet,17,1322,0,0,Checkout
204082,1229,2023-04-05,"Google Ads",Móvil,19,181,1,1,Confirmación
204083,NULL,2023-03-31,Correo,Móvil,4,879,1,0,Checkout
204084,1949,2023-01-02,"Meta Ads",Móvil,18,383,1,0,Confirmación
204085,1023,2024-05-23,Directo,Desktop,10,377,1,0,Inicio
204086,1475,2023-10-08,"Meta Ads",Desktop,13,901,1,0,Confirmación
204087,2659,2022-02-26,Orgánico,Móvil,13,1027,0,0,Producto
204088,1467,2024-02-10,"Google Ads",Desktop,11,1161,0,0,Checkout
204089,1139,2024-12-26,"TikTok Ads",Desktop,8,916,0,0,Carrito
204090,1153,2022-07-02,Orgánico,Tablet,16,1450,0,0,Confirmación
204091,2274,2022-07-03,Orgánico,Tablet,17,345,0,0,Producto
204092,NULL,2023-08-06,"Meta Ads",Móvil,12,218,0,0,Inicio
204093,NULL,2023-07-30,"Google Ads",Desktop,15,1507,1,1,Confirmación
204094,1285,2023-09-13,"TikTok Ads",Móvil,19,692,1,0,Producto
204095,1224,2022-03-21,"Meta Ads",Tablet,16,280,0,0,Inicio
204096,2243,2022-10-10,"Meta Ads",Desktop,17,167,1,0,Inicio
204097,1865,2022-11-05,Orgánico,Tablet,7,383,0,0,Confirmación
204098,NULL,2024-11-15,"TikTok Ads",Tablet,17,978,1,0,Inicio
204099,2392,2023-06-18,"Google Ads",Tablet,20,1489,1,0,Checkout
204100,NULL,2023-07-30,"TikTok Ads",Tablet,18,1369,1,0,Producto
204101,1956,2024-08-31,Orgánico,Desktop,8,1165,0,0,Checkout
204102,2018,2022-05-31,Orgánico,Tablet,12,1441,0,0,Búsqueda
204103,2925,2022-10-19,"Meta Ads",Tablet,14,193,0,0,Carrito
204104,2752,2024-02-07,"Google Ads",Tablet,4,1719,0,0,Producto
204105,1078,2022-11-04,"Google Ads",Desktop,1,219,0,0,Búsqueda
204106,1542,2024-06-18,"Google Ads",Móvil,19,1647,0,0,Carrito
204107,1436,2022-09-21,Correo,Desktop,9,1008,0,0,Inicio
204108,1801,2024-01-02,Orgánico,Tablet,19,259,1,0,Inicio
204109,2799,2022-09-23,Directo,Móvil,8,1753,1,0,Checkout
204110,1017,2022-12-08,Orgánico,Desktop,3,1791,1,0,Búsqueda
204111,1007,2022-07-10,"Google Ads",Tablet,9,604,0,0,Carrito
204112,2456,2023-01-14,Directo,Tablet,2,263,0,0,Confirmación
204113,1399,2022-01-14,Correo,Tablet,4,1369,0,0,Confirmación
204114,NULL,2023-02-20,"Google Ads",Tablet,4,1390,1,0,Carrito
204115,1153,2024-05-06,"Google Ads",Móvil,8,1643,1,0,Búsqueda
204116,1965,2022-05-05,Orgánico,Tablet,4,599,0,0,Checkout
204117,1858,2024-12-26,"Google Ads",Tablet,19,921,1,0,Carrito
204118,1545,2022-04-30,Correo,Móvil,16,48,1,0,Búsqueda
204119,2467,2024-12-15,"Google Ads",Tablet,15,921,1,0,Confirmación
204120,2163,2022-06-07,"Google Ads",Tablet,12,1743,0,0,Producto
204121,2170,2023-12-17,"TikTok Ads",Tablet,15,1228,0,0,Confirmación
204122,2417,2022-07-26,Orgánico,Móvil,7,811,0,0,Búsqueda
204123,1901,2022-07-24,Orgánico,Desktop,4,1069,0,0,Producto
204124,2897,2023-08-22,"TikTok Ads",Desktop,9,881,1,0,Búsqueda
204125,NULL,2023-09-19,"TikTok Ads",Desktop,6,1236,1,0,Checkout
204126,2681,2022-05-27,"Google Ads",Móvil,17,405,0,0,Confirmación
204127,2258,2022-08-12,Orgánico,Tablet,12,1505,1,0,Búsqueda
204128,NULL,2023-02-11,"TikTok Ads",Tablet,6,770,0,0,Producto
204129,NULL,2022-03-16,Correo,Tablet,3,551,0,0,Inicio
204130,1297,2024-12-27,Orgánico,Tablet,14,1320,0,0,Carrito
204131,1818,2024-10-28,Directo,Tablet,8,1755,0,0,Confirmación
204132,2256,2023-12-01,Directo,Desktop,20,481,1,0,Inicio
204133,1795,2024-05-23,Orgánico,Tablet,4,1661,0,0,Checkout
204134,2927,2022-09-14,Orgánico,Móvil,3,1266,1,0,Confirmación
204135,1983,2022-03-27,Orgánico,Desktop,13,227,0,0,Checkout
204136,2239,2022-09-19,"Meta Ads",Móvil,1,1691,0,0,Búsqueda
204137,1931,2024-12-03,"TikTok Ads",Desktop,7,728,1,0,Checkout
204138,NULL,2024-02-19,"Google Ads",Móvil,8,815,0,0,Producto
204139,2184,2024-10-17,Directo,Tablet,5,1435,0,0,Confirmación
204140,1561,2023-10-02,"Google Ads",Móvil,19,794,1,0,Producto
204141,1141,2023-12-05,Directo,Móvil,20,1267,0,0,Carrito
204142,1311,2024-03-11,Orgánico,Desktop,12,1584,0,0,Checkout
204143,2849,2024-08-17,"Meta Ads",Desktop,5,36,1,1,Confirmación
204144,1687,2023-11-26,"TikTok Ads",Tablet,6,1436,0,0,Checkout
204145,NULL,2022-06-10,"TikTok Ads",Desktop,9,415,0,0,Inicio
204146,1514,2023-04-15,Correo,Móvil,10,818,1,0,Búsqueda
204147,2803,2024-07-21,"Meta Ads",Móvil,8,1002,1,0,Checkout
204148,1318,2024-05-20,Directo,Tablet,1,812,0,0,Carrito
204149,2210,2023-09-14,Orgánico,Móvil,8,171,0,0,Confirmación
204150,1604,2022-01-26,Directo,Tablet,10,377,1,0,Producto
204151,NULL,2022-05-21,Directo,Móvil,15,587,0,0,Carrito
204152,1786,2024-02-13,Correo,Móvil,6,1040,0,0,Inicio
204153,2609,2022-10-30,"Google Ads",Móvil,20,1415,0,0,Checkout
204154,1868,2024-05-13,Correo,Móvil,12,1064,0,0,Inicio
204155,2830,2023-03-24,"TikTok Ads",Móvil,20,1297,0,0,Checkout
204156,2660,2023-03-03,"Meta Ads",Móvil,11,1093,0,0,Producto
204157,1765,2024-05-15,"Meta Ads",Tablet,18,809,0,0,Checkout
204158,2316,2024-11-12,Correo,Desktop,9,1712,0,0,Búsqueda
204159,2265,2022-04-18,Orgánico,Desktop,5,759,0,0,Confirmación
204160,2558,2024-03-28,Orgánico,Móvil,10,808,1,1,Confirmación
204161,1160,2024-01-26,Correo,Móvil,12,1109,0,0,Carrito
204162,NULL,2022-11-02,Correo,Desktop,17,1395,0,0,Inicio
204163,2047,2024-08-24,Correo,Tablet,7,184,1,0,Búsqueda
204164,2567,2023-08-08,Orgánico,Tablet,11,422,0,0,Búsqueda
204165,2778,2023-04-17,Orgánico,Móvil,10,797,1,0,Confirmación
204166,1123,2023-09-07,Directo,Tablet,18,786,0,0,Búsqueda
204167,2609,2023-12-29,"TikTok Ads",Móvil,14,1491,0,0,Inicio
204168,2855,2022-06-24,"TikTok Ads",Tablet,18,682,0,0,Búsqueda
204169,1632,2022-05-19,"TikTok Ads",Tablet,3,74,0,0,Checkout
204170,1574,2022-06-10,Directo,Tablet,7,1013,0,0,Carrito
204171,1822,2024-09-20,Orgánico,Móvil,18,407,0,0,Producto
204172,2347,2023-12-28,"Google Ads",Tablet,16,1009,0,0,Confirmación
204173,NULL,2023-05-07,Orgánico,Tablet,20,1087,1,0,Confirmación
204174,NULL,2023-12-30,"TikTok Ads",Desktop,8,1799,1,0,Inicio
204175,NULL,2023-05-02,"Google Ads",Desktop,16,736,0,0,Checkout
204176,2586,2024-03-25,Directo,Desktop,17,31,0,0,Carrito
204177,1435,2023-02-15,Correo,Desktop,8,402,0,0,Inicio
204178,2185,2024-08-27,Orgánico,Móvil,1,1573,1,0,Checkout
204179,2751,2023-09-06,"Meta Ads",Desktop,8,334,1,0,Búsqueda
204180,1710,2023-11-29,"Meta Ads",Tablet,15,1562,0,0,Checkout
204181,2343,2022-09-20,"TikTok Ads",Móvil,10,999,1,0,Carrito
204182,2853,2024-03-28,"TikTok Ads",Desktop,11,494,0,0,Búsqueda
204183,1885,2022-03-31,Orgánico,Móvil,2,596,0,0,Producto
204184,2021,2024-02-13,"Google Ads",Tablet,16,682,1,0,Producto
204185,NULL,2024-07-25,Directo,Desktop,15,432,1,1,Confirmación
204186,2173,2022-01-24,Orgánico,Tablet,12,699,0,0,Producto
204187,NULL,2024-02-29,"Google Ads",Tablet,13,278,0,0,Checkout
204188,1891,2023-06-23,Correo,Móvil,8,323,1,0,Inicio
204189,1302,2024-01-06,"Meta Ads",Tablet,2,1358,0,0,Inicio
204190,2532,2022-12-15,Correo,Tablet,12,1466,0,0,Checkout
204191,2040,2022-10-17,Correo,Desktop,4,855,0,0,Búsqueda
204192,1134,2024-07-27,Orgánico,Móvil,3,408,0,0,Inicio
204193,NULL,2024-08-06,"Google Ads",Desktop,1,205,1,1,Confirmación
204194,1706,2024-02-25,"Meta Ads",Tablet,16,1106,0,0,Carrito
204195,2826,2024-07-28,"Meta Ads",Tablet,17,603,1,0,Confirmación
204196,2697,2024-11-17,Directo,Móvil,3,1128,0,0,Búsqueda
204197,NULL,2022-06-29,Correo,Desktop,11,309,0,0,Búsqueda
204198,1349,2024-04-26,Directo,Desktop,5,465,1,0,Inicio
204199,1052,2023-02-27,"Google Ads",Móvil,5,984,1,0,Inicio
204200,2963,2022-08-23,Correo,Desktop,1,632,0,0,Checkout
204201,2431,2023-03-08,Orgánico,Móvil,13,1744,1,0,Carrito
204202,1888,2023-10-10,"Meta Ads",Desktop,15,590,1,1,Confirmación
204203,1071,2022-08-30,Correo,Móvil,3,455,1,0,Carrito
204204,2956,2024-01-01,"TikTok Ads",Desktop,19,528,1,0,Checkout
204205,2115,2022-04-26,Correo,Móvil,15,803,0,0,Carrito
204206,2122,2024-12-22,"Meta Ads",Móvil,1,587,1,0,Checkout
204207,NULL,2022-04-16,Orgánico,Desktop,1,1148,0,0,Carrito
204208,NULL,2022-10-13,Directo,Tablet,3,1383,1,0,Confirmación
204209,1215,2022-03-19,"Google Ads",Desktop,13,762,0,0,Producto
204210,1326,2023-09-23,Correo,Móvil,4,576,0,0,Confirmación
204211,1712,2024-11-09,"Meta Ads",Móvil,1,1213,0,0,Búsqueda
204212,1921,2022-05-22,Orgánico,Desktop,12,842,0,0,Producto
204213,2760,2024-09-15,Orgánico,Tablet,4,300,0,0,Producto
204214,1144,2023-12-23,Orgánico,Desktop,18,1736,1,0,Producto
204215,1777,2023-10-02,"Google Ads",Desktop,17,1022,1,0,Búsqueda
204216,1779,2022-12-22,Orgánico,Tablet,6,925,0,0,Producto
204217,2583,2024-01-16,"Google Ads",Tablet,17,1098,1,1,Confirmación
204218,1047,2024-10-20,Directo,Móvil,17,1334,1,0,Producto
204219,1006,2024-11-30,"Meta Ads",Tablet,10,111,1,1,Confirmación
204220,1364,2023-10-10,Correo,Desktop,15,1556,1,0,Carrito
204221,1797,2023-09-18,Orgánico,Tablet,17,1164,0,0,Inicio
204222,1417,2023-12-25,"TikTok Ads",Tablet,16,986,1,0,Confirmación
204223,1870,2022-04-05,Orgánico,Tablet,9,774,1,0,Búsqueda
204224,2696,2023-07-08,Correo,Desktop,3,952,0,0,Inicio
204225,NULL,2023-06-24,"TikTok Ads",Móvil,1,1034,0,0,Búsqueda
204226,1338,2022-05-31,Orgánico,Desktop,11,992,0,0,Búsqueda
204227,1841,2024-06-20,Orgánico,Móvil,2,675,0,0,Confirmación
204228,2490,2024-12-24,"Meta Ads",Móvil,2,1344,0,0,Confirmación
204229,2076,2024-07-02,"Meta Ads",Móvil,11,618,1,0,Inicio
204230,2222,2023-01-28,"TikTok Ads",Móvil,17,1449,0,0,Carrito
204231,2141,2023-03-08,Directo,Desktop,2,1187,0,0,Búsqueda
204232,NULL,2024-06-20,Correo,Desktop,5,1379,0,0,Búsqueda
204233,NULL,2024-06-02,"TikTok Ads",Tablet,1,1748,0,0,Carrito
204234,1397,2023-04-28,"Google Ads",Móvil,13,1337,0,0,Confirmación
204235,2527,2023-03-21,Directo,Móvil,2,980,1,0,Inicio
204236,1776,2024-04-21,"Meta Ads",Desktop,17,74,1,0,Producto
204237,1719,2024-01-25,Correo,Móvil,12,1693,0,0,Inicio
204238,1499,2022-03-12,Correo,Tablet,1,1406,0,0,Carrito
204239,2801,2024-03-11,Correo,Desktop,20,1658,1,0,Inicio
204240,1090,2022-09-22,"Google Ads",Desktop,13,761,1,0,Carrito
204241,1063,2024-03-18,Orgánico,Tablet,9,1250,0,0,Confirmación
204242,2174,2022-08-25,"TikTok Ads",Desktop,15,692,0,0,Inicio
204243,1932,2022-01-25,"TikTok Ads",Móvil,1,680,0,0,Producto
204244,1669,2023-08-16,Correo,Tablet,13,913,1,0,Búsqueda
204245,1063,2024-01-17,"Meta Ads",Tablet,17,236,0,0,Carrito
204246,1595,2023-02-21,Directo,Tablet,5,1355,0,0,Carrito
204247,1609,2023-06-13,"Meta Ads",Desktop,7,162,0,0,Búsqueda
204248,1158,2024-11-18,Correo,Tablet,19,1141,1,0,Confirmación
204249,1366,2022-11-14,Correo,Desktop,5,1789,1,0,Checkout
204250,1577,2023-01-31,Orgánico,Tablet,20,495,0,0,Carrito
204251,2612,2022-03-11,Directo,Desktop,9,1374,1,0,Búsqueda
204252,2503,2024-01-04,"Google Ads",Móvil,17,739,0,0,Checkout
204253,2245,2024-06-13,"Google Ads",Desktop,19,93,1,0,Producto
204254,2015,2024-05-13,Correo,Móvil,10,1582,1,0,Confirmación
204255,1170,2023-09-04,Orgánico,Tablet,1,986,1,0,Inicio
204256,1238,2024-04-17,"Meta Ads",Desktop,18,446,0,0,Checkout
204257,1697,2024-05-24,Correo,Desktop,16,638,1,0,Producto
204258,1622,2022-05-13,Correo,Móvil,12,754,1,0,Carrito
204259,1313,2022-06-14,Directo,Móvil,2,1453,0,0,Confirmación
204260,2648,2022-03-14,Directo,Tablet,5,767,1,0,Checkout
204261,2888,2022-06-07,"TikTok Ads",Móvil,20,33,1,0,Búsqueda
204262,2426,2024-08-06,"Meta Ads",Móvil,2,1000,1,0,Inicio
204263,2428,2024-03-19,Orgánico,Desktop,10,301,0,0,Carrito
204264,1882,2024-01-15,Orgánico,Tablet,19,1079,0,0,Carrito
204265,2047,2023-09-04,Orgánico,Desktop,20,1504,0,0,Checkout
204266,2923,2022-05-07,"TikTok Ads",Móvil,6,1014,0,0,Carrito
204267,1336,2022-12-21,Directo,Móvil,13,1702,0,0,Inicio
204268,NULL,2022-02-04,"Google Ads",Móvil,5,1290,0,0,Checkout
204269,1040,2023-08-06,"Google Ads",Móvil,5,379,0,0,Búsqueda
204270,2422,2024-05-23,Correo,Desktop,8,285,1,0,Búsqueda
204271,2144,2024-11-01,Correo,Móvil,8,337,0,0,Carrito
204272,NULL,2024-10-08,Directo,Tablet,8,834,0,0,Carrito
204273,1922,2022-11-04,Orgánico,Tablet,15,809,0,0,Checkout
204274,1100,2024-08-06,Orgánico,Móvil,16,1560,0,0,Búsqueda
204275,2661,2023-09-23,"Meta Ads",Desktop,2,1248,1,0,Inicio
204276,1949,2023-12-30,"Google Ads",Móvil,5,1668,0,0,Confirmación
204277,1404,2022-10-25,Orgánico,Móvil,4,1647,1,1,Confirmación
204278,1737,2023-04-17,Directo,Desktop,8,689,0,0,Confirmación
204279,2197,2022-11-06,"TikTok Ads",Tablet,11,1617,1,0,Búsqueda
204280,2965,2022-07-26,"Meta Ads",Móvil,9,81,1,0,Búsqueda
204281,2714,2024-08-27,"Meta Ads",Móvil,14,735,1,1,Confirmación
204282,1094,2022-10-19,"Meta Ads",Tablet,16,813,0,0,Búsqueda
204283,2853,2022-06-16,"TikTok Ads",Desktop,15,735,1,0,Búsqueda
204284,2194,2023-02-07,"Meta Ads",Móvil,18,1501,0,0,Confirmación
204285,NULL,2024-11-03,Orgánico,Desktop,5,985,1,0,Inicio
204286,1881,2024-10-12,"Google Ads",Desktop,9,332,0,0,Confirmación
204287,2712,2024-12-01,"Meta Ads",Móvil,9,43,1,0,Checkout
204288,NULL,2023-05-02,"TikTok Ads",Tablet,10,644,1,0,Inicio
204289,NULL,2022-05-22,"Google Ads",Móvil,11,956,0,0,Inicio
204290,1295,2024-01-02,"Google Ads",Móvil,14,195,0,0,Confirmación
204291,2415,2023-07-29,Directo,Móvil,13,1719,1,0,Confirmación
204292,1236,2023-10-05,Orgánico,Tablet,3,508,1,1,Confirmación
204293,1935,2023-01-01,Orgánico,Móvil,20,1078,0,0,Inicio
204294,2873,2022-06-10,Correo,Tablet,20,43,1,0,Inicio
204295,1200,2024-08-29,"Meta Ads",Móvil,6,1001,0,0,Producto
204296,2612,2024-09-24,Directo,Desktop,20,234,0,0,Checkout
204297,1952,2023-08-27,"Meta Ads",Tablet,11,1102,0,0,Checkout
204298,NULL,2024-09-24,Directo,Móvil,18,906,1,0,Carrito
204299,NULL,2024-03-15,"TikTok Ads",Móvil,9,936,1,1,Confirmación
204300,1068,2023-10-23,Correo,Tablet,12,892,0,0,Checkout
204301,NULL,2024-08-25,Directo,Desktop,4,1305,0,0,Búsqueda
204302,1495,2023-07-19,Orgánico,Tablet,8,615,1,0,Producto
204303,1141,2022-12-24,Directo,Desktop,15,871,0,0,Búsqueda
204304,1183,2022-10-07,Orgánico,Tablet,9,422,0,0,Confirmación
204305,1710,2022-12-08,Orgánico,Tablet,16,1160,0,0,Producto
204306,1021,2022-03-16,"Google Ads",Tablet,18,1150,1,0,Confirmación
204307,1248,2024-08-29,Correo,Desktop,12,844,1,0,Búsqueda
204308,1455,2022-05-21,Correo,Tablet,1,103,0,0,Carrito
204309,NULL,2022-01-30,"TikTok Ads",Tablet,2,295,1,0,Producto
204310,2240,2022-04-15,"Meta Ads",Tablet,12,439,0,0,Producto
204311,1961,2023-11-19,"TikTok Ads",Móvil,4,1247,0,0,Carrito
204312,1248,2022-11-17,Orgánico,Desktop,15,1081,0,0,Carrito
204313,2687,2023-06-02,"Meta Ads",Desktop,13,811,0,0,Producto
204314,NULL,2022-12-08,"TikTok Ads",Tablet,18,1431,1,0,Inicio
204315,1986,2024-09-18,"Meta Ads",Desktop,12,1559,0,0,Producto
204316,2246,2022-01-24,Directo,Desktop,4,104,0,0,Carrito
204317,1497,2022-09-30,Orgánico,Móvil,4,1737,0,0,Producto
204318,2644,2022-07-10,"Meta Ads",Tablet,4,120,0,0,Confirmación
204319,2726,2024-05-05,"Google Ads",Tablet,3,382,0,0,Carrito
204320,2123,2022-03-15,Directo,Móvil,5,1030,1,0,Checkout
204321,1466,2022-05-01,Correo,Móvil,12,1605,1,0,Checkout
204322,2568,2024-12-19,"TikTok Ads",Desktop,1,741,0,0,Búsqueda
204323,2556,2024-05-16,"Meta Ads",Móvil,6,474,0,0,Checkout
204324,2203,2022-10-10,"TikTok Ads",Móvil,5,119,0,0,Producto
204325,1940,2024-02-14,Directo,Tablet,6,1253,1,0,Checkout
204326,2539,2023-09-20,Orgánico,Desktop,15,1289,0,0,Carrito
204327,NULL,2024-01-05,"Meta Ads",Móvil,13,1476,0,0,Producto
204328,NULL,2023-11-19,Directo,Tablet,20,19,1,0,Producto
204329,2248,2023-10-08,Correo,Móvil,10,1300,0,0,Checkout
204330,2774,2022-09-08,"Meta Ads",Tablet,14,98,1,0,Confirmación
204331,1436,2024-10-05,Directo,Móvil,16,286,0,0,Checkout
204332,1948,2023-03-17,Correo,Móvil,14,1663,0,0,Búsqueda
204333,2144,2023-08-01,"Google Ads",Móvil,11,477,0,0,Búsqueda
204334,1102,2023-03-26,"Google Ads",Tablet,10,1349,1,0,Producto
204335,1391,2022-03-31,"TikTok Ads",Móvil,19,331,1,1,Confirmación
204336,NULL,2022-07-15,"Meta Ads",Móvil,13,1075,0,0,Carrito
204337,2429,2022-07-01,Directo,Desktop,7,430,0,0,Inicio
204338,2142,2022-02-06,"Google Ads",Tablet,12,735,0,0,Carrito
204339,1758,2024-01-27,Orgánico,Desktop,14,383,0,0,Búsqueda
204340,2892,2023-04-24,Orgánico,Móvil,5,551,0,0,Checkout
204341,1292,2024-09-01,Orgánico,Tablet,8,543,0,0,Producto
204342,1417,2023-04-05,"Meta Ads",Tablet,2,1146,1,0,Carrito
204343,1726,2022-10-31,Orgánico,Tablet,8,1540,0,0,Checkout
204344,2041,2024-10-28,"Meta Ads",Móvil,1,832,1,0,Carrito
204345,1459,2023-03-08,"Google Ads",Tablet,16,1722,1,0,Producto
204346,1900,2024-12-24,"TikTok Ads",Móvil,18,532,0,0,Confirmación
204347,2687,2022-07-29,"Meta Ads",Tablet,17,500,1,0,Checkout
204348,NULL,2023-12-08,"TikTok Ads",Desktop,10,291,0,0,Inicio
204349,1947,2022-12-29,"TikTok Ads",Móvil,20,1448,0,0,Carrito
204350,NULL,2023-09-21,"Google Ads",Móvil,2,33,0,0,Producto
204351,2770,2022-11-17,Directo,Tablet,14,1563,0,0,Confirmación
204352,1293,2024-05-06,"TikTok Ads",Tablet,9,1449,1,1,Confirmación
204353,1649,2022-05-12,"Google Ads",Tablet,9,631,0,0,Producto
204354,2557,2023-07-30,"Meta Ads",Desktop,10,1133,1,0,Búsqueda
204355,NULL,2023-01-09,Orgánico,Tablet,7,1715,1,0,Carrito
204356,1554,2024-05-15,Correo,Desktop,2,1774,1,1,Confirmación
204357,1684,2022-02-28,Orgánico,Tablet,3,1588,1,0,Carrito
204358,1427,2024-01-07,"Meta Ads",Tablet,1,747,1,0,Carrito
204359,1844,2023-07-02,"Meta Ads",Desktop,4,567,1,0,Confirmación
204360,NULL,2024-10-03,Orgánico,Móvil,7,330,0,0,Inicio
204361,1649,2022-07-21,Directo,Tablet,2,908,0,0,Carrito
204362,1141,2023-11-12,Orgánico,Tablet,8,130,1,1,Confirmación
204363,NULL,2024-02-20,"Google Ads",Móvil,17,722,0,0,Confirmación
204364,2107,2024-11-30,"Google Ads",Desktop,15,702,1,0,Producto
204365,NULL,2022-05-14,"TikTok Ads",Tablet,2,1519,1,0,Inicio
204366,1129,2024-11-07,Directo,Móvil,4,886,0,0,Producto
204367,1174,2023-12-20,Orgánico,Desktop,3,559,0,0,Búsqueda
204368,2689,2024-10-13,Orgánico,Móvil,11,1669,1,0,Checkout
204369,1321,2024-02-14,"Google Ads",Móvil,9,1035,0,0,Inicio
204370,1517,2024-05-20,"Google Ads",Móvil,19,48,0,0,Checkout
204371,2996,2023-05-26,"Meta Ads",Móvil,16,252,0,0,Checkout
204372,1958,2022-12-22,"Meta Ads",Desktop,13,203,1,0,Inicio
204373,2302,2022-09-12,"Meta Ads",Tablet,15,105,0,0,Producto
204374,2439,2022-09-08,Correo,Móvil,15,805,0,0,Checkout
204375,1150,2024-08-15,Correo,Desktop,14,703,0,0,Producto
204376,1423,2023-01-05,"Meta Ads",Móvil,13,223,0,0,Inicio
204377,1569,2023-10-04,Directo,Tablet,1,717,0,0,Búsqueda
204378,1843,2023-10-13,"Meta Ads",Móvil,12,472,0,0,Producto
204379,2195,2022-04-29,"Meta Ads",Desktop,1,575,0,0,Producto
204380,NULL,2024-09-01,Orgánico,Desktop,3,1770,1,0,Confirmación
204381,1327,2024-03-22,"Meta Ads",Desktop,11,799,1,0,Inicio
204382,NULL,2022-01-17,Correo,Desktop,1,1662,0,0,Checkout
204383,1136,2022-04-15,Orgánico,Móvil,13,1157,1,0,Inicio
204384,NULL,2022-05-17,"TikTok Ads",Tablet,10,219,0,0,Búsqueda
204385,NULL,2023-01-14,"Google Ads",Tablet,1,1575,0,0,Inicio
204386,NULL,2023-02-12,Orgánico,Desktop,20,611,0,0,Inicio
204387,NULL,2022-05-21,"Meta Ads",Desktop,20,237,0,0,Confirmación
204388,2065,2024-08-07,"TikTok Ads",Móvil,17,938,0,0,Confirmación
204389,2007,2023-02-09,Directo,Desktop,15,981,1,0,Inicio
204390,1205,2022-09-23,Orgánico,Tablet,5,691,0,0,Producto
204391,1769,2024-10-30,Directo,Tablet,12,1616,0,0,Carrito
204392,2310,2023-06-06,"Google Ads",Desktop,5,344,0,0,Carrito
204393,2990,2022-12-07,"TikTok Ads",Desktop,19,1024,1,0,Checkout
204394,2658,2024-01-14,"Google Ads",Tablet,1,160,1,0,Producto
204395,1040,2022-12-13,Orgánico,Desktop,18,685,1,0,Producto
204396,2286,2024-05-05,"Google Ads",Móvil,2,1041,1,0,Inicio
204397,1508,2023-11-19,"Google Ads",Tablet,4,591,0,0,Producto
204398,1658,2023-06-17,"Google Ads",Tablet,17,238,0,0,Checkout
204399,1261,2022-08-09,Correo,Móvil,4,449,1,0,Búsqueda
204400,1902,2022-03-20,"TikTok Ads",Desktop,2,1114,0,0,Confirmación
204401,1502,2024-10-19,Correo,Desktop,13,1018,0,0,Carrito
204402,NULL,2022-06-24,"Google Ads",Móvil,20,1344,0,0,Búsqueda
204403,2012,2023-09-15,"TikTok Ads",Desktop,20,487,1,0,Inicio
204404,1231,2024-12-16,Correo,Desktop,16,69,0,0,Búsqueda
204405,1356,2024-06-22,"Meta Ads",Desktop,14,645,0,0,Inicio
204406,1884,2023-04-27,"Meta Ads",Móvil,3,577,1,0,Búsqueda
204407,1852,2022-02-15,"Meta Ads",Tablet,12,1238,0,0,Producto
204408,2279,2024-05-29,"TikTok Ads",Móvil,9,1364,0,0,Búsqueda
204409,1803,2024-11-02,Correo,Desktop,3,1084,1,0,Inicio
204410,1532,2023-02-25,Directo,Tablet,11,1076,1,0,Producto
204411,1328,2023-07-10,Correo,Tablet,8,1264,0,0,Búsqueda
204412,2712,2024-11-06,Directo,Móvil,7,1259,0,0,Inicio
204413,2236,2022-08-25,Directo,Tablet,16,88,0,0,Checkout
204414,2818,2023-02-22,"Meta Ads",Desktop,14,1535,0,0,Carrito
204415,1939,2023-05-21,"Google Ads",Tablet,15,886,0,0,Búsqueda
204416,1338,2024-01-05,"Google Ads",Móvil,20,1063,0,0,Búsqueda
204417,1914,2024-03-02,"Meta Ads",Móvil,10,1097,0,0,Búsqueda
204418,NULL,2024-10-29,"TikTok Ads",Desktop,11,877,1,0,Carrito
204419,NULL,2024-10-18,Directo,Desktop,15,646,1,0,Producto
204420,1994,2022-11-11,Correo,Móvil,13,551,1,0,Carrito
204421,1559,2023-02-25,Correo,Desktop,18,1505,0,0,Carrito
204422,NULL,2024-06-29,"Meta Ads",Desktop,5,593,0,0,Búsqueda
204423,1660,2023-11-06,Directo,Tablet,8,1597,0,0,Checkout
204424,NULL,2024-09-17,Orgánico,Desktop,3,1104,0,0,Carrito
204425,1005,2024-08-30,Correo,Móvil,5,1112,0,0,Checkout
204426,2078,2024-12-19,Orgánico,Móvil,19,1396,0,0,Confirmación
204427,1518,2024-10-14,Orgánico,Desktop,19,748,0,0,Inicio
204428,2417,2022-12-21,"TikTok Ads",Tablet,7,1621,0,0,Checkout
204429,2380,2022-12-26,Orgánico,Móvil,18,74,0,0,Inicio
204430,1390,2023-11-15,Orgánico,Tablet,13,456,1,0,Producto
204431,1513,2022-01-28,"TikTok Ads",Móvil,12,1437,0,0,Búsqueda
204432,1343,2023-08-26,Correo,Móvil,1,564,1,0,Búsqueda
204433,1550,2022-04-28,Correo,Móvil,9,553,0,0,Inicio
204434,1828,2024-09-18,"TikTok Ads",Desktop,12,1753,1,0,Confirmación
204435,1983,2023-06-19,Orgánico,Móvil,3,1063,1,1,Confirmación
204436,NULL,2024-06-14,"Meta Ads",Desktop,8,1209,0,0,Producto
204437,1220,2023-02-10,Orgánico,Móvil,20,1070,0,0,Búsqueda
204438,1996,2023-07-22,"Google Ads",Tablet,13,203,0,0,Producto
204439,2695,2023-07-03,Directo,Móvil,20,1396,0,0,Carrito
204440,1340,2024-03-12,Correo,Tablet,19,1487,1,0,Carrito
204441,1072,2022-06-14,Directo,Desktop,9,1509,1,0,Confirmación
204442,1086,2024-07-27,Correo,Tablet,17,1246,0,0,Carrito
204443,NULL,2022-05-20,Directo,Tablet,9,902,0,0,Confirmación
204444,2899,2024-01-28,Directo,Móvil,19,244,0,0,Búsqueda
204445,1342,2024-12-04,"Google Ads",Tablet,3,160,0,0,Búsqueda
204446,1923,2023-09-29,Correo,Móvil,2,230,0,0,Producto
204447,1652,2023-10-29,Orgánico,Desktop,11,456,1,1,Confirmación
204448,2143,2023-03-08,"Meta Ads",Desktop,2,592,1,1,Confirmación
204449,2394,2024-05-02,"TikTok Ads",Móvil,18,1687,0,0,Búsqueda
204450,2942,2023-07-29,Directo,Móvil,5,1211,0,0,Checkout
204451,1376,2023-11-24,"Google Ads",Móvil,18,753,0,0,Checkout
204452,1398,2022-11-19,Directo,Desktop,8,1540,1,0,Confirmación
204453,2526,2024-11-03,"Meta Ads",Tablet,3,1721,0,0,Confirmación
204454,2075,2022-03-19,"TikTok Ads",Tablet,17,1313,0,0,Producto
204455,2248,2023-08-10,"TikTok Ads",Tablet,5,789,0,0,Búsqueda
204456,2885,2024-09-17,Orgánico,Móvil,12,1021,0,0,Búsqueda
204457,1678,2022-01-11,Orgánico,Desktop,4,1213,0,0,Checkout
204458,2067,2023-01-17,Correo,Desktop,12,1656,0,0,Inicio
204459,1313,2022-01-01,"Meta Ads",Tablet,3,1130,0,0,Carrito
204460,2529,2023-12-09,Directo,Móvil,18,987,0,0,Búsqueda
204461,NULL,2023-12-01,Orgánico,Móvil,1,1634,0,0,Inicio
204462,1668,2023-03-25,"Meta Ads",Desktop,17,1063,0,0,Carrito
204463,2875,2024-03-02,"Google Ads",Móvil,12,386,1,0,Producto
204464,1369,2022-09-06,"Meta Ads",Tablet,4,279,1,0,Producto
204465,1591,2022-03-05,"Google Ads",Móvil,18,35,0,0,Inicio
204466,1154,2022-08-29,Correo,Desktop,14,904,0,0,Checkout
204467,2355,2022-06-19,"Meta Ads",Desktop,13,370,0,0,Carrito
204468,2434,2024-11-10,"TikTok Ads",Móvil,9,1276,0,0,Inicio
204469,1495,2023-04-02,Directo,Tablet,20,1614,1,0,Confirmación
204470,2930,2024-06-13,Orgánico,Desktop,14,116,1,1,Confirmación
204471,1597,2023-09-14,"TikTok Ads",Móvil,9,1239,0,0,Confirmación
204472,1113,2023-10-23,Directo,Desktop,5,1542,0,0,Checkout
204473,1744,2022-08-27,"Meta Ads",Desktop,15,332,0,0,Inicio
204474,2851,2023-05-24,Directo,Móvil,4,961,0,0,Inicio
204475,2817,2022-04-24,"Google Ads",Tablet,5,421,0,0,Inicio
204476,2763,2022-03-27,"Meta Ads",Desktop,6,1286,0,0,Producto
204477,2404,2022-03-12,Correo,Móvil,5,139,0,0,Inicio
204478,1846,2024-09-27,"Google Ads",Desktop,16,1667,0,0,Carrito
204479,NULL,2023-11-28,Directo,Móvil,8,1193,0,0,Carrito
204480,1126,2023-02-08,"Google Ads",Tablet,13,784,0,0,Confirmación
204481,2886,2024-12-30,"TikTok Ads",Desktop,12,1414,0,0,Confirmación
204482,1752,2024-04-08,Correo,Móvil,19,895,0,0,Producto
204483,NULL,2023-03-22,Correo,Desktop,10,1078,0,0,Inicio
204484,2449,2024-12-12,"Meta Ads",Tablet,14,390,1,1,Confirmación
204485,NULL,2022-10-07,"TikTok Ads",Tablet,11,650,1,0,Búsqueda
204486,1364,2023-09-14,Correo,Desktop,12,1226,0,0,Checkout
204487,1728,2022-06-15,Orgánico,Móvil,7,180,1,0,Búsqueda
204488,2804,2024-11-29,"TikTok Ads",Tablet,19,117,0,0,Inicio
204489,NULL,2024-10-15,Orgánico,Tablet,8,648,0,0,Búsqueda
204490,NULL,2022-07-17,"TikTok Ads",Desktop,2,960,0,0,Confirmación
204491,1587,2024-07-09,Orgánico,Desktop,17,1646,1,0,Búsqueda
204492,2257,2023-07-06,Orgánico,Tablet,15,453,0,0,Producto
204493,2917,2022-01-08,"Google Ads",Desktop,13,488,0,0,Inicio
204494,2728,2024-01-05,"TikTok Ads",Móvil,13,519,0,0,Inicio
204495,NULL,2022-02-22,"Meta Ads",Desktop,17,1527,1,0,Búsqueda
204496,1972,2024-12-22,Correo,Móvil,9,56,0,0,Checkout
204497,NULL,2022-03-29,"TikTok Ads",Tablet,11,1717,0,0,Checkout
204498,NULL,2023-07-03,"Meta Ads",Desktop,13,1010,0,0,Checkout
204499,NULL,2024-04-04,Correo,Móvil,15,1164,1,0,Confirmación
204500,NULL,2023-11-29,"Google Ads",Tablet,9,59,1,0,Checkout
204501,NULL,2023-03-10,Directo,Tablet,15,901,0,0,Producto
204502,2267,2023-03-25,Correo,Móvil,14,998,0,0,Producto
204503,NULL,2024-10-16,"Meta Ads",Desktop,17,608,0,0,Producto
204504,NULL,2023-01-03,Orgánico,Tablet,9,1041,0,0,Inicio
204505,2440,2024-03-10,"Google Ads",Tablet,16,114,1,0,Confirmación
204506,2488,2023-11-19,Correo,Móvil,5,119,0,0,Carrito
204507,1641,2023-11-19,Orgánico,Móvil,3,445,0,0,Confirmación
204508,1145,2022-01-20,"Google Ads",Tablet,11,843,0,0,Checkout
204509,1101,2024-04-12,Correo,Móvil,7,1093,0,0,Inicio
204510,1751,2023-12-11,"Google Ads",Desktop,13,1099,0,0,Checkout
204511,2067,2024-09-17,Correo,Desktop,7,798,0,0,Checkout
204512,1390,2023-12-09,Directo,Desktop,13,1173,0,0,Confirmación
204513,1036,2022-02-28,"TikTok Ads",Tablet,3,53,0,0,Confirmación
204514,1942,2023-02-24,"Meta Ads",Tablet,5,450,1,0,Inicio
204515,1554,2022-01-21,"Meta Ads",Móvil,20,1663,1,0,Búsqueda
204516,2333,2024-11-09,"Meta Ads",Móvil,19,1121,1,0,Confirmación
204517,2015,2023-02-25,Directo,Móvil,14,1095,1,1,Confirmación
204518,2823,2023-10-04,Directo,Tablet,20,1660,0,0,Carrito
204519,1904,2022-10-14,"Meta Ads",Móvil,12,504,0,0,Inicio
204520,1011,2024-04-28,"Meta Ads",Desktop,11,418,0,0,Inicio
204521,2123,2023-02-02,Orgánico,Móvil,10,443,0,0,Búsqueda
204522,NULL,2022-10-09,Correo,Móvil,1,1763,0,0,Producto
204523,1979,2024-03-15,Correo,Desktop,14,1729,0,0,Búsqueda
204524,2771,2023-11-13,Directo,Desktop,11,1308,0,0,Checkout
204525,1215,2024-01-13,Correo,Desktop,6,453,1,0,Carrito
204526,1695,2022-01-23,Correo,Móvil,11,115,0,0,Confirmación
204527,NULL,2024-05-16,"Google Ads",Desktop,6,826,1,0,Carrito
204528,2827,2022-11-28,"TikTok Ads",Móvil,15,568,1,0,Inicio
204529,NULL,2023-08-12,Correo,Tablet,9,1023,1,0,Carrito
204530,1657,2024-07-01,"Google Ads",Tablet,12,450,0,0,Confirmación
204531,1613,2023-10-21,"TikTok Ads",Desktop,3,1634,0,0,Carrito
204532,2334,2022-06-07,"Meta Ads",Desktop,12,181,0,0,Confirmación
204533,1571,2023-11-16,Directo,Tablet,9,394,0,0,Producto
204534,1197,2023-12-27,Orgánico,Desktop,18,955,0,0,Producto
204535,1775,2023-05-27,"Meta Ads",Tablet,4,1391,1,0,Inicio
204536,2487,2023-04-22,Orgánico,Desktop,3,545,0,0,Checkout
204537,2812,2022-09-12,Orgánico,Desktop,15,771,0,0,Confirmación
204538,2917,2022-10-20,"Meta Ads",Móvil,8,1026,0,0,Checkout
204539,NULL,2023-09-15,Orgánico,Móvil,2,1046,0,0,Búsqueda
204540,2777,2024-06-21,"Meta Ads",Desktop,2,1437,0,0,Búsqueda
204541,1030,2022-07-23,"TikTok Ads",Tablet,7,1320,1,0,Producto
204542,1250,2022-07-12,Directo,Móvil,10,1590,0,0,Carrito
204543,1046,2022-09-23,"TikTok Ads",Desktop,4,1035,0,0,Carrito
204544,1130,2023-10-03,Orgánico,Desktop,10,1170,0,0,Checkout
204545,1402,2023-09-01,Orgánico,Móvil,12,1776,1,0,Inicio
204546,2901,2022-09-07,"Meta Ads",Desktop,18,1422,1,0,Producto
204547,1453,2022-04-16,"TikTok Ads",Desktop,17,767,0,0,Producto
204548,NULL,2024-05-18,Orgánico,Desktop,2,584,1,0,Búsqueda
204549,1198,2024-11-14,"Google Ads",Tablet,7,483,1,0,Carrito
204550,1831,2023-11-20,"TikTok Ads",Móvil,20,1796,0,0,Inicio
204551,2200,2023-01-19,"Google Ads",Móvil,13,160,1,0,Producto
204552,2872,2024-08-13,Directo,Desktop,10,1398,0,0,Carrito
204553,2731,2024-10-05,Directo,Desktop,9,1718,1,1,Confirmación
204554,2572,2023-12-04,Correo,Desktop,8,1662,0,0,Producto
204555,NULL,2023-02-16,"Google Ads",Tablet,5,904,1,0,Búsqueda
204556,1488,2023-05-16,"TikTok Ads",Desktop,14,1750,1,0,Confirmación
204557,1900,2022-01-14,"Meta Ads",Tablet,20,1602,0,0,Búsqueda
204558,1645,2023-02-27,"Google Ads",Tablet,7,1223,1,0,Búsqueda
204559,2492,2022-05-08,Orgánico,Móvil,15,58,0,0,Inicio
204560,2318,2022-04-20,"Google Ads",Desktop,7,556,0,0,Inicio
204561,2606,2022-05-02,Orgánico,Móvil,3,734,0,0,Búsqueda
204562,2065,2022-11-16,"Meta Ads",Desktop,6,1206,0,0,Carrito
204563,1513,2022-10-17,Correo,Móvil,11,701,0,0,Carrito
204564,2781,2023-12-15,Correo,Móvil,4,1190,0,0,Checkout
204565,1311,2022-02-21,Correo,Desktop,6,708,0,0,Producto
204566,2847,2023-07-05,"Google Ads",Tablet,18,666,0,0,Checkout
204567,2375,2024-08-06,Correo,Móvil,5,657,0,0,Producto
204568,2959,2023-10-25,"TikTok Ads",Móvil,20,1577,0,0,Inicio
204569,2349,2023-01-29,"Meta Ads",Móvil,11,674,0,0,Checkout
204570,2387,2022-08-31,Directo,Desktop,8,1553,1,0,Inicio
204571,1368,2023-08-22,Correo,Tablet,7,155,0,0,Checkout
204572,NULL,2022-01-04,Orgánico,Desktop,17,1008,0,0,Carrito
204573,1754,2024-07-14,"Meta Ads",Tablet,3,431,1,0,Inicio
204574,1400,2024-10-07,"Meta Ads",Desktop,1,1479,1,0,Búsqueda
204575,2678,2023-05-20,Correo,Desktop,20,1746,0,0,Producto
204576,2305,2024-09-03,"Google Ads",Desktop,17,716,0,0,Inicio
204577,1364,2023-04-02,"TikTok Ads",Tablet,9,1667,1,0,Inicio
204578,1206,2022-02-16,Orgánico,Móvil,1,1787,1,0,Carrito
204579,1779,2024-03-14,"Google Ads",Desktop,15,1538,0,0,Confirmación
204580,1878,2022-10-29,Directo,Desktop,9,1088,0,0,Confirmación
204581,NULL,2023-09-21,Correo,Móvil,18,1147,0,0,Producto
204582,NULL,2023-06-04,Correo,Móvil,16,1188,1,0,Confirmación
204583,2679,2023-10-03,"TikTok Ads",Móvil,19,1791,0,0,Búsqueda
204584,2449,2023-02-25,Directo,Tablet,9,897,0,0,Producto
204585,1578,2022-09-14,"Google Ads",Tablet,9,94,0,0,Carrito
204586,1890,2022-03-28,Correo,Móvil,6,1781,0,0,Búsqueda
204587,2780,2022-08-22,"Meta Ads",Desktop,1,475,0,0,Búsqueda
204588,2791,2023-07-22,Correo,Móvil,11,804,0,0,Inicio
204589,2370,2023-11-20,Correo,Móvil,14,1324,0,0,Producto
204590,2171,2022-12-09,"TikTok Ads",Móvil,4,1182,0,0,Producto
204591,2114,2022-03-01,"TikTok Ads",Móvil,2,777,1,0,Inicio
204592,1579,2024-01-06,"TikTok Ads",Desktop,10,723,0,0,Búsqueda
204593,1787,2024-09-23,"Google Ads",Tablet,15,1403,0,0,Inicio
204594,2587,2024-07-07,Directo,Desktop,5,314,1,0,Búsqueda
204595,NULL,2023-11-16,Orgánico,Desktop,6,1424,0,0,Inicio
204596,NULL,2023-05-02,Correo,Desktop,18,1466,0,0,Búsqueda
204597,2181,2022-11-04,"TikTok Ads",Desktop,6,1413,0,0,Confirmación
204598,2630,2022-04-11,Correo,Móvil,1,351,1,0,Carrito
204599,1810,2024-07-16,Directo,Móvil,17,398,0,0,Carrito
204600,1982,2022-05-04,"Google Ads",Móvil,18,489,1,0,Confirmación
204601,2862,2022-12-16,Correo,Desktop,14,657,1,0,Checkout
204602,2251,2023-12-02,"TikTok Ads",Desktop,15,1713,0,0,Checkout
204603,2876,2023-08-10,Directo,Móvil,14,1551,0,0,Búsqueda
204604,1408,2023-07-09,Correo,Móvil,10,1188,0,0,Checkout
204605,2133,2024-11-22,Correo,Tablet,12,1274,0,0,Inicio
204606,1330,2022-12-22,Correo,Móvil,4,719,0,0,Confirmación
204607,2943,2023-12-03,Correo,Desktop,4,53,0,0,Checkout
204608,2974,2023-11-28,"TikTok Ads",Tablet,7,1617,0,0,Producto
204609,2112,2022-04-18,"Meta Ads",Móvil,13,1501,1,0,Inicio
204610,1650,2024-09-15,"Google Ads",Móvil,1,561,0,0,Checkout
204611,2586,2023-03-26,"Google Ads",Móvil,3,297,0,0,Carrito
204612,1152,2024-11-30,Orgánico,Desktop,8,859,1,0,Carrito
204613,1619,2024-05-29,Orgánico,Móvil,18,1256,0,0,Checkout
204614,NULL,2023-02-15,Directo,Tablet,6,1389,0,0,Inicio
204615,1033,2022-03-23,Orgánico,Desktop,16,1678,1,0,Carrito
204616,2469,2023-10-30,"TikTok Ads",Tablet,13,186,1,0,Confirmación
204617,1125,2024-12-18,Directo,Tablet,15,373,1,0,Carrito
204618,2617,2024-05-07,"TikTok Ads",Móvil,20,1389,1,0,Carrito
204619,1326,2024-08-13,Directo,Móvil,17,1668,0,0,Inicio
204620,2894,2022-04-05,"Google Ads",Desktop,2,1302,1,0,Inicio
204621,1665,2024-08-04,"Google Ads",Móvil,2,1562,1,0,Carrito
204622,1855,2023-08-29,Correo,Desktop,1,1610,1,0,Inicio
204623,1357,2023-01-22,"Google Ads",Tablet,14,698,0,0,Checkout
204624,1939,2023-09-22,"TikTok Ads",Desktop,3,68,0,0,Carrito
204625,NULL,2022-01-07,"TikTok Ads",Desktop,9,238,1,0,Carrito
204626,2689,2022-04-25,Orgánico,Tablet,11,1106,1,0,Confirmación
204627,NULL,2022-06-26,"TikTok Ads",Desktop,19,585,1,0,Carrito
204628,2254,2022-03-10,Orgánico,Móvil,15,391,0,0,Confirmación
204629,NULL,2022-07-16,Orgánico,Tablet,6,1648,0,0,Producto
204630,2924,2024-06-07,Orgánico,Móvil,20,1357,0,0,Carrito
204631,NULL,2024-11-05,"Google Ads",Tablet,4,1529,0,0,Carrito
204632,NULL,2022-01-24,Correo,Móvil,5,1783,1,0,Producto
204633,1893,2023-12-20,Directo,Desktop,11,1675,0,0,Confirmación
204634,1725,2022-01-16,"TikTok Ads",Móvil,10,684,0,0,Inicio
204635,NULL,2022-09-23,"Google Ads",Desktop,20,940,1,0,Checkout
204636,1487,2024-05-20,"TikTok Ads",Desktop,14,1159,0,0,Confirmación
204637,1138,2022-10-21,Orgánico,Móvil,17,1601,0,0,Producto
204638,1025,2024-01-26,"Meta Ads",Tablet,13,1587,0,0,Producto
204639,2979,2022-11-07,"Google Ads",Móvil,15,1251,1,0,Búsqueda
204640,1183,2023-08-20,Correo,Desktop,15,1504,0,0,Producto
204641,2354,2023-02-12,"Google Ads",Tablet,14,1109,1,0,Carrito
204642,2029,2022-05-31,Directo,Móvil,17,1456,0,0,Producto
204643,NULL,2022-04-24,Correo,Móvil,5,1482,0,0,Producto
204644,1552,2022-10-23,Orgánico,Tablet,3,1789,0,0,Búsqueda
204645,NULL,2023-08-03,"Google Ads",Móvil,3,43,1,0,Producto
204646,NULL,2024-03-14,Orgánico,Móvil,2,1584,1,1,Confirmación
204647,1961,2023-03-13,"Google Ads",Desktop,4,125,0,0,Confirmación
204648,2154,2023-05-15,"TikTok Ads",Desktop,7,945,1,0,Producto
204649,2765,2022-09-28,Directo,Móvil,1,1220,0,0,Inicio
204650,NULL,2023-11-19,"Meta Ads",Tablet,12,889,1,0,Confirmación
204651,1064,2023-02-14,Correo,Tablet,18,19,1,0,Confirmación
204652,2256,2023-12-17,"Google Ads",Desktop,4,1042,0,0,Producto
204653,NULL,2023-06-25,"Google Ads",Móvil,7,268,1,0,Inicio
204654,2007,2022-09-26,Orgánico,Móvil,17,827,1,0,Producto
204655,2294,2022-03-11,Correo,Desktop,13,606,0,0,Confirmación
204656,1306,2024-10-24,"Meta Ads",Tablet,19,1370,0,0,Carrito
204657,2574,2022-01-16,"Meta Ads",Móvil,9,1324,0,0,Producto
204658,2116,2023-03-31,Directo,Tablet,6,968,0,0,Producto
204659,1656,2024-07-26,Orgánico,Tablet,19,209,0,0,Búsqueda
204660,NULL,2023-07-11,Correo,Tablet,4,1625,1,0,Checkout
204661,NULL,2023-04-23,Orgánico,Móvil,5,759,1,0,Carrito
204662,2927,2022-09-17,Orgánico,Móvil,10,358,1,0,Confirmación
204663,2497,2023-07-14,Orgánico,Móvil,14,225,1,0,Checkout
204664,1894,2024-12-13,"Meta Ads",Móvil,8,1285,0,0,Checkout
204665,1879,2022-05-26,Directo,Desktop,17,521,0,0,Inicio
204666,2167,2022-08-13,Correo,Tablet,7,163,0,0,Carrito
204667,2738,2023-12-27,Directo,Desktop,13,564,0,0,Confirmación
204668,1424,2023-09-27,Orgánico,Tablet,2,1705,0,0,Confirmación
204669,2979,2022-04-05,Directo,Desktop,3,1126,1,1,Confirmación
204670,1376,2023-11-15,Directo,Móvil,20,813,0,0,Inicio
204671,1590,2024-07-25,Directo,Tablet,17,1738,0,0,Carrito
204672,1685,2024-11-22,"Google Ads",Tablet,9,27,0,0,Confirmación
204673,2163,2023-02-05,"Google Ads",Desktop,6,863,0,0,Búsqueda
204674,2995,2023-12-10,"Meta Ads",Móvil,4,148,0,0,Producto
204675,2564,2023-05-17,"Google Ads",Tablet,11,846,0,0,Confirmación
204676,2311,2023-09-12,"Meta Ads",Desktop,6,1322,1,0,Carrito
204677,1148,2024-02-22,"Google Ads",Tablet,12,1255,0,0,Confirmación
204678,1291,2024-07-14,Directo,Tablet,4,152,1,0,Producto
204679,2485,2024-04-01,"TikTok Ads",Tablet,16,735,1,0,Búsqueda
204680,1474,2022-01-27,"Meta Ads",Tablet,6,1084,0,0,Inicio
204681,2680,2022-12-29,"Google Ads",Desktop,15,868,0,0,Carrito
204682,2058,2023-12-03,"TikTok Ads",Móvil,3,270,0,0,Confirmación
204683,2934,2023-11-12,"TikTok Ads",Desktop,17,310,1,1,Confirmación
204684,1733,2023-11-18,Directo,Desktop,8,33,1,0,Búsqueda
204685,2434,2023-11-28,Orgánico,Móvil,16,1187,0,0,Carrito
204686,2527,2022-08-04,Directo,Móvil,7,1653,0,0,Checkout
204687,NULL,2022-10-01,Directo,Tablet,12,1522,0,0,Carrito
204688,NULL,2022-10-20,Correo,Desktop,2,1020,0,0,Checkout
204689,1206,2024-12-23,"TikTok Ads",Desktop,6,548,0,0,Búsqueda
204690,1873,2022-08-06,Orgánico,Desktop,16,277,0,0,Checkout
204691,1219,2024-06-18,Directo,Móvil,10,1065,0,0,Búsqueda
204692,2483,2023-02-01,Directo,Móvil,17,349,1,0,Checkout
204693,1176,2023-02-04,"TikTok Ads",Móvil,17,674,1,0,Búsqueda
204694,1215,2024-08-12,Correo,Desktop,7,613,0,0,Producto
204695,2049,2022-08-23,"Meta Ads",Móvil,15,402,1,0,Confirmación
204696,2122,2022-05-03,"TikTok Ads",Tablet,14,356,0,0,Confirmación
204697,2279,2023-10-16,"Meta Ads",Tablet,6,10,0,0,Checkout
204698,1097,2023-11-20,Directo,Móvil,17,1569,0,0,Búsqueda
204699,2387,2022-03-30,Orgánico,Móvil,3,444,0,0,Búsqueda
204700,1088,2022-05-31,"Google Ads",Desktop,9,1061,1,0,Producto
204701,2280,2022-02-07,"TikTok Ads",Móvil,7,1695,0,0,Producto
204702,1920,2022-02-03,Orgánico,Móvil,1,347,0,0,Checkout
204703,1767,2024-12-03,Orgánico,Desktop,9,299,0,0,Confirmación
204704,1115,2022-12-15,"Meta Ads",Desktop,14,571,0,0,Carrito
204705,2461,2023-02-04,"TikTok Ads",Desktop,4,405,1,0,Confirmación
204706,2896,2022-04-12,"TikTok Ads",Tablet,3,911,0,0,Carrito
204707,2348,2022-10-31,"TikTok Ads",Tablet,8,474,1,0,Confirmación
204708,1891,2023-07-08,Correo,Móvil,20,1608,0,0,Búsqueda
204709,2235,2022-03-13,Correo,Desktop,20,912,1,0,Búsqueda
204710,NULL,2022-02-04,"Google Ads",Móvil,13,234,0,0,Producto
204711,1602,2022-03-09,"TikTok Ads",Tablet,5,1280,1,0,Inicio
204712,NULL,2024-03-07,Correo,Móvil,3,59,1,0,Confirmación
204713,1421,2023-08-13,Correo,Tablet,2,558,1,1,Confirmación
204714,2851,2023-01-13,Correo,Móvil,4,1402,1,0,Inicio
204715,2951,2024-09-23,"TikTok Ads",Desktop,14,1308,0,0,Inicio
204716,2317,2024-04-25,Directo,Desktop,3,545,0,0,Carrito
204717,2262,2022-12-28,"Meta Ads",Tablet,5,397,0,0,Producto
204718,1488,2022-05-29,Correo,Tablet,20,944,0,0,Búsqueda
204719,2822,2023-02-21,Correo,Desktop,13,248,0,0,Checkout
204720,1608,2024-03-25,"TikTok Ads",Móvil,9,848,0,0,Inicio
204721,1028,2023-02-07,"TikTok Ads",Desktop,20,1028,0,0,Producto
204722,2469,2022-06-24,Correo,Tablet,1,445,0,0,Producto
204723,1849,2022-06-03,Correo,Tablet,16,1094,0,0,Confirmación
204724,2826,2024-08-17,"Google Ads",Desktop,16,152,1,0,Búsqueda
204725,2721,2023-01-19,"TikTok Ads",Tablet,11,1077,1,0,Producto
204726,1277,2022-11-17,"TikTok Ads",Tablet,8,163,0,0,Producto
204727,NULL,2024-01-14,Orgánico,Desktop,20,96,1,0,Búsqueda
204728,1861,2024-08-11,Directo,Móvil,8,612,1,0,Checkout
204729,NULL,2023-06-10,"Google Ads",Móvil,7,477,0,0,Producto
204730,NULL,2023-01-15,"Meta Ads",Móvil,5,817,0,0,Checkout
204731,2790,2024-06-25,"TikTok Ads",Desktop,12,1148,1,0,Confirmación
204732,1105,2023-08-16,Correo,Móvil,6,980,1,0,Confirmación
204733,1184,2023-04-14,"Meta Ads",Desktop,1,324,0,0,Confirmación
204734,2371,2024-04-16,"Google Ads",Móvil,2,1420,0,0,Producto
204735,1512,2022-02-18,Correo,Móvil,15,75,0,0,Carrito
204736,1851,2024-05-20,Correo,Tablet,2,1703,0,0,Producto
204737,2965,2022-02-27,"Meta Ads",Desktop,11,165,0,0,Carrito
204738,2937,2022-09-11,Correo,Móvil,2,258,1,0,Confirmación
204739,1664,2023-02-25,"Google Ads",Desktop,16,414,0,0,Confirmación
204740,1104,2022-01-14,"TikTok Ads",Móvil,20,54,0,0,Búsqueda
204741,1790,2023-12-15,Orgánico,Tablet,11,1431,1,0,Inicio
204742,1594,2022-04-04,"Meta Ads",Tablet,19,774,0,0,Búsqueda
204743,1236,2022-03-03,Orgánico,Tablet,2,498,0,0,Inicio
204744,1753,2023-02-15,Orgánico,Tablet,20,990,0,0,Checkout
204745,1364,2023-07-07,"Meta Ads",Desktop,9,493,1,0,Carrito
204746,1406,2024-06-28,"Google Ads",Desktop,14,662,0,0,Inicio
204747,1217,2023-05-08,"TikTok Ads",Desktop,12,44,1,0,Búsqueda
204748,2445,2023-09-03,"Meta Ads",Móvil,2,557,1,0,Carrito
204749,1903,2022-04-12,Correo,Móvil,12,1062,0,0,Búsqueda
204750,2634,2024-10-03,Orgánico,Desktop,3,461,0,0,Carrito
204751,1754,2022-02-09,Correo,Móvil,19,964,0,0,Inicio
204752,2238,2022-04-10,Correo,Tablet,17,1188,0,0,Confirmación
204753,NULL,2022-11-26,"TikTok Ads",Móvil,16,1316,0,0,Confirmación
204754,1031,2024-10-18,Orgánico,Móvil,14,30,0,0,Inicio
204755,2417,2022-11-28,"TikTok Ads",Tablet,14,863,1,0,Inicio
204756,1357,2022-07-26,Directo,Tablet,9,900,0,0,Confirmación
204757,2586,2022-04-28,"TikTok Ads",Desktop,16,1132,1,0,Búsqueda
204758,2622,2022-04-01,"Google Ads",Tablet,3,1335,0,0,Inicio
204759,2757,2023-07-16,"TikTok Ads",Tablet,3,1160,0,0,Búsqueda
204760,1785,2024-06-15,Correo,Desktop,11,1200,1,0,Inicio
204761,1927,2022-08-13,"Meta Ads",Móvil,7,1430,1,1,Confirmación
204762,2656,2022-04-18,Correo,Tablet,13,941,1,0,Búsqueda
204763,2136,2022-05-09,"Google Ads",Móvil,9,415,0,0,Carrito
204764,NULL,2024-01-01,Correo,Móvil,19,926,0,0,Producto
204765,1800,2024-01-12,"TikTok Ads",Móvil,19,1158,0,0,Carrito
204766,1210,2024-09-26,Correo,Tablet,1,598,0,0,Inicio
204767,1273,2023-04-14,"TikTok Ads",Tablet,12,1676,1,0,Producto
204768,1010,2022-10-03,Orgánico,Tablet,1,1110,0,0,Producto
204769,1689,2022-10-08,"Meta Ads",Tablet,8,1363,0,0,Inicio
204770,NULL,2022-09-17,"Meta Ads",Tablet,8,1082,0,0,Confirmación
204771,1765,2022-03-07,Directo,Tablet,6,714,1,0,Carrito
204772,2738,2022-09-15,"Google Ads",Móvil,4,1710,1,0,Producto
204773,1785,2023-05-15,"Meta Ads",Móvil,6,1795,1,1,Confirmación
204774,2298,2023-03-22,Directo,Desktop,17,475,0,0,Búsqueda
204775,2207,2024-11-16,Correo,Móvil,10,818,1,0,Inicio
204776,1809,2024-10-03,Directo,Móvil,12,1092,1,0,Producto
204777,2455,2024-09-29,"Meta Ads",Desktop,8,153,1,1,Confirmación
204778,2203,2023-05-15,Directo,Tablet,16,674,1,0,Carrito
204779,2118,2022-10-29,Correo,Móvil,1,224,0,0,Carrito
204780,2849,2022-07-21,Correo,Tablet,5,1719,1,0,Búsqueda
204781,NULL,2023-01-15,Directo,Móvil,15,921,1,0,Confirmación
204782,2596,2024-08-28,Directo,Desktop,10,1580,0,0,Carrito
204783,NULL,2024-04-10,Correo,Móvil,5,476,0,0,Carrito
204784,2039,2022-02-07,"Google Ads",Desktop,5,1018,0,0,Confirmación
204785,1313,2023-06-28,"Google Ads",Tablet,17,1568,0,0,Carrito
204786,2132,2024-12-31,Orgánico,Móvil,8,1676,0,0,Carrito
204787,1415,2023-07-23,Orgánico,Desktop,12,50,1,0,Carrito
204788,1748,2022-11-11,"Meta Ads",Tablet,18,1138,0,0,Confirmación
204789,2372,2023-05-11,"TikTok Ads",Móvil,6,419,0,0,Inicio
204790,2604,2022-11-02,Correo,Móvil,10,654,0,0,Producto
204791,NULL,2023-10-25,Directo,Móvil,3,1246,1,0,Checkout
204792,1798,2024-09-01,Orgánico,Móvil,3,1399,1,0,Inicio
204793,1323,2022-03-12,Orgánico,Móvil,11,1418,0,0,Confirmación
204794,NULL,2024-02-27,"Google Ads",Tablet,11,586,0,0,Producto
204795,1854,2024-06-04,"TikTok Ads",Desktop,17,1116,1,0,Checkout
204796,1329,2023-05-19,"Meta Ads",Móvil,15,1170,0,0,Checkout
204797,NULL,2022-08-09,"Meta Ads",Desktop,17,936,0,0,Confirmación
204798,2790,2023-05-14,Directo,Tablet,1,175,1,0,Carrito
204799,NULL,2024-05-03,Correo,Desktop,8,1678,0,0,Búsqueda
204800,NULL,2024-12-14,"Meta Ads",Móvil,4,1288,0,0,Búsqueda
204801,2239,2022-12-10,Directo,Móvil,17,420,0,0,Búsqueda
204802,1004,2022-02-03,Orgánico,Desktop,20,1702,0,0,Confirmación
204803,NULL,2022-07-29,"Google Ads",Desktop,6,741,0,0,Búsqueda
204804,1223,2022-04-13,Orgánico,Desktop,7,827,0,0,Checkout
204805,2353,2022-11-16,Orgánico,Desktop,18,997,0,0,Confirmación
204806,1485,2022-02-10,Correo,Móvil,15,1698,0,0,Carrito
204807,2175,2023-01-27,"Meta Ads",Desktop,4,903,0,0,Carrito
204808,2561,2022-01-15,"Meta Ads",Móvil,10,1661,1,0,Producto
204809,2999,2023-11-05,"Google Ads",Tablet,2,1478,1,0,Confirmación
204810,2048,2023-07-20,Correo,Desktop,20,934,0,0,Inicio
204811,2854,2023-01-24,Directo,Móvil,12,458,1,0,Búsqueda
204812,2134,2024-09-28,Orgánico,Tablet,2,716,0,0,Producto
204813,NULL,2022-12-15,Correo,Desktop,7,1353,1,0,Búsqueda
204814,NULL,2023-09-29,"Google Ads",Tablet,2,817,1,0,Producto
204815,2621,2024-03-09,"TikTok Ads",Desktop,9,1281,0,0,Producto
204816,2307,2022-07-18,"Meta Ads",Móvil,17,1201,0,0,Confirmación
204817,1724,2023-03-08,"Google Ads",Tablet,10,1656,1,0,Confirmación
204818,2412,2022-04-17,Correo,Desktop,4,609,0,0,Producto
204819,1187,2024-10-16,Directo,Tablet,9,235,0,0,Confirmación
204820,1913,2023-07-08,Correo,Móvil,4,65,1,0,Checkout
204821,2612,2024-08-14,"TikTok Ads",Desktop,11,1062,0,0,Inicio
204822,NULL,2024-01-23,Correo,Tablet,11,973,0,0,Confirmación
204823,NULL,2022-05-15,Correo,Móvil,10,146,0,0,Producto
204824,1358,2024-08-15,Directo,Móvil,11,1171,0,0,Checkout
204825,1780,2024-09-10,"TikTok Ads",Tablet,2,109,0,0,Confirmación
204826,2836,2023-01-19,"Google Ads",Móvil,10,533,0,0,Checkout
204827,1469,2022-07-28,Directo,Móvil,18,419,1,0,Confirmación
204828,NULL,2023-06-15,Directo,Desktop,10,812,0,0,Carrito
204829,2304,2024-12-22,Orgánico,Móvil,12,472,1,0,Producto
204830,2706,2024-04-01,Correo,Móvil,6,264,1,0,Inicio
204831,1201,2023-05-04,"Google Ads",Móvil,2,746,0,0,Búsqueda
204832,2739,2022-07-09,Correo,Móvil,6,737,1,0,Inicio
204833,2840,2023-05-11,Correo,Desktop,10,1461,1,0,Producto
204834,NULL,2022-09-09,"Google Ads",Desktop,19,891,0,0,Confirmación
204835,NULL,2022-09-21,"Meta Ads",Desktop,11,1440,1,1,Confirmación
204836,2216,2024-09-09,"Meta Ads",Desktop,19,1726,0,0,Carrito
204837,NULL,2024-11-03,Orgánico,Móvil,11,485,0,0,Confirmación
204838,2785,2023-12-14,Orgánico,Tablet,19,229,0,0,Búsqueda
204839,1089,2024-08-19,"Google Ads",Desktop,18,1503,0,0,Confirmación
204840,1109,2022-07-18,Correo,Móvil,16,664,0,0,Inicio
204841,2773,2023-02-11,Directo,Tablet,1,823,0,0,Confirmación
204842,1348,2024-05-06,"Google Ads",Desktop,18,383,1,0,Carrito
204843,NULL,2024-12-31,"TikTok Ads",Tablet,17,1078,0,0,Inicio
204844,1136,2024-09-25,"Meta Ads",Móvil,19,1356,1,0,Carrito
204845,1302,2022-08-30,"Meta Ads",Móvil,4,76,1,0,Inicio
204846,1164,2024-02-16,"Meta Ads",Desktop,1,597,0,0,Carrito
204847,1446,2022-02-02,"TikTok Ads",Desktop,9,912,0,0,Producto
204848,2684,2024-03-01,Orgánico,Móvil,13,1300,0,0,Búsqueda
204849,2884,2023-08-08,"Meta Ads",Desktop,7,1201,0,0,Producto
204850,2687,2023-11-11,Directo,Móvil,18,1768,0,0,Carrito
204851,1533,2024-04-01,"Meta Ads",Desktop,9,764,1,0,Confirmación
204852,2314,2022-05-17,Directo,Desktop,18,430,1,0,Carrito
204853,2459,2022-10-17,"Google Ads",Desktop,3,1332,0,0,Producto
204854,1321,2022-04-18,Correo,Móvil,2,469,0,0,Checkout
204855,1097,2023-08-08,"TikTok Ads",Desktop,8,537,0,0,Checkout
204856,1965,2023-08-14,"Google Ads",Móvil,1,832,1,1,Confirmación
204857,2363,2023-02-23,Orgánico,Tablet,10,187,1,0,Checkout
204858,1727,2024-05-12,"Google Ads",Móvil,5,323,0,0,Producto
204859,2606,2022-05-16,"Meta Ads",Móvil,1,595,1,0,Producto
204860,1845,2022-02-12,"TikTok Ads",Desktop,5,582,0,0,Búsqueda
204861,1720,2023-08-27,Correo,Tablet,15,1281,0,0,Producto
204862,1337,2024-10-01,Orgánico,Móvil,7,1133,1,0,Confirmación
204863,2654,2023-07-21,Directo,Tablet,17,1467,0,0,Producto
204864,NULL,2023-08-09,Directo,Tablet,5,1345,0,0,Checkout
204865,NULL,2024-12-19,"TikTok Ads",Desktop,12,1787,0,0,Búsqueda
204866,2209,2024-08-07,Correo,Móvil,2,736,0,0,Checkout
204867,1777,2022-10-11,"TikTok Ads",Tablet,4,1799,1,1,Confirmación
204868,1545,2024-02-29,"Meta Ads",Desktop,13,720,0,0,Checkout
204869,NULL,2024-01-10,"TikTok Ads",Tablet,11,1750,0,0,Búsqueda
204870,1260,2022-12-07,Correo,Móvil,10,410,1,0,Producto
204871,2530,2024-10-22,Directo,Desktop,17,405,0,0,Búsqueda
204872,2825,2024-06-23,"TikTok Ads",Móvil,19,1011,0,0,Producto
204873,1784,2022-10-21,Orgánico,Móvil,15,420,0,0,Inicio
204874,1482,2024-10-23,Correo,Desktop,13,1319,0,0,Checkout
204875,1591,2023-09-05,Orgánico,Desktop,17,199,0,0,Confirmación
204876,NULL,2023-07-10,Orgánico,Móvil,6,1188,0,0,Producto
204877,1337,2023-10-28,Orgánico,Móvil,8,1258,0,0,Inicio
204878,2212,2024-03-26,"Meta Ads",Tablet,9,1493,0,0,Búsqueda
204879,1651,2024-03-09,Directo,Desktop,19,144,0,0,Confirmación
204880,2861,2024-08-11,"Meta Ads",Tablet,19,488,0,0,Inicio
204881,NULL,2022-04-27,Correo,Móvil,14,665,0,0,Checkout
204882,2496,2022-10-18,"TikTok Ads",Tablet,13,965,0,0,Confirmación
204883,2886,2022-03-11,Orgánico,Desktop,4,825,1,0,Carrito
204884,1299,2022-03-19,"TikTok Ads",Móvil,1,1362,1,0,Checkout
204885,NULL,2023-06-03,"Meta Ads",Tablet,1,322,0,0,Producto
204886,NULL,2024-03-21,Directo,Tablet,7,101,0,0,Checkout
204887,1364,2024-09-18,"TikTok Ads",Tablet,19,1329,1,0,Confirmación
204888,2945,2023-12-01,"TikTok Ads",Tablet,16,123,0,0,Carrito
204889,2118,2022-07-18,Correo,Desktop,3,716,0,0,Búsqueda
204890,1103,2024-04-25,Correo,Móvil,6,1369,0,0,Carrito
204891,2800,2024-08-08,"TikTok Ads",Desktop,18,1344,0,0,Checkout
204892,NULL,2024-04-10,"TikTok Ads",Tablet,19,1737,1,0,Búsqueda
204893,2471,2023-12-27,"Meta Ads",Tablet,6,1110,0,0,Producto
204894,1263,2022-12-08,"Meta Ads",Tablet,1,1161,1,0,Producto
204895,1563,2022-02-12,Orgánico,Desktop,5,1134,0,0,Checkout
204896,1251,2022-09-18,"Google Ads",Desktop,5,335,0,0,Inicio
204897,1199,2023-02-11,Directo,Tablet,12,1734,1,0,Inicio
204898,1666,2024-07-08,"Google Ads",Móvil,18,1248,0,0,Confirmación
204899,NULL,2022-05-05,Orgánico,Móvil,20,1244,0,0,Producto
204900,1339,2023-06-13,Directo,Desktop,20,86,1,0,Checkout
204901,1466,2023-01-25,"Meta Ads",Desktop,19,1729,0,0,Checkout
204902,2101,2023-08-27,"TikTok Ads",Tablet,7,1336,0,0,Carrito
204903,1266,2023-12-27,Directo,Móvil,12,816,0,0,Inicio
204904,1564,2024-11-18,Orgánico,Móvil,4,1619,1,0,Confirmación
204905,NULL,2024-02-01,"Meta Ads",Móvil,14,409,0,0,Checkout
204906,NULL,2024-10-25,Directo,Móvil,1,1798,0,0,Producto
204907,2779,2024-11-21,Correo,Móvil,6,563,1,0,Carrito
204908,NULL,2023-11-12,"Meta Ads",Desktop,16,291,1,0,Confirmación
204909,2171,2023-09-28,Directo,Tablet,17,756,0,0,Carrito
204910,1928,2023-06-17,Directo,Móvil,14,815,1,0,Confirmación
204911,2964,2023-12-07,Orgánico,Móvil,1,696,0,0,Producto
204912,NULL,2024-02-25,Correo,Desktop,9,1750,1,0,Carrito
204913,2087,2022-09-27,"Meta Ads",Móvil,17,1349,0,0,Confirmación
204914,2729,2022-07-28,Correo,Móvil,2,308,0,0,Inicio
204915,NULL,2024-03-09,Orgánico,Desktop,2,201,0,0,Checkout
204916,2239,2023-09-23,"Meta Ads",Móvil,12,603,0,0,Checkout
204917,1001,2022-04-14,Directo,Desktop,9,498,1,0,Producto
204918,NULL,2023-01-11,"Meta Ads",Desktop,3,314,0,0,Confirmación
204919,1759,2024-02-23,Orgánico,Desktop,13,517,1,0,Carrito
204920,1912,2022-10-26,"Google Ads",Móvil,8,100,0,0,Búsqueda
204921,NULL,2023-07-02,Correo,Tablet,12,73,1,0,Confirmación
204922,2199,2023-12-21,"Meta Ads",Móvil,1,496,0,0,Producto
204923,1608,2024-04-30,Directo,Tablet,2,503,1,0,Búsqueda
204924,2858,2024-12-19,Orgánico,Desktop,20,545,0,0,Checkout
204925,1015,2022-12-11,Directo,Tablet,13,495,0,0,Búsqueda
204926,2574,2023-06-01,"Google Ads",Desktop,13,454,1,0,Inicio
204927,NULL,2023-05-04,Correo,Tablet,9,920,0,0,Checkout
204928,NULL,2022-03-30,Orgánico,Móvil,18,806,0,0,Confirmación
204929,NULL,2024-02-15,"TikTok Ads",Desktop,17,252,1,0,Inicio
204930,2581,2023-10-08,Directo,Desktop,2,1022,0,0,Búsqueda
204931,2837,2022-02-24,"TikTok Ads",Tablet,14,828,1,0,Producto
204932,NULL,2022-05-20,"TikTok Ads",Móvil,9,1034,0,0,Producto
204933,NULL,2024-12-11,Directo,Tablet,8,1329,0,0,Checkout
204934,1480,2023-12-11,"TikTok Ads",Desktop,19,525,0,0,Checkout
204935,1738,2024-03-02,"Meta Ads",Tablet,12,856,1,0,Búsqueda
204936,2791,2024-02-09,"Google Ads",Móvil,14,772,1,0,Inicio
204937,1674,2022-10-27,Directo,Tablet,10,136,1,0,Búsqueda
204938,NULL,2024-01-24,Correo,Tablet,1,658,0,0,Búsqueda
204939,2972,2024-10-21,Directo,Tablet,14,135,1,0,Checkout
204940,NULL,2023-07-29,"Google Ads",Desktop,20,1318,0,0,Inicio
204941,1943,2022-01-28,Directo,Móvil,2,225,1,0,Checkout
204942,1473,2024-12-07,"Meta Ads",Tablet,8,519,0,0,Checkout
204943,2664,2023-09-30,"Google Ads",Tablet,17,962,0,0,Inicio
204944,2796,2023-02-17,"Google Ads",Móvil,14,911,1,0,Producto
204945,1105,2023-05-05,"Meta Ads",Desktop,6,1529,1,0,Checkout
204946,2377,2023-06-13,"Meta Ads",Móvil,14,1556,0,0,Checkout
204947,2206,2024-10-16,Directo,Tablet,8,605,1,0,Inicio
204948,1658,2022-03-11,"Google Ads",Desktop,17,1423,0,0,Búsqueda
204949,1832,2024-06-12,Orgánico,Tablet,10,1068,1,1,Confirmación
204950,1396,2024-12-28,"TikTok Ads",Móvil,10,883,1,0,Checkout
204951,2821,2023-06-23,"TikTok Ads",Tablet,13,1108,1,0,Inicio
204952,NULL,2023-11-20,"Google Ads",Móvil,19,590,1,0,Búsqueda
204953,NULL,2022-11-12,"TikTok Ads",Desktop,10,1570,0,0,Inicio
204954,1298,2022-08-03,"TikTok Ads",Móvil,3,331,0,0,Producto
204955,2949,2023-03-28,Directo,Móvil,20,921,1,0,Carrito
204956,2751,2022-06-06,Orgánico,Tablet,14,1756,0,0,Confirmación
204957,2470,2022-11-07,"Meta Ads",Móvil,11,1399,0,0,Inicio
204958,2859,2024-06-09,Directo,Desktop,2,1686,0,0,Inicio
204959,NULL,2022-02-13,Orgánico,Tablet,13,504,1,0,Checkout
204960,NULL,2022-12-05,Correo,Móvil,5,405,1,0,Confirmación
204961,2450,2022-10-04,"Meta Ads",Desktop,16,1749,1,1,Confirmación
204962,1650,2023-10-11,Directo,Desktop,3,1159,1,0,Confirmación
204963,2521,2023-05-11,"Meta Ads",Tablet,16,1304,0,0,Producto
204964,NULL,2024-04-08,"Google Ads",Desktop,6,1149,0,0,Confirmación
204965,2813,2022-01-25,"Google Ads",Móvil,13,171,0,0,Confirmación
204966,2496,2023-03-09,Orgánico,Móvil,2,1495,0,0,Búsqueda
204967,2644,2022-01-13,Correo,Tablet,6,125,1,0,Confirmación
204968,2737,2023-09-12,"TikTok Ads",Desktop,12,474,1,0,Inicio
204969,2952,2024-03-11,Correo,Desktop,9,146,1,0,Checkout
204970,2186,2022-10-11,Orgánico,Móvil,1,324,0,0,Producto
204971,1414,2023-10-05,Correo,Desktop,19,1203,1,0,Producto
204972,1004,2024-05-30,Directo,Móvil,14,1704,0,0,Confirmación
204973,1956,2023-04-15,Correo,Móvil,10,225,0,0,Confirmación
204974,1403,2022-12-29,"TikTok Ads",Móvil,5,956,0,0,Confirmación
204975,NULL,2024-04-13,"TikTok Ads",Tablet,6,1566,0,0,Confirmación
204976,1242,2023-11-28,"Google Ads",Tablet,17,1787,0,0,Confirmación
204977,2524,2024-01-13,Orgánico,Desktop,14,784,0,0,Producto
204978,1930,2023-01-15,Directo,Tablet,3,563,1,0,Inicio
204979,2508,2024-07-26,"Google Ads",Desktop,19,855,0,0,Confirmación
204980,2559,2022-08-07,Correo,Desktop,12,1626,1,0,Inicio
204981,1977,2024-03-01,"Meta Ads",Tablet,14,1731,0,0,Inicio
204982,2972,2023-12-06,Directo,Desktop,7,909,1,0,Producto
204983,NULL,2024-03-10,Correo,Tablet,16,342,0,0,Producto
204984,2624,2022-08-25,"Google Ads",Tablet,19,295,1,0,Inicio
204985,NULL,2024-12-21,Orgánico,Móvil,8,136,0,0,Inicio
204986,1861,2024-04-01,"Google Ads",Tablet,18,1650,0,0,Inicio
204987,1677,2024-01-06,Orgánico,Móvil,3,970,0,0,Inicio
204988,1993,2023-09-28,Orgánico,Desktop,8,331,0,0,Búsqueda
204989,2184,2024-09-20,"Google Ads",Desktop,15,1612,1,1,Confirmación
204990,1450,2022-07-06,Directo,Móvil,4,700,0,0,Inicio
204991,2768,2023-07-30,Orgánico,Móvil,14,657,1,0,Confirmación
204992,NULL,2023-06-21,"Meta Ads",Tablet,13,1590,1,0,Confirmación
204993,2490,2024-03-01,Orgánico,Desktop,16,59,0,0,Inicio
204994,1832,2023-10-06,"Meta Ads",Móvil,15,1501,0,0,Búsqueda
204995,NULL,2024-07-19,Directo,Tablet,8,745,1,0,Producto
204996,2777,2022-04-08,Correo,Tablet,7,680,1,0,Búsqueda
204997,NULL,2023-03-04,Correo,Tablet,2,1618,1,0,Producto
204998,1298,2022-12-09,Orgánico,Móvil,6,1173,0,0,Inicio
204999,2108,2024-02-14,Correo,Desktop,17,430,0,0,Checkout
205000,2044,2024-01-16,"Google Ads",Tablet,9,281,0,0,Confirmación
